/*******************************************************************************
 * Size: 20 px
 * Bpp: 4
 * Generated from Noto Sans SC; see firmware/fonts/LICENSE.
 ******************************************************************************/

#ifdef LV_LVGL_H_INCLUDE_SIMPLE
#include "lvgl.h"
#else
#include "lvgl/lvgl.h"
#endif

#ifndef UI_FONT_20M
#define UI_FONT_20M 1
#endif

#if UI_FONT_20M

/*-----------------
 *    BITMAPS
 *----------------*/

/*Store the image of the glyphs*/
static LV_ATTRIBUTE_LARGE_CONST const uint8_t glyph_bitmap[] = {
    /* U+0020 " " */

    /* U+0021 "!" */
    0xb, 0xf9, 0xb, 0xf9, 0xa, 0xf8, 0x9, 0xf7,
    0x9, 0xf7, 0x8, 0xf6, 0x7, 0xf5, 0x7, 0xf5,
    0x6, 0xf4, 0x5, 0xf3, 0x1, 0x40, 0xc, 0xfa,
    0x1f, 0xff, 0x9, 0xf8,

    /* U+0022 "\"" */
    0x3f, 0xf2, 0xd, 0xf8, 0x2f, 0xf1, 0xc, 0xf8,
    0x2f, 0xf1, 0xb, 0xf7, 0xf, 0xf0, 0xa, 0xf5,
    0xe, 0xd0, 0x8, 0xf3, 0xc, 0xb0, 0x6, 0xf2,
    0x1, 0x10, 0x0, 0x20,

    /* U+0023 "#" */
    0x0, 0x4, 0xf2, 0x1, 0xf5, 0x0, 0x0, 0x7f,
    0x0, 0x4f, 0x20, 0x0, 0x9, 0xc0, 0x6, 0xf0,
    0x0, 0xcf, 0xff, 0xff, 0xff, 0xfb, 0x6, 0x8f,
    0xc8, 0x8d, 0xd8, 0x60, 0x0, 0xf6, 0x0, 0xca,
    0x0, 0x0, 0x1f, 0x40, 0xe, 0x80, 0x0, 0x3,
    0xf3, 0x0, 0xf6, 0x0, 0x3f, 0xff, 0xff, 0xff,
    0xff, 0x41, 0x8b, 0xf8, 0x8a, 0xf9, 0x82, 0x0,
    0x9d, 0x0, 0x6f, 0x10, 0x0, 0xb, 0xb0, 0x8,
    0xf0, 0x0, 0x0, 0xd9, 0x0, 0xad, 0x0, 0x0,
    0xf, 0x70, 0xb, 0xb0, 0x0,

    /* U+0024 "$" */
    0x0, 0x0, 0x84, 0x0, 0x0, 0x0, 0x0, 0xf9,
    0x0, 0x0, 0x0, 0x0, 0xf9, 0x0, 0x0, 0x0,
    0x7d, 0xff, 0xc4, 0x0, 0x9, 0xff, 0xee, 0xff,
    0x70, 0x2f, 0xf5, 0x0, 0x3b, 0x20, 0x5f, 0xe0,
    0x0, 0x0, 0x0, 0x4f, 0xf2, 0x0, 0x0, 0x0,
    0xc, 0xfe, 0x60, 0x0, 0x0, 0x1, 0xaf, 0xfe,
    0x70, 0x0, 0x0, 0x3, 0xbf, 0xfc, 0x10, 0x0,
    0x0, 0x3, 0xef, 0xa0, 0x0, 0x0, 0x0, 0x5f,
    0xf0, 0x0, 0x0, 0x0, 0x3f, 0xf0, 0x6e, 0x50,
    0x0, 0xaf, 0xc0, 0x9f, 0xff, 0xdf, 0xff, 0x30,
    0x3, 0xae, 0xff, 0xa3, 0x0, 0x0, 0x0, 0xf9,
    0x0, 0x0, 0x0, 0x0, 0xf9, 0x0, 0x0,

    /* U+0025 "%" */
    0x0, 0x9e, 0xfb, 0x20, 0x0, 0x0, 0x9d, 0x0,
    0x0, 0x0, 0xaf, 0x86, 0xee, 0x10, 0x0, 0x3f,
    0x40, 0x0, 0x0, 0x1f, 0xa0, 0x5, 0xf6, 0x0,
    0xc, 0xb0, 0x0, 0x0, 0x3, 0xf7, 0x0, 0x1f,
    0x90, 0x5, 0xf2, 0x0, 0x0, 0x0, 0x4f, 0x60,
    0x1, 0xf9, 0x0, 0xd8, 0x0, 0x0, 0x0, 0x1,
    0xf9, 0x0, 0x4f, 0x70, 0x7e, 0x4, 0xdf, 0xe6,
    0x0, 0xc, 0xf4, 0x2c, 0xf2, 0x1f, 0x62, 0xfc,
    0x4a, 0xf5, 0x0, 0x1c, 0xff, 0xf5, 0xa, 0xd0,
    0x8f, 0x20, 0xe, 0xc0, 0x0, 0x2, 0x30, 0x3,
    0xf3, 0xc, 0xe0, 0x0, 0xaf, 0x0, 0x0, 0x0,
    0x0, 0xca, 0x0, 0xcd, 0x0, 0x9, 0xf0, 0x0,
    0x0, 0x0, 0x5f, 0x20, 0xb, 0xe0, 0x0, 0xaf,
    0x0, 0x0, 0x0, 0xe, 0x80, 0x0, 0x8f, 0x30,
    0xe, 0xc0, 0x0, 0x0, 0x8, 0xe0, 0x0, 0x1,
    0xfd, 0x6b, 0xf4, 0x0, 0x0, 0x1, 0xf5, 0x0,
    0x0, 0x3, 0xcf, 0xd6, 0x0,

    /* U+0026 "&" */
    0x0, 0x1, 0xaf, 0xfc, 0x30, 0x0, 0x0, 0x0,
    0xd, 0xfb, 0x9f, 0xe0, 0x0, 0x0, 0x0, 0x5f,
    0xb0, 0xa, 0xf3, 0x0, 0x0, 0x0, 0x6f, 0x80,
    0xb, 0xf2, 0x0, 0x0, 0x0, 0x4f, 0xb0, 0x7f,
    0xa0, 0x0, 0x0, 0x0, 0xe, 0xfc, 0xfa, 0x0,
    0x0, 0x0, 0x0, 0xb, 0xff, 0x60, 0x0, 0x6,
    0xa5, 0x2, 0xdf, 0xef, 0x90, 0x0, 0xe, 0xf2,
    0xd, 0xf9, 0x1d, 0xf9, 0x0, 0x6f, 0xb0, 0x3f,
    0xf0, 0x2, 0xef, 0xa2, 0xff, 0x30, 0x4f, 0xf0,
    0x0, 0x2d, 0xff, 0xf8, 0x0, 0x1f, 0xf9, 0x0,
    0x6, 0xff, 0xfa, 0x20, 0x7, 0xff, 0xec, 0xef,
    0xfb, 0xef, 0xf8, 0x0, 0x5b, 0xff, 0xea, 0x30,
    0x7, 0xc5,

    /* U+0027 "'" */
    0x3f, 0xf2, 0x2f, 0xf1, 0x2f, 0xf1, 0xf, 0xf0,
    0xe, 0xd0, 0xc, 0xb0, 0x1, 0x10,

    /* U+0028 "(" */
    0x0, 0x0, 0x0, 0x0, 0x9, 0xc0, 0x0, 0x2f,
    0xa0, 0x0, 0xaf, 0x20, 0x1, 0xfc, 0x0, 0x6,
    0xf7, 0x0, 0xb, 0xf3, 0x0, 0xe, 0xf0, 0x0,
    0x1f, 0xd0, 0x0, 0x2f, 0xb0, 0x0, 0x3f, 0xb0,
    0x0, 0x3f, 0xb0, 0x0, 0x2f, 0xc0, 0x0, 0xf,
    0xd0, 0x0, 0xd, 0xf0, 0x0, 0xa, 0xf3, 0x0,
    0x5, 0xf8, 0x0, 0x0, 0xed, 0x0, 0x0, 0x8f,
    0x40, 0x0, 0x1f, 0xc0, 0x0, 0x7, 0x80,

    /* U+0029 ")" */
    0x0, 0x0, 0x0, 0xb, 0xb0, 0x0, 0x8, 0xf4,
    0x0, 0x1, 0xfc, 0x0, 0x0, 0xaf, 0x20, 0x0,
    0x5f, 0x80, 0x0, 0x1f, 0xd0, 0x0, 0xd, 0xf0,
    0x0, 0xb, 0xf3, 0x0, 0x9, 0xf4, 0x0, 0x9,
    0xf5, 0x0, 0x9, 0xf5, 0x0, 0xa, 0xf4, 0x0,
    0xb, 0xf2, 0x0, 0xe, 0xf0, 0x0, 0x2f, 0xc0,
    0x0, 0x6f, 0x70, 0x0, 0xbf, 0x10, 0x2, 0xfa,
    0x0, 0xa, 0xf2, 0x0, 0x8, 0x80, 0x0,

    /* U+002A "*" */
    0x0, 0xd, 0x80, 0x0, 0x0, 0xf, 0x90, 0x0,
    0xae, 0xaf, 0xdb, 0xf4, 0x3a, 0xff, 0xfe, 0x81,
    0x0, 0xdf, 0xf8, 0x0, 0x7, 0xf6, 0xbf, 0x20,
    0x6, 0x80, 0xa, 0x20,

    /* U+002B "+" */
    0x0, 0x0, 0x1, 0x0, 0x0, 0x0, 0x0, 0x3,
    0xf9, 0x0, 0x0, 0x0, 0x0, 0x3f, 0x90, 0x0,
    0x0, 0x0, 0x3, 0xf9, 0x0, 0x0, 0x0, 0x0,
    0x3f, 0x90, 0x0, 0x3, 0xff, 0xff, 0xff, 0xff,
    0xfa, 0x2a, 0xaa, 0xbf, 0xda, 0xaa, 0x60, 0x0,
    0x3, 0xf9, 0x0, 0x0, 0x0, 0x0, 0x3f, 0x90,
    0x0, 0x0, 0x0, 0x3, 0xf9, 0x0, 0x0, 0x0,
    0x0, 0x3f, 0x90, 0x0, 0x0,

    /* U+002C "," */
    0x2c, 0xd3, 0x7f, 0xfb, 0x2e, 0xfd, 0x0, 0xdb,
    0x5, 0xf6, 0x8f, 0xb0, 0x87, 0x0,

    /* U+002D "-" */
    0xa, 0xaa, 0xaa, 0x21, 0xff, 0xff, 0xf3,

    /* U+002E "." */
    0x1, 0x10, 0x4f, 0xf4, 0x8f, 0xf8, 0x2e, 0xe2,

    /* U+002F "/" */
    0x0, 0x0, 0x5, 0xf3, 0x0, 0x0, 0xa, 0xe0,
    0x0, 0x0, 0xe, 0xa0, 0x0, 0x0, 0x3f, 0x50,
    0x0, 0x0, 0x8f, 0x10, 0x0, 0x0, 0xdc, 0x0,
    0x0, 0x1, 0xf7, 0x0, 0x0, 0x6, 0xf3, 0x0,
    0x0, 0xb, 0xe0, 0x0, 0x0, 0xf, 0x90, 0x0,
    0x0, 0x4f, 0x50, 0x0, 0x0, 0x9f, 0x0, 0x0,
    0x0, 0xdb, 0x0, 0x0, 0x2, 0xf7, 0x0, 0x0,
    0x7, 0xf2, 0x0, 0x0, 0xb, 0xe0, 0x0, 0x0,
    0xf, 0x90, 0x0, 0x0, 0x5f, 0x40, 0x0, 0x0,
    0x9f, 0x0, 0x0, 0x0,

    /* U+0030 "0" */
    0x0, 0x6, 0xdf, 0xe9, 0x10, 0x0, 0x8, 0xff,
    0xde, 0xfd, 0x10, 0x3, 0xff, 0x40, 0xc, 0xf9,
    0x0, 0x9f, 0xa0, 0x0, 0x3f, 0xf0, 0xd, 0xf5,
    0x0, 0x0, 0xef, 0x30, 0xff, 0x30, 0x0, 0xc,
    0xf6, 0xf, 0xf2, 0x0, 0x0, 0xbf, 0x70, 0xff,
    0x20, 0x0, 0xc, 0xf7, 0xf, 0xf3, 0x0, 0x0,
    0xcf, 0x50, 0xdf, 0x50, 0x0, 0xf, 0xf3, 0x9,
    0xfa, 0x0, 0x3, 0xff, 0x0, 0x2f, 0xf4, 0x0,
    0xcf, 0x90, 0x0, 0x8f, 0xfd, 0xef, 0xd1, 0x0,
    0x0, 0x6d, 0xfe, 0x91, 0x0,

    /* U+0031 "1" */
    0x0, 0x28, 0xef, 0x40, 0x0, 0xb, 0xff, 0xff,
    0x40, 0x0, 0x5, 0x77, 0xff, 0x40, 0x0, 0x0,
    0x1, 0xff, 0x40, 0x0, 0x0, 0x1, 0xff, 0x40,
    0x0, 0x0, 0x1, 0xff, 0x40, 0x0, 0x0, 0x1,
    0xff, 0x40, 0x0, 0x0, 0x1, 0xff, 0x40, 0x0,
    0x0, 0x1, 0xff, 0x40, 0x0, 0x0, 0x1, 0xff,
    0x40, 0x0, 0x0, 0x1, 0xff, 0x40, 0x0, 0x0,
    0x1, 0xff, 0x40, 0x0, 0x4d, 0xdd, 0xff, 0xed,
    0xd1, 0x4f, 0xff, 0xff, 0xff, 0xf2,

    /* U+0032 "2" */
    0x0, 0x4b, 0xff, 0xd8, 0x0, 0x0, 0x9f, 0xfd,
    0xdf, 0xfc, 0x0, 0xc, 0xd3, 0x0, 0x4f, 0xf6,
    0x0, 0x1, 0x0, 0x0, 0xaf, 0xa0, 0x0, 0x0,
    0x0, 0x9, 0xfa, 0x0, 0x0, 0x0, 0x0, 0xcf,
    0x70, 0x0, 0x0, 0x0, 0x3f, 0xf2, 0x0, 0x0,
    0x0, 0xc, 0xf8, 0x0, 0x0, 0x0, 0xa, 0xfd,
    0x0, 0x0, 0x0, 0x8, 0xfe, 0x20, 0x0, 0x0,
    0x9, 0xfe, 0x20, 0x0, 0x0, 0xa, 0xfe, 0x20,
    0x0, 0x0, 0xc, 0xff, 0xee, 0xef, 0xff, 0x62,
    0xff, 0xff, 0xff, 0xff, 0xf6,

    /* U+0033 "3" */
    0x0, 0x4b, 0xff, 0xea, 0x30, 0x0, 0x8f, 0xfe,
    0xdf, 0xff, 0x30, 0x3, 0xa2, 0x0, 0x1d, 0xfb,
    0x0, 0x0, 0x0, 0x0, 0x9f, 0xc0, 0x0, 0x0,
    0x0, 0x3e, 0xf6, 0x0, 0x0, 0x4b, 0xdf, 0xe7,
    0x0, 0x0, 0x6, 0xff, 0xfd, 0x50, 0x0, 0x0,
    0x0, 0x27, 0xff, 0x70, 0x0, 0x0, 0x0, 0x5,
    0xff, 0x10, 0x0, 0x0, 0x0, 0x1f, 0xf4, 0x3,
    0x0, 0x0, 0x3, 0xff, 0x31, 0xec, 0x30, 0x2,
    0xcf, 0xe0, 0x1c, 0xff, 0xee, 0xff, 0xf4, 0x0,
    0x6, 0xcf, 0xfe, 0x92, 0x0,

    /* U+0034 "4" */
    0x0, 0x0, 0x2, 0xff, 0xf0, 0x0, 0x0, 0x0,
    0xcf, 0xff, 0x0, 0x0, 0x0, 0x7f, 0xbf, 0xf0,
    0x0, 0x0, 0x2f, 0xf4, 0xff, 0x0, 0x0, 0xd,
    0xf6, 0x3f, 0xf0, 0x0, 0x8, 0xfb, 0x3, 0xff,
    0x0, 0x3, 0xfe, 0x10, 0x3f, 0xf0, 0x0, 0xdf,
    0x40, 0x3, 0xff, 0x0, 0x8f, 0xfc, 0xcc, 0xcf,
    0xfc, 0x99, 0xff, 0xff, 0xff, 0xff, 0xfc, 0x0,
    0x0, 0x0, 0x3f, 0xf0, 0x0, 0x0, 0x0, 0x3,
    0xff, 0x0, 0x0, 0x0, 0x0, 0x3f, 0xf0, 0x0,
    0x0, 0x0, 0x3, 0xff, 0x0,

    /* U+0035 "5" */
    0x0, 0xef, 0xff, 0xff, 0xfa, 0x0, 0xf, 0xfe,
    0xee, 0xee, 0x90, 0x0, 0xff, 0x10, 0x0, 0x0,
    0x0, 0x1f, 0xf0, 0x0, 0x0, 0x0, 0x2, 0xfe,
    0x7a, 0x96, 0x0, 0x0, 0x3f, 0xff, 0xff, 0xfd,
    0x20, 0x0, 0x97, 0x10, 0x4e, 0xfc, 0x0, 0x0,
    0x0, 0x0, 0x5f, 0xf2, 0x0, 0x0, 0x0, 0x0,
    0xff, 0x40, 0x0, 0x0, 0x0, 0xf, 0xf4, 0x2,
    0x0, 0x0, 0x5, 0xff, 0x11, 0xeb, 0x20, 0x3,
    0xef, 0xb0, 0x1d, 0xff, 0xee, 0xff, 0xd1, 0x0,
    0x6, 0xcf, 0xfd, 0x81, 0x0,

    /* U+0036 "6" */
    0x0, 0x18, 0xdf, 0xea, 0x20, 0x2, 0xef, 0xfd,
    0xef, 0xf1, 0xc, 0xfb, 0x10, 0x5, 0x40, 0x4f,
    0xe0, 0x0, 0x0, 0x0, 0xaf, 0x80, 0x0, 0x0,
    0x0, 0xdf, 0x56, 0xdf, 0xe8, 0x0, 0xef, 0xdf,
    0xbb, 0xff, 0xb0, 0xef, 0xd2, 0x0, 0x2f, 0xf4,
    0xdf, 0x40, 0x0, 0xb, 0xf7, 0xbf, 0x60, 0x0,
    0x9, 0xf8, 0x7f, 0xb0, 0x0, 0xc, 0xf7, 0x1e,
    0xf6, 0x0, 0x5f, 0xf1, 0x4, 0xff, 0xdc, 0xff,
    0x60, 0x0, 0x3b, 0xff, 0xc4, 0x0,

    /* U+0037 "7" */
    0xff, 0xff, 0xff, 0xff, 0xf7, 0xee, 0xee, 0xee,
    0xef, 0xf4, 0x0, 0x0, 0x0, 0x8f, 0x90, 0x0,
    0x0, 0x3, 0xfd, 0x0, 0x0, 0x0, 0xc, 0xf4,
    0x0, 0x0, 0x0, 0x4f, 0xc0, 0x0, 0x0, 0x0,
    0xbf, 0x50, 0x0, 0x0, 0x1, 0xff, 0x10, 0x0,
    0x0, 0x6, 0xfd, 0x0, 0x0, 0x0, 0x9, 0xfa,
    0x0, 0x0, 0x0, 0xc, 0xf7, 0x0, 0x0, 0x0,
    0xf, 0xf6, 0x0, 0x0, 0x0, 0xf, 0xf4, 0x0,
    0x0, 0x0, 0x1f, 0xf3, 0x0, 0x0,

    /* U+0038 "8" */
    0x0, 0x7, 0xdf, 0xfb, 0x30, 0x0, 0xb, 0xfe,
    0xac, 0xff, 0x40, 0x4, 0xfe, 0x10, 0x7, 0xfc,
    0x0, 0x6f, 0xa0, 0x0, 0xf, 0xe0, 0x4, 0xfc,
    0x0, 0x1, 0xfc, 0x0, 0xb, 0xf9, 0x0, 0x6f,
    0x40, 0x0, 0xb, 0xfe, 0x8f, 0x60, 0x0, 0x8,
    0xf8, 0xaf, 0xfd, 0x20, 0x7, 0xf8, 0x0, 0x1b,
    0xfd, 0x0, 0xff, 0x0, 0x0, 0xe, 0xf5, 0xf,
    0xf0, 0x0, 0x0, 0xbf, 0x70, 0xdf, 0x80, 0x0,
    0x3f, 0xf4, 0x4, 0xff, 0xda, 0xbf, 0xfa, 0x0,
    0x2, 0x9e, 0xff, 0xc6, 0x0,

    /* U+0039 "9" */
    0x0, 0x2a, 0xef, 0xd7, 0x0, 0x0, 0x2e, 0xfe,
    0xcf, 0xfb, 0x0, 0xb, 0xfa, 0x0, 0x1d, 0xf7,
    0x1, 0xff, 0x10, 0x0, 0x4f, 0xe0, 0x2f, 0xf0,
    0x0, 0x0, 0xff, 0x20, 0xff, 0x20, 0x0, 0x1f,
    0xf4, 0xb, 0xfc, 0x20, 0x4d, 0xff, 0x50, 0x2e,
    0xff, 0xff, 0xad, 0xf4, 0x0, 0x6, 0x99, 0x40,
    0xff, 0x30, 0x0, 0x0, 0x0, 0x2f, 0xf0, 0x0,
    0x0, 0x0, 0x9, 0xfb, 0x0, 0x19, 0x20, 0x6,
    0xff, 0x30, 0xa, 0xff, 0xef, 0xff, 0x70, 0x0,
    0x7, 0xdf, 0xfb, 0x40, 0x0,

    /* U+003A ":" */
    0x2e, 0xe2, 0x8f, 0xf8, 0x4f, 0xf3, 0x1, 0x10,
    0x0, 0x0, 0x0, 0x0, 0x0, 0x0, 0x1, 0x10,
    0x4f, 0xf4, 0x8f, 0xf8, 0x2e, 0xe2,

    /* U+003B ";" */
    0x2e, 0xe2, 0x8f, 0xf8, 0x4f, 0xf3, 0x1, 0x10,
    0x0, 0x0, 0x0, 0x0, 0x0, 0x0, 0x0, 0x0,
    0x2c, 0xd3, 0x7f, 0xfb, 0x2e, 0xfd, 0x0, 0xdb,
    0x5, 0xf6, 0x8f, 0xb0, 0x87, 0x0,

    /* U+003C "<" */
    0x0, 0x0, 0x0, 0x0, 0x17, 0x70, 0x0, 0x0,
    0x4, 0xaf, 0xfa, 0x0, 0x2, 0x8e, 0xff, 0xc6,
    0x10, 0x6c, 0xff, 0xd7, 0x10, 0x0, 0x3f, 0xfa,
    0x30, 0x0, 0x0, 0x2, 0xdf, 0xfb, 0x60, 0x0,
    0x0, 0x0, 0x39, 0xff, 0xfa, 0x50, 0x0, 0x0,
    0x0, 0x5c, 0xff, 0xf7, 0x0, 0x0, 0x0, 0x2,
    0x8e, 0xa0, 0x0, 0x0, 0x0, 0x0, 0x2,

    /* U+003D "=" */
    0x3f, 0xff, 0xff, 0xff, 0xff, 0xa2, 0x99, 0x99,
    0x99, 0x99, 0x96, 0x0, 0x0, 0x0, 0x0, 0x0,
    0x0, 0x0, 0x0, 0x0, 0x0, 0x0, 0x0, 0x0,
    0x0, 0x0, 0x0, 0x3, 0xff, 0xff, 0xff, 0xff,
    0xfa, 0x2a, 0xaa, 0xaa, 0xaa, 0xaa, 0x60,

    /* U+003E ">" */
    0x39, 0x30, 0x0, 0x0, 0x0, 0x3, 0xff, 0xd7,
    0x10, 0x0, 0x0, 0x4, 0x9f, 0xff, 0xb5, 0x0,
    0x0, 0x0, 0x5, 0xaf, 0xfe, 0x92, 0x0, 0x0,
    0x0, 0x16, 0xff, 0xa0, 0x0, 0x0, 0x39, 0xef,
    0xf7, 0x0, 0x38, 0xef, 0xfc, 0x60, 0x2, 0xdf,
    0xfe, 0x82, 0x0, 0x0, 0x3f, 0xa4, 0x0, 0x0,
    0x0, 0x1, 0x10, 0x0, 0x0, 0x0, 0x0,

    /* U+003F "?" */
    0x0, 0x6d, 0xff, 0xc4, 0x0, 0xbf, 0xfd, 0xff,
    0xf4, 0x5, 0x91, 0x0, 0xcf, 0xb0, 0x0, 0x0,
    0x7, 0xfc, 0x0, 0x0, 0x0, 0xcf, 0x70, 0x0,
    0x0, 0x9f, 0xc0, 0x0, 0x0, 0x8f, 0xc0, 0x0,
    0x0, 0x2f, 0xf1, 0x0, 0x0, 0x7, 0xfa, 0x0,
    0x0, 0x0, 0x25, 0x30, 0x0, 0x0, 0x0, 0x20,
    0x0, 0x0, 0x0, 0xaf, 0xd0, 0x0, 0x0, 0xe,
    0xff, 0x20, 0x0, 0x0, 0x7f, 0xa0, 0x0,

    /* U+0040 "@" */
    0x0, 0x0, 0x1, 0x7b, 0xef, 0xfd, 0x93, 0x0,
    0x0, 0x0, 0x0, 0x7f, 0xfc, 0x87, 0x7a, 0xff,
    0x80, 0x0, 0x0, 0xa, 0xfb, 0x20, 0x0, 0x0,
    0x9, 0xfa, 0x0, 0x0, 0xaf, 0x70, 0x0, 0x0,
    0x0, 0x0, 0x8f, 0x50, 0x5, 0xf9, 0x0, 0x0,
    0x0, 0x0, 0x0, 0xd, 0xc0, 0xe, 0xe0, 0x0,
    0x1a, 0xfe, 0x6f, 0x80, 0x8, 0xf1, 0x4f, 0x60,
    0x1, 0xef, 0xa9, 0xff, 0x50, 0x4, 0xf4, 0x9f,
    0x10, 0xa, 0xf5, 0x0, 0xaf, 0x10, 0x3, 0xf4,
    0xcd, 0x0, 0x1f, 0xc0, 0x0, 0xce, 0x0, 0x4,
    0xf3, 0xdc, 0x0, 0x4f, 0x80, 0x0, 0xfb, 0x0,
    0x8, 0xf1, 0xdc, 0x0, 0x5f, 0x70, 0x3, 0xf8,
    0x0, 0x1e, 0xa0, 0xcd, 0x0, 0x2f, 0xd3, 0x4d,
    0xed, 0x34, 0xde, 0x20, 0x9f, 0x10, 0x8, 0xff,
    0xf6, 0x6f, 0xff, 0xd2, 0x0, 0x4f, 0x80, 0x0,
    0x24, 0x10, 0x2, 0x53, 0x0, 0x0, 0xc, 0xf2,
    0x0, 0x0, 0x0, 0x0, 0x0, 0x0, 0x0, 0x3,
    0xfe, 0x40, 0x0, 0x0, 0x0, 0x0, 0x0, 0x0,
    0x0, 0x3e, 0xfb, 0x63, 0x23, 0x8e, 0x40, 0x0,
    0x0, 0x0, 0x1, 0x8e, 0xff, 0xff, 0xfb, 0x30,
    0x0, 0x0, 0x0, 0x0, 0x0, 0x24, 0x53, 0x0,
    0x0, 0x0, 0x0,

    /* U+0041 "A" */
    0x0, 0x0, 0x4f, 0xfb, 0x0, 0x0, 0x0, 0x0,
    0xa, 0xff, 0xf1, 0x0, 0x0, 0x0, 0x0, 0xfe,
    0x9f, 0x60, 0x0, 0x0, 0x0, 0x5f, 0xa4, 0xfc,
    0x0, 0x0, 0x0, 0xb, 0xf5, 0xf, 0xf2, 0x0,
    0x0, 0x1, 0xff, 0x10, 0xaf, 0x70, 0x0, 0x0,
    0x6f, 0xb0, 0x5, 0xfd, 0x0, 0x0, 0xb, 0xf6,
    0x0, 0x1f, 0xf2, 0x0, 0x1, 0xff, 0xdc, 0xcc,
    0xff, 0x80, 0x0, 0x6f, 0xff, 0xff, 0xff, 0xfd,
    0x0, 0xc, 0xf7, 0x0, 0x0, 0x1f, 0xf3, 0x2,
    0xff, 0x20, 0x0, 0x0, 0xcf, 0x90, 0x7f, 0xd0,
    0x0, 0x0, 0x7, 0xfe, 0xd, 0xf8, 0x0, 0x0,
    0x0, 0x2f, 0xf4,

    /* U+0042 "B" */
    0x1f, 0xff, 0xff, 0xfd, 0x92, 0x0, 0x1f, 0xfd,
    0xcc, 0xdf, 0xff, 0x30, 0x1f, 0xf4, 0x0, 0x2,
    0xef, 0x90, 0x1f, 0xf4, 0x0, 0x0, 0x9f, 0xa0,
    0x1f, 0xf4, 0x0, 0x2, 0xef, 0x50, 0x1f, 0xfc,
    0xbb, 0xcf, 0xf7, 0x0, 0x1f, 0xff, 0xff, 0xff,
    0xfa, 0x10, 0x1f, 0xf4, 0x0, 0x4, 0xcf, 0xd0,
    0x1f, 0xf4, 0x0, 0x0, 0xf, 0xf5, 0x1f, 0xf4,
    0x0, 0x0, 0xc, 0xf7, 0x1f, 0xf4, 0x0, 0x0,
    0xe, 0xf6, 0x1f, 0xf4, 0x0, 0x1, 0xaf, 0xf1,
    0x1f, 0xfd, 0xcc, 0xdf, 0xff, 0x50, 0x1f, 0xff,
    0xff, 0xfd, 0x92, 0x0,

    /* U+0043 "C" */
    0x0, 0x3, 0xae, 0xff, 0xb4, 0x0, 0x0, 0x8f,
    0xff, 0xff, 0xff, 0x90, 0x7, 0xff, 0xa2, 0x0,
    0x5e, 0x50, 0x1f, 0xf9, 0x0, 0x0, 0x0, 0x0,
    0x8f, 0xf0, 0x0, 0x0, 0x0, 0x0, 0xbf, 0xa0,
    0x0, 0x0, 0x0, 0x0, 0xdf, 0x80, 0x0, 0x0,
    0x0, 0x0, 0xdf, 0x80, 0x0, 0x0, 0x0, 0x0,
    0xcf, 0xa0, 0x0, 0x0, 0x0, 0x0, 0x8f, 0xf0,
    0x0, 0x0, 0x0, 0x0, 0x2f, 0xf9, 0x0, 0x0,
    0x1, 0x10, 0x8, 0xff, 0xa2, 0x0, 0x5e, 0xd0,
    0x0, 0x9f, 0xff, 0xff, 0xff, 0xa0, 0x0, 0x4,
    0xae, 0xff, 0xb5, 0x0,

    /* U+0044 "D" */
    0x1f, 0xff, 0xff, 0xda, 0x40, 0x0, 0x1f, 0xfe,
    0xde, 0xff, 0xfa, 0x0, 0x1f, 0xf4, 0x0, 0x18,
    0xff, 0x90, 0x1f, 0xf4, 0x0, 0x0, 0x7f, 0xf3,
    0x1f, 0xf4, 0x0, 0x0, 0xe, 0xf8, 0x1f, 0xf4,
    0x0, 0x0, 0xa, 0xfc, 0x1f, 0xf4, 0x0, 0x0,
    0x9, 0xfd, 0x1f, 0xf4, 0x0, 0x0, 0x9, 0xfd,
    0x1f, 0xf4, 0x0, 0x0, 0xb, 0xfb, 0x1f, 0xf4,
    0x0, 0x0, 0xf, 0xf8, 0x1f, 0xf4, 0x0, 0x0,
    0x8f, 0xf2, 0x1f, 0xf4, 0x0, 0x29, 0xff, 0x90,
    0x1f, 0xfe, 0xde, 0xff, 0xfa, 0x0, 0x1f, 0xff,
    0xff, 0xda, 0x30, 0x0,

    /* U+0045 "E" */
    0x1f, 0xff, 0xff, 0xff, 0xfa, 0x1f, 0xfe, 0xee,
    0xee, 0xe9, 0x1f, 0xf4, 0x0, 0x0, 0x0, 0x1f,
    0xf4, 0x0, 0x0, 0x0, 0x1f, 0xf4, 0x0, 0x0,
    0x0, 0x1f, 0xff, 0xee, 0xee, 0x90, 0x1f, 0xff,
    0xff, 0xff, 0xa0, 0x1f, 0xf4, 0x0, 0x0, 0x0,
    0x1f, 0xf4, 0x0, 0x0, 0x0, 0x1f, 0xf4, 0x0,
    0x0, 0x0, 0x1f, 0xf4, 0x0, 0x0, 0x0, 0x1f,
    0xf4, 0x0, 0x0, 0x0, 0x1f, 0xff, 0xff, 0xff,
    0xfc, 0x1f, 0xff, 0xff, 0xff, 0xfd,

    /* U+0046 "F" */
    0x1f, 0xff, 0xff, 0xff, 0xfa, 0x1f, 0xfe, 0xee,
    0xee, 0xe9, 0x1f, 0xf4, 0x0, 0x0, 0x0, 0x1f,
    0xf4, 0x0, 0x0, 0x0, 0x1f, 0xf4, 0x0, 0x0,
    0x0, 0x1f, 0xf4, 0x0, 0x0, 0x0, 0x1f, 0xff,
    0xff, 0xff, 0xb0, 0x1f, 0xfe, 0xee, 0xee, 0xa0,
    0x1f, 0xf4, 0x0, 0x0, 0x0, 0x1f, 0xf4, 0x0,
    0x0, 0x0, 0x1f, 0xf4, 0x0, 0x0, 0x0, 0x1f,
    0xf4, 0x0, 0x0, 0x0, 0x1f, 0xf4, 0x0, 0x0,
    0x0, 0x1f, 0xf4, 0x0, 0x0, 0x0,

    /* U+0047 "G" */
    0x0, 0x2, 0x9d, 0xff, 0xd7, 0x0, 0x0, 0x7f,
    0xff, 0xff, 0xff, 0xd1, 0x6, 0xff, 0xb3, 0x0,
    0x2a, 0xa0, 0x1f, 0xfa, 0x0, 0x0, 0x0, 0x0,
    0x7f, 0xf0, 0x0, 0x0, 0x0, 0x0, 0xbf, 0xa0,
    0x0, 0x0, 0x0, 0x0, 0xdf, 0x80, 0x0, 0x5e,
    0xee, 0xe8, 0xdf, 0x80, 0x0, 0x6f, 0xff, 0xf9,
    0xcf, 0xa0, 0x0, 0x0, 0x8, 0xf9, 0x8f, 0xf0,
    0x0, 0x0, 0x8, 0xf9, 0x2f, 0xf9, 0x0, 0x0,
    0x8, 0xf9, 0x7, 0xff, 0xb3, 0x0, 0x3c, 0xf9,
    0x0, 0x8f, 0xff, 0xff, 0xff, 0xf5, 0x0, 0x3,
    0x9d, 0xff, 0xd9, 0x20,

    /* U+0048 "H" */
    0x1f, 0xf4, 0x0, 0x0, 0x7, 0xfe, 0x1f, 0xf4,
    0x0, 0x0, 0x7, 0xfe, 0x1f, 0xf4, 0x0, 0x0,
    0x7, 0xfe, 0x1f, 0xf4, 0x0, 0x0, 0x7, 0xfe,
    0x1f, 0xf4, 0x0, 0x0, 0x7, 0xfe, 0x1f, 0xff,
    0xff, 0xff, 0xff, 0xfe, 0x1f, 0xff, 0xff, 0xff,
    0xff, 0xfe, 0x1f, 0xf4, 0x0, 0x0, 0x7, 0xfe,
    0x1f, 0xf4, 0x0, 0x0, 0x7, 0xfe, 0x1f, 0xf4,
    0x0, 0x0, 0x7, 0xfe, 0x1f, 0xf4, 0x0, 0x0,
    0x7, 0xfe, 0x1f, 0xf4, 0x0, 0x0, 0x7, 0xfe,
    0x1f, 0xf4, 0x0, 0x0, 0x7, 0xfe, 0x1f, 0xf4,
    0x0, 0x0, 0x7, 0xfe,

    /* U+0049 "I" */
    0x1f, 0xf4, 0x1f, 0xf4, 0x1f, 0xf4, 0x1f, 0xf4,
    0x1f, 0xf4, 0x1f, 0xf4, 0x1f, 0xf4, 0x1f, 0xf4,
    0x1f, 0xf4, 0x1f, 0xf4, 0x1f, 0xf4, 0x1f, 0xf4,
    0x1f, 0xf4, 0x1f, 0xf4,

    /* U+004A "J" */
    0x0, 0x0, 0x0, 0x3f, 0xf2, 0x0, 0x0, 0x0,
    0x3f, 0xf2, 0x0, 0x0, 0x0, 0x3f, 0xf2, 0x0,
    0x0, 0x0, 0x3f, 0xf2, 0x0, 0x0, 0x0, 0x3f,
    0xf2, 0x0, 0x0, 0x0, 0x3f, 0xf2, 0x0, 0x0,
    0x0, 0x3f, 0xf2, 0x0, 0x0, 0x0, 0x3f, 0xf2,
    0x0, 0x0, 0x0, 0x3f, 0xf2, 0x0, 0x0, 0x0,
    0x3f, 0xf2, 0x1, 0x20, 0x0, 0x5f, 0xf0, 0x2e,
    0xe4, 0x2, 0xdf, 0xc0, 0xb, 0xff, 0xff, 0xff,
    0x40, 0x0, 0x7d, 0xff, 0xc4, 0x0,

    /* U+004B "K" */
    0x1f, 0xf4, 0x0, 0x0, 0x8f, 0xf2, 0x1, 0xff,
    0x40, 0x0, 0x5f, 0xf4, 0x0, 0x1f, 0xf4, 0x0,
    0x3f, 0xf6, 0x0, 0x1, 0xff, 0x40, 0x2e, 0xf8,
    0x0, 0x0, 0x1f, 0xf4, 0x1d, 0xfb, 0x0, 0x0,
    0x1, 0xff, 0x4b, 0xff, 0x20, 0x0, 0x0, 0x1f,
    0xfc, 0xff, 0xf9, 0x0, 0x0, 0x1, 0xff, 0xff,
    0x8f, 0xf3, 0x0, 0x0, 0x1f, 0xff, 0x60, 0xaf,
    0xd0, 0x0, 0x1, 0xff, 0x80, 0x1, 0xff, 0x70,
    0x0, 0x1f, 0xf4, 0x0, 0x6, 0xff, 0x20, 0x1,
    0xff, 0x40, 0x0, 0xd, 0xfb, 0x0, 0x1f, 0xf4,
    0x0, 0x0, 0x3f, 0xf5, 0x1, 0xff, 0x40, 0x0,
    0x0, 0x9f, 0xe0,

    /* U+004C "L" */
    0x1f, 0xf4, 0x0, 0x0, 0x0, 0x1f, 0xf4, 0x0,
    0x0, 0x0, 0x1f, 0xf4, 0x0, 0x0, 0x0, 0x1f,
    0xf4, 0x0, 0x0, 0x0, 0x1f, 0xf4, 0x0, 0x0,
    0x0, 0x1f, 0xf4, 0x0, 0x0, 0x0, 0x1f, 0xf4,
    0x0, 0x0, 0x0, 0x1f, 0xf4, 0x0, 0x0, 0x0,
    0x1f, 0xf4, 0x0, 0x0, 0x0, 0x1f, 0xf4, 0x0,
    0x0, 0x0, 0x1f, 0xf4, 0x0, 0x0, 0x0, 0x1f,
    0xf4, 0x0, 0x0, 0x0, 0x1f, 0xff, 0xff, 0xff,
    0xf7, 0x1f, 0xff, 0xff, 0xff, 0xf8,

    /* U+004D "M" */
    0x1f, 0xfd, 0x0, 0x0, 0x0, 0x3f, 0xfb, 0x1f,
    0xff, 0x30, 0x0, 0x0, 0x9f, 0xfb, 0x1f, 0xff,
    0x90, 0x0, 0x0, 0xef, 0xfb, 0x1f, 0xde, 0xe0,
    0x0, 0x5, 0xfb, 0xfb, 0x1f, 0xe9, 0xf5, 0x0,
    0xb, 0xf7, 0xfb, 0x1f, 0xf3, 0xfb, 0x0, 0x1f,
    0xb6, 0xfb, 0x1f, 0xf0, 0xdf, 0x10, 0x7f, 0x57,
    0xfb, 0x1f, 0xf0, 0x6f, 0x70, 0xcf, 0x7, 0xfb,
    0x1f, 0xf0, 0x1f, 0xc2, 0xf9, 0x7, 0xfb, 0x1f,
    0xf0, 0xa, 0xfa, 0xf3, 0x7, 0xfb, 0x1f, 0xf0,
    0x4, 0xff, 0xd0, 0x7, 0xfb, 0x1f, 0xf0, 0x0,
    0xdf, 0x70, 0x7, 0xfb, 0x1f, 0xf0, 0x0, 0x5a,
    0x10, 0x7, 0xfb, 0x1f, 0xf0, 0x0, 0x0, 0x0,
    0x7, 0xfb,

    /* U+004E "N" */
    0x1f, 0xf9, 0x0, 0x0, 0x7, 0xfb, 0x1f, 0xff,
    0x30, 0x0, 0x7, 0xfb, 0x1f, 0xff, 0xc0, 0x0,
    0x7, 0xfb, 0x1f, 0xeb, 0xf6, 0x0, 0x7, 0xfb,
    0x1f, 0xf3, 0xfe, 0x10, 0x7, 0xfb, 0x1f, 0xf1,
    0xaf, 0x90, 0x7, 0xfb, 0x1f, 0xf1, 0x1f, 0xf2,
    0x7, 0xfb, 0x1f, 0xf2, 0x7, 0xfc, 0x7, 0xfb,
    0x1f, 0xf2, 0x0, 0xdf, 0x56, 0xfb, 0x1f, 0xf2,
    0x0, 0x4f, 0xd5, 0xfb, 0x1f, 0xf2, 0x0, 0xb,
    0xf9, 0xfb, 0x1f, 0xf2, 0x0, 0x2, 0xff, 0xfb,
    0x1f, 0xf2, 0x0, 0x0, 0x8f, 0xfb, 0x1f, 0xf2,
    0x0, 0x0, 0xe, 0xfb,

    /* U+004F "O" */
    0x0, 0x4, 0xbe, 0xfe, 0xb5, 0x0, 0x0, 0xa,
    0xff, 0xff, 0xff, 0xfb, 0x0, 0x9, 0xff, 0x81,
    0x1, 0x7f, 0xfa, 0x2, 0xff, 0x70, 0x0, 0x0,
    0x6f, 0xf4, 0x8f, 0xe0, 0x0, 0x0, 0x0, 0xdf,
    0xac, 0xfa, 0x0, 0x0, 0x0, 0x9, 0xfd, 0xdf,
    0x80, 0x0, 0x0, 0x0, 0x7f, 0xed, 0xf8, 0x0,
    0x0, 0x0, 0x7, 0xfe, 0xbf, 0xa0, 0x0, 0x0,
    0x0, 0x9f, 0xd8, 0xfe, 0x0, 0x0, 0x0, 0xd,
    0xf9, 0x2f, 0xf8, 0x0, 0x0, 0x7, 0xff, 0x30,
    0x8f, 0xf9, 0x20, 0x18, 0xff, 0x90, 0x0, 0x9f,
    0xff, 0xff, 0xff, 0xa0, 0x0, 0x0, 0x4b, 0xef,
    0xeb, 0x50, 0x0,

    /* U+0050 "P" */
    0x1f, 0xff, 0xff, 0xfc, 0x81, 0x0, 0x1f, 0xfe,
    0xdd, 0xff, 0xfe, 0x20, 0x1f, 0xf4, 0x0, 0x3,
    0xef, 0xb0, 0x1f, 0xf4, 0x0, 0x0, 0x6f, 0xf0,
    0x1f, 0xf4, 0x0, 0x0, 0x4f, 0xf0, 0x1f, 0xf4,
    0x0, 0x0, 0x8f, 0xe0, 0x1f, 0xf4, 0x0, 0x17,
    0xff, 0x80, 0x1f, 0xff, 0xff, 0xff, 0xfa, 0x0,
    0x1f, 0xfe, 0xdd, 0xc9, 0x40, 0x0, 0x1f, 0xf4,
    0x0, 0x0, 0x0, 0x0, 0x1f, 0xf4, 0x0, 0x0,
    0x0, 0x0, 0x1f, 0xf4, 0x0, 0x0, 0x0, 0x0,
    0x1f, 0xf4, 0x0, 0x0, 0x0, 0x0, 0x1f, 0xf4,
    0x0, 0x0, 0x0, 0x0,

    /* U+0051 "Q" */
    0x0, 0x4, 0xbe, 0xfe, 0xb5, 0x0, 0x0, 0x0,
    0xaf, 0xff, 0xff, 0xff, 0xb0, 0x0, 0x9, 0xff,
    0x81, 0x1, 0x7f, 0xfa, 0x0, 0x2f, 0xf7, 0x0,
    0x0, 0x6, 0xff, 0x40, 0x8f, 0xe0, 0x0, 0x0,
    0x0, 0xdf, 0xa0, 0xcf, 0xa0, 0x0, 0x0, 0x0,
    0x9f, 0xd0, 0xdf, 0x80, 0x0, 0x0, 0x0, 0x7f,
    0xe0, 0xdf, 0x80, 0x0, 0x0, 0x0, 0x7f, 0xe0,
    0xbf, 0xa0, 0x0, 0x0, 0x0, 0x9f, 0xd0, 0x8f,
    0xe0, 0x0, 0x0, 0x0, 0xdf, 0x90, 0x2f, 0xf7,
    0x0, 0x0, 0x5, 0xff, 0x30, 0x8, 0xff, 0x70,
    0x0, 0x6f, 0xf9, 0x0, 0x0, 0x9f, 0xff, 0xef,
    0xff, 0xa0, 0x0, 0x0, 0x4, 0xbf, 0xff, 0xb5,
    0x0, 0x0, 0x0, 0x0, 0x4, 0xff, 0x40, 0x0,
    0x0, 0x0, 0x0, 0x0, 0xaf, 0xf7, 0x10, 0x20,
    0x0, 0x0, 0x0, 0xa, 0xff, 0xff, 0xf3, 0x0,
    0x0, 0x0, 0x0, 0x4a, 0xdd, 0xb3,

    /* U+0052 "R" */
    0x1f, 0xff, 0xff, 0xfd, 0x92, 0x0, 0x1f, 0xfe,
    0xdd, 0xef, 0xff, 0x40, 0x1f, 0xf4, 0x0, 0x2,
    0xcf, 0xd0, 0x1f, 0xf4, 0x0, 0x0, 0x4f, 0xf0,
    0x1f, 0xf4, 0x0, 0x0, 0x5f, 0xf0, 0x1f, 0xf4,
    0x0, 0x2, 0xdf, 0xc0, 0x1f, 0xfd, 0xdd, 0xef,
    0xfe, 0x20, 0x1f, 0xff, 0xff, 0xff, 0x81, 0x0,
    0x1f, 0xf4, 0x1, 0xff, 0x60, 0x0, 0x1f, 0xf4,
    0x0, 0x8f, 0xe1, 0x0, 0x1f, 0xf4, 0x0, 0xe,
    0xf9, 0x0, 0x1f, 0xf4, 0x0, 0x6, 0xff, 0x20,
    0x1f, 0xf4, 0x0, 0x0, 0xdf, 0xb0, 0x1f, 0xf4,
    0x0, 0x0, 0x4f, 0xf4,

    /* U+0053 "S" */
    0x0, 0x4, 0xbe, 0xfe, 0xa3, 0x0, 0x0, 0x8f,
    0xff, 0xff, 0xff, 0x70, 0x3, 0xff, 0x91, 0x1,
    0x7e, 0x40, 0x6, 0xff, 0x0, 0x0, 0x0, 0x0,
    0x5, 0xff, 0x30, 0x0, 0x0, 0x0, 0x0, 0xdf,
    0xfa, 0x30, 0x0, 0x0, 0x0, 0x1a, 0xff, 0xfd,
    0x60, 0x0, 0x0, 0x0, 0x28, 0xef, 0xfe, 0x30,
    0x0, 0x0, 0x0, 0x6, 0xef, 0xe0, 0x0, 0x0,
    0x0, 0x0, 0x3f, 0xf4, 0x0, 0x40, 0x0, 0x0,
    0x2f, 0xf4, 0xb, 0xfb, 0x40, 0x2, 0xcf, 0xf0,
    0x6, 0xff, 0xff, 0xff, 0xff, 0x50, 0x0, 0x18,
    0xdf, 0xfe, 0x92, 0x0,

    /* U+0054 "T" */
    0x6f, 0xff, 0xff, 0xff, 0xff, 0xf9, 0x5e, 0xee,
    0xef, 0xfe, 0xee, 0xe8, 0x0, 0x0, 0x1f, 0xf4,
    0x0, 0x0, 0x0, 0x0, 0x1f, 0xf4, 0x0, 0x0,
    0x0, 0x0, 0x1f, 0xf4, 0x0, 0x0, 0x0, 0x0,
    0x1f, 0xf4, 0x0, 0x0, 0x0, 0x0, 0x1f, 0xf4,
    0x0, 0x0, 0x0, 0x0, 0x1f, 0xf4, 0x0, 0x0,
    0x0, 0x0, 0x1f, 0xf4, 0x0, 0x0, 0x0, 0x0,
    0x1f, 0xf4, 0x0, 0x0, 0x0, 0x0, 0x1f, 0xf4,
    0x0, 0x0, 0x0, 0x0, 0x1f, 0xf4, 0x0, 0x0,
    0x0, 0x0, 0x1f, 0xf4, 0x0, 0x0, 0x0, 0x0,
    0x1f, 0xf4, 0x0, 0x0,

    /* U+0055 "U" */
    0x2f, 0xf3, 0x0, 0x0, 0x7, 0xfc, 0x2f, 0xf3,
    0x0, 0x0, 0x7, 0xfc, 0x2f, 0xf3, 0x0, 0x0,
    0x7, 0xfc, 0x2f, 0xf3, 0x0, 0x0, 0x7, 0xfc,
    0x2f, 0xf3, 0x0, 0x0, 0x7, 0xfc, 0x2f, 0xf3,
    0x0, 0x0, 0x7, 0xfc, 0x2f, 0xf3, 0x0, 0x0,
    0x7, 0xfc, 0x2f, 0xf3, 0x0, 0x0, 0x7, 0xfc,
    0x1f, 0xf3, 0x0, 0x0, 0x7, 0xfc, 0xf, 0xf5,
    0x0, 0x0, 0x9, 0xfa, 0xc, 0xfa, 0x0, 0x0,
    0xe, 0xf7, 0x6, 0xff, 0x81, 0x2, 0xbf, 0xf1,
    0x0, 0xbf, 0xff, 0xff, 0xff, 0x60, 0x0, 0x6,
    0xcf, 0xfe, 0xa3, 0x0,

    /* U+0056 "V" */
    0xe, 0xf9, 0x0, 0x0, 0x0, 0x9f, 0xc0, 0x8f,
    0xd0, 0x0, 0x0, 0xe, 0xf7, 0x3, 0xff, 0x20,
    0x0, 0x2, 0xff, 0x10, 0xe, 0xf7, 0x0, 0x0,
    0x7f, 0xc0, 0x0, 0x9f, 0xc0, 0x0, 0xc, 0xf7,
    0x0, 0x3, 0xff, 0x10, 0x1, 0xff, 0x10, 0x0,
    0xe, 0xf5, 0x0, 0x5f, 0xc0, 0x0, 0x0, 0x9f,
    0xa0, 0xa, 0xf7, 0x0, 0x0, 0x3, 0xff, 0x0,
    0xff, 0x20, 0x0, 0x0, 0xe, 0xf4, 0x4f, 0xc0,
    0x0, 0x0, 0x0, 0x9f, 0x88, 0xf7, 0x0, 0x0,
    0x0, 0x4, 0xfd, 0xdf, 0x20, 0x0, 0x0, 0x0,
    0xe, 0xff, 0xc0, 0x0, 0x0, 0x0, 0x0, 0x9f,
    0xf7, 0x0, 0x0,

    /* U+0057 "W" */
    0x7f, 0xf0, 0x0, 0x2, 0xff, 0x20, 0x0, 0xe,
    0xf4, 0x3f, 0xf2, 0x0, 0x6, 0xff, 0x70, 0x0,
    0x1f, 0xf1, 0xf, 0xf5, 0x0, 0xa, 0xff, 0xb0,
    0x0, 0x4f, 0xe0, 0xc, 0xf8, 0x0, 0xe, 0xce,
    0xf0, 0x0, 0x7f, 0xa0, 0x9, 0xfb, 0x0, 0x3f,
    0x9b, 0xf3, 0x0, 0xaf, 0x70, 0x6, 0xfe, 0x0,
    0x7f, 0x58, 0xf7, 0x0, 0xef, 0x40, 0x2, 0xff,
    0x10, 0xbf, 0x24, 0xfb, 0x1, 0xff, 0x10, 0x0,
    0xff, 0x40, 0xfe, 0x0, 0xff, 0x4, 0xfd, 0x0,
    0x0, 0xbf, 0x62, 0xfa, 0x0, 0xcf, 0x36, 0xfa,
    0x0, 0x0, 0x8f, 0x96, 0xf6, 0x0, 0x8f, 0x79,
    0xf6, 0x0, 0x0, 0x5f, 0xca, 0xf2, 0x0, 0x4f,
    0xab, 0xf3, 0x0, 0x0, 0x1f, 0xfd, 0xe0, 0x0,
    0xf, 0xee, 0xf0, 0x0, 0x0, 0xe, 0xff, 0xa0,
    0x0, 0xb, 0xff, 0xd0, 0x0, 0x0, 0xa, 0xff,
    0x60, 0x0, 0x7, 0xff, 0x90, 0x0,

    /* U+0058 "X" */
    0x2f, 0xf6, 0x0, 0x0, 0x5f, 0xf1, 0x8, 0xfe,
    0x0, 0x0, 0xdf, 0x70, 0x0, 0xef, 0x80, 0x6,
    0xfe, 0x0, 0x0, 0x6f, 0xf1, 0xe, 0xf5, 0x0,
    0x0, 0xc, 0xf9, 0x6f, 0xc0, 0x0, 0x0, 0x3,
    0xff, 0xef, 0x30, 0x0, 0x0, 0x0, 0xaf, 0xfa,
    0x0, 0x0, 0x0, 0x0, 0xdf, 0xfc, 0x0, 0x0,
    0x0, 0x7, 0xfb, 0xef, 0x50, 0x0, 0x0, 0x1f,
    0xf3, 0x7f, 0xe0, 0x0, 0x0, 0xaf, 0xa0, 0xe,
    0xf8, 0x0, 0x3, 0xff, 0x20, 0x5, 0xff, 0x20,
    0xc, 0xf9, 0x0, 0x0, 0xcf, 0xb0, 0x6f, 0xf1,
    0x0, 0x0, 0x3f, 0xf5,

    /* U+0059 "Y" */
    0xc, 0xfa, 0x0, 0x0, 0x8, 0xfd, 0x0, 0x4f,
    0xf2, 0x0, 0x0, 0xff, 0x50, 0x0, 0xcf, 0x90,
    0x0, 0x7f, 0xd0, 0x0, 0x4, 0xff, 0x10, 0xe,
    0xf5, 0x0, 0x0, 0xc, 0xf7, 0x5, 0xfd, 0x0,
    0x0, 0x0, 0x4f, 0xe0, 0xdf, 0x50, 0x0, 0x0,
    0x0, 0xcf, 0xaf, 0xc0, 0x0, 0x0, 0x0, 0x4,
    0xff, 0xf4, 0x0, 0x0, 0x0, 0x0, 0xc, 0xfd,
    0x0, 0x0, 0x0, 0x0, 0x0, 0xaf, 0xb0, 0x0,
    0x0, 0x0, 0x0, 0xa, 0xfb, 0x0, 0x0, 0x0,
    0x0, 0x0, 0xaf, 0xb0, 0x0, 0x0, 0x0, 0x0,
    0xa, 0xfb, 0x0, 0x0, 0x0, 0x0, 0x0, 0xaf,
    0xb0, 0x0, 0x0,

    /* U+005A "Z" */
    0x6, 0xff, 0xff, 0xff, 0xff, 0xf3, 0x5, 0xee,
    0xee, 0xee, 0xff, 0xf1, 0x0, 0x0, 0x0, 0x2,
    0xff, 0x60, 0x0, 0x0, 0x0, 0xc, 0xfb, 0x0,
    0x0, 0x0, 0x0, 0x7f, 0xe1, 0x0, 0x0, 0x0,
    0x3, 0xff, 0x50, 0x0, 0x0, 0x0, 0xd, 0xfa,
    0x0, 0x0, 0x0, 0x0, 0x8f, 0xe1, 0x0, 0x0,
    0x0, 0x3, 0xff, 0x40, 0x0, 0x0, 0x0, 0xd,
    0xf9, 0x0, 0x0, 0x0, 0x0, 0x9f, 0xd0, 0x0,
    0x0, 0x0, 0x4, 0xff, 0x30, 0x0, 0x0, 0x0,
    0xe, 0xff, 0xff, 0xff, 0xff, 0xf4, 0x1f, 0xff,
    0xff, 0xff, 0xff, 0xf4,

    /* U+005B "[" */
    0xef, 0xff, 0x5e, 0xd4, 0x41, 0xec, 0x0, 0xe,
    0xc0, 0x0, 0xec, 0x0, 0xe, 0xc0, 0x0, 0xec,
    0x0, 0xe, 0xc0, 0x0, 0xec, 0x0, 0xe, 0xc0,
    0x0, 0xec, 0x0, 0xe, 0xc0, 0x0, 0xec, 0x0,
    0xe, 0xc0, 0x0, 0xec, 0x0, 0xe, 0xc0, 0x0,
    0xec, 0x0, 0xe, 0xc0, 0x0, 0xef, 0xff, 0x53,
    0x33, 0x31,

    /* U+005C "\\" */
    0x6f, 0x20, 0x0, 0x0, 0x2f, 0x70, 0x0, 0x0,
    0xd, 0xb0, 0x0, 0x0, 0x9, 0xf0, 0x0, 0x0,
    0x4, 0xf5, 0x0, 0x0, 0x0, 0xf9, 0x0, 0x0,
    0x0, 0xbe, 0x0, 0x0, 0x0, 0x6f, 0x30, 0x0,
    0x0, 0x1f, 0x70, 0x0, 0x0, 0xd, 0xc0, 0x0,
    0x0, 0x8, 0xf1, 0x0, 0x0, 0x3, 0xf5, 0x0,
    0x0, 0x0, 0xea, 0x0, 0x0, 0x0, 0xae, 0x0,
    0x0, 0x0, 0x5f, 0x30, 0x0, 0x0, 0x1f, 0x80,
    0x0, 0x0, 0xc, 0xd0, 0x0, 0x0, 0x7, 0xf1,
    0x0, 0x0, 0x3, 0xf6,

    /* U+005D "]" */
    0x3f, 0xff, 0xf0, 0x4, 0x4c, 0xf0, 0x0, 0xb,
    0xf0, 0x0, 0xb, 0xf0, 0x0, 0xb, 0xf0, 0x0,
    0xb, 0xf0, 0x0, 0xb, 0xf0, 0x0, 0xb, 0xf0,
    0x0, 0xb, 0xf0, 0x0, 0xb, 0xf0, 0x0, 0xb,
    0xf0, 0x0, 0xb, 0xf0, 0x0, 0xb, 0xf0, 0x0,
    0xb, 0xf0, 0x0, 0xb, 0xf0, 0x0, 0xb, 0xf0,
    0x0, 0xb, 0xf0, 0x0, 0xb, 0xf0, 0x3f, 0xff,
    0xf0, 0x3, 0x33, 0x30,

    /* U+005E "^" */
    0x0, 0x3, 0x86, 0x0, 0x0, 0x0, 0xb, 0xff,
    0x10, 0x0, 0x0, 0x1f, 0xef, 0x70, 0x0, 0x0,
    0x7f, 0x5e, 0xe0, 0x0, 0x0, 0xee, 0x8, 0xf4,
    0x0, 0x4, 0xf9, 0x3, 0xfb, 0x0, 0xb, 0xf3,
    0x0, 0xcf, 0x20, 0x1f, 0xd0, 0x0, 0x6f, 0x80,
    0x8f, 0x60, 0x0, 0x1f, 0xe0,

    /* U+005F "_" */
    0x11, 0x11, 0x11, 0x11, 0x11, 0x1b, 0xff, 0xff,
    0xff, 0xff, 0xff, 0x34, 0x44, 0x44, 0x44, 0x44,
    0x40,

    /* U+0060 "`" */
    0x0, 0x20, 0x0, 0xc, 0xe1, 0x0, 0x1d, 0xfd,
    0x0, 0x1, 0xcf, 0xb0, 0x0, 0xb, 0xf3, 0x0,
    0x0, 0x30,

    /* U+0061 "a" */
    0x2, 0x8d, 0xff, 0xc4, 0x3, 0xff, 0xfd, 0xff,
    0xf3, 0xa, 0x50, 0x0, 0xcf, 0xb0, 0x0, 0x0,
    0x6, 0xfe, 0x0, 0x15, 0x9c, 0xef, 0xf0, 0x8f,
    0xfd, 0xaa, 0xff, 0x7f, 0xd3, 0x0, 0x5f, 0xfd,
    0xf6, 0x0, 0x5, 0xff, 0xdf, 0x80, 0x2, 0xcf,
    0xf8, 0xff, 0xdd, 0xfd, 0xff, 0x8, 0xef, 0xd6,
    0xf, 0xf0,

    /* U+0062 "b" */
    0x4f, 0xf0, 0x0, 0x0, 0x0, 0x4, 0xff, 0x0,
    0x0, 0x0, 0x0, 0x4f, 0xf0, 0x0, 0x0, 0x0,
    0x4, 0xff, 0x0, 0x0, 0x0, 0x0, 0x4f, 0xf1,
    0x9e, 0xfd, 0x60, 0x4, 0xff, 0xef, 0xef, 0xff,
    0x70, 0x4f, 0xfb, 0x20, 0xa, 0xff, 0x14, 0xff,
    0x0, 0x0, 0x1f, 0xf6, 0x4f, 0xf0, 0x0, 0x0,
    0xdf, 0x84, 0xff, 0x0, 0x0, 0xc, 0xf9, 0x4f,
    0xf0, 0x0, 0x0, 0xef, 0x84, 0xff, 0x0, 0x0,
    0x3f, 0xf4, 0x4f, 0xf8, 0x10, 0x2d, 0xfd, 0x4,
    0xfe, 0xff, 0xef, 0xff, 0x30, 0x4f, 0xa3, 0xbf,
    0xfa, 0x20, 0x0,

    /* U+0063 "c" */
    0x0, 0x3, 0xae, 0xfe, 0x80, 0x0, 0x6f, 0xff,
    0xef, 0xf5, 0x3, 0xff, 0xa1, 0x1, 0x60, 0xb,
    0xfc, 0x0, 0x0, 0x0, 0xf, 0xf7, 0x0, 0x0,
    0x0, 0xf, 0xf5, 0x0, 0x0, 0x0, 0xf, 0xf7,
    0x0, 0x0, 0x0, 0xb, 0xfc, 0x0, 0x0, 0x0,
    0x4, 0xff, 0x90, 0x1, 0x81, 0x0, 0x8f, 0xff,
    0xef, 0xf9, 0x0, 0x4, 0xbf, 0xfd, 0x70,

    /* U+0064 "d" */
    0x0, 0x0, 0x0, 0x6, 0xfe, 0x0, 0x0, 0x0,
    0x6, 0xfe, 0x0, 0x0, 0x0, 0x6, 0xfe, 0x0,
    0x0, 0x0, 0x6, 0xfe, 0x0, 0x5c, 0xfe, 0x96,
    0xfe, 0x8, 0xff, 0xfe, 0xff, 0xfe, 0x4f, 0xf9,
    0x0, 0x2c, 0xfe, 0xbf, 0xc0, 0x0, 0x6, 0xfe,
    0xef, 0x70, 0x0, 0x6, 0xfe, 0xff, 0x60, 0x0,
    0x6, 0xfe, 0xef, 0x70, 0x0, 0x6, 0xfe, 0xcf,
    0xb0, 0x0, 0x6, 0xfe, 0x6f, 0xf7, 0x0, 0x4e,
    0xfe, 0xc, 0xff, 0xfe, 0xfd, 0xfe, 0x0, 0x8e,
    0xfd, 0x71, 0xfe,

    /* U+0065 "e" */
    0x0, 0x4, 0xbf, 0xfc, 0x50, 0x0, 0x7, 0xff,
    0xdd, 0xff, 0x60, 0x4, 0xff, 0x40, 0x3, 0xff,
    0x10, 0xbf, 0x70, 0x0, 0xa, 0xf5, 0xf, 0xfa,
    0x99, 0x99, 0xcf, 0x70, 0xff, 0xff, 0xff, 0xff,
    0xf6, 0xf, 0xf4, 0x0, 0x0, 0x0, 0x0, 0xbf,
    0xa0, 0x0, 0x0, 0x0, 0x4, 0xff, 0x70, 0x0,
    0x33, 0x0, 0x7, 0xff, 0xec, 0xdf, 0xd0, 0x0,
    0x4, 0xbe, 0xfe, 0x92, 0x0,

    /* U+0066 "f" */
    0x0, 0x7, 0xef, 0xe5, 0x0, 0x6f, 0xfd, 0xd3,
    0x0, 0xcf, 0xa0, 0x0, 0x0, 0xdf, 0x60, 0x0,
    0x5f, 0xff, 0xff, 0xa0, 0x4d, 0xff, 0xed, 0x80,
    0x0, 0xef, 0x60, 0x0, 0x0, 0xef, 0x60, 0x0,
    0x0, 0xef, 0x60, 0x0, 0x0, 0xef, 0x60, 0x0,
    0x0, 0xef, 0x60, 0x0, 0x0, 0xef, 0x60, 0x0,
    0x0, 0xef, 0x60, 0x0, 0x0, 0xef, 0x60, 0x0,
    0x0, 0xef, 0x60, 0x0,

    /* U+0067 "g" */
    0x0, 0x2a, 0xef, 0xff, 0xff, 0xf1, 0x2, 0xff,
    0xd9, 0xcf, 0xfb, 0xb0, 0x9, 0xfb, 0x0, 0x9,
    0xf8, 0x0, 0xa, 0xf8, 0x0, 0x6, 0xfa, 0x0,
    0x3, 0xff, 0x62, 0x5e, 0xf6, 0x0, 0x0, 0x7f,
    0xff, 0xff, 0x80, 0x0, 0x1, 0xfb, 0x25, 0x40,
    0x0, 0x0, 0x6, 0xf7, 0x0, 0x0, 0x0, 0x0,
    0x6, 0xfa, 0x0, 0x0, 0x0, 0x0, 0x1, 0xff,
    0xec, 0xcc, 0xb8, 0x10, 0x0, 0xbf, 0xff, 0xff,
    0xff, 0xe0, 0xb, 0xf2, 0x0, 0x0, 0x4f, 0xf3,
    0xf, 0xf1, 0x0, 0x0, 0x4f, 0xf1, 0xb, 0xfe,
    0x97, 0x8b, 0xff, 0x50, 0x0, 0x7c, 0xff, 0xfd,
    0x82, 0x0,

    /* U+0068 "h" */
    0x4f, 0xf0, 0x0, 0x0, 0x0, 0x4f, 0xf0, 0x0,
    0x0, 0x0, 0x4f, 0xf0, 0x0, 0x0, 0x0, 0x4f,
    0xf0, 0x0, 0x0, 0x0, 0x4f, 0xf0, 0x7e, 0xfe,
    0x60, 0x4f, 0xfc, 0xff, 0xff, 0xf4, 0x4f, 0xfe,
    0x40, 0x1d, 0xfa, 0x4f, 0xf2, 0x0, 0x8, 0xfd,
    0x4f, 0xf0, 0x0, 0x6, 0xfe, 0x4f, 0xf0, 0x0,
    0x6, 0xfe, 0x4f, 0xf0, 0x0, 0x6, 0xfe, 0x4f,
    0xf0, 0x0, 0x6, 0xfe, 0x4f, 0xf0, 0x0, 0x6,
    0xfe, 0x4f, 0xf0, 0x0, 0x6, 0xfe, 0x4f, 0xf0,
    0x0, 0x6, 0xfe,

    /* U+0069 "i" */
    0x3e, 0xd1, 0x8f, 0xf4, 0x19, 0x80, 0x0, 0x0,
    0x4f, 0xf0, 0x4f, 0xf0, 0x4f, 0xf0, 0x4f, 0xf0,
    0x4f, 0xf0, 0x4f, 0xf0, 0x4f, 0xf0, 0x4f, 0xf0,
    0x4f, 0xf0, 0x4f, 0xf0, 0x4f, 0xf0,

    /* U+006A "j" */
    0x0, 0x3e, 0xd1, 0x0, 0x8f, 0xf4, 0x0, 0x19,
    0x80, 0x0, 0x0, 0x0, 0x0, 0x4f, 0xf1, 0x0,
    0x4f, 0xf1, 0x0, 0x4f, 0xf1, 0x0, 0x4f, 0xf1,
    0x0, 0x4f, 0xf1, 0x0, 0x4f, 0xf1, 0x0, 0x4f,
    0xf1, 0x0, 0x4f, 0xf1, 0x0, 0x4f, 0xf1, 0x0,
    0x4f, 0xf1, 0x0, 0x4f, 0xf1, 0x0, 0x4f, 0xf0,
    0x0, 0x7f, 0xe0, 0x9d, 0xff, 0x90, 0xcf, 0xe9,
    0x0,

    /* U+006B "k" */
    0x4f, 0xf0, 0x0, 0x0, 0x0, 0x4, 0xff, 0x0,
    0x0, 0x0, 0x0, 0x4f, 0xf0, 0x0, 0x0, 0x0,
    0x4, 0xff, 0x0, 0x0, 0x0, 0x0, 0x4f, 0xf0,
    0x0, 0x2e, 0xf7, 0x4, 0xff, 0x0, 0xd, 0xfa,
    0x0, 0x4f, 0xf0, 0xa, 0xfc, 0x0, 0x4, 0xff,
    0x7, 0xfe, 0x10, 0x0, 0x4f, 0xf4, 0xff, 0x50,
    0x0, 0x4, 0xff, 0xef, 0xfd, 0x0, 0x0, 0x4f,
    0xff, 0x7d, 0xf7, 0x0, 0x4, 0xff, 0x90, 0x4f,
    0xf2, 0x0, 0x4f, 0xf0, 0x0, 0xaf, 0xb0, 0x4,
    0xff, 0x0, 0x2, 0xff, 0x50, 0x4f, 0xf0, 0x0,
    0x7, 0xfe, 0x10,

    /* U+006C "l" */
    0x4f, 0xf0, 0x4, 0xff, 0x0, 0x4f, 0xf0, 0x4,
    0xff, 0x0, 0x4f, 0xf0, 0x4, 0xff, 0x0, 0x4f,
    0xf0, 0x4, 0xff, 0x0, 0x4f, 0xf0, 0x4, 0xff,
    0x0, 0x4f, 0xf0, 0x4, 0xff, 0x0, 0x4f, 0xf1,
    0x1, 0xff, 0xe0, 0x7, 0xff, 0x20,

    /* U+006D "m" */
    0x4f, 0xa0, 0x8e, 0xfd, 0x40, 0x2b, 0xff, 0xa0,
    0x4, 0xfd, 0xcf, 0xff, 0xff, 0x5f, 0xff, 0xff,
    0xa0, 0x4f, 0xfd, 0x30, 0x4f, 0xff, 0xa1, 0x9,
    0xff, 0x14, 0xff, 0x10, 0x0, 0xcf, 0xb0, 0x0,
    0x2f, 0xf3, 0x4f, 0xf0, 0x0, 0xa, 0xfa, 0x0,
    0x1, 0xff, 0x44, 0xff, 0x0, 0x0, 0xaf, 0xa0,
    0x0, 0x1f, 0xf4, 0x4f, 0xf0, 0x0, 0xa, 0xfa,
    0x0, 0x1, 0xff, 0x44, 0xff, 0x0, 0x0, 0xaf,
    0xa0, 0x0, 0x1f, 0xf4, 0x4f, 0xf0, 0x0, 0xa,
    0xfa, 0x0, 0x1, 0xff, 0x44, 0xff, 0x0, 0x0,
    0xaf, 0xa0, 0x0, 0x1f, 0xf4, 0x4f, 0xf0, 0x0,
    0xa, 0xfa, 0x0, 0x1, 0xff, 0x40,

    /* U+006E "n" */
    0x4f, 0xa0, 0x7d, 0xfe, 0x60, 0x4f, 0xdc, 0xff,
    0xff, 0xf4, 0x4f, 0xfe, 0x40, 0x1d, 0xfa, 0x4f,
    0xf2, 0x0, 0x8, 0xfd, 0x4f, 0xf0, 0x0, 0x6,
    0xfe, 0x4f, 0xf0, 0x0, 0x6, 0xfe, 0x4f, 0xf0,
    0x0, 0x6, 0xfe, 0x4f, 0xf0, 0x0, 0x6, 0xfe,
    0x4f, 0xf0, 0x0, 0x6, 0xfe, 0x4f, 0xf0, 0x0,
    0x6, 0xfe, 0x4f, 0xf0, 0x0, 0x6, 0xfe,

    /* U+006F "o" */
    0x0, 0x4, 0xbf, 0xfc, 0x60, 0x0, 0x0, 0x7f,
    0xff, 0xef, 0xfb, 0x0, 0x4, 0xff, 0x70, 0x4,
    0xff, 0x80, 0xb, 0xfb, 0x0, 0x0, 0x7f, 0xf0,
    0xf, 0xf7, 0x0, 0x0, 0x2f, 0xf3, 0xf, 0xf5,
    0x0, 0x0, 0xf, 0xf4, 0xf, 0xf7, 0x0, 0x0,
    0x2f, 0xf3, 0xb, 0xfb, 0x0, 0x0, 0x7f, 0xf0,
    0x4, 0xff, 0x70, 0x4, 0xff, 0x80, 0x0, 0x7f,
    0xff, 0xef, 0xfb, 0x0, 0x0, 0x4, 0xbf, 0xfd,
    0x60, 0x0,

    /* U+0070 "p" */
    0x4f, 0xb1, 0x9e, 0xfd, 0x60, 0x4, 0xfe, 0xff,
    0xef, 0xff, 0x70, 0x4f, 0xfc, 0x20, 0xa, 0xff,
    0x14, 0xff, 0x0, 0x0, 0x1f, 0xf6, 0x4f, 0xf0,
    0x0, 0x0, 0xdf, 0x84, 0xff, 0x0, 0x0, 0xc,
    0xf9, 0x4f, 0xf0, 0x0, 0x0, 0xef, 0x84, 0xff,
    0x0, 0x0, 0x3f, 0xf4, 0x4f, 0xf8, 0x10, 0x2d,
    0xfd, 0x4, 0xff, 0xff, 0xef, 0xff, 0x30, 0x4f,
    0xf2, 0xbf, 0xfa, 0x20, 0x4, 0xff, 0x0, 0x0,
    0x0, 0x0, 0x4f, 0xf0, 0x0, 0x0, 0x0, 0x4,
    0xff, 0x0, 0x0, 0x0, 0x0, 0x4f, 0xf0, 0x0,
    0x0, 0x0, 0x0,

    /* U+0071 "q" */
    0x0, 0x5c, 0xfe, 0xa2, 0xfe, 0x8, 0xff, 0xfe,
    0xff, 0xfe, 0x4f, 0xf9, 0x0, 0x2c, 0xfe, 0xbf,
    0xc0, 0x0, 0x6, 0xfe, 0xef, 0x70, 0x0, 0x6,
    0xfe, 0xff, 0x60, 0x0, 0x6, 0xfe, 0xef, 0x70,
    0x0, 0x6, 0xfe, 0xcf, 0xb0, 0x0, 0x6, 0xfe,
    0x6f, 0xf7, 0x0, 0x4e, 0xfe, 0xc, 0xff, 0xfe,
    0xfe, 0xfe, 0x0, 0x8e, 0xfd, 0x66, 0xfe, 0x0,
    0x0, 0x0, 0x6, 0xfe, 0x0, 0x0, 0x0, 0x6,
    0xfe, 0x0, 0x0, 0x0, 0x6, 0xfe, 0x0, 0x0,
    0x0, 0x6, 0xfe,

    /* U+0072 "r" */
    0x4f, 0xa0, 0x8e, 0xf2, 0x4f, 0xca, 0xff, 0xf0,
    0x4f, 0xff, 0x60, 0x10, 0x4f, 0xf7, 0x0, 0x0,
    0x4f, 0xf1, 0x0, 0x0, 0x4f, 0xf0, 0x0, 0x0,
    0x4f, 0xf0, 0x0, 0x0, 0x4f, 0xf0, 0x0, 0x0,
    0x4f, 0xf0, 0x0, 0x0, 0x4f, 0xf0, 0x0, 0x0,
    0x4f, 0xf0, 0x0, 0x0,

    /* U+0073 "s" */
    0x0, 0x4c, 0xff, 0xd7, 0x0, 0x5f, 0xfc, 0xcf,
    0xf6, 0xb, 0xf8, 0x0, 0x16, 0x0, 0xbf, 0x90,
    0x0, 0x0, 0x4, 0xff, 0xc6, 0x10, 0x0, 0x3,
    0xcf, 0xff, 0x80, 0x0, 0x0, 0x29, 0xff, 0x80,
    0x0, 0x0, 0x6, 0xfe, 0x9, 0x60, 0x0, 0x8f,
    0xc2, 0xff, 0xeb, 0xcf, 0xf5, 0x2, 0x9d, 0xff,
    0xc4, 0x0,

    /* U+0074 "t" */
    0x0, 0x9f, 0x60, 0x0, 0x0, 0xaf, 0x60, 0x0,
    0x0, 0xbf, 0x60, 0x0, 0x7f, 0xff, 0xff, 0xf4,
    0x6d, 0xff, 0xed, 0xd3, 0x0, 0xef, 0x60, 0x0,
    0x0, 0xef, 0x60, 0x0, 0x0, 0xef, 0x60, 0x0,
    0x0, 0xef, 0x60, 0x0, 0x0, 0xef, 0x60, 0x0,
    0x0, 0xef, 0x60, 0x0, 0x0, 0xcf, 0xb0, 0x0,
    0x0, 0x6f, 0xfe, 0xe5, 0x0, 0x8, 0xef, 0xe5,

    /* U+0075 "u" */
    0x6f, 0xe0, 0x0, 0xa, 0xfb, 0x6f, 0xe0, 0x0,
    0xa, 0xfb, 0x6f, 0xe0, 0x0, 0xa, 0xfb, 0x6f,
    0xe0, 0x0, 0xa, 0xfb, 0x6f, 0xe0, 0x0, 0xa,
    0xfb, 0x6f, 0xe0, 0x0, 0xa, 0xfb, 0x6f, 0xe0,
    0x0, 0xa, 0xfb, 0x6f, 0xf0, 0x0, 0xb, 0xfb,
    0x3f, 0xf7, 0x1, 0xaf, 0xfb, 0xd, 0xff, 0xff,
    0xf9, 0xfb, 0x2, 0xbf, 0xfb, 0x24, 0xfb,

    /* U+0076 "v" */
    0x8f, 0xc0, 0x0, 0x0, 0xcf, 0x73, 0xff, 0x10,
    0x0, 0x1f, 0xf1, 0xd, 0xf6, 0x0, 0x6, 0xfc,
    0x0, 0x7f, 0xb0, 0x0, 0xbf, 0x60, 0x2, 0xff,
    0x10, 0x1f, 0xf1, 0x0, 0xc, 0xf5, 0x5, 0xfb,
    0x0, 0x0, 0x7f, 0xa0, 0xaf, 0x60, 0x0, 0x1,
    0xff, 0xe, 0xf1, 0x0, 0x0, 0xb, 0xf7, 0xfb,
    0x0, 0x0, 0x0, 0x6f, 0xff, 0x50, 0x0, 0x0,
    0x1, 0xff, 0xf0, 0x0, 0x0,

    /* U+0077 "w" */
    0x5f, 0xf0, 0x0, 0xd, 0xf8, 0x0, 0x4, 0xfe,
    0x1, 0xff, 0x30, 0x1, 0xff, 0xc0, 0x0, 0x8f,
    0xa0, 0xc, 0xf7, 0x0, 0x6f, 0xdf, 0x10, 0xb,
    0xf6, 0x0, 0x8f, 0xb0, 0xa, 0xf7, 0xf5, 0x0,
    0xff, 0x20, 0x3, 0xff, 0x0, 0xec, 0x3f, 0x90,
    0x3f, 0xe0, 0x0, 0xf, 0xf3, 0x2f, 0x90, 0xfd,
    0x7, 0xf9, 0x0, 0x0, 0xbf, 0x66, 0xf5, 0xc,
    0xf1, 0xaf, 0x50, 0x0, 0x7, 0xf9, 0xaf, 0x10,
    0x7f, 0x5d, 0xf1, 0x0, 0x0, 0x2f, 0xcd, 0xd0,
    0x3, 0xfa, 0xfd, 0x0, 0x0, 0x0, 0xef, 0xf9,
    0x0, 0xf, 0xff, 0x90, 0x0, 0x0, 0xa, 0xff,
    0x50, 0x0, 0xbf, 0xf5, 0x0, 0x0,

    /* U+0078 "x" */
    0x2f, 0xf5, 0x0, 0xb, 0xfa, 0x0, 0x8f, 0xe0,
    0x3, 0xff, 0x10, 0x0, 0xdf, 0x80, 0xbf, 0x70,
    0x0, 0x4, 0xff, 0x5f, 0xd0, 0x0, 0x0, 0xa,
    0xff, 0xf4, 0x0, 0x0, 0x0, 0x5f, 0xfd, 0x0,
    0x0, 0x0, 0xd, 0xff, 0xf4, 0x0, 0x0, 0x8,
    0xf9, 0x6f, 0xe0, 0x0, 0x2, 0xff, 0x10, 0xdf,
    0x90, 0x0, 0xcf, 0x80, 0x3, 0xff, 0x30, 0x6f,
    0xe1, 0x0, 0x9, 0xfd, 0x0,

    /* U+0079 "y" */
    0x8f, 0xd0, 0x0, 0x0, 0xcf, 0x71, 0xff, 0x20,
    0x0, 0x1f, 0xf1, 0xa, 0xf8, 0x0, 0x6, 0xfb,
    0x0, 0x4f, 0xe0, 0x0, 0xbf, 0x50, 0x0, 0xdf,
    0x40, 0x1f, 0xf0, 0x0, 0x6, 0xfa, 0x6, 0xfa,
    0x0, 0x0, 0xf, 0xf0, 0xbf, 0x40, 0x0, 0x0,
    0x9f, 0x5f, 0xe0, 0x0, 0x0, 0x3, 0xfe, 0xf8,
    0x0, 0x0, 0x0, 0xc, 0xff, 0x30, 0x0, 0x0,
    0x0, 0x7f, 0xd0, 0x0, 0x0, 0x0, 0xb, 0xf7,
    0x0, 0x0, 0x0, 0x6, 0xfe, 0x10, 0x0, 0x0,
    0xbd, 0xff, 0x50, 0x0, 0x0, 0xe, 0xfd, 0x50,
    0x0, 0x0, 0x0,

    /* U+007A "z" */
    0xa, 0xff, 0xff, 0xff, 0xf1, 0x8, 0xdd, 0xdd,
    0xff, 0xd0, 0x0, 0x0, 0x5, 0xff, 0x30, 0x0,
    0x0, 0x1e, 0xf8, 0x0, 0x0, 0x0, 0xaf, 0xc0,
    0x0, 0x0, 0x5, 0xff, 0x20, 0x0, 0x0, 0x1e,
    0xf7, 0x0, 0x0, 0x0, 0xbf, 0xc0, 0x0, 0x0,
    0x6, 0xff, 0x20, 0x0, 0x0, 0x1f, 0xff, 0xcc,
    0xcc, 0xc3, 0x4f, 0xff, 0xff, 0xff, 0xf4,

    /* U+007B "{" */
    0x0, 0x9, 0xff, 0x50, 0x5, 0xfc, 0x41, 0x0,
    0x8f, 0x60, 0x0, 0x8, 0xf5, 0x0, 0x0, 0x7f,
    0x60, 0x0, 0x6, 0xf6, 0x0, 0x0, 0x5f, 0x70,
    0x0, 0x6, 0xf6, 0x0, 0x3, 0xdf, 0x30, 0x3,
    0xff, 0x70, 0x0, 0x16, 0xef, 0x20, 0x0, 0x6,
    0xf6, 0x0, 0x0, 0x5f, 0x70, 0x0, 0x6, 0xf6,
    0x0, 0x0, 0x7f, 0x60, 0x0, 0x8, 0xf5, 0x0,
    0x0, 0x8f, 0x60, 0x0, 0x6, 0xfa, 0x0, 0x0,
    0xc, 0xff, 0x50, 0x0, 0x2, 0x31,

    /* U+007C "|" */
    0xf9, 0xf9, 0xf9, 0xf9, 0xf9, 0xf9, 0xf9, 0xf9,
    0xf9, 0xf9, 0xf9, 0xf9, 0xf9, 0xf9, 0xf9, 0xf9,
    0xf9, 0xf9, 0xf9, 0xf9, 0xf9, 0xf9,

    /* U+007D "}" */
    0x3f, 0xfa, 0x0, 0x0, 0x4b, 0xf6, 0x0, 0x0,
    0x4f, 0x90, 0x0, 0x3, 0xfa, 0x0, 0x0, 0x4f,
    0x90, 0x0, 0x4, 0xf8, 0x0, 0x0, 0x5f, 0x70,
    0x0, 0x5, 0xf7, 0x0, 0x0, 0x1f, 0xe4, 0x0,
    0x0, 0x6f, 0xf5, 0x0, 0x1f, 0xf6, 0x10, 0x4,
    0xf8, 0x0, 0x0, 0x5f, 0x70, 0x0, 0x5, 0xf8,
    0x0, 0x0, 0x4f, 0x90, 0x0, 0x4, 0xfa, 0x0,
    0x0, 0x4f, 0xa0, 0x0, 0x9, 0xf8, 0x0, 0x3f,
    0xfd, 0x10, 0x0, 0x32, 0x0, 0x0,

    /* U+007E "~" */
    0x0, 0x49, 0x81, 0x0, 0x0, 0x0, 0x6f, 0xff,
    0xe3, 0x1, 0xd4, 0x1f, 0xa0, 0x4e, 0xfb, 0xef,
    0x20, 0x21, 0x0, 0x1b, 0xfd, 0x30,

    /* U+00A9 "©" */
    0x0, 0x0, 0x5a, 0xde, 0xd9, 0x40, 0x0, 0x0,
    0x2, 0xdd, 0x62, 0x13, 0x7e, 0xb1, 0x0, 0x2,
    0xf8, 0x0, 0x0, 0x0, 0xa, 0xd1, 0x0, 0xd8,
    0x0, 0x0, 0x10, 0x0, 0xc, 0xa0, 0x5e, 0x0,
    0x8, 0xff, 0xfa, 0x0, 0x2f, 0x2a, 0x90, 0xb,
    0xfa, 0x57, 0xe3, 0x0, 0xc7, 0xd5, 0x4, 0xf9,
    0x0, 0x0, 0x0, 0x9, 0xae, 0x40, 0x8f, 0x40,
    0x0, 0x0, 0x0, 0x7b, 0xd5, 0x8, 0xf3, 0x0,
    0x0, 0x0, 0x8, 0xab, 0x80, 0x5f, 0x80, 0x0,
    0x0, 0x0, 0xb7, 0x6d, 0x0, 0xdf, 0x62, 0x4b,
    0x30, 0x1f, 0x20, 0xe7, 0x2, 0xcf, 0xff, 0xd3,
    0xa, 0xb0, 0x4, 0xf5, 0x0, 0x24, 0x30, 0x8,
    0xe1, 0x0, 0x4, 0xea, 0x30, 0x0, 0x5c, 0xd2,
    0x0, 0x0, 0x1, 0x8d, 0xff, 0xfc, 0x70, 0x0,
    0x0, 0x0, 0x0, 0x0, 0x10, 0x0, 0x0, 0x0,

    /* U+00AE "®" */
    0x0, 0x3b, 0xed, 0x91, 0x0, 0x4, 0xd4, 0x0,
    0x5d, 0x20, 0xe, 0x2b, 0xcc, 0x55, 0xc0, 0x4b,
    0xc, 0x46, 0xb0, 0xe1, 0x69, 0xc, 0xdf, 0x30,
    0xc3, 0x4b, 0xc, 0x4a, 0x60, 0xe1, 0xe, 0x27,
    0x22, 0x75, 0xc0, 0x5, 0xd3, 0x0, 0x5e, 0x20,
    0x0, 0x3b, 0xed, 0xa2, 0x0,

    /* U+00B0 "°" */
    0x0, 0xaf, 0xe7, 0x0, 0xad, 0x35, 0xf6, 0xf,
    0x50, 0x9, 0xb1, 0xf4, 0x0, 0x8c, 0xc, 0xb1,
    0x2e, 0x70, 0x2d, 0xff, 0xa0, 0x0, 0x2, 0x10,
    0x0,

    /* U+00B7 "·" */
    0x1, 0x77, 0x10, 0xd, 0xff, 0xd0, 0x4f, 0xff,
    0xf4, 0x2f, 0xff, 0xf2, 0x6, 0xee, 0x60,

    /* U+00D7 "×" */
    0x6, 0x10, 0x0, 0x0, 0x0, 0x1, 0x60, 0x3f,
    0xd1, 0x0, 0x0, 0x0, 0x1c, 0xf4, 0x6, 0xfd,
    0x10, 0x0, 0x1, 0xdf, 0x60, 0x0, 0x6f, 0xd1,
    0x0, 0x1d, 0xf6, 0x0, 0x0, 0x5, 0xfd, 0x21,
    0xdf, 0x60, 0x0, 0x0, 0x0, 0x5f, 0xed, 0xf5,
    0x0, 0x0, 0x0, 0x0, 0x6, 0xff, 0x70, 0x0,
    0x0, 0x0, 0x0, 0x2e, 0xff, 0xe2, 0x0, 0x0,
    0x0, 0x2, 0xef, 0x44, 0xfe, 0x30, 0x0, 0x0,
    0x3e, 0xf4, 0x0, 0x4f, 0xe3, 0x0, 0x3, 0xef,
    0x40, 0x0, 0x3, 0xff, 0x30, 0x3f, 0xf3, 0x0,
    0x0, 0x0, 0x3f, 0xf3, 0xb, 0x30, 0x0, 0x0,
    0x0, 0x3, 0xb0,

    /* U+2013 "–" */
    0x8, 0x88, 0x88, 0x88, 0x86, 0x1f, 0xff, 0xff,
    0xff, 0xfd,

    /* U+2014 "—" */
    0x8, 0x88, 0x88, 0x88, 0x88, 0x88, 0x88, 0x88,
    0x80, 0x1f, 0xff, 0xff, 0xff, 0xff, 0xff, 0xff,
    0xff, 0xf0,

    /* U+2018 "‘" */
    0x1, 0x80, 0x1e, 0x80, 0x9a, 0x0, 0xec, 0x70,
    0xdf, 0xf1, 0x5f, 0xc0,

    /* U+2019 "’" */
    0x6, 0x92, 0x1f, 0xfc, 0xc, 0xfe, 0x0, 0x8b,
    0x4, 0xf3, 0xd, 0x40, 0x0, 0x0,

    /* U+201A "‚" */
    0x8, 0x91, 0x4f, 0xf8, 0x1d, 0xfb, 0x0, 0xc9,
    0x3, 0xf4, 0x3e, 0xa0, 0x27, 0x0,

    /* U+201C "“" */
    0x0, 0x71, 0x0, 0x81, 0xb, 0xb1, 0xb, 0xb1,
    0x5e, 0x0, 0x6d, 0x0, 0xad, 0x90, 0xbd, 0x90,
    0x9f, 0xf6, 0xaf, 0xf5, 0x2e, 0xe2, 0x3e, 0xd1,

    /* U+201D "”" */
    0x8, 0x91, 0x9, 0x80, 0x5f, 0xf9, 0x6f, 0xf8,
    0x1e, 0xfb, 0x2e, 0xfa, 0x0, 0xb8, 0x0, 0xc7,
    0x6, 0xe1, 0x7, 0xe0, 0x2d, 0x20, 0x3c, 0x20,
    0x0, 0x0, 0x0, 0x0,

    /* U+201E "„" */
    0x8, 0x91, 0x4, 0xa4, 0x4, 0xff, 0x80, 0xdf,
    0xe0, 0x1d, 0xfb, 0x8, 0xff, 0x10, 0xc, 0x90,
    0x6, 0xf0, 0x3, 0xf4, 0x0, 0xca, 0x3, 0xea,
    0x0, 0xbe, 0x20, 0x27, 0x0, 0x7, 0x10, 0x0,

    /* U+2022 "•" */
    0x1, 0x77, 0x10, 0xd, 0xff, 0xd0, 0x4f, 0xff,
    0xf4, 0x2f, 0xff, 0xf2, 0x6, 0xee, 0x60,

    /* U+2026 "…" */
    0x8, 0xc4, 0x0, 0x1, 0xbb, 0x10, 0x0, 0x4c,
    0x80, 0x1f, 0xfc, 0x0, 0x6, 0xff, 0x60, 0x0,
    0xcf, 0xf1, 0xa, 0xf6, 0x0, 0x2, 0xdd, 0x20,
    0x0, 0x6f, 0xa0,

    /* U+2032 "′" */
    0xb, 0xf8, 0xd, 0xf5, 0xe, 0xf2, 0xf, 0xe0,
    0x1f, 0xa0, 0x1a, 0x40,

    /* U+2033 "″" */
    0xb, 0xf8, 0x5, 0xfe, 0xd, 0xf5, 0x6, 0xfb,
    0xe, 0xf2, 0x8, 0xf8, 0xf, 0xe0, 0x9, 0xf4,
    0x1f, 0xa0, 0xa, 0xf0, 0x1a, 0x40, 0x7, 0x80,

    /* U+20AC "€" */
    0x0, 0x0, 0x29, 0xef, 0xe8, 0x0, 0x0, 0x4,
    0xff, 0xec, 0xef, 0xb0, 0x0, 0x1f, 0xf9, 0x0,
    0x9, 0x30, 0x0, 0x9f, 0xd0, 0x0, 0x0, 0x0,
    0x0, 0xef, 0x70, 0x0, 0x0, 0x0, 0x7f, 0xff,
    0xff, 0xff, 0xfb, 0x0, 0x16, 0xff, 0x54, 0x44,
    0x32, 0x0, 0x7f, 0xff, 0xff, 0xff, 0xc0, 0x0,
    0x14, 0xff, 0x63, 0x33, 0x20, 0x0, 0x0, 0xef,
    0x70, 0x0, 0x0, 0x0, 0x0, 0x9f, 0xd0, 0x0,
    0x1, 0x0, 0x0, 0x2f, 0xf9, 0x0, 0x1c, 0xc0,
    0x0, 0x5, 0xff, 0xec, 0xff, 0xb0, 0x0, 0x0,
    0x3a, 0xef, 0xd7, 0x0,

    /* U+2122 "™" */
    0x0, 0x0, 0x0, 0x0, 0x0, 0x0, 0x0, 0xd,
    0xff, 0xff, 0xf1, 0xef, 0x20, 0xe, 0xf2, 0x56,
    0xcf, 0x66, 0xe, 0xf9, 0x5, 0xff, 0x20, 0xa,
    0xe0, 0x0, 0xea, 0xf0, 0xcb, 0xf2, 0x0, 0xae,
    0x0, 0xe, 0x8e, 0x7f, 0x6f, 0x20, 0xa, 0xe0,
    0x0, 0xe8, 0x8f, 0xb5, 0xf2, 0x0, 0xae, 0x0,
    0xe, 0x82, 0xe5, 0x5f, 0x20, 0xa, 0xe0, 0x0,
    0xe8, 0x0, 0x5, 0xf2,

    /* U+2190 "←" */
    0x0, 0x0, 0x2, 0x20, 0x0, 0x0, 0x0, 0x0,
    0x0, 0x0, 0x0, 0x0, 0x1d, 0xf1, 0x0, 0x0,
    0x0, 0x0, 0x0, 0x0, 0x0, 0x1, 0xdf, 0x50,
    0x0, 0x0, 0x0, 0x0, 0x0, 0x0, 0x0, 0x2e,
    0xf6, 0x0, 0x0, 0x0, 0x0, 0x0, 0x0, 0x0,
    0x5, 0xff, 0xda, 0xaa, 0xaa, 0xaa, 0xaa, 0xaa,
    0xaa, 0xa2, 0x1c, 0xff, 0xff, 0xff, 0xff, 0xff,
    0xff, 0xff, 0xff, 0xf3, 0x0, 0x8f, 0xd2, 0x0,
    0x0, 0x0, 0x0, 0x0, 0x0, 0x0, 0x0, 0x6,
    0xfd, 0x10, 0x0, 0x0, 0x0, 0x0, 0x0, 0x0,
    0x0, 0x0, 0x5f, 0xc0, 0x0, 0x0, 0x0, 0x0,
    0x0, 0x0, 0x0, 0x0, 0x7, 0x80, 0x0, 0x0,
    0x0, 0x0, 0x0, 0x0,

    /* U+2191 "↑" */
    0x0, 0x0, 0x10, 0x0, 0x0, 0x0, 0x0, 0xc9,
    0x0, 0x0, 0x0, 0x8, 0xff, 0x60, 0x0, 0x0,
    0x7f, 0xff, 0xf4, 0x0, 0x6, 0xfc, 0xfd, 0xef,
    0x40, 0x7f, 0xd1, 0xec, 0x2e, 0xf5, 0x4c, 0x10,
    0xec, 0x2, 0xd2, 0x0, 0x0, 0xec, 0x0, 0x0,
    0x0, 0x0, 0xec, 0x0, 0x0, 0x0, 0x0, 0xec,
    0x0, 0x0, 0x0, 0x0, 0xec, 0x0, 0x0, 0x0,
    0x0, 0xec, 0x0, 0x0, 0x0, 0x0, 0xec, 0x0,
    0x0, 0x0, 0x0, 0xec, 0x0, 0x0, 0x0, 0x0,
    0xec, 0x0, 0x0, 0x0, 0x0, 0xec, 0x0, 0x0,
    0x0, 0x0, 0xec, 0x0, 0x0, 0x0, 0x0, 0xec,
    0x0, 0x0, 0x0, 0x0, 0xec, 0x0, 0x0,

    /* U+2192 "→" */
    0x0, 0x0, 0x0, 0x0, 0x0, 0x0, 0x2, 0x20,
    0x0, 0x0, 0x0, 0x0, 0x0, 0x0, 0x0, 0x0,
    0x1f, 0xe1, 0x0, 0x0, 0x0, 0x0, 0x0, 0x0,
    0x0, 0x0, 0x5, 0xfd, 0x10, 0x0, 0x0, 0x0,
    0x0, 0x0, 0x0, 0x0, 0x0, 0x6f, 0xe2, 0x0,
    0x2a, 0xaa, 0xaa, 0xaa, 0xaa, 0xaa, 0xaa, 0xad,
    0xff, 0x50, 0x3f, 0xff, 0xff, 0xff, 0xff, 0xff,
    0xff, 0xff, 0xff, 0xc1, 0x0, 0x0, 0x0, 0x0,
    0x0, 0x0, 0x0, 0x2d, 0xf8, 0x0, 0x0, 0x0,
    0x0, 0x0, 0x0, 0x0, 0x1, 0xdf, 0x60, 0x0,
    0x0, 0x0, 0x0, 0x0, 0x0, 0x0, 0xc, 0xf6,
    0x0, 0x0, 0x0, 0x0, 0x0, 0x0, 0x0, 0x0,
    0x8, 0x70, 0x0, 0x0,

    /* U+2193 "↓" */
    0x0, 0x0, 0xb9, 0x0, 0x0, 0x0, 0x0, 0xec,
    0x0, 0x0, 0x0, 0x0, 0xec, 0x0, 0x0, 0x0,
    0x0, 0xec, 0x0, 0x0, 0x0, 0x0, 0xec, 0x0,
    0x0, 0x0, 0x0, 0xec, 0x0, 0x0, 0x0, 0x0,
    0xec, 0x0, 0x0, 0x0, 0x0, 0xec, 0x0, 0x0,
    0x0, 0x0, 0xec, 0x0, 0x0, 0x0, 0x0, 0xec,
    0x0, 0x0, 0x0, 0x0, 0xec, 0x0, 0x0, 0x0,
    0x0, 0xec, 0x0, 0x0, 0x38, 0x0, 0xec, 0x0,
    0xa1, 0x9f, 0xa0, 0xec, 0x1c, 0xf6, 0xa, 0xfa,
    0xec, 0xcf, 0x70, 0x0, 0x9f, 0xff, 0xf7, 0x0,
    0x0, 0xb, 0xff, 0x90, 0x0, 0x0, 0x1, 0xdc,
    0x0, 0x0, 0x0, 0x0, 0x31, 0x0, 0x0,

    /* U+2248 "≈" */
    0x0, 0x2a, 0xef, 0xc4, 0x0, 0x0, 0x5, 0x90,
    0x4, 0xff, 0xcb, 0xff, 0xa1, 0x0, 0x4f, 0xe1,
    0x2f, 0xe3, 0x0, 0x1a, 0xff, 0xbd, 0xfe, 0x30,
    0xa, 0x30, 0x0, 0x0, 0x4c, 0xfe, 0x91, 0x0,
    0x0, 0x0, 0x12, 0x0, 0x0, 0x0, 0x0, 0x0,
    0x0, 0x4d, 0xff, 0xe7, 0x0, 0x0, 0x7, 0xc1,
    0x6, 0xff, 0x98, 0xdf, 0xd3, 0x0, 0x7f, 0xd0,
    0x3f, 0xd1, 0x0, 0x7, 0xff, 0xef, 0xfd, 0x20,
    0x7, 0x20, 0x0, 0x0, 0x29, 0xcb, 0x70, 0x0,

    /* U+2264 "≤" */
    0x0, 0x0, 0x0, 0x0, 0x0, 0x0, 0x5, 0xc2,
    0x0, 0x0, 0x0, 0x0, 0x0, 0x28, 0xef, 0xf5,
    0x0, 0x0, 0x0, 0x0, 0x5b, 0xff, 0xd6, 0x10,
    0x0, 0x0, 0x2, 0x8e, 0xff, 0xa3, 0x0, 0x0,
    0x0, 0x5, 0xbf, 0xfd, 0x71, 0x0, 0x0, 0x0,
    0x18, 0xef, 0xfa, 0x40, 0x0, 0x0, 0x0, 0x0,
    0x5b, 0xff, 0xd6, 0x0, 0x0, 0x0, 0x0, 0x0,
    0x0, 0x28, 0xef, 0xf9, 0x30, 0x0, 0x0, 0x0,
    0x0, 0x0, 0x5, 0xcf, 0xfc, 0x60, 0x0, 0x0,
    0x78, 0x10, 0x0, 0x2, 0x9f, 0xff, 0x93, 0x0,
    0xaf, 0xfb, 0x40, 0x0, 0x0, 0x6c, 0xff, 0xc3,
    0x2, 0x8e, 0xfe, 0x71, 0x0, 0x0, 0x39, 0xf3,
    0x0, 0x0, 0x5c, 0xff, 0xa4, 0x0, 0x0, 0x0,
    0x0, 0x0, 0x0, 0x29, 0xff, 0xd7, 0x10, 0x0,
    0x0, 0x0, 0x0, 0x0, 0x6, 0xcf, 0xfa, 0x40,
    0x0, 0x0, 0x0, 0x0, 0x0, 0x3, 0x9f, 0xf5,
    0x0, 0x0, 0x0, 0x0, 0x0, 0x0, 0x0, 0x60,

    /* U+2265 "≥" */
    0x2c, 0x50, 0x0, 0x0, 0x0, 0x0, 0x0, 0x0,
    0x5f, 0xfe, 0x82, 0x0, 0x0, 0x0, 0x0, 0x0,
    0x1, 0x6d, 0xff, 0xb5, 0x0, 0x0, 0x0, 0x0,
    0x0, 0x0, 0x3a, 0xff, 0xe8, 0x20, 0x0, 0x0,
    0x0, 0x0, 0x0, 0x17, 0xdf, 0xfb, 0x50, 0x0,
    0x0, 0x0, 0x0, 0x0, 0x4, 0xaf, 0xfe, 0x81,
    0x0, 0x0, 0x0, 0x0, 0x0, 0x6d, 0xff, 0xb5,
    0x0, 0x0, 0x0, 0x3, 0x9f, 0xfe, 0x82, 0x0,
    0x0, 0x0, 0x6, 0xcf, 0xfc, 0x50, 0x0, 0x0,
    0x0, 0x39, 0xff, 0xf9, 0x20, 0x0, 0x1, 0x87,
    0x3c, 0xff, 0xc6, 0x0, 0x0, 0x4, 0xbf, 0xfa,
    0x3f, 0x93, 0x0, 0x0, 0x17, 0xef, 0xe8, 0x20,
    0x0, 0x0, 0x0, 0x4a, 0xff, 0xc5, 0x0, 0x0,
    0x0, 0x1, 0x7d, 0xff, 0x92, 0x0, 0x0, 0x0,
    0x4, 0xaf, 0xfc, 0x60, 0x0, 0x0, 0x0, 0x0,
    0x5f, 0xf9, 0x30, 0x0, 0x0, 0x0, 0x0, 0x0,
    0x6, 0x0, 0x0, 0x0, 0x0, 0x0, 0x0, 0x0,

    /* U+3001 "、" */
    0x0, 0x60, 0x0, 0x0, 0xaf, 0xc1, 0x0, 0x4,
    0xff, 0xc1, 0x0, 0x4, 0xff, 0xc0, 0x0, 0x4,
    0xff, 0xb0, 0x0, 0x5, 0xe3, 0x0, 0x0, 0x0,
    0x0,

    /* U+3002 "。" */
    0x0, 0x8e, 0xd6, 0x0, 0xae, 0x57, 0xf5, 0x1f,
    0x30, 0x7, 0xd4, 0xf0, 0x0, 0x3f, 0x2f, 0x20,
    0x6, 0xd0, 0xad, 0x45, 0xe6, 0x0, 0x9f, 0xe7,
    0x0,

    /* U+300C "「" */
    0x1f, 0xff, 0xff, 0xf5, 0x1f, 0xfc, 0xcc, 0xc4,
    0x1f, 0xc0, 0x0, 0x0, 0x1f, 0xc0, 0x0, 0x0,
    0x1f, 0xc0, 0x0, 0x0, 0x1f, 0xc0, 0x0, 0x0,
    0x1f, 0xc0, 0x0, 0x0, 0x1f, 0xc0, 0x0, 0x0,
    0x1f, 0xc0, 0x0, 0x0, 0x1f, 0xc0, 0x0, 0x0,
    0x1f, 0xc0, 0x0, 0x0, 0x1f, 0xc0, 0x0, 0x0,
    0x1e, 0xb0, 0x0, 0x0,

    /* U+300D "」" */
    0x0, 0x0, 0xa, 0xd1, 0x0, 0x0, 0xc, 0xf1,
    0x0, 0x0, 0xc, 0xf1, 0x0, 0x0, 0xc, 0xf1,
    0x0, 0x0, 0xc, 0xf1, 0x0, 0x0, 0xc, 0xf1,
    0x0, 0x0, 0xc, 0xf1, 0x0, 0x0, 0xc, 0xf1,
    0x0, 0x0, 0xc, 0xf1, 0x0, 0x0, 0xc, 0xf1,
    0x0, 0x0, 0xc, 0xf1, 0x4b, 0xbb, 0xbf, 0xf1,
    0x5f, 0xff, 0xff, 0xf1,

    /* U+300E "『" */
    0xeb, 0xbb, 0xbb, 0xd2, 0xb0, 0x0, 0x0, 0x92,
    0xb0, 0xa, 0xaa, 0xd2, 0xb0, 0xc, 0x22, 0x20,
    0xb0, 0xc, 0x0, 0x0, 0xb0, 0xc, 0x0, 0x0,
    0xb0, 0xc, 0x0, 0x0, 0xb0, 0xc, 0x0, 0x0,
    0xb0, 0xc, 0x0, 0x0, 0xb0, 0xc, 0x0, 0x0,
    0xb0, 0xc, 0x0, 0x0, 0xb0, 0xc, 0x0, 0x0,
    0xeb, 0xbc, 0x0, 0x0, 0x0, 0x0, 0x0, 0x0,

    /* U+300F "』" */
    0x0, 0x0, 0x1a, 0xaa, 0x0, 0x0, 0x29, 0x1c,
    0x0, 0x0, 0x29, 0xb, 0x0, 0x0, 0x29, 0xb,
    0x0, 0x0, 0x29, 0xb, 0x0, 0x0, 0x29, 0xb,
    0x0, 0x0, 0x29, 0xb, 0x0, 0x0, 0x29, 0xb,
    0x0, 0x0, 0x29, 0xb, 0x0, 0x0, 0x29, 0xb,
    0x1c, 0xcc, 0xc9, 0xb, 0x29, 0x0, 0x0, 0xb,
    0x29, 0x0, 0x0, 0xb, 0x2e, 0xcc, 0xcc, 0xce,

    /* U+4E00 "一" */
    0x2f, 0xff, 0xff, 0xff, 0xff, 0xff, 0xff, 0xff,
    0xff, 0xf3, 0x2f, 0xff, 0xff, 0xff, 0xff, 0xff,
    0xff, 0xff, 0xff, 0xf3, 0x2, 0x22, 0x22, 0x22,
    0x22, 0x22, 0x22, 0x22, 0x22, 0x20,

    /* U+4E0A "上" */
    0x0, 0x0, 0x0, 0x0, 0xbd, 0x10, 0x0, 0x0,
    0x0, 0x0, 0x0, 0x0, 0x0, 0xe, 0xf2, 0x0,
    0x0, 0x0, 0x0, 0x0, 0x0, 0x0, 0x0, 0xef,
    0x20, 0x0, 0x0, 0x0, 0x0, 0x0, 0x0, 0x0,
    0xe, 0xf2, 0x0, 0x0, 0x0, 0x0, 0x0, 0x0,
    0x0, 0x0, 0xef, 0x20, 0x0, 0x0, 0x0, 0x0,
    0x0, 0x0, 0x0, 0xe, 0xf2, 0x0, 0x0, 0x0,
    0x0, 0x0, 0x0, 0x0, 0x0, 0xef, 0xed, 0xdd,
    0xdd, 0xd6, 0x0, 0x0, 0x0, 0x0, 0xe, 0xff,
    0xff, 0xff, 0xff, 0x70, 0x0, 0x0, 0x0, 0x0,
    0xef, 0x31, 0x11, 0x11, 0x10, 0x0, 0x0, 0x0,
    0x0, 0xe, 0xf2, 0x0, 0x0, 0x0, 0x0, 0x0,
    0x0, 0x0, 0x0, 0xef, 0x20, 0x0, 0x0, 0x0,
    0x0, 0x0, 0x0, 0x0, 0xe, 0xf2, 0x0, 0x0,
    0x0, 0x0, 0x0, 0x0, 0x0, 0x0, 0xef, 0x20,
    0x0, 0x0, 0x0, 0x0, 0x0, 0x0, 0x0, 0xe,
    0xf2, 0x0, 0x0, 0x0, 0x0, 0x0, 0x0, 0x0,
    0x0, 0xef, 0x20, 0x0, 0x0, 0x0, 0x0, 0x11,
    0x11, 0x11, 0x1e, 0xf3, 0x11, 0x11, 0x11, 0x11,
    0x4f, 0xff, 0xff, 0xff, 0xff, 0xff, 0xff, 0xff,
    0xff, 0xd3, 0xdd, 0xdd, 0xdd, 0xdd, 0xdd, 0xdd,
    0xdd, 0xdd, 0xdb,

    /* U+4E0B "下" */
    0x46, 0x66, 0x66, 0x66, 0x66, 0x66, 0x66, 0x66,
    0x66, 0x1b, 0xff, 0xff, 0xff, 0xff, 0xff, 0xff,
    0xff, 0xff, 0xf2, 0x58, 0x88, 0x88, 0x89, 0xfe,
    0x88, 0x88, 0x88, 0x88, 0x10, 0x0, 0x0, 0x0,
    0x3f, 0xd0, 0x0, 0x0, 0x0, 0x0, 0x0, 0x0,
    0x0, 0x3, 0xfd, 0x0, 0x0, 0x0, 0x0, 0x0,
    0x0, 0x0, 0x0, 0x3f, 0xd3, 0x0, 0x0, 0x0,
    0x0, 0x0, 0x0, 0x0, 0x3, 0xff, 0xfb, 0x20,
    0x0, 0x0, 0x0, 0x0, 0x0, 0x0, 0x3f, 0xfe,
    0xff, 0x91, 0x0, 0x0, 0x0, 0x0, 0x0, 0x3,
    0xfd, 0x1a, 0xff, 0xe6, 0x0, 0x0, 0x0, 0x0,
    0x0, 0x3f, 0xd0, 0x3, 0xdf, 0xfb, 0x0, 0x0,
    0x0, 0x0, 0x3, 0xfd, 0x0, 0x0, 0x9f, 0xa0,
    0x0, 0x0, 0x0, 0x0, 0x3f, 0xd0, 0x0, 0x0,
    0x40, 0x0, 0x0, 0x0, 0x0, 0x3, 0xfd, 0x0,
    0x0, 0x0, 0x0, 0x0, 0x0, 0x0, 0x0, 0x3f,
    0xd0, 0x0, 0x0, 0x0, 0x0, 0x0, 0x0, 0x0,
    0x3, 0xfd, 0x0, 0x0, 0x0, 0x0, 0x0, 0x0,
    0x0, 0x0, 0x3f, 0xd0, 0x0, 0x0, 0x0, 0x0,
    0x0, 0x0, 0x0, 0x3, 0xfd, 0x0, 0x0, 0x0,
    0x0, 0x0, 0x0, 0x0, 0x0, 0x3f, 0xd0, 0x0,
    0x0, 0x0, 0x0,

    /* U+4E0D "不" */
    0xa, 0xbb, 0xbb, 0xbb, 0xbb, 0xbb, 0xbb, 0xbb,
    0xbb, 0x50, 0xe, 0xff, 0xff, 0xff, 0xff, 0xff,
    0xff, 0xff, 0xff, 0x70, 0x2, 0x33, 0x33, 0x33,
    0x3a, 0xfe, 0x33, 0x33, 0x33, 0x10, 0x0, 0x0,
    0x0, 0x0, 0x2f, 0xf5, 0x0, 0x0, 0x0, 0x0,
    0x0, 0x0, 0x0, 0x0, 0xdf, 0xd0, 0x0, 0x0,
    0x0, 0x0, 0x0, 0x0, 0x0, 0xa, 0xff, 0xc1,
    0x60, 0x0, 0x0, 0x0, 0x0, 0x0, 0x0, 0x9f,
    0xff, 0xdc, 0xfb, 0x10, 0x0, 0x0, 0x0, 0x0,
    0x9, 0xff, 0x9f, 0xc2, 0xdf, 0xe4, 0x0, 0x0,
    0x0, 0x0, 0xbf, 0xf6, 0x4f, 0xc0, 0x1b, 0xff,
    0x60, 0x0, 0x0, 0x3d, 0xff, 0x50, 0x4f, 0xc0,
    0x0, 0x8f, 0xf9, 0x0, 0x19, 0xff, 0xe3, 0x0,
    0x4f, 0xc0, 0x0, 0x7, 0xff, 0xa0, 0x1e, 0xfa,
    0x10, 0x0, 0x4f, 0xc0, 0x0, 0x0, 0x6f, 0x80,
    0x3, 0x40, 0x0, 0x0, 0x4f, 0xc0, 0x0, 0x0,
    0x3, 0x0, 0x0, 0x0, 0x0, 0x0, 0x4f, 0xc0,
    0x0, 0x0, 0x0, 0x0, 0x0, 0x0, 0x0, 0x0,
    0x4f, 0xc0, 0x0, 0x0, 0x0, 0x0, 0x0, 0x0,
    0x0, 0x0, 0x4f, 0xc0, 0x0, 0x0, 0x0, 0x0,
    0x0, 0x0, 0x0, 0x0, 0x4f, 0xc0, 0x0, 0x0,
    0x0, 0x0, 0x0, 0x0, 0x0, 0x0, 0x4f, 0xc0,
    0x0, 0x0, 0x0, 0x0,

    /* U+4E0E "与" */
    0x0, 0x0, 0x32, 0x0, 0x0, 0x0, 0x0, 0x0,
    0x0, 0x0, 0x0, 0xfe, 0x0, 0x0, 0x0, 0x0,
    0x0, 0x0, 0x0, 0x3, 0xfc, 0x0, 0x0, 0x0,
    0x0, 0x0, 0x0, 0x0, 0x6, 0xff, 0xff, 0xff,
    0xff, 0xff, 0xff, 0xa0, 0x0, 0xa, 0xfd, 0xcc,
    0xcc, 0xcc, 0xcc, 0xcc, 0x70, 0x0, 0xd, 0xf2,
    0x0, 0x0, 0x0, 0x0, 0x0, 0x0, 0x0, 0xf,
    0xe0, 0x0, 0x0, 0x0, 0x0, 0x0, 0x0, 0x0,
    0x4f, 0xb0, 0x0, 0x0, 0x0, 0x0, 0x1, 0x0,
    0x0, 0x8f, 0xff, 0xff, 0xff, 0xff, 0xff, 0xff,
    0xf0, 0x0, 0x8b, 0xbb, 0xbb, 0xbb, 0xbb, 0xbb,
    0xbf, 0xe0, 0x0, 0x0, 0x0, 0x0, 0x0, 0x0,
    0x0, 0x2f, 0xc0, 0x0, 0x0, 0x0, 0x0, 0x0,
    0x0, 0x0, 0x4f, 0xa0, 0xef, 0xff, 0xff, 0xff,
    0xff, 0xff, 0x80, 0x6f, 0x90, 0xcd, 0xdd, 0xdd,
    0xdd, 0xdd, 0xdd, 0x70, 0x8f, 0x60, 0x0, 0x0,
    0x0, 0x0, 0x0, 0x0, 0x0, 0xbf, 0x40, 0x0,
    0x0, 0x0, 0x0, 0x0, 0x0, 0x0, 0xff, 0x0,
    0x0, 0x0, 0x0, 0x0, 0x0, 0x0, 0x6, 0xfc,
    0x0, 0x0, 0x0, 0x0, 0x0, 0x4e, 0xdc, 0xcf,
    0xf5, 0x0, 0x0, 0x0, 0x0, 0x0, 0xe, 0xff,
    0xfe, 0x80, 0x0, 0x0, 0x0, 0x0, 0x0, 0x0,
    0x0, 0x0, 0x0, 0x0,

    /* U+4E24 "两" */
    0xc, 0xcc, 0xcc, 0xcc, 0xcc, 0xcc, 0xcc, 0xcc,
    0xcc, 0x80, 0xff, 0xff, 0xff, 0xff, 0xff, 0xff,
    0xff, 0xff, 0xfa, 0x1, 0x11, 0x11, 0xbf, 0x31,
    0x1b, 0xf4, 0x11, 0x11, 0x0, 0x0, 0x0, 0xb,
    0xf2, 0x0, 0xaf, 0x30, 0x0, 0x0, 0x0, 0x0,
    0x0, 0xbf, 0x30, 0xa, 0xf4, 0x0, 0x11, 0x0,
    0x1f, 0xff, 0xff, 0xff, 0xff, 0xff, 0xff, 0xff,
    0xf0, 0x1, 0xff, 0xbb, 0xef, 0xcb, 0xbe, 0xfc,
    0xbb, 0xff, 0x0, 0x1f, 0xd0, 0xc, 0xf0, 0x0,
    0xbf, 0x10, 0xe, 0xf0, 0x1, 0xfd, 0x0, 0xef,
    0x0, 0xd, 0xf1, 0x0, 0xef, 0x0, 0x1f, 0xd0,
    0xf, 0xfa, 0x0, 0xff, 0xc0, 0xe, 0xf0, 0x1,
    0xfd, 0x4, 0xff, 0xf6, 0x4f, 0xff, 0xa0, 0xef,
    0x0, 0x1f, 0xd0, 0xaf, 0x5e, 0xba, 0xf4, 0xbf,
    0x7e, 0xf0, 0x1, 0xfd, 0x2f, 0xd0, 0x44, 0xfe,
    0x1, 0xef, 0xff, 0x0, 0x1f, 0xdc, 0xf6, 0x1,
    0xdf, 0x60, 0x4, 0x6e, 0xf0, 0x1, 0xfd, 0xab,
    0x0, 0xb, 0xa0, 0x0, 0x0, 0xef, 0x0, 0x1f,
    0xd0, 0x0, 0x0, 0x0, 0x0, 0x0, 0xe, 0xf0,
    0x1, 0xfd, 0x0, 0x0, 0x0, 0x0, 0x5d, 0xdd,
    0xfe, 0x0, 0x1f, 0xd0, 0x0, 0x0, 0x0, 0x1,
    0xff, 0xec, 0x40,

    /* U+4E2A "个" */
    0x0, 0x0, 0x0, 0x0, 0x1, 0x50, 0x0, 0x0,
    0x0, 0x0, 0x0, 0x0, 0x0, 0x0, 0xa, 0xf7,
    0x0, 0x0, 0x0, 0x0, 0x0, 0x0, 0x0, 0x0,
    0x6f, 0xf8, 0x0, 0x0, 0x0, 0x0, 0x0, 0x0,
    0x0, 0x6, 0xff, 0xff, 0x80, 0x0, 0x0, 0x0,
    0x0, 0x0, 0x0, 0x7f, 0xf5, 0x3f, 0xf9, 0x0,
    0x0, 0x0, 0x0, 0x0, 0x1a, 0xff, 0x50, 0x3,
    0xef, 0xc2, 0x0, 0x0, 0x0, 0x5, 0xef, 0xf4,
    0x6, 0x50, 0x2d, 0xff, 0x70, 0x0, 0x5, 0xcf,
    0xfc, 0x20, 0xf, 0xf0, 0x1, 0xaf, 0xfd, 0x50,
    0x1e, 0xff, 0x70, 0x0, 0xf, 0xf0, 0x0, 0x5,
    0xef, 0xf2, 0x3, 0x91, 0x0, 0x0, 0xf, 0xf0,
    0x0, 0x0, 0x19, 0x50, 0x0, 0x0, 0x0, 0x0,
    0xf, 0xf0, 0x0, 0x0, 0x0, 0x0, 0x0, 0x0,
    0x0, 0x0, 0xf, 0xf0, 0x0, 0x0, 0x0, 0x0,
    0x0, 0x0, 0x0, 0x0, 0xf, 0xf0, 0x0, 0x0,
    0x0, 0x0, 0x0, 0x0, 0x0, 0x0, 0xf, 0xf0,
    0x0, 0x0, 0x0, 0x0, 0x0, 0x0, 0x0, 0x0,
    0xf, 0xf0, 0x0, 0x0, 0x0, 0x0, 0x0, 0x0,
    0x0, 0x0, 0xf, 0xf0, 0x0, 0x0, 0x0, 0x0,
    0x0, 0x0, 0x0, 0x0, 0xf, 0xf0, 0x0, 0x0,
    0x0, 0x0, 0x0, 0x0, 0x0, 0x0, 0xf, 0xf0,
    0x0, 0x0, 0x0, 0x0, 0x0, 0x0, 0x0, 0x0,
    0xf, 0xf0, 0x0, 0x0, 0x0, 0x0,

    /* U+4E2D "中" */
    0x0, 0x0, 0x0, 0x9, 0xa0, 0x0, 0x0, 0x0,
    0x0, 0x0, 0x0, 0x0, 0xef, 0x10, 0x0, 0x0,
    0x0, 0x0, 0x0, 0x0, 0xe, 0xf1, 0x0, 0x0,
    0x0, 0x2, 0x22, 0x22, 0x22, 0xef, 0x32, 0x22,
    0x22, 0x20, 0xff, 0xff, 0xff, 0xff, 0xff, 0xff,
    0xff, 0xff, 0x1f, 0xfb, 0xbb, 0xbb, 0xff, 0xbb,
    0xbb, 0xbf, 0xf1, 0xfe, 0x0, 0x0, 0xe, 0xf1,
    0x0, 0x0, 0xef, 0x1f, 0xe0, 0x0, 0x0, 0xef,
    0x10, 0x0, 0xe, 0xf1, 0xfe, 0x0, 0x0, 0xe,
    0xf1, 0x0, 0x0, 0xef, 0x1f, 0xe0, 0x0, 0x0,
    0xef, 0x10, 0x0, 0xe, 0xf1, 0xff, 0xdd, 0xdd,
    0xdf, 0xfd, 0xdd, 0xdd, 0xff, 0x1f, 0xff, 0xff,
    0xff, 0xff, 0xff, 0xff, 0xff, 0xf1, 0xfe, 0x0,
    0x0, 0xe, 0xf2, 0x0, 0x0, 0xef, 0x13, 0x30,
    0x0, 0x0, 0xef, 0x10, 0x0, 0x2, 0x20, 0x0,
    0x0, 0x0, 0xe, 0xf1, 0x0, 0x0, 0x0, 0x0,
    0x0, 0x0, 0x0, 0xef, 0x10, 0x0, 0x0, 0x0,
    0x0, 0x0, 0x0, 0xe, 0xf1, 0x0, 0x0, 0x0,
    0x0, 0x0, 0x0, 0x0, 0xef, 0x10, 0x0, 0x0,
    0x0, 0x0, 0x0, 0x0, 0xe, 0xf1, 0x0, 0x0,
    0x0, 0x0,

    /* U+4E32 "串" */
    0x0, 0x0, 0x0, 0xd, 0xe1, 0x0, 0x0, 0x0,
    0x0, 0x0, 0x0, 0x0, 0xff, 0x10, 0x0, 0x0,
    0x0, 0x9, 0x99, 0x99, 0x9f, 0xfa, 0x99, 0x99,
    0x91, 0x1, 0xff, 0xff, 0xff, 0xff, 0xff, 0xff,
    0xff, 0x30, 0x1f, 0xd0, 0x0, 0xf, 0xf2, 0x0,
    0xe, 0xf3, 0x1, 0xfd, 0x0, 0x0, 0xff, 0x10,
    0x0, 0xef, 0x30, 0x1f, 0xf9, 0x99, 0x9f, 0xfa,
    0x99, 0x9f, 0xf3, 0x1, 0xff, 0xff, 0xff, 0xff,
    0xff, 0xff, 0xff, 0x30, 0x0, 0x0, 0x0, 0xf,
    0xf2, 0x0, 0x0, 0x0, 0x9, 0xaa, 0xaa, 0xaa,
    0xff, 0xba, 0xaa, 0xaa, 0xa0, 0xef, 0xff, 0xff,
    0xff, 0xff, 0xff, 0xff, 0xff, 0x1e, 0xf2, 0x11,
    0x11, 0xff, 0x21, 0x11, 0x1f, 0xf1, 0xef, 0x10,
    0x0, 0xf, 0xf1, 0x0, 0x0, 0xff, 0x1e, 0xf2,
    0x0, 0x0, 0xff, 0x20, 0x0, 0xf, 0xf1, 0xef,
    0xff, 0xff, 0xff, 0xff, 0xff, 0xff, 0xff, 0x1e,
    0xfa, 0xaa, 0xaa, 0xff, 0xaa, 0xaa, 0xaf, 0xf1,
    0x67, 0x0, 0x0, 0xf, 0xf1, 0x0, 0x0, 0x77,
    0x0, 0x0, 0x0, 0x0, 0xff, 0x10, 0x0, 0x0,
    0x0, 0x0, 0x0, 0x0, 0xf, 0xf1, 0x0, 0x0,
    0x0, 0x0,

    /* U+4E3A "为" */
    0x0, 0x1, 0x0, 0xc, 0xb0, 0x0, 0x0, 0x0,
    0x0, 0x0, 0xaf, 0x40, 0xf, 0xe0, 0x0, 0x0,
    0x0, 0x0, 0x0, 0x3f, 0xe1, 0xf, 0xe0, 0x0,
    0x0, 0x0, 0x0, 0x0, 0x8, 0xf8, 0xf, 0xe0,
    0x0, 0x0, 0x0, 0x0, 0x0, 0x1, 0x50, 0x1f,
    0xe0, 0x0, 0x0, 0x1, 0x0, 0x7f, 0xff, 0xff,
    0xff, 0xff, 0xff, 0xff, 0xff, 0xf2, 0x6e, 0xee,
    0xee, 0xef, 0xfe, 0xee, 0xee, 0xef, 0xf1, 0x0,
    0x0, 0x0, 0x5f, 0x90, 0x0, 0x0, 0xe, 0xf0,
    0x0, 0x0, 0x0, 0x9f, 0x60, 0x0, 0x0, 0xf,
    0xf0, 0x0, 0x0, 0x0, 0xdf, 0x36, 0x90, 0x0,
    0xf, 0xf0, 0x0, 0x0, 0x3, 0xfe, 0xc, 0xf6,
    0x0, 0xf, 0xe0, 0x0, 0x0, 0x9, 0xf8, 0x1,
    0xff, 0x20, 0x1f, 0xd0, 0x0, 0x0, 0x2f, 0xf2,
    0x0, 0x6f, 0xb0, 0x2f, 0xc0, 0x0, 0x0, 0xcf,
    0x90, 0x0, 0xc, 0x60, 0x4f, 0xb0, 0x0, 0x8,
    0xfe, 0x10, 0x0, 0x0, 0x0, 0x6f, 0xa0, 0x0,
    0x7f, 0xf4, 0x0, 0x0, 0x0, 0x0, 0x8f, 0x80,
    0x9, 0xff, 0x60, 0x0, 0x0, 0x0, 0x0, 0xdf,
    0x50, 0xaf, 0xf5, 0x0, 0x0, 0x0, 0xae, 0xef,
    0xff, 0x10, 0xa, 0x30, 0x0, 0x0, 0x0, 0x5f,
    0xff, 0xd4, 0x0, 0x0, 0x0, 0x0, 0x0, 0x0,
    0x0, 0x0, 0x0, 0x0,

    /* U+4E3B "主" */
    0x0, 0x0, 0x0, 0x1a, 0x50, 0x0, 0x0, 0x0,
    0x0, 0x0, 0x0, 0x0, 0x6f, 0xf9, 0x0, 0x0,
    0x0, 0x0, 0x0, 0x0, 0x0, 0x3, 0xef, 0xb0,
    0x0, 0x0, 0x0, 0x0, 0x0, 0x0, 0x0, 0x2e,
    0xf3, 0x0, 0x0, 0x0, 0xf, 0xff, 0xff, 0xff,
    0xff, 0xff, 0xff, 0xff, 0xf0, 0xe, 0xee, 0xee,
    0xee, 0xff, 0xee, 0xee, 0xee, 0xd0, 0x0, 0x0,
    0x0, 0x0, 0xff, 0x0, 0x0, 0x0, 0x0, 0x0,
    0x0, 0x0, 0x0, 0xff, 0x0, 0x0, 0x0, 0x0,
    0x0, 0x0, 0x0, 0x0, 0xff, 0x0, 0x0, 0x0,
    0x0, 0x0, 0x0, 0x0, 0x1, 0xff, 0x10, 0x0,
    0x0, 0x0, 0x0, 0xff, 0xff, 0xff, 0xff, 0xff,
    0xff, 0xff, 0x10, 0x0, 0xcc, 0xcc, 0xcc, 0xff,
    0xcc, 0xcc, 0xcc, 0x10, 0x0, 0x0, 0x0, 0x0,
    0xff, 0x0, 0x0, 0x0, 0x0, 0x0, 0x0, 0x0,
    0x0, 0xff, 0x0, 0x0, 0x0, 0x0, 0x0, 0x0,
    0x0, 0x0, 0xff, 0x0, 0x0, 0x0, 0x0, 0x0,
    0x0, 0x0, 0x0, 0xff, 0x0, 0x0, 0x0, 0x0,
    0xef, 0xff, 0xff, 0xff, 0xff, 0xff, 0xff, 0xff,
    0xff, 0xce, 0xee, 0xee, 0xee, 0xee, 0xee, 0xee,
    0xee, 0xee,

    /* U+4E4B "之" */
    0x0, 0x0, 0x0, 0x0, 0x0, 0x0, 0x0, 0x0,
    0x0, 0x0, 0x0, 0x0, 0x0, 0x0, 0x7d, 0x10,
    0x0, 0x0, 0x0, 0x0, 0x0, 0x0, 0x0, 0x0,
    0x9f, 0xb0, 0x0, 0x0, 0x0, 0x0, 0x0, 0x0,
    0x0, 0x0, 0x1e, 0xf6, 0x0, 0x0, 0x0, 0x0,
    0x0, 0x0, 0x0, 0x0, 0x5, 0xe6, 0x0, 0x0,
    0x0, 0x0, 0x4, 0xff, 0xff, 0xff, 0xff, 0xff,
    0xff, 0xff, 0xd2, 0x0, 0x3, 0xdd, 0xdd, 0xdd,
    0xdd, 0xdd, 0xdd, 0xff, 0xe1, 0x0, 0x0, 0x0,
    0x0, 0x0, 0x0, 0x0, 0x4, 0xff, 0x40, 0x0,
    0x0, 0x0, 0x0, 0x0, 0x0, 0x0, 0x3f, 0xf7,
    0x0, 0x0, 0x0, 0x0, 0x0, 0x0, 0x0, 0x2,
    0xef, 0x80, 0x0, 0x0, 0x0, 0x0, 0x0, 0x0,
    0x0, 0x3e, 0xf9, 0x0, 0x0, 0x0, 0x0, 0x0,
    0x0, 0x0, 0x4, 0xff, 0x90, 0x0, 0x0, 0x0,
    0x0, 0x0, 0x0, 0x0, 0x7f, 0xf7, 0x0, 0x0,
    0x0, 0x0, 0x0, 0x0, 0x0, 0xa, 0xff, 0x50,
    0x0, 0x0, 0x0, 0x0, 0x0, 0x0, 0x4, 0xef,
    0xd2, 0x0, 0x0, 0x0, 0x0, 0x0, 0x0, 0x18,
    0xef, 0xf9, 0x0, 0x0, 0x0, 0x0, 0x0, 0x0,
    0x2, 0xdf, 0xff, 0xe4, 0x0, 0x0, 0x0, 0x0,
    0x0, 0x0, 0x1e, 0xfa, 0x6, 0xff, 0xec, 0xaa,
    0xaa, 0xbc, 0xde, 0xe0, 0xa, 0xc0, 0x0, 0x29,
    0xef, 0xff, 0xff, 0xff, 0xff, 0xa0, 0x0, 0x20,
    0x0, 0x0, 0x0, 0x22, 0x22, 0x21, 0x10, 0x0,

    /* U+4E8B "事" */
    0x0, 0x0, 0x0, 0x0, 0x1e, 0xb0, 0x0, 0x0,
    0x0, 0x0, 0x5, 0x77, 0x77, 0x77, 0x8f, 0xe7,
    0x77, 0x77, 0x77, 0x50, 0xc, 0xff, 0xff, 0xff,
    0xff, 0xff, 0xff, 0xff, 0xff, 0xb0, 0x0, 0x0,
    0x0, 0x0, 0x1f, 0xd0, 0x0, 0x0, 0x0, 0x0,
    0x0, 0xb, 0xff, 0xff, 0xff, 0xff, 0xff, 0xff,
    0xc0, 0x0, 0x0, 0xc, 0xf5, 0x44, 0x5f, 0xe4,
    0x44, 0x5f, 0xd0, 0x0, 0x0, 0xc, 0xf5, 0x55,
    0x5f, 0xe5, 0x55, 0x5f, 0xd0, 0x0, 0x0, 0xb,
    0xff, 0xff, 0xff, 0xff, 0xff, 0xff, 0xc0, 0x0,
    0x0, 0x0, 0x0, 0x0, 0x1f, 0xd0, 0x0, 0x0,
    0x0, 0x0, 0x0, 0x3f, 0xff, 0xff, 0xff, 0xff,
    0xff, 0xff, 0xf2, 0x0, 0x0, 0x15, 0x55, 0x55,
    0x6f, 0xe5, 0x55, 0x5d, 0xf2, 0x0, 0x17, 0x77,
    0x77, 0x77, 0x8f, 0xe7, 0x77, 0x7d, 0xf8, 0x71,
    0x2f, 0xff, 0xff, 0xff, 0xff, 0xff, 0xff, 0xff,
    0xff, 0xf2, 0x0, 0x0, 0x0, 0x0, 0x1f, 0xd0,
    0x0, 0xb, 0xf2, 0x0, 0x0, 0x5f, 0xff, 0xff,
    0xff, 0xff, 0xff, 0xff, 0xf2, 0x0, 0x0, 0x27,
    0x77, 0x77, 0x8f, 0xe7, 0x77, 0x7d, 0xf2, 0x0,
    0x0, 0x0, 0x0, 0x0, 0x1f, 0xd0, 0x0, 0x4,
    0x50, 0x0, 0x0, 0x0, 0x0, 0x77, 0x9f, 0xc0,
    0x0, 0x0, 0x0, 0x0, 0x0, 0x0, 0x0, 0xcf,
    0xfd, 0x50, 0x0, 0x0, 0x0, 0x0, 0x0, 0x0,
    0x0, 0x0, 0x0, 0x0, 0x0, 0x0, 0x0, 0x0,

    /* U+4E8E "于" */
    0x0, 0x69, 0x99, 0x99, 0x99, 0x99, 0x99, 0x99,
    0x94, 0x0, 0xb, 0xff, 0xff, 0xff, 0xff, 0xff,
    0xff, 0xff, 0x70, 0x0, 0x24, 0x44, 0x44, 0x4f,
    0xf5, 0x44, 0x44, 0x41, 0x0, 0x0, 0x0, 0x0,
    0x0, 0xef, 0x10, 0x0, 0x0, 0x0, 0x0, 0x0,
    0x0, 0x0, 0xe, 0xf1, 0x0, 0x0, 0x0, 0x0,
    0x0, 0x0, 0x0, 0x0, 0xef, 0x10, 0x0, 0x0,
    0x0, 0x0, 0x0, 0x0, 0x0, 0xe, 0xf1, 0x0,
    0x0, 0x0, 0x1, 0xff, 0xff, 0xff, 0xff, 0xff,
    0xff, 0xff, 0xff, 0xfd, 0xe, 0xee, 0xee, 0xee,
    0xef, 0xfe, 0xee, 0xee, 0xee, 0xb0, 0x0, 0x0,
    0x0, 0x0, 0xef, 0x10, 0x0, 0x0, 0x0, 0x0,
    0x0, 0x0, 0x0, 0xe, 0xf1, 0x0, 0x0, 0x0,
    0x0, 0x0, 0x0, 0x0, 0x0, 0xef, 0x10, 0x0,
    0x0, 0x0, 0x0, 0x0, 0x0, 0x0, 0xe, 0xf1,
    0x0, 0x0, 0x0, 0x0, 0x0, 0x0, 0x0, 0x0,
    0xef, 0x10, 0x0, 0x0, 0x0, 0x0, 0x0, 0x0,
    0x0, 0xe, 0xf1, 0x0, 0x0, 0x0, 0x0, 0x0,
    0x0, 0x0, 0x0, 0xff, 0x10, 0x0, 0x0, 0x0,
    0x0, 0x0, 0xd, 0xee, 0xff, 0xf0, 0x0, 0x0,
    0x0, 0x0, 0x0, 0x0, 0x7f, 0xff, 0xc4, 0x0,
    0x0, 0x0, 0x0, 0x0, 0x0, 0x0, 0x0, 0x0,
    0x0, 0x0, 0x0, 0x0, 0x0,

    /* U+4EAC "京" */
    0x0, 0x0, 0x0, 0x0, 0x2, 0x0, 0x0, 0x0,
    0x0, 0x0, 0x0, 0x0, 0x0, 0xa, 0xf5, 0x0,
    0x0, 0x0, 0x0, 0x0, 0x0, 0x0, 0x0, 0x4f,
    0xe0, 0x0, 0x0, 0x0, 0x0, 0xab, 0xbb, 0xbb,
    0xbb, 0xff, 0xcb, 0xbb, 0xbb, 0xb7, 0xe, 0xff,
    0xff, 0xff, 0xff, 0xff, 0xff, 0xff, 0xff, 0xa0,
    0x22, 0x22, 0x22, 0x22, 0x22, 0x22, 0x22, 0x22,
    0x21, 0x0, 0x0, 0x11, 0x11, 0x11, 0x11, 0x11,
    0x11, 0x0, 0x0, 0x0, 0x8f, 0xff, 0xff, 0xff,
    0xff, 0xff, 0xf6, 0x0, 0x0, 0x8, 0xfb, 0x99,
    0x99, 0x99, 0x99, 0xdf, 0x60, 0x0, 0x0, 0x8f,
    0x50, 0x0, 0x0, 0x0, 0x9, 0xf6, 0x0, 0x0,
    0x8, 0xf5, 0x0, 0x0, 0x0, 0x0, 0x9f, 0x60,
    0x0, 0x0, 0x8f, 0xee, 0xee, 0xee, 0xee, 0xef,
    0xf6, 0x0, 0x0, 0x6, 0xcc, 0xcc, 0xcf, 0xfc,
    0xcc, 0xcc, 0x50, 0x0, 0x0, 0x0, 0x0, 0x1,
    0xff, 0x0, 0x0, 0x0, 0x0, 0x0, 0x0, 0xc8,
    0x0, 0x1f, 0xf0, 0x2, 0xc6, 0x0, 0x0, 0x0,
    0xaf, 0xa0, 0x1, 0xff, 0x0, 0x2f, 0xf5, 0x0,
    0x0, 0x7f, 0xd0, 0x0, 0x1f, 0xf0, 0x0, 0x4f,
    0xf3, 0x0, 0x6f, 0xe2, 0x0, 0x1, 0xff, 0x0,
    0x0, 0x7f, 0xe1, 0xc, 0xf3, 0x2, 0xcc, 0xcf,
    0xe0, 0x0, 0x0, 0xbf, 0x40, 0x2, 0x0, 0xd,
    0xff, 0xd5, 0x0, 0x0, 0x1, 0x20, 0x0, 0x0,
    0x0, 0x0, 0x0, 0x0, 0x0, 0x0, 0x0, 0x0,

    /* U+4EC5 "仅" */
    0x0, 0x0, 0x8, 0x60, 0x0, 0x0, 0x0, 0x0,
    0x0, 0x0, 0x0, 0x0, 0x2f, 0xf0, 0x0, 0x0,
    0x0, 0x0, 0x0, 0x0, 0x0, 0x0, 0x9f, 0x8a,
    0xbb, 0xbb, 0xbb, 0xbb, 0xca, 0x10, 0x0, 0x2,
    0xff, 0x1e, 0xff, 0xff, 0xff, 0xff, 0xff, 0x0,
    0x0, 0xb, 0xf8, 0x3, 0xf9, 0x0, 0x0, 0x1,
    0xfd, 0x0, 0x0, 0x6f, 0xf3, 0x0, 0xfd, 0x0,
    0x0, 0x4, 0xf9, 0x0, 0x2, 0xff, 0xf3, 0x0,
    0xbf, 0x20, 0x0, 0x9, 0xf5, 0x0, 0x1e, 0xff,
    0xf3, 0x0, 0x6f, 0x70, 0x0, 0xe, 0xf1, 0x0,
    0x9f, 0xdb, 0xf3, 0x0, 0x1f, 0xd0, 0x0, 0x4f,
    0xb0, 0x0, 0x2e, 0x2a, 0xf3, 0x0, 0xa, 0xf4,
    0x0, 0xcf, 0x40, 0x0, 0x1, 0xa, 0xf3, 0x0,
    0x3, 0xfc, 0x4, 0xfd, 0x0, 0x0, 0x0, 0xa,
    0xf3, 0x0, 0x0, 0xcf, 0x6d, 0xf4, 0x0, 0x0,
    0x0, 0xa, 0xf3, 0x0, 0x0, 0x3f, 0xff, 0xb0,
    0x0, 0x0, 0x0, 0xa, 0xf3, 0x0, 0x0, 0xb,
    0xff, 0x20, 0x0, 0x0, 0x0, 0xa, 0xf3, 0x0,
    0x0, 0x7f, 0xff, 0xb0, 0x0, 0x0, 0x0, 0xa,
    0xf3, 0x0, 0xa, 0xff, 0x5d, 0xfc, 0x20, 0x0,
    0x0, 0xa, 0xf3, 0x5, 0xef, 0xe3, 0x1, 0xcf,
    0xf8, 0x10, 0x0, 0xa, 0xf3, 0xdf, 0xfa, 0x10,
    0x0, 0x8, 0xff, 0xe1, 0x0, 0xa, 0xf3, 0x6c,
    0x30, 0x0, 0x0, 0x0, 0x2a, 0x50, 0x0, 0x0,
    0x0, 0x0, 0x0, 0x0, 0x0, 0x0, 0x0, 0x0,

    /* U+4ECD "仍" */
    0x0, 0x0, 0x8a, 0x20, 0x0, 0x0, 0x0, 0x0,
    0x0, 0x0, 0x0, 0xe, 0xf3, 0xaa, 0xaa, 0xaa,
    0xab, 0xa4, 0x0, 0x0, 0x4, 0xfa, 0x5f, 0xff,
    0xff, 0xff, 0xff, 0x40, 0x0, 0x0, 0xbf, 0x30,
    0x14, 0xfc, 0x11, 0x1d, 0xf1, 0x0, 0x0, 0x3f,
    0xd0, 0x0, 0x3f, 0xb0, 0x0, 0xfd, 0x0, 0x0,
    0xc, 0xfb, 0x0, 0x3, 0xfb, 0x0, 0x3f, 0x90,
    0x0, 0x5, 0xff, 0xb0, 0x0, 0x4f, 0xa0, 0x6,
    0xf6, 0x0, 0x2, 0xff, 0xfb, 0x0, 0x5, 0xf9,
    0x0, 0xaf, 0xdc, 0xcb, 0x3f, 0xbf, 0xb0, 0x0,
    0x6f, 0x70, 0xd, 0xff, 0xff, 0xe0, 0xa2, 0xfb,
    0x0, 0x8, 0xf6, 0x0, 0x0, 0x0, 0xfd, 0x0,
    0x1f, 0xb0, 0x0, 0xaf, 0x30, 0x0, 0x0, 0x1f,
    0xc0, 0x1, 0xfb, 0x0, 0xd, 0xf1, 0x0, 0x0,
    0x2, 0xfb, 0x0, 0x1f, 0xb0, 0x1, 0xfd, 0x0,
    0x0, 0x0, 0x3f, 0xa0, 0x1, 0xfb, 0x0, 0x5f,
    0x90, 0x0, 0x0, 0x4, 0xf8, 0x0, 0x1f, 0xb0,
    0xb, 0xf4, 0x0, 0x0, 0x0, 0x6f, 0x70, 0x1,
    0xfb, 0x2, 0xfe, 0x0, 0x0, 0x0, 0x8, 0xf5,
    0x0, 0x1f, 0xb0, 0xbf, 0x70, 0x0, 0x0, 0x0,
    0xdf, 0x20, 0x1, 0xfb, 0x7f, 0xe0, 0x0, 0x6,
    0xcc, 0xdf, 0xd0, 0x0, 0x1f, 0xb2, 0xd4, 0x0,
    0x0, 0x3f, 0xff, 0xd3, 0x0, 0x0, 0x21, 0x0,
    0x0, 0x0, 0x0, 0x0, 0x0, 0x0,

    /* U+4ECE "从" */
    0x0, 0x0, 0x7, 0x70, 0x0, 0x0, 0x27, 0x60,
    0x0, 0x0, 0x0, 0x0, 0x1f, 0xf0, 0x0, 0x0,
    0x4f, 0xc0, 0x0, 0x0, 0x0, 0x0, 0x1f, 0xf0,
    0x0, 0x0, 0x5f, 0xb0, 0x0, 0x0, 0x0, 0x0,
    0x2f, 0xe0, 0x0, 0x0, 0x7f, 0xa0, 0x0, 0x0,
    0x0, 0x0, 0x4f, 0xc0, 0x0, 0x0, 0x8f, 0x80,
    0x0, 0x0, 0x0, 0x0, 0x5f, 0xb0, 0x0, 0x0,
    0xaf, 0x60, 0x0, 0x0, 0x0, 0x0, 0x7f, 0x90,
    0x0, 0x0, 0xcf, 0x40, 0x0, 0x0, 0x0, 0x0,
    0x8f, 0xe1, 0x0, 0x0, 0xff, 0x50, 0x0, 0x0,
    0x0, 0x0, 0xbf, 0xfc, 0x0, 0x1, 0xff, 0x90,
    0x0, 0x0, 0x0, 0x0, 0xef, 0xdf, 0x90, 0x5,
    0xff, 0xd0, 0x0, 0x0, 0x0, 0x1, 0xff, 0x1e,
    0xf4, 0x9, 0xff, 0xf3, 0x0, 0x0, 0x0, 0x5,
    0xfc, 0x5, 0xfe, 0xe, 0xfa, 0xf9, 0x0, 0x0,
    0x0, 0xa, 0xf8, 0x0, 0xbf, 0x7f, 0xf1, 0xff,
    0x10, 0x0, 0x0, 0xf, 0xf3, 0x0, 0x23, 0xbf,
    0x90, 0x8f, 0x90, 0x0, 0x0, 0x6f, 0xd0, 0x0,
    0x3, 0xff, 0x20, 0x1f, 0xf4, 0x0, 0x1, 0xef,
    0x70, 0x0, 0x1d, 0xfa, 0x0, 0x7, 0xfe, 0x20,
    0xa, 0xfe, 0x0, 0x0, 0xcf, 0xe1, 0x0, 0x0,
    0xcf, 0xe1, 0x1c, 0xf5, 0x0, 0x3, 0xef, 0x40,
    0x0, 0x0, 0x1d, 0x90, 0x0, 0x50, 0x0, 0x0,
    0x14, 0x0, 0x0, 0x0, 0x1, 0x0,

    /* U+4EF6 "件" */
    0x0, 0x0, 0xa, 0x50, 0x0, 0x0, 0xa8, 0x0,
    0x0, 0x0, 0x0, 0x0, 0x6f, 0x90, 0x7a, 0x21,
    0xfd, 0x0, 0x0, 0x0, 0x0, 0x0, 0xdf, 0x20,
    0xcf, 0x11, 0xfd, 0x0, 0x0, 0x0, 0x0, 0x5,
    0xfb, 0x0, 0xfd, 0x1, 0xfd, 0x0, 0x0, 0x0,
    0x0, 0xe, 0xf3, 0x5, 0xff, 0xee, 0xff, 0xee,
    0xee, 0x30, 0x0, 0x8f, 0xf0, 0xb, 0xff, 0xff,
    0xff, 0xff, 0xff, 0x40, 0x4, 0xff, 0xf0, 0x2f,
    0xd0, 0x1, 0xfd, 0x0, 0x0, 0x0, 0x2e, 0xff,
    0xf0, 0xaf, 0x60, 0x1, 0xfd, 0x0, 0x0, 0x0,
    0x2f, 0xbe, 0xf0, 0x29, 0x0, 0x1, 0xfd, 0x0,
    0x0, 0x0, 0x7, 0x1e, 0xf0, 0x0, 0x0, 0x1,
    0xfd, 0x0, 0x0, 0x0, 0x0, 0xe, 0xf0, 0xbf,
    0xff, 0xff, 0xff, 0xff, 0xff, 0xf3, 0x0, 0xe,
    0xf0, 0x8d, 0xdd, 0xdd, 0xff, 0xdd, 0xdd, 0xd2,
    0x0, 0xe, 0xf0, 0x0, 0x0, 0x1, 0xfd, 0x0,
    0x0, 0x0, 0x0, 0xe, 0xf0, 0x0, 0x0, 0x1,
    0xfd, 0x0, 0x0, 0x0, 0x0, 0xe, 0xf0, 0x0,
    0x0, 0x1, 0xfd, 0x0, 0x0, 0x0, 0x0, 0xe,
    0xf0, 0x0, 0x0, 0x1, 0xfd, 0x0, 0x0, 0x0,
    0x0, 0xe, 0xf0, 0x0, 0x0, 0x1, 0xfd, 0x0,
    0x0, 0x0, 0x0, 0xe, 0xf0, 0x0, 0x0, 0x1,
    0xfd, 0x0, 0x0, 0x0, 0x0, 0xd, 0xe0, 0x0,
    0x0, 0x1, 0xfd, 0x0, 0x0, 0x0,

    /* U+4F1A "会" */
    0x0, 0x0, 0x0, 0x0, 0x3, 0xc5, 0x0, 0x0,
    0x0, 0x0, 0x0, 0x0, 0x0, 0x0, 0x2e, 0xf8,
    0x0, 0x0, 0x0, 0x0, 0x0, 0x0, 0x0, 0x3,
    0xef, 0xfe, 0x40, 0x0, 0x0, 0x0, 0x0, 0x0,
    0x0, 0x5f, 0xf9, 0x4f, 0xf8, 0x0, 0x0, 0x0,
    0x0, 0x0, 0x1a, 0xff, 0x80, 0x2, 0xdf, 0xd4,
    0x0, 0x0, 0x0, 0x7, 0xff, 0xe5, 0x0, 0x0,
    0xa, 0xff, 0xb4, 0x0, 0x8, 0xef, 0xff, 0xdc,
    0xcc, 0xcc, 0xcc, 0xed, 0xff, 0xd3, 0x7, 0xfc,
    0x48, 0xff, 0xff, 0xff, 0xff, 0xf0, 0x6e, 0xb0,
    0x0, 0x40, 0x0, 0x0, 0x0, 0x0, 0x0, 0x0,
    0x0, 0x0, 0x0, 0x0, 0x0, 0x0, 0x0, 0x0,
    0x0, 0x0, 0x0, 0x0, 0x1, 0xee, 0xee, 0xee,
    0xee, 0xee, 0xee, 0xee, 0xee, 0x70, 0x1, 0xff,
    0xff, 0xff, 0xff, 0xff, 0xff, 0xff, 0xff, 0x70,
    0x0, 0x0, 0x0, 0x3f, 0xf6, 0x0, 0x5, 0x20,
    0x0, 0x0, 0x0, 0x0, 0x1, 0xef, 0x90, 0x0,
    0x5f, 0xe2, 0x0, 0x0, 0x0, 0x0, 0x1d, 0xfa,
    0x0, 0x0, 0x6, 0xfe, 0x20, 0x0, 0x0, 0x2,
    0xdf, 0xb2, 0x34, 0x56, 0x78, 0xef, 0xd1, 0x0,
    0x0, 0x2f, 0xff, 0xff, 0xff, 0xff, 0xff, 0xff,
    0xfb, 0x0, 0x0, 0xe, 0xfe, 0xdb, 0xa9, 0x76,
    0x53, 0x22, 0xef, 0x30, 0x0, 0x2, 0x0, 0x0,
    0x0, 0x0, 0x0, 0x0, 0x43, 0x0,

    /* U+4F20 "传" */
    0x0, 0x0, 0x1b, 0x60, 0x0, 0x9, 0x90, 0x0,
    0x0, 0x0, 0x0, 0x0, 0x6f, 0x80, 0x0, 0xf,
    0xd0, 0x0, 0x0, 0x0, 0x0, 0x0, 0xef, 0x2b,
    0xbb, 0xcf, 0xeb, 0xbb, 0xbb, 0x20, 0x0, 0x6,
    0xfa, 0xf, 0xff, 0xff, 0xff, 0xff, 0xff, 0x30,
    0x0, 0x1e, 0xf2, 0x0, 0x0, 0xdf, 0x20, 0x0,
    0x0, 0x0, 0x0, 0xaf, 0xd0, 0x0, 0x1, 0xfd,
    0x0, 0x0, 0x0, 0x0, 0x5, 0xff, 0xd2, 0xcc,
    0xcd, 0xfe, 0xcc, 0xcc, 0xcc, 0xc2, 0x3f, 0xff,
    0xd2, 0xff, 0xff, 0xff, 0xff, 0xff, 0xff, 0xf2,
    0x6f, 0x8f, 0xd0, 0x0, 0xf, 0xf0, 0x0, 0x0,
    0x0, 0x0, 0x8, 0xf, 0xd0, 0x0, 0x4f, 0xb0,
    0x0, 0x0, 0x10, 0x0, 0x0, 0xf, 0xd0, 0x0,
    0x9f, 0xff, 0xff, 0xff, 0xfd, 0x10, 0x0, 0xf,
    0xd0, 0x0, 0xab, 0xbb, 0xbb, 0xbf, 0xf9, 0x0,
    0x0, 0xf, 0xd0, 0x0, 0x0, 0x0, 0x0, 0x9f,
    0xb0, 0x0, 0x0, 0xf, 0xd0, 0x0, 0x0, 0x40,
    0x8, 0xfd, 0x0, 0x0, 0x0, 0xf, 0xd0, 0x0,
    0x7, 0xfd, 0x8f, 0xe1, 0x0, 0x0, 0x0, 0xf,
    0xd0, 0x0, 0x0, 0xaf, 0xff, 0x20, 0x0, 0x0,
    0x0, 0xf, 0xd0, 0x0, 0x0, 0x6, 0xff, 0xb0,
    0x0, 0x0, 0x0, 0xf, 0xd0, 0x0, 0x0, 0x0,
    0x3e, 0xfa, 0x0, 0x0, 0x0, 0xf, 0xd0, 0x0,
    0x0, 0x0, 0x1, 0xc2, 0x0, 0x0, 0x0, 0x0,
    0x0, 0x0, 0x0, 0x0, 0x0, 0x0, 0x0, 0x0,

    /* U+4F4D "位" */
    0x0, 0x0, 0x6, 0x30, 0x0, 0x7, 0xc0, 0x0,
    0x0, 0x0, 0x0, 0x2, 0xfd, 0x0, 0x0, 0xaf,
    0x50, 0x0, 0x0, 0x0, 0x0, 0xaf, 0x60, 0x0,
    0x5, 0xfa, 0x0, 0x0, 0x0, 0x0, 0x2f, 0xe0,
    0x12, 0x22, 0x3c, 0x72, 0x22, 0x20, 0x0, 0xb,
    0xf7, 0xd, 0xff, 0xff, 0xff, 0xff, 0xff, 0x20,
    0x5, 0xff, 0x10, 0x9b, 0xbb, 0xbb, 0xbb, 0xbb,
    0xb1, 0x2, 0xff, 0xf1, 0x0, 0x3, 0x0, 0x0,
    0x5, 0x40, 0x1, 0xdf, 0xff, 0x10, 0x8, 0xf5,
    0x0, 0x0, 0xff, 0x0, 0x4f, 0xcd, 0xf1, 0x0,
    0x4f, 0x80, 0x0, 0x1f, 0xd0, 0x0, 0xa1, 0xdf,
    0x10, 0x2, 0xfb, 0x0, 0x4, 0xfa, 0x0, 0x0,
    0xd, 0xf1, 0x0, 0xf, 0xe0, 0x0, 0x7f, 0x70,
    0x0, 0x0, 0xdf, 0x10, 0x0, 0xcf, 0x10, 0x9,
    0xf3, 0x0, 0x0, 0xd, 0xf1, 0x0, 0xa, 0xf4,
    0x0, 0xdf, 0x0, 0x0, 0x0, 0xdf, 0x10, 0x0,
    0x8f, 0x60, 0xf, 0xc0, 0x0, 0x0, 0xd, 0xf1,
    0x0, 0x6, 0xf7, 0x4, 0xf8, 0x0, 0x0, 0x0,
    0xdf, 0x10, 0x0, 0x11, 0x0, 0x8f, 0x40, 0x0,
    0x0, 0xd, 0xf1, 0xaf, 0xff, 0xff, 0xff, 0xff,
    0xff, 0xe0, 0x0, 0xdf, 0x19, 0xdd, 0xdd, 0xdd,
    0xdd, 0xdd, 0xdc, 0x0, 0xd, 0xf1, 0x0, 0x0,
    0x0, 0x0, 0x0, 0x0, 0x0,

    /* U+4F59 "余" */
    0x0, 0x0, 0x0, 0x0, 0x0, 0x0, 0x0, 0x0,
    0x0, 0x0, 0x0, 0x0, 0x0, 0x0, 0x7, 0xc2,
    0x0, 0x0, 0x0, 0x0, 0x0, 0x0, 0x0, 0x0,
    0x6f, 0xf7, 0x0, 0x0, 0x0, 0x0, 0x0, 0x0,
    0x0, 0x8, 0xfd, 0xdf, 0x80, 0x0, 0x0, 0x0,
    0x0, 0x0, 0x1, 0xbf, 0xd1, 0x1d, 0xfb, 0x10,
    0x0, 0x0, 0x0, 0x0, 0x5e, 0xfa, 0x0, 0x1,
    0xbf, 0xf6, 0x0, 0x0, 0x0, 0x2b, 0xff, 0x70,
    0x0, 0x0, 0x7, 0xff, 0xd6, 0x0, 0x2a, 0xff,
    0xee, 0xcc, 0xcc, 0xcc, 0xcc, 0xec, 0xff, 0xe4,
    0x1e, 0xe6, 0x3f, 0xff, 0xff, 0xff, 0xff, 0xf2,
    0x4c, 0xc0, 0x2, 0x0, 0x0, 0x0, 0xf, 0xf1,
    0x0, 0x0, 0x0, 0x0, 0x0, 0x0, 0x0, 0x0,
    0xf, 0xf1, 0x0, 0x0, 0x0, 0x0, 0x0, 0xdd,
    0xdd, 0xdd, 0xdf, 0xfd, 0xdd, 0xdd, 0xdd, 0x20,
    0x0, 0xff, 0xff, 0xff, 0xff, 0xff, 0xff, 0xff,
    0xff, 0x30, 0x0, 0x0, 0x0, 0x0, 0xf, 0xf1,
    0x0, 0x0, 0x0, 0x0, 0x0, 0x0, 0x2d, 0x70,
    0xf, 0xf1, 0x8, 0xd2, 0x0, 0x0, 0x0, 0x1,
    0xef, 0x60, 0xf, 0xf1, 0x9, 0xfe, 0x20, 0x0,
    0x0, 0x2e, 0xf8, 0x0, 0xf, 0xf1, 0x0, 0x8f,
    0xe2, 0x0, 0x5, 0xff, 0x80, 0x0, 0xf, 0xf1,
    0x0, 0x8, 0xfe, 0x20, 0x6, 0xf7, 0x0, 0x9c,
    0xdf, 0xf0, 0x0, 0x0, 0xad, 0x30, 0x0, 0x10,
    0x0, 0x5f, 0xfd, 0x50, 0x0, 0x0, 0x0, 0x0,

    /* U+4F5C "作" */
    0x0, 0x0, 0xa, 0x60, 0x0, 0x85, 0x0, 0x0,
    0x0, 0x0, 0x0, 0x0, 0x4f, 0xc0, 0x3, 0xfb,
    0x0, 0x0, 0x0, 0x0, 0x0, 0x0, 0xbf, 0x50,
    0x9, 0xf5, 0x0, 0x0, 0x0, 0x0, 0x0, 0x3,
    0xfd, 0x0, 0x1f, 0xf9, 0x99, 0x99, 0x99, 0x90,
    0x0, 0xc, 0xf6, 0x0, 0x9f, 0xff, 0xff, 0xff,
    0xff, 0xf0, 0x0, 0x6f, 0xf1, 0x2, 0xfe, 0x3e,
    0xf4, 0x33, 0x33, 0x30, 0x2, 0xff, 0xf1, 0xc,
    0xf6, 0xd, 0xf1, 0x0, 0x0, 0x0, 0x1d, 0xff,
    0xf1, 0x8f, 0xc0, 0xd, 0xf2, 0x0, 0x0, 0x0,
    0x4f, 0xdd, 0xf1, 0xaf, 0x20, 0xd, 0xff, 0xff,
    0xff, 0x90, 0xa, 0x2d, 0xf1, 0x3, 0x0, 0xd,
    0xfb, 0xbb, 0xbb, 0x60, 0x0, 0xd, 0xf1, 0x0,
    0x0, 0xd, 0xf1, 0x0, 0x0, 0x0, 0x0, 0xd,
    0xf1, 0x0, 0x0, 0xd, 0xf1, 0x0, 0x0, 0x0,
    0x0, 0xd, 0xf1, 0x0, 0x0, 0xd, 0xfd, 0xcc,
    0xcc, 0xa0, 0x0, 0xd, 0xf1, 0x0, 0x0, 0xd,
    0xff, 0xff, 0xff, 0xd0, 0x0, 0xd, 0xf1, 0x0,
    0x0, 0xd, 0xf1, 0x0, 0x0, 0x0, 0x0, 0xd,
    0xf1, 0x0, 0x0, 0xd, 0xf1, 0x0, 0x0, 0x0,
    0x0, 0xd, 0xf1, 0x0, 0x0, 0xd, 0xf1, 0x0,
    0x0, 0x0, 0x0, 0xd, 0xf1, 0x0, 0x0, 0xd,
    0xf1, 0x0, 0x0, 0x0, 0x0, 0xc, 0xf1, 0x0,
    0x0, 0xd, 0xf1, 0x0, 0x0, 0x0,

    /* U+4F7F "使" */
    0x0, 0x0, 0xc, 0x80, 0x0, 0x1, 0xc9, 0x0,
    0x0, 0x0, 0x0, 0x0, 0x5f, 0xb0, 0x0, 0x1,
    0xfc, 0x0, 0x0, 0x0, 0x0, 0x0, 0xdf, 0x8c,
    0xcc, 0xcc, 0xff, 0xcc, 0xcc, 0xc4, 0x0, 0x6,
    0xfb, 0x6f, 0xff, 0xff, 0xff, 0xff, 0xff, 0xf5,
    0x0, 0x1e, 0xf4, 0x0, 0x0, 0x1, 0xfc, 0x0,
    0x0, 0x0, 0x0, 0xbf, 0xf1, 0x8, 0x88, 0x89,
    0xfe, 0x88, 0x88, 0x60, 0x8, 0xff, 0xf1, 0xf,
    0xff, 0xff, 0xff, 0xff, 0xff, 0xc0, 0x6f, 0xff,
    0xf1, 0xf, 0xb0, 0x2, 0xfc, 0x0, 0x1f, 0xc0,
    0x4f, 0x8b, 0xf1, 0xf, 0xb0, 0x1, 0xfc, 0x0,
    0x1f, 0xc0, 0x8, 0xb, 0xf1, 0xf, 0xb0, 0x2,
    0xfc, 0x0, 0x1f, 0xc0, 0x0, 0xb, 0xf1, 0xf,
    0xff, 0xff, 0xff, 0xff, 0xff, 0xc0, 0x0, 0xb,
    0xf1, 0x8, 0x98, 0x8a, 0xfd, 0x88, 0x88, 0x60,
    0x0, 0xb, 0xf1, 0xb, 0xe1, 0x6, 0xf8, 0x0,
    0x0, 0x0, 0x0, 0xb, 0xf1, 0x4, 0xfc, 0x1b,
    0xf3, 0x0, 0x0, 0x0, 0x0, 0xb, 0xf1, 0x0,
    0x6f, 0xef, 0xd0, 0x0, 0x0, 0x0, 0x0, 0xb,
    0xf1, 0x0, 0x9, 0xff, 0xc3, 0x0, 0x0, 0x0,
    0x0, 0xb, 0xf1, 0x2, 0xaf, 0xfd, 0xff, 0xd8,
    0x41, 0x0, 0x0, 0xb, 0xf2, 0xcf, 0xfd, 0x40,
    0x4a, 0xff, 0xff, 0xe4, 0x0, 0xb, 0xf1, 0x6c,
    0x60, 0x0, 0x0, 0x5, 0x9c, 0xa0,

    /* U+4FDD "保" */
    0x0, 0x0, 0x9, 0x81, 0x0, 0x0, 0x0, 0x0,
    0x0, 0x0, 0x0, 0x0, 0x2f, 0xe2, 0xff, 0xff,
    0xff, 0xff, 0xff, 0x0, 0x0, 0x0, 0xaf, 0x72,
    0xfe, 0xbb, 0xbb, 0xbb, 0xff, 0x0, 0x0, 0x3,
    0xfe, 0x2, 0xf9, 0x0, 0x0, 0x0, 0xdf, 0x0,
    0x0, 0xc, 0xf7, 0x2, 0xf9, 0x0, 0x0, 0x0,
    0xdf, 0x0, 0x0, 0x8f, 0xf1, 0x2, 0xfa, 0x11,
    0x11, 0x11, 0xdf, 0x0, 0x4, 0xff, 0xf1, 0x2,
    0xff, 0xff, 0xff, 0xff, 0xff, 0x0, 0x3f, 0xff,
    0xf1, 0x1, 0xaa, 0xaa, 0xff, 0xaa, 0xaa, 0x0,
    0x4f, 0xbb, 0xf1, 0x0, 0x0, 0x1, 0xfd, 0x0,
    0x0, 0x0, 0x9, 0xb, 0xf1, 0x0, 0x0, 0x2,
    0xfd, 0x0, 0x0, 0x0, 0x0, 0xb, 0xf1, 0xaf,
    0xff, 0xff, 0xff, 0xff, 0xff, 0xf4, 0x0, 0xb,
    0xf1, 0x7b, 0xbb, 0xcf, 0xff, 0xfb, 0xbb, 0xb2,
    0x0, 0xb, 0xf1, 0x0, 0x0, 0xaf, 0xff, 0xf6,
    0x0, 0x0, 0x0, 0xb, 0xf1, 0x0, 0x8, 0xfb,
    0xfd, 0xdf, 0x30, 0x0, 0x0, 0xb, 0xf1, 0x0,
    0x7f, 0xd2, 0xfd, 0x3f, 0xe3, 0x0, 0x0, 0xb,
    0xf1, 0x9, 0xfe, 0x21, 0xfd, 0x6, 0xff, 0x40,
    0x0, 0xb, 0xf3, 0xdf, 0xe3, 0x1, 0xfd, 0x0,
    0x8f, 0xf7, 0x0, 0xb, 0xf1, 0x7c, 0x20, 0x1,
    0xfd, 0x0, 0x8, 0xd1, 0x0, 0xb, 0xf1, 0x0,
    0x0, 0x1, 0xfd, 0x0, 0x0, 0x0,

    /* U+5019 "候" */
    0x0, 0x0, 0x68, 0x10, 0x0, 0x0, 0x0, 0x0,
    0x0, 0x0, 0x0, 0x0, 0xcf, 0x10, 0xa, 0xff,
    0xff, 0xff, 0xf9, 0x0, 0x0, 0x2, 0xfc, 0x0,
    0x6, 0x99, 0x99, 0x9b, 0xf8, 0x0, 0x0, 0x8,
    0xf6, 0x0, 0x0, 0x0, 0x0, 0x6, 0xf6, 0x0,
    0x0, 0x1f, 0xe0, 0x75, 0x12, 0x22, 0x22, 0x29,
    0xf6, 0x20, 0x0, 0x8f, 0xb0, 0xeb, 0xaf, 0xff,
    0xff, 0xff, 0xff, 0xf4, 0x1, 0xff, 0xb0, 0xeb,
    0x35, 0xac, 0x65, 0x55, 0x55, 0x51, 0xb, 0xff,
    0xb0, 0xeb, 0x0, 0xdf, 0x10, 0x0, 0x0, 0x0,
    0x1f, 0xef, 0xb0, 0xeb, 0x4, 0xff, 0xff, 0xff,
    0xff, 0xa0, 0x9, 0x5f, 0xb0, 0xeb, 0xd, 0xfb,
    0xaf, 0xfa, 0xaa, 0x70, 0x0, 0x1f, 0xb0, 0xeb,
    0x9f, 0x80, 0xf, 0xd0, 0x0, 0x0, 0x0, 0x1f,
    0xb0, 0xeb, 0x18, 0x0, 0xf, 0xd0, 0x0, 0x0,
    0x0, 0x1f, 0xb0, 0xeb, 0x9f, 0xff, 0xff, 0xff,
    0xff, 0xf4, 0x0, 0x1f, 0xb0, 0xeb, 0x7b, 0xbb,
    0xdf, 0xfc, 0xbb, 0xb3, 0x0, 0x1f, 0xb0, 0xeb,
    0x0, 0x0, 0xaf, 0xf7, 0x0, 0x0, 0x0, 0x1f,
    0xb0, 0x0, 0x0, 0x7, 0xfc, 0xdf, 0x40, 0x0,
    0x0, 0x1f, 0xb0, 0x0, 0x1, 0xaf, 0xd1, 0x3f,
    0xf9, 0x10, 0x0, 0x1f, 0xb0, 0x1, 0xaf, 0xfa,
    0x10, 0x3, 0xef, 0xf5, 0x0, 0x1f, 0xb0, 0x0,
    0x8b, 0x40, 0x0, 0x0, 0x7, 0xa0,

    /* U+503C "值" */
    0x0, 0x0, 0xb, 0x60, 0x0, 0x2, 0xda, 0x0,
    0x0, 0x0, 0x0, 0x0, 0x6f, 0x90, 0x0, 0x4,
    0xfa, 0x0, 0x0, 0x0, 0x0, 0x0, 0xdf, 0x5f,
    0xff, 0xff, 0xff, 0xff, 0xff, 0xe0, 0x0, 0x5,
    0xfb, 0x1b, 0xbb, 0xbe, 0xfb, 0xbb, 0xbb, 0xa0,
    0x0, 0xe, 0xf3, 0x0, 0x0, 0xb, 0xf0, 0x0,
    0x0, 0x0, 0x0, 0x9f, 0xc0, 0x3, 0x77, 0x7f,
    0xe7, 0x77, 0x74, 0x0, 0x5, 0xff, 0xc0, 0x6,
    0xff, 0xff, 0xff, 0xff, 0xf9, 0x0, 0x2f, 0xff,
    0xc0, 0x6, 0xf4, 0x0, 0x0, 0x3, 0xf9, 0x0,
    0x1f, 0x9f, 0xc0, 0x6, 0xff, 0xff, 0xff, 0xff,
    0xf9, 0x0, 0x5, 0xf, 0xc0, 0x6, 0xf9, 0x66,
    0x66, 0x68, 0xf9, 0x0, 0x0, 0xf, 0xc0, 0x6,
    0xf4, 0x0, 0x0, 0x3, 0xf9, 0x0, 0x0, 0xf,
    0xc0, 0x6, 0xff, 0xff, 0xff, 0xff, 0xf9, 0x0,
    0x0, 0xf, 0xc0, 0x6, 0xf8, 0x55, 0x55, 0x57,
    0xf9, 0x0, 0x0, 0xf, 0xc0, 0x6, 0xf7, 0x33,
    0x33, 0x35, 0xf9, 0x0, 0x0, 0xf, 0xc0, 0x6,
    0xff, 0xff, 0xff, 0xff, 0xf9, 0x0, 0x0, 0xf,
    0xc0, 0x6, 0xf6, 0x22, 0x22, 0x25, 0xf9, 0x0,
    0x0, 0xf, 0xc1, 0x6a, 0xf9, 0x66, 0x66, 0x68,
    0xfc, 0x61, 0x0, 0xf, 0xc3, 0xff, 0xff, 0xff,
    0xff, 0xff, 0xff, 0xf3, 0x0, 0xf, 0xc3, 0xff,
    0xff, 0xff, 0xff, 0xff, 0xff, 0xf3,

    /* U+505C "停" */
    0x0, 0x0, 0x0, 0x0, 0x0, 0x0, 0x10, 0x0,
    0x0, 0x0, 0x0, 0x0, 0x3e, 0x50, 0x0, 0x5,
    0xf8, 0x0, 0x0, 0x0, 0x0, 0x0, 0x9f, 0x86,
    0x66, 0x67, 0xff, 0x76, 0x66, 0x61, 0x0, 0x1,
    0xfe, 0x9f, 0xff, 0xff, 0xff, 0xff, 0xff, 0xf4,
    0x0, 0x8, 0xf7, 0x12, 0x22, 0x22, 0x22, 0x22,
    0x22, 0x20, 0x0, 0x1f, 0xe0, 0x1, 0xee, 0xee,
    0xee, 0xee, 0xea, 0x0, 0x0, 0xaf, 0xb0, 0x1,
    0xfd, 0x66, 0x66, 0x67, 0xfc, 0x0, 0x5, 0xff,
    0xb0, 0x1, 0xfc, 0x0, 0x0, 0x1, 0xfc, 0x0,
    0x2f, 0xff, 0xb0, 0x1, 0xff, 0xff, 0xff, 0xff,
    0xfc, 0x0, 0x2f, 0xaf, 0xb0, 0x0, 0x55, 0x55,
    0x55, 0x55, 0x54, 0x0, 0x6, 0x1f, 0xb0, 0x89,
    0x99, 0x99, 0x99, 0x99, 0x99, 0x93, 0x0, 0xf,
    0xb0, 0xef, 0xff, 0xff, 0xff, 0xff, 0xff, 0xf5,
    0x0, 0xf, 0xb0, 0xeb, 0x0, 0x0, 0x0, 0x0,
    0x5, 0xf5, 0x0, 0xf, 0xb0, 0xc9, 0x8b, 0xbb,
    0xbb, 0xbb, 0xb8, 0xd4, 0x0, 0xf, 0xb0, 0x0,
    0xad, 0xdd, 0xff, 0xdd, 0xd4, 0x0, 0x0, 0xf,
    0xb0, 0x0, 0x0, 0x1, 0xfd, 0x0, 0x0, 0x0,
    0x0, 0xf, 0xb0, 0x0, 0x0, 0x1, 0xfd, 0x0,
    0x0, 0x0, 0x0, 0xf, 0xb0, 0x0, 0x0, 0x1,
    0xfd, 0x0, 0x0, 0x0, 0x0, 0xf, 0xb0, 0x0,
    0x8, 0x9a, 0xfc, 0x0, 0x0, 0x0, 0x0, 0xf,
    0xb0, 0x0, 0x9, 0xff, 0xe5, 0x0, 0x0, 0x0,
    0x0, 0x1, 0x0, 0x0, 0x0, 0x0, 0x0, 0x0,
    0x0, 0x0,

    /* U+5065 "健" */
    0x0, 0x0, 0xc7, 0x0, 0x0, 0x0, 0x8, 0xd0,
    0x0, 0x0, 0x0, 0x3, 0xfb, 0x99, 0x9a, 0x26,
    0x6c, 0xf6, 0x66, 0x10, 0x0, 0x9, 0xf6, 0xff,
    0xff, 0x4f, 0xff, 0xff, 0xff, 0x30, 0x0, 0xe,
    0xe0, 0x1, 0xed, 0x0, 0xa, 0xf0, 0x4f, 0x30,
    0x0, 0x6f, 0xa0, 0x6, 0xf5, 0x67, 0x7c, 0xf7,
    0x9f, 0x94, 0x0, 0xdf, 0x90, 0xd, 0xd0, 0xdf,
    0xff, 0xff, 0xff, 0xf8, 0x7, 0xff, 0x90, 0x6f,
    0x50, 0x0, 0xa, 0xf0, 0x4f, 0x30, 0x1f, 0xff,
    0x93, 0xff, 0xcb, 0x3f, 0xff, 0xff, 0xff, 0x30,
    0xd, 0xaf, 0x96, 0xdc, 0xdf, 0x46, 0x6c, 0xf6,
    0x66, 0x10, 0x4, 0x2f, 0x90, 0x0, 0x7f, 0x23,
    0x3b, 0xf3, 0x33, 0x10, 0x0, 0x1f, 0x91, 0x50,
    0x9f, 0x3f, 0xff, 0xff, 0xff, 0x60, 0x0, 0x1f,
    0x97, 0xf0, 0xcc, 0x3, 0x3b, 0xf3, 0x33, 0x10,
    0x0, 0x1f, 0x92, 0xf6, 0xf9, 0x57, 0x7c, 0xf7,
    0x77, 0x70, 0x0, 0x1f, 0x90, 0xcf, 0xf4, 0xbf,
    0xff, 0xff, 0xff, 0xf0, 0x0, 0x1f, 0x90, 0x5f,
    0xe0, 0x0, 0xa, 0xf0, 0x0, 0x0, 0x0, 0x1f,
    0x90, 0x2f, 0xf5, 0x0, 0xa, 0xf0, 0x0, 0x0,
    0x0, 0x1f, 0x90, 0xcf, 0xdf, 0xa3, 0x2, 0x30,
    0x0, 0x0, 0x0, 0x1f, 0x9a, 0xf5, 0x1a, 0xff,
    0xeb, 0xa9, 0x99, 0xa4, 0x0, 0x1f, 0xab, 0x70,
    0x0, 0x28, 0xce, 0xff, 0xff, 0xf1, 0x0, 0x0,
    0x0, 0x0, 0x0, 0x0, 0x0, 0x0, 0x0, 0x0,

    /* U+50A8 "储" */
    0x0, 0x0, 0xb5, 0x0, 0x0, 0x0, 0x8c, 0x0,
    0x1, 0x0, 0x0, 0x5, 0xf7, 0x62, 0x0, 0x0,
    0xaf, 0x10, 0xd, 0xe0, 0x0, 0xb, 0xf4, 0xee,
    0x20, 0xaa, 0xef, 0xba, 0x7f, 0x80, 0x0, 0x2f,
    0xc0, 0x3f, 0xd1, 0xff, 0xff, 0xff, 0xff, 0x10,
    0x0, 0x9f, 0x50, 0x4, 0xa1, 0x0, 0xaf, 0x16,
    0xf8, 0x0, 0x1, 0xff, 0x10, 0x0, 0x0, 0x11,
    0xbf, 0x3e, 0xe2, 0x10, 0xa, 0xff, 0x1b, 0xcc,
    0x6a, 0xff, 0xff, 0xff, 0xff, 0xf4, 0x5f, 0xff,
    0x1f, 0xff, 0x87, 0xcc, 0xcf, 0xfd, 0xcc, 0xc3,
    0x6f, 0xdf, 0x10, 0x2f, 0x80, 0x0, 0x8f, 0xa0,
    0x0, 0x0, 0x9, 0x8f, 0x10, 0x1f, 0x80, 0xa,
    0xfb, 0x10, 0x0, 0x0, 0x0, 0x8f, 0x10, 0x1f,
    0x83, 0xdf, 0xff, 0xff, 0xff, 0x80, 0x0, 0x8f,
    0x10, 0x1f, 0x8b, 0xff, 0xe8, 0x88, 0x9f, 0x80,
    0x0, 0x8f, 0x10, 0x1f, 0x81, 0x3c, 0xd0, 0x0,
    0x2f, 0x80, 0x0, 0x8f, 0x10, 0x1f, 0x80, 0xc,
    0xff, 0xff, 0xff, 0x80, 0x0, 0x8f, 0x10, 0x1f,
    0xaa, 0x4c, 0xe6, 0x66, 0x7f, 0x80, 0x0, 0x8f,
    0x10, 0x4f, 0xff, 0x5c, 0xd0, 0x0, 0x2f, 0x80,
    0x0, 0x8f, 0x10, 0xbf, 0xb2, 0xc, 0xff, 0xff,
    0xff, 0x80, 0x0, 0x8f, 0x10, 0x66, 0x0, 0xc,
    0xf9, 0x99, 0xaf, 0x80, 0x0, 0x8f, 0x10, 0x0,
    0x0, 0xc, 0xd0, 0x0, 0x2f, 0x80, 0x0, 0x1,
    0x0, 0x0, 0x0, 0x1, 0x10, 0x0, 0x0, 0x0,

    /* U+50CF "像" */
    0x0, 0x0, 0x2a, 0x40, 0x8, 0xb2, 0x0, 0x0,
    0x0, 0x0, 0x0, 0x0, 0x8f, 0x60, 0x3f, 0xf7,
    0x77, 0x70, 0x0, 0x0, 0x0, 0x0, 0xef, 0x10,
    0xdf, 0xff, 0xff, 0xf6, 0x0, 0x0, 0x0, 0x7,
    0xf9, 0xa, 0xf7, 0x0, 0x2f, 0xc0, 0x0, 0x0,
    0x0, 0x1e, 0xf2, 0xaf, 0xe7, 0x77, 0xdf, 0x97,
    0x77, 0x0, 0x0, 0x9f, 0xc9, 0xff, 0xff, 0xff,
    0xff, 0xff, 0xff, 0x10, 0x4, 0xff, 0xc1, 0x6e,
    0xc0, 0x3, 0xf6, 0x0, 0xbf, 0x10, 0x1e, 0xff,
    0xc0, 0xe, 0xd7, 0x7b, 0xf8, 0x77, 0xdf, 0x10,
    0x4f, 0xbf, 0xc0, 0xe, 0xff, 0xff, 0xff, 0xff,
    0xff, 0x0, 0xa, 0x1f, 0xc0, 0x0, 0x1a, 0xff,
    0x10, 0x0, 0x1, 0x0, 0x0, 0xf, 0xc0, 0x28,
    0xff, 0x9f, 0xc0, 0x4, 0xde, 0x10, 0x0, 0xf,
    0xc1, 0xdf, 0x92, 0x3e, 0xf9, 0xaf, 0xe6, 0x0,
    0x0, 0xf, 0xc0, 0x10, 0x19, 0xf9, 0xdf, 0xef,
    0x80, 0x0, 0x0, 0xf, 0xc0, 0x4a, 0xfd, 0x42,
    0xef, 0x3c, 0xe0, 0x0, 0x0, 0xf, 0xc0, 0xbe,
    0x60, 0x6f, 0xff, 0x55, 0xf8, 0x0, 0x0, 0xf,
    0xc0, 0x0, 0x4c, 0xfa, 0x5f, 0x60, 0xcf, 0x60,
    0x0, 0xf, 0xc1, 0x7d, 0xfd, 0x50, 0x7f, 0x50,
    0x2f, 0xf3, 0x0, 0xf, 0xc1, 0xdd, 0x60, 0x79,
    0xff, 0x10, 0x3, 0x70, 0x0, 0xf, 0xc0, 0x10,
    0x0, 0x8f, 0xe4, 0x0, 0x0, 0x0, 0x0, 0x0,
    0x0, 0x0, 0x0, 0x0, 0x0, 0x0, 0x0, 0x0,

    /* U+5145 "充" */
    0x0, 0x0, 0x0, 0x0, 0x0, 0x0, 0x0, 0x0,
    0x0, 0x0, 0x0, 0x0, 0x0, 0x4c, 0xa0, 0x0,
    0x0, 0x0, 0x0, 0x0, 0x0, 0x0, 0x1, 0xef,
    0x50, 0x0, 0x0, 0x0, 0x0, 0x0, 0x0, 0x0,
    0x7, 0xfa, 0x0, 0x0, 0x0, 0x0, 0x6c, 0xcc,
    0xcc, 0xcc, 0xde, 0xcc, 0xcc, 0xcc, 0xcb, 0x8,
    0xff, 0xff, 0xff, 0xff, 0xff, 0xff, 0xff, 0xff,
    0xe0, 0x0, 0x0, 0x1d, 0xfb, 0x0, 0x1, 0x71,
    0x0, 0x0, 0x0, 0x0, 0xa, 0xfc, 0x0, 0x0,
    0xaf, 0xc1, 0x0, 0x0, 0x0, 0x9, 0xfd, 0x10,
    0x0, 0x0, 0xaf, 0xe2, 0x0, 0x0, 0x9, 0xff,
    0x87, 0x89, 0x9a, 0xbb, 0xff, 0xe3, 0x0, 0x7,
    0xff, 0xff, 0xff, 0xff, 0xff, 0xff, 0xff, 0xe2,
    0x0, 0x1c, 0x87, 0xaf, 0xc3, 0x2b, 0xf7, 0x0,
    0xcf, 0x50, 0x0, 0x0, 0x8, 0xf9, 0x0, 0xaf,
    0x70, 0x1, 0x20, 0x0, 0x0, 0x0, 0xaf, 0x60,
    0xa, 0xf7, 0x0, 0x0, 0x0, 0x0, 0x0, 0xe,
    0xf3, 0x0, 0xaf, 0x70, 0x0, 0x10, 0x0, 0x0,
    0x5, 0xfe, 0x0, 0xa, 0xf7, 0x0, 0x5, 0xe4,
    0x0, 0x2, 0xef, 0x70, 0x0, 0xaf, 0x70, 0x0,
    0x6f, 0x60, 0x4, 0xef, 0xc0, 0x0, 0xa, 0xf7,
    0x0, 0x9, 0xf4, 0x4c, 0xff, 0xc1, 0x0, 0x0,
    0x7f, 0xfd, 0xdd, 0xff, 0x14, 0xfe, 0x70, 0x0,
    0x0, 0x1, 0xbf, 0xff, 0xfe, 0x60, 0x4, 0x0,
    0x0, 0x0, 0x0, 0x0, 0x0, 0x0, 0x0, 0x0,

    /* U+5148 "先" */
    0x0, 0x0, 0x25, 0x10, 0xd, 0xe0, 0x0, 0x0,
    0x0, 0x0, 0x0, 0x0, 0x9f, 0x60, 0xf, 0xf0,
    0x0, 0x0, 0x0, 0x0, 0x0, 0x0, 0xef, 0x10,
    0xf, 0xf0, 0x0, 0x0, 0x0, 0x0, 0x0, 0x4,
    0xff, 0xff, 0xff, 0xff, 0xff, 0xff, 0xf5, 0x0,
    0x0, 0xa, 0xfe, 0xdd, 0xdf, 0xfd, 0xdd, 0xdd,
    0xd5, 0x0, 0x0, 0x3f, 0xe0, 0x0, 0xf, 0xf0,
    0x0, 0x0, 0x0, 0x0, 0x0, 0xcf, 0x60, 0x0,
    0xf, 0xf0, 0x0, 0x0, 0x0, 0x0, 0x0, 0x39,
    0x0, 0x0, 0xf, 0xf0, 0x0, 0x0, 0x0, 0x0,
    0x5, 0x66, 0x66, 0x66, 0x6f, 0xf6, 0x66, 0x66,
    0x66, 0x50, 0xd, 0xff, 0xff, 0xff, 0xff, 0xff,
    0xff, 0xff, 0xff, 0xe0, 0x6, 0x77, 0x77, 0xef,
    0x87, 0x7b, 0xfb, 0x77, 0x77, 0x60, 0x0, 0x0,
    0x0, 0xff, 0x0, 0x6, 0xf7, 0x0, 0x0, 0x0,
    0x0, 0x0, 0x2, 0xfd, 0x0, 0x6, 0xf7, 0x0,
    0x0, 0x0, 0x0, 0x0, 0x7, 0xf9, 0x0, 0x6,
    0xf7, 0x0, 0x0, 0x0, 0x0, 0x0, 0xd, 0xf4,
    0x0, 0x6, 0xf7, 0x0, 0x7, 0x50, 0x0, 0x0,
    0x8f, 0xd0, 0x0, 0x6, 0xf7, 0x0, 0xa, 0xf0,
    0x0, 0x9, 0xff, 0x30, 0x0, 0x6, 0xf8, 0x0,
    0xd, 0xf0, 0x7, 0xef, 0xf5, 0x0, 0x0, 0x4,
    0xff, 0xcc, 0xdf, 0xb0, 0x8, 0xfb, 0x20, 0x0,
    0x0, 0x0, 0xbf, 0xff, 0xfd, 0x30, 0x0, 0x30,
    0x0, 0x0, 0x0, 0x0, 0x0, 0x0, 0x0, 0x0,

    /* U+5165 "入" */
    0x0, 0x0, 0x0, 0x32, 0x0, 0x0, 0x0, 0x0,
    0x0, 0x0, 0x0, 0x0, 0x0, 0xdf, 0x40, 0x0,
    0x0, 0x0, 0x0, 0x0, 0x0, 0x0, 0x0, 0xaf,
    0xf3, 0x0, 0x0, 0x0, 0x0, 0x0, 0x0, 0x0,
    0x0, 0x8, 0xfe, 0x10, 0x0, 0x0, 0x0, 0x0,
    0x0, 0x0, 0x0, 0x0, 0xbf, 0xb0, 0x0, 0x0,
    0x0, 0x0, 0x0, 0x0, 0x0, 0x0, 0x3f, 0xf6,
    0x0, 0x0, 0x0, 0x0, 0x0, 0x0, 0x0, 0x0,
    0x7f, 0xfe, 0x0, 0x0, 0x0, 0x0, 0x0, 0x0,
    0x0, 0x0, 0xbf, 0xff, 0x70, 0x0, 0x0, 0x0,
    0x0, 0x0, 0x0, 0x1, 0xff, 0x5f, 0xf1, 0x0,
    0x0, 0x0, 0x0, 0x0, 0x0, 0x7, 0xfc, 0xa,
    0xf8, 0x0, 0x0, 0x0, 0x0, 0x0, 0x0, 0xe,
    0xf5, 0x2, 0xff, 0x10, 0x0, 0x0, 0x0, 0x0,
    0x0, 0x7f, 0xe0, 0x0, 0xaf, 0xb0, 0x0, 0x0,
    0x0, 0x0, 0x2, 0xff, 0x50, 0x0, 0x1f, 0xf5,
    0x0, 0x0, 0x0, 0x0, 0xd, 0xfb, 0x0, 0x0,
    0x8, 0xff, 0x20, 0x0, 0x0, 0x0, 0xbf, 0xe1,
    0x0, 0x0, 0x0, 0xdf, 0xe2, 0x0, 0x0, 0x2c,
    0xff, 0x30, 0x0, 0x0, 0x0, 0x2e, 0xfe, 0x40,
    0x7, 0xff, 0xf4, 0x0, 0x0, 0x0, 0x0, 0x3,
    0xff, 0xf3, 0x9, 0xfd, 0x20, 0x0, 0x0, 0x0,
    0x0, 0x0, 0x2d, 0xd0, 0x0, 0x40, 0x0, 0x0,
    0x0, 0x0, 0x0, 0x0, 0x0, 0x30,

    /* U+5168 "全" */
    0x0, 0x0, 0x0, 0x0, 0x0, 0x0, 0x0, 0x0,
    0x0, 0x0, 0x0, 0x0, 0x0, 0x0, 0xb, 0xc2,
    0x0, 0x0, 0x0, 0x0, 0x0, 0x0, 0x0, 0x0,
    0x8f, 0xf6, 0x0, 0x0, 0x0, 0x0, 0x0, 0x0,
    0x0, 0x6, 0xfe, 0xef, 0x60, 0x0, 0x0, 0x0,
    0x0, 0x0, 0x0, 0x7f, 0xe2, 0x2e, 0xf7, 0x0,
    0x0, 0x0, 0x0, 0x0, 0xa, 0xfe, 0x30, 0x2,
    0xef, 0xb1, 0x0, 0x0, 0x0, 0x4, 0xdf, 0xd2,
    0x0, 0x0, 0x1c, 0xfe, 0x50, 0x0, 0x2, 0xaf,
    0xfa, 0x0, 0x0, 0x0, 0x0, 0x9f, 0xfb, 0x20,
    0x3f, 0xfe, 0xea, 0xaa, 0xaa, 0xaa, 0xaa, 0xae,
    0xff, 0xf4, 0x8, 0x82, 0xff, 0xff, 0xff, 0xff,
    0xff, 0xff, 0x48, 0xa0, 0x0, 0x0, 0x0, 0x0,
    0xf, 0xf0, 0x0, 0x0, 0x0, 0x0, 0x0, 0x0,
    0x0, 0x0, 0xf, 0xf0, 0x0, 0x0, 0x0, 0x0,
    0x0, 0x0, 0x0, 0x0, 0xf, 0xf0, 0x0, 0x0,
    0x0, 0x0, 0x0, 0x0, 0xef, 0xff, 0xff, 0xff,
    0xff, 0xff, 0x20, 0x0, 0x0, 0x0, 0x9a, 0xaa,
    0xaf, 0xfa, 0xaa, 0xaa, 0x10, 0x0, 0x0, 0x0,
    0x0, 0x0, 0xf, 0xf0, 0x0, 0x0, 0x0, 0x0,
    0x0, 0x0, 0x0, 0x0, 0xf, 0xf0, 0x0, 0x0,
    0x0, 0x0, 0x5, 0xcc, 0xcc, 0xcc, 0xcf, 0xfc,
    0xcc, 0xcc, 0xcc, 0x70, 0x7, 0xff, 0xff, 0xff,
    0xff, 0xff, 0xff, 0xff, 0xff, 0x90, 0x7, 0xff,
    0xff, 0xff, 0xff, 0xff, 0xff, 0xff, 0xff, 0x90,

    /* U+5173 "关" */
    0x0, 0x0, 0x18, 0x20, 0x0, 0x0, 0x1, 0xb5,
    0x0, 0x0, 0x0, 0x0, 0x5f, 0xd0, 0x0, 0x0,
    0x8, 0xfb, 0x0, 0x0, 0x0, 0x0, 0xb, 0xf7,
    0x0, 0x0, 0x1f, 0xf2, 0x0, 0x0, 0x0, 0x0,
    0x2, 0xfc, 0x0, 0x0, 0x9f, 0x80, 0x0, 0x0,
    0x0, 0x5b, 0xbb, 0xfb, 0xbb, 0xbb, 0xff, 0xcb,
    0xb8, 0x0, 0x0, 0x7f, 0xff, 0xff, 0xff, 0xff,
    0xff, 0xff, 0xfb, 0x0, 0x0, 0x12, 0x22, 0x22,
    0x2f, 0xf5, 0x22, 0x22, 0x21, 0x0, 0x0, 0x0,
    0x0, 0x0, 0xf, 0xf3, 0x0, 0x0, 0x0, 0x0,
    0x0, 0x0, 0x0, 0x0, 0xf, 0xf3, 0x0, 0x0,
    0x0, 0x0, 0x9, 0xdd, 0xdd, 0xdd, 0xdf, 0xfd,
    0xdd, 0xdd, 0xdd, 0xa0, 0xb, 0xff, 0xff, 0xff,
    0xff, 0xff, 0xff, 0xff, 0xff, 0xc0, 0x0, 0x0,
    0x0, 0x0, 0x9f, 0xfe, 0x10, 0x0, 0x0, 0x0,
    0x0, 0x0, 0x0, 0x2, 0xff, 0xef, 0xa0, 0x0,
    0x0, 0x0, 0x0, 0x0, 0x0, 0x1d, 0xfd, 0x1e,
    0xf8, 0x0, 0x0, 0x0, 0x0, 0x0, 0x4, 0xef,
    0xe2, 0x3, 0xff, 0xb1, 0x0, 0x0, 0x0, 0x3,
    0xaf, 0xfd, 0x20, 0x0, 0x4f, 0xfe, 0x71, 0x0,
    0x6, 0xcf, 0xff, 0x90, 0x0, 0x0, 0x2, 0xcf,
    0xff, 0xb1, 0x8, 0xff, 0x92, 0x0, 0x0, 0x0,
    0x0, 0x6, 0xdf, 0x90, 0x0, 0x51, 0x0, 0x0,
    0x0, 0x0, 0x0, 0x0, 0x3, 0x0,

    /* U+5185 "内" */
    0x0, 0x0, 0x0, 0x0, 0x11, 0x0, 0x0, 0x0,
    0x0, 0x0, 0x0, 0x0, 0x0, 0xef, 0x0, 0x0,
    0x0, 0x0, 0x0, 0x0, 0x0, 0x0, 0xef, 0x0,
    0x0, 0x0, 0x0, 0x0, 0x0, 0x0, 0x0, 0xef,
    0x0, 0x0, 0x0, 0x0, 0xb, 0xbb, 0xbb, 0xbb,
    0xff, 0xbb, 0xbb, 0xbc, 0xb0, 0x1f, 0xff, 0xff,
    0xff, 0xff, 0xff, 0xff, 0xff, 0xf0, 0x1f, 0xd2,
    0x22, 0x22, 0xff, 0x22, 0x22, 0x2e, 0xf0, 0x1f,
    0xd0, 0x0, 0x0, 0xfe, 0x0, 0x0, 0xd, 0xf0,
    0x1f, 0xd0, 0x0, 0x3, 0xfc, 0x0, 0x0, 0xd,
    0xf0, 0x1f, 0xd0, 0x0, 0x7, 0xff, 0x70, 0x0,
    0xd, 0xf0, 0x1f, 0xd0, 0x0, 0xe, 0xfe, 0xf7,
    0x0, 0xd, 0xf0, 0x1f, 0xd0, 0x0, 0x8f, 0xb2,
    0xef, 0x70, 0xd, 0xf0, 0x1f, 0xd0, 0x5, 0xff,
    0x20, 0x3f, 0xf5, 0xd, 0xf0, 0x1f, 0xd0, 0x7f,
    0xf5, 0x0, 0x4, 0xff, 0x4d, 0xf0, 0x1f, 0xd9,
    0xff, 0x60, 0x0, 0x0, 0x6f, 0x8d, 0xf0, 0x1f,
    0xd0, 0xa3, 0x0, 0x0, 0x0, 0x4, 0xd, 0xf0,
    0x1f, 0xd0, 0x0, 0x0, 0x0, 0x0, 0x0, 0xd,
    0xf0, 0x1f, 0xd0, 0x0, 0x0, 0x0, 0x0, 0x0,
    0xd, 0xf0, 0x1f, 0xd0, 0x0, 0x0, 0x0, 0x1,
    0xee, 0xef, 0xe0, 0x1f, 0xd0, 0x0, 0x0, 0x0,
    0x0, 0xcf, 0xec, 0x40,

    /* U+518D "再" */
    0x6, 0xbb, 0xbb, 0xbb, 0xbb, 0xbb, 0xbb, 0xbb,
    0xbb, 0x60, 0x8, 0xff, 0xff, 0xff, 0xff, 0xff,
    0xff, 0xff, 0xff, 0x80, 0x0, 0x0, 0x0, 0x0,
    0xf, 0xd0, 0x0, 0x0, 0x0, 0x0, 0x0, 0x1,
    0x11, 0x11, 0x1f, 0xe1, 0x11, 0x12, 0x10, 0x0,
    0x0, 0xf, 0xff, 0xff, 0xff, 0xff, 0xff, 0xff,
    0xf0, 0x0, 0x0, 0xf, 0xfa, 0xaa, 0xaf, 0xfa,
    0xaa, 0xaf, 0xf0, 0x0, 0x0, 0xf, 0xe0, 0x0,
    0xf, 0xd0, 0x0, 0xf, 0xf0, 0x0, 0x0, 0xf,
    0xf9, 0x99, 0x9f, 0xf9, 0x99, 0x9f, 0xf0, 0x0,
    0x0, 0xf, 0xff, 0xff, 0xff, 0xff, 0xff, 0xff,
    0xf0, 0x0, 0x0, 0xf, 0xe0, 0x0, 0x1f, 0xd0,
    0x0, 0xf, 0xf0, 0x0, 0x0, 0xf, 0xe0, 0x0,
    0xf, 0xd0, 0x0, 0xf, 0xf0, 0x0, 0x3c, 0xcf,
    0xfc, 0xcc, 0xcf, 0xfc, 0xcc, 0xcf, 0xfc, 0xc4,
    0x4f, 0xff, 0xff, 0xff, 0xff, 0xff, 0xff, 0xff,
    0xff, 0xf4, 0x0, 0xf, 0xe0, 0x0, 0x0, 0x0,
    0x0, 0xf, 0xf0, 0x0, 0x0, 0xf, 0xe0, 0x0,
    0x0, 0x0, 0x0, 0xf, 0xf0, 0x0, 0x0, 0xf,
    0xe0, 0x0, 0x0, 0x0, 0x0, 0xf, 0xf0, 0x0,
    0x0, 0xf, 0xe0, 0x0, 0x0, 0x1, 0xbb, 0xbf,
    0xe0, 0x0, 0x0, 0xf, 0xe0, 0x0, 0x0, 0x0,
    0xcf, 0xfd, 0x50, 0x0, 0x0, 0x0, 0x0, 0x0,
    0x0, 0x0, 0x0, 0x0, 0x0, 0x0,

    /* U+5199 "写" */
    0x9d, 0xdd, 0xdd, 0xdd, 0xdd, 0xdd, 0xdd, 0xdd,
    0xd7, 0xcf, 0xff, 0xff, 0xff, 0xff, 0xff, 0xff,
    0xff, 0xf9, 0xcf, 0x20, 0x3a, 0x50, 0x0, 0x0,
    0x0, 0x6, 0xf9, 0xcf, 0x20, 0x7f, 0x70, 0x0,
    0x0, 0x0, 0x6, 0xf9, 0x45, 0x0, 0xbf, 0xca,
    0xaa, 0xaa, 0xaa, 0x92, 0x53, 0x0, 0x0, 0xef,
    0xff, 0xff, 0xff, 0xff, 0xe0, 0x0, 0x0, 0x2,
    0xfd, 0x0, 0x0, 0x0, 0x0, 0x0, 0x0, 0x0,
    0x6, 0xfa, 0x0, 0x0, 0x0, 0x0, 0x0, 0x0,
    0x0, 0xa, 0xff, 0xff, 0xff, 0xff, 0xff, 0xfa,
    0x0, 0x0, 0x9, 0xbb, 0xbb, 0xbb, 0xbb, 0xbd,
    0xf9, 0x0, 0x0, 0x0, 0x0, 0x0, 0x0, 0x0,
    0x7, 0xf7, 0x0, 0x12, 0x22, 0x22, 0x22, 0x22,
    0x22, 0x9, 0xf6, 0x0, 0x7f, 0xff, 0xff, 0xff,
    0xff, 0xff, 0xa, 0xf4, 0x0, 0x49, 0x99, 0x99,
    0x99, 0x99, 0x98, 0xd, 0xf2, 0x0, 0x0, 0x0,
    0x0, 0x0, 0x0, 0x0, 0xf, 0xf0, 0x0, 0x0,
    0x0, 0x0, 0x0, 0x0, 0x0, 0x5f, 0xb0, 0x0,
    0x0, 0x0, 0x0, 0x0, 0x8b, 0xaa, 0xff, 0x50,
    0x0, 0x0, 0x0, 0x0, 0x0, 0x5f, 0xff, 0xf9,
    0x0, 0x0, 0x0, 0x0, 0x0, 0x0, 0x0, 0x0,
    0x0, 0x0, 0x0,

    /* U+51C6 "准" */
    0x0, 0x10, 0x0, 0x0, 0x5c, 0x40, 0x6d, 0x20,
    0x0, 0x0, 0xc, 0xe1, 0x0, 0x0, 0xbf, 0x20,
    0x6f, 0xb0, 0x0, 0x0, 0x8, 0xfa, 0x0, 0x2,
    0xfc, 0x0, 0xd, 0xf3, 0x0, 0x0, 0x0, 0xef,
    0x40, 0xa, 0xfc, 0x99, 0x9c, 0xd9, 0x99, 0x80,
    0x0, 0x6f, 0xd0, 0x2f, 0xff, 0xff, 0xff, 0xff,
    0xff, 0xe0, 0x0, 0xd, 0xb1, 0xcf, 0xe1, 0x11,
    0x2f, 0xc1, 0x11, 0x0, 0x0, 0x1, 0x7, 0xff,
    0xe0, 0x0, 0x1f, 0xc0, 0x0, 0x0, 0x0, 0x0,
    0x5f, 0xee, 0xf9, 0x99, 0xaf, 0xe9, 0x99, 0x40,
    0x0, 0x0, 0x7f, 0x4d, 0xff, 0xff, 0xff, 0xff,
    0xff, 0x80, 0x0, 0x0, 0x3, 0xd, 0xe1, 0x11,
    0x2f, 0xc1, 0x11, 0x0, 0x0, 0x5, 0xc3, 0xd,
    0xe0, 0x0, 0x1f, 0xc0, 0x0, 0x0, 0x0, 0xb,
    0xf5, 0xd, 0xf9, 0x99, 0xaf, 0xe9, 0x99, 0x40,
    0x0, 0x2f, 0xf0, 0xd, 0xff, 0xff, 0xff, 0xff,
    0xff, 0x70, 0x0, 0x8f, 0x90, 0xd, 0xe0, 0x0,
    0x2f, 0xc0, 0x0, 0x0, 0x0, 0xef, 0x30, 0xd,
    0xe0, 0x0, 0x1f, 0xc0, 0x0, 0x0, 0x6, 0xfd,
    0x0, 0xd, 0xe2, 0x22, 0x3f, 0xc2, 0x22, 0x20,
    0xd, 0xf7, 0x0, 0xd, 0xff, 0xff, 0xff, 0xff,
    0xff, 0xf4, 0x6, 0xc0, 0x0, 0xd, 0xf8, 0x88,
    0x88, 0x88, 0x88, 0x82, 0x0, 0x0, 0x0, 0xd,
    0xe0, 0x0, 0x0, 0x0, 0x0, 0x0,

    /* U+51FA "出" */
    0x0, 0x0, 0x0, 0x1, 0xdd, 0x0, 0x0, 0x0,
    0x0, 0x2, 0x10, 0x0, 0x1f, 0xf0, 0x0, 0x1,
    0x20, 0x2, 0xfe, 0x0, 0x1, 0xff, 0x0, 0x0,
    0xef, 0x20, 0x2f, 0xe0, 0x0, 0x1f, 0xf0, 0x0,
    0xe, 0xf2, 0x2, 0xfe, 0x0, 0x1, 0xff, 0x0,
    0x0, 0xef, 0x20, 0x2f, 0xe0, 0x0, 0x1f, 0xf0,
    0x0, 0xe, 0xf2, 0x2, 0xfe, 0x0, 0x1, 0xff,
    0x0, 0x0, 0xef, 0x20, 0x2f, 0xfe, 0xee, 0xef,
    0xfe, 0xee, 0xef, 0xf2, 0x1, 0xff, 0xff, 0xff,
    0xff, 0xff, 0xff, 0xff, 0x20, 0x0, 0x0, 0x0,
    0x1f, 0xf0, 0x0, 0x0, 0x0, 0xa, 0xa0, 0x0,
    0x1, 0xff, 0x0, 0x0, 0x1a, 0xa1, 0xff, 0x0,
    0x0, 0x1f, 0xf0, 0x0, 0x2, 0xff, 0x1f, 0xf0,
    0x0, 0x1, 0xff, 0x0, 0x0, 0x2f, 0xf1, 0xff,
    0x0, 0x0, 0x1f, 0xf0, 0x0, 0x2, 0xff, 0x1f,
    0xf0, 0x0, 0x1, 0xff, 0x0, 0x0, 0x2f, 0xf1,
    0xff, 0x22, 0x22, 0x3f, 0xf2, 0x22, 0x24, 0xff,
    0x1f, 0xff, 0xff, 0xff, 0xff, 0xff, 0xff, 0xff,
    0xf0, 0xcc, 0xcc, 0xcc, 0xcc, 0xcc, 0xcc, 0xcc,
    0xff, 0x0, 0x0, 0x0, 0x0, 0x0, 0x0, 0x0,
    0x2f, 0xf0,

    /* U+5206 "分" */
    0x0, 0x0, 0x0, 0x64, 0x0, 0x0, 0x37, 0x0,
    0x0, 0x0, 0x0, 0x0, 0x2, 0xff, 0x20, 0x0,
    0xef, 0x30, 0x0, 0x0, 0x0, 0x0, 0xa, 0xfa,
    0x0, 0x0, 0x6f, 0xc0, 0x0, 0x0, 0x0, 0x0,
    0x3f, 0xf2, 0x0, 0x0, 0xc, 0xf8, 0x0, 0x0,
    0x0, 0x0, 0xdf, 0x80, 0x0, 0x0, 0x2, 0xff,
    0x40, 0x0, 0x0, 0xa, 0xfd, 0x0, 0x0, 0x0,
    0x0, 0x7f, 0xe2, 0x0, 0x0, 0x9f, 0xf2, 0x0,
    0x0, 0x0, 0x0, 0xb, 0xfe, 0x20, 0xa, 0xff,
    0xc8, 0x88, 0x88, 0x88, 0x88, 0x88, 0xff, 0xe1,
    0x8, 0xf9, 0xff, 0xff, 0xff, 0xff, 0xff, 0xff,
    0x6d, 0x60, 0x0, 0x21, 0x66, 0x6c, 0xf9, 0x66,
    0x66, 0xdf, 0x40, 0x0, 0x0, 0x0, 0x0, 0xd,
    0xf3, 0x0, 0x0, 0xcf, 0x30, 0x0, 0x0, 0x0,
    0x0, 0xf, 0xf0, 0x0, 0x0, 0xdf, 0x20, 0x0,
    0x0, 0x0, 0x0, 0x5f, 0xc0, 0x0, 0x0, 0xdf,
    0x10, 0x0, 0x0, 0x0, 0x0, 0xbf, 0x60, 0x0,
    0x0, 0xff, 0x0, 0x0, 0x0, 0x0, 0x5, 0xfe,
    0x0, 0x0, 0x0, 0xff, 0x0, 0x0, 0x0, 0x0,
    0x3f, 0xf6, 0x0, 0x0, 0x2, 0xfd, 0x0, 0x0,
    0x0, 0x7, 0xff, 0xa0, 0x0, 0x0, 0x6, 0xfa,
    0x0, 0x0, 0x5, 0xef, 0xf9, 0x0, 0x1, 0xdd,
    0xdf, 0xf6, 0x0, 0x0, 0x2, 0xfc, 0x40, 0x0,
    0x0, 0xcf, 0xff, 0x90, 0x0, 0x0, 0x0, 0x10,
    0x0, 0x0, 0x0, 0x0, 0x0, 0x0, 0x0, 0x0,

    /* U+5207 "切" */
    0x0, 0xd, 0xb0, 0x0, 0x0, 0x0, 0x0, 0x0,
    0x0, 0x0, 0x0, 0xfd, 0x0, 0xb, 0xff, 0xff,
    0xff, 0xff, 0xff, 0x0, 0xf, 0xd0, 0x0, 0x8c,
    0xce, 0xfd, 0xcc, 0xcf, 0xf0, 0x0, 0xfd, 0x0,
    0x0, 0x0, 0xaf, 0x30, 0x0, 0xfe, 0x0, 0xf,
    0xe6, 0xad, 0x70, 0xa, 0xf3, 0x0, 0xf, 0xe3,
    0x9c, 0xff, 0xff, 0xf8, 0x0, 0xbf, 0x20, 0x0,
    0xfe, 0x5f, 0xff, 0xe6, 0x30, 0x0, 0xc, 0xf1,
    0x0, 0x1f, 0xd1, 0x41, 0xfd, 0x0, 0x0, 0x0,
    0xdf, 0x0, 0x1, 0xfd, 0x0, 0xf, 0xd0, 0x0,
    0x0, 0xf, 0xe0, 0x0, 0x2f, 0xc0, 0x0, 0xfd,
    0x0, 0x0, 0x2, 0xfc, 0x0, 0x2, 0xfb, 0x0,
    0xf, 0xd0, 0x0, 0x10, 0x5f, 0x90, 0x0, 0x3f,
    0xa0, 0x0, 0xfd, 0x7, 0xd9, 0xa, 0xf5, 0x0,
    0x4, 0xfa, 0x0, 0xf, 0xff, 0xff, 0x71, 0xff,
    0x0, 0x0, 0x6f, 0x90, 0xa, 0xff, 0xe7, 0x0,
    0x8f, 0xa0, 0x0, 0x7, 0xf7, 0x0, 0x7e, 0x70,
    0x0, 0x3f, 0xf2, 0x0, 0x0, 0xaf, 0x50, 0x1,
    0x10, 0x0, 0x3e, 0xf8, 0x0, 0x0, 0xe, 0xf2,
    0x0, 0x0, 0x0, 0x5f, 0xfa, 0x0, 0x4e, 0xde,
    0xfd, 0x0, 0x0, 0x0, 0x1, 0xe9, 0x0, 0x0,
    0xff, 0xfc, 0x30, 0x0, 0x0, 0x0, 0x1, 0x0,
    0x0, 0x0, 0x0, 0x0, 0x0,

    /* U+5217 "列" */
    0x0, 0x0, 0x0, 0x0, 0x0, 0x0, 0x0, 0x0,
    0x8, 0x60, 0x9a, 0xaa, 0xaa, 0xaa, 0xaa, 0x30,
    0x0, 0x1, 0xfd, 0xe, 0xff, 0xff, 0xff, 0xff,
    0xf6, 0x16, 0x40, 0x1f, 0xd0, 0x22, 0x3f, 0xe2,
    0x22, 0x22, 0x3, 0xfa, 0x1, 0xfd, 0x0, 0x4,
    0xfa, 0x0, 0x0, 0x0, 0x3f, 0xa0, 0x1f, 0xd0,
    0x0, 0x9f, 0x73, 0x33, 0x30, 0x3, 0xfa, 0x1,
    0xfd, 0x0, 0xe, 0xff, 0xff, 0xff, 0xc0, 0x3f,
    0xa0, 0x1f, 0xd0, 0x5, 0xfc, 0x88, 0x8a, 0xfa,
    0x3, 0xfa, 0x1, 0xfd, 0x0, 0xdf, 0x30, 0x0,
    0x6f, 0x60, 0x3f, 0xa0, 0x1f, 0xd0, 0x6f, 0xb0,
    0x0, 0xa, 0xf2, 0x3, 0xfa, 0x1, 0xfd, 0xe,
    0xf3, 0xc6, 0x0, 0xfe, 0x0, 0x3f, 0xa0, 0x1f,
    0xd0, 0x26, 0x3f, 0xfa, 0x7f, 0x80, 0x3, 0xfa,
    0x1, 0xfd, 0x0, 0x0, 0x2d, 0xff, 0xf1, 0x0,
    0x3f, 0xa0, 0x1f, 0xd0, 0x0, 0x0, 0x1e, 0xf9,
    0x0, 0x3, 0xe9, 0x1, 0xfd, 0x0, 0x0, 0x5,
    0xfe, 0x10, 0x0, 0x0, 0x0, 0x1f, 0xd0, 0x0,
    0x5, 0xff, 0x40, 0x0, 0x0, 0x0, 0x1, 0xfd,
    0x0, 0x8, 0xff, 0x60, 0x0, 0x0, 0x0, 0x0,
    0x1f, 0xd0, 0x4e, 0xff, 0x50, 0x0, 0x0, 0x0,
    0xa, 0xcd, 0xfb, 0x0, 0xeb, 0x20, 0x0, 0x0,
    0x0, 0x0, 0x7f, 0xfc, 0x30, 0x0, 0x0, 0x0,
    0x0, 0x0, 0x0, 0x0, 0x0, 0x0,

    /* U+521A "刚" */
    0x12, 0x22, 0x22, 0x22, 0x23, 0x10, 0x0, 0x7,
    0xb0, 0xaf, 0xff, 0xff, 0xff, 0xff, 0xb0, 0x0,
    0xa, 0xf1, 0xaf, 0x98, 0x88, 0x88, 0x8f, 0xb0,
    0xaf, 0xa, 0xf1, 0xaf, 0x20, 0x0, 0x28, 0x2f,
    0xb0, 0xaf, 0xa, 0xf1, 0xaf, 0x5a, 0x0, 0x7f,
    0x2f, 0xb0, 0xaf, 0xa, 0xf1, 0xaf, 0x6f, 0x70,
    0xbe, 0xf, 0xb0, 0xaf, 0xa, 0xf1, 0xaf, 0x2b,
    0xf2, 0xf9, 0xf, 0xb0, 0xaf, 0xa, 0xf1, 0xaf,
    0x23, 0xfd, 0xf4, 0xf, 0xb0, 0xaf, 0xa, 0xf1,
    0xaf, 0x20, 0xbf, 0xf0, 0xf, 0xb0, 0xaf, 0xa,
    0xf1, 0xaf, 0x20, 0x3f, 0xc0, 0xf, 0xb0, 0xaf,
    0xa, 0xf1, 0xaf, 0x20, 0x5f, 0xf1, 0xf, 0xb0,
    0xaf, 0xa, 0xf1, 0xaf, 0x20, 0xcf, 0xf8, 0xf,
    0xb0, 0xaf, 0xa, 0xf1, 0xaf, 0x23, 0xf8, 0xde,
    0xf, 0xb0, 0xaf, 0xa, 0xf1, 0xaf, 0x2b, 0xf1,
    0x6f, 0x5f, 0xb0, 0x35, 0xa, 0xf1, 0xaf, 0x7f,
    0xa0, 0x1b, 0x1f, 0xb0, 0x0, 0xa, 0xf1, 0xaf,
    0xdf, 0x20, 0x0, 0xf, 0xb0, 0x0, 0xa, 0xf1,
    0xaf, 0x25, 0x0, 0x0, 0xf, 0xb0, 0x0, 0xa,
    0xf1, 0xaf, 0x20, 0x0, 0x79, 0x9f, 0xa0, 0x2b,
    0xbe, 0xf0, 0xaf, 0x20, 0x0, 0x7f, 0xfd, 0x30,
    0xe, 0xfd, 0x60, 0x0, 0x0, 0x0, 0x0, 0x0,
    0x0, 0x0, 0x0, 0x0,

    /* U+5224 "判" */
    0x0, 0x0, 0x7, 0xc3, 0x0, 0x0, 0x0, 0x0,
    0x17, 0x40, 0x17, 0x10, 0x9f, 0x40, 0x37, 0x10,
    0x0, 0x3, 0xfa, 0x5, 0xf9, 0x9, 0xf4, 0xb,
    0xf3, 0x13, 0x10, 0x3f, 0xa0, 0xd, 0xf1, 0x9f,
    0x42, 0xfc, 0x8, 0xf6, 0x3, 0xfa, 0x0, 0x5f,
    0x99, 0xf4, 0xaf, 0x40, 0x8f, 0x60, 0x3f, 0xa0,
    0x0, 0xc6, 0x9f, 0x5b, 0xb0, 0x8, 0xf6, 0x3,
    0xfa, 0x4, 0xbb, 0xbe, 0xfd, 0xbc, 0x90, 0x8f,
    0x60, 0x3f, 0xa0, 0x6f, 0xff, 0xff, 0xff, 0xfd,
    0x8, 0xf6, 0x3, 0xfa, 0x0, 0x11, 0x19, 0xf5,
    0x11, 0x0, 0x8f, 0x60, 0x3f, 0xa0, 0x0, 0x0,
    0x9f, 0x40, 0x0, 0x8, 0xf6, 0x3, 0xfa, 0x0,
    0x0, 0xa, 0xf3, 0x0, 0x0, 0x8f, 0x60, 0x3f,
    0xa1, 0xee, 0xee, 0xff, 0xfe, 0xee, 0x68, 0xf6,
    0x3, 0xfa, 0x1d, 0xdd, 0xdf, 0xfd, 0xdd, 0xd5,
    0x8f, 0x60, 0x3f, 0xa0, 0x0, 0x4, 0xfc, 0x0,
    0x0, 0x7, 0xf6, 0x3, 0xfa, 0x0, 0x0, 0xbf,
    0x70, 0x0, 0x0, 0x0, 0x0, 0x3f, 0xa0, 0x0,
    0x4f, 0xf1, 0x0, 0x0, 0x0, 0x0, 0x3, 0xfa,
    0x0, 0x2e, 0xf7, 0x0, 0x0, 0x0, 0x0, 0x0,
    0x3f, 0xa0, 0x4f, 0xfa, 0x0, 0x0, 0x0, 0x0,
    0xae, 0xef, 0xf9, 0x0, 0xb9, 0x0, 0x0, 0x0,
    0x0, 0x6, 0xff, 0xea, 0x10, 0x0, 0x0, 0x0,
    0x0, 0x0, 0x0, 0x0, 0x0, 0x0,

    /* U+5229 "利" */
    0x0, 0x0, 0x0, 0x3, 0x94, 0x0, 0x0, 0x0,
    0x58, 0x10, 0x0, 0x37, 0xbe, 0xff, 0xe1, 0x0,
    0x0, 0xb, 0xf2, 0x1d, 0xff, 0xff, 0xfa, 0x50,
    0x0, 0x43, 0x0, 0xbf, 0x20, 0xab, 0x85, 0xfd,
    0x0, 0x0, 0x1f, 0xb0, 0xb, 0xf2, 0x0, 0x0,
    0xf, 0xd0, 0x0, 0x1, 0xfb, 0x0, 0xbf, 0x20,
    0x0, 0x0, 0xfd, 0x0, 0x0, 0x1f, 0xb0, 0xb,
    0xf2, 0xb, 0xbb, 0xbf, 0xfb, 0xbb, 0x51, 0xfb,
    0x0, 0xbf, 0x21, 0xff, 0xff, 0xff, 0xff, 0xf8,
    0x1f, 0xb0, 0xb, 0xf2, 0x1, 0x11, 0xaf, 0xd1,
    0x11, 0x1, 0xfb, 0x0, 0xbf, 0x20, 0x0, 0x1f,
    0xfe, 0x20, 0x0, 0x1f, 0xb0, 0xb, 0xf2, 0x0,
    0x9, 0xff, 0xff, 0x40, 0x1, 0xfb, 0x0, 0xbf,
    0x20, 0x3, 0xfa, 0xfe, 0xef, 0x60, 0x1f, 0xb0,
    0xb, 0xf2, 0x0, 0xdf, 0x2f, 0xd2, 0xef, 0x41,
    0xfb, 0x0, 0xbf, 0x20, 0xaf, 0x90, 0xfd, 0x3,
    0xb0, 0x1d, 0x90, 0xb, 0xf2, 0x5f, 0xe0, 0xf,
    0xd0, 0x0, 0x0, 0x0, 0x0, 0xbf, 0x20, 0xd3,
    0x0, 0xfd, 0x0, 0x0, 0x0, 0x0, 0xb, 0xf2,
    0x1, 0x0, 0xf, 0xd0, 0x0, 0x0, 0x0, 0x0,
    0xbf, 0x20, 0x0, 0x0, 0xfd, 0x0, 0x0, 0x0,
    0x9d, 0xdf, 0xf1, 0x0, 0x0, 0xf, 0xd0, 0x0,
    0x0, 0x5, 0xff, 0xe7, 0x0, 0x0, 0x0, 0x0,
    0x0, 0x0, 0x0, 0x0, 0x0, 0x0,

    /* U+5230 "到" */
    0x0, 0x0, 0x0, 0x0, 0x0, 0x0, 0x0, 0x0,
    0x97, 0x4a, 0xaa, 0xaa, 0xaa, 0xaa, 0x90, 0x11,
    0x1, 0xfc, 0x7f, 0xff, 0xff, 0xff, 0xff, 0xe1,
    0xfb, 0x1, 0xfc, 0x0, 0x1f, 0xf2, 0x7, 0x10,
    0x1, 0xfb, 0x1, 0xfc, 0x0, 0x8f, 0x70, 0x5f,
    0xa0, 0x1, 0xfb, 0x1, 0xfc, 0x2, 0xfd, 0x0,
    0xa, 0xf7, 0x1, 0xfb, 0x1, 0xfc, 0xd, 0xfc,
    0xbc, 0xdf, 0xff, 0x31, 0xfb, 0x1, 0xfc, 0xe,
    0xff, 0xed, 0xba, 0xaf, 0xa1, 0xfb, 0x1, 0xfc,
    0x3, 0x10, 0x27, 0x30, 0x6, 0x1, 0xfb, 0x1,
    0xfc, 0x0, 0x0, 0x5f, 0x70, 0x0, 0x1, 0xfb,
    0x1, 0xfc, 0x17, 0x77, 0xaf, 0xb7, 0x77, 0x21,
    0xfb, 0x1, 0xfc, 0x2f, 0xff, 0xff, 0xff, 0xff,
    0x41, 0xfb, 0x1, 0xfc, 0x3, 0x33, 0x7f, 0x83,
    0x33, 0x1, 0xfb, 0x1, 0xfc, 0x0, 0x0, 0x5f,
    0x70, 0x0, 0x1, 0xfb, 0x1, 0xfc, 0x0, 0x0,
    0x5f, 0x71, 0x48, 0x60, 0x0, 0x1, 0xfc, 0x0,
    0x3, 0x9f, 0xff, 0xff, 0xb0, 0x0, 0x1, 0xfc,
    0x7d, 0xff, 0xff, 0xfb, 0x73, 0x0, 0x0, 0x1,
    0xfc, 0x8f, 0xfc, 0x84, 0x0, 0x0, 0x0, 0xc,
    0xcd, 0xfa, 0x24, 0x0, 0x0, 0x0, 0x0, 0x0,
    0x9, 0xfe, 0xb2,

    /* U+5236 "制" */
    0x0, 0x15, 0x11, 0xc9, 0x0, 0x0, 0x0, 0x0,
    0x9, 0x80, 0x5, 0xf7, 0x1f, 0xb0, 0x0, 0x0,
    0x12, 0x0, 0xfd, 0x0, 0x9f, 0x43, 0xfc, 0x11,
    0x11, 0xb, 0xf1, 0xf, 0xd0, 0xe, 0xff, 0xff,
    0xff, 0xff, 0x90, 0xbf, 0x10, 0xfd, 0x5, 0xfc,
    0x9a, 0xfe, 0x99, 0x95, 0xb, 0xf1, 0xf, 0xd0,
    0xcf, 0x10, 0x1f, 0xb0, 0x0, 0x0, 0xbf, 0x10,
    0xfd, 0x8, 0xc8, 0x89, 0xfe, 0x88, 0x88, 0x3b,
    0xf1, 0xf, 0xd0, 0xdf, 0xff, 0xff, 0xff, 0xff,
    0xf6, 0xbf, 0x10, 0xfd, 0x2, 0x33, 0x34, 0xfc,
    0x33, 0x33, 0x1b, 0xf1, 0xf, 0xd0, 0x0, 0x0,
    0x2f, 0xb0, 0x1, 0x0, 0xbf, 0x10, 0xfd, 0x1,
    0xff, 0xff, 0xff, 0xff, 0xfb, 0xb, 0xf1, 0xf,
    0xd0, 0x1f, 0xda, 0xbf, 0xea, 0xaf, 0xb0, 0xbf,
    0x10, 0xfd, 0x1, 0xf9, 0x1, 0xfb, 0x0, 0xfb,
    0xb, 0xf1, 0xf, 0xd0, 0x1f, 0x90, 0x1f, 0xb0,
    0xf, 0xb0, 0x1, 0x0, 0xfd, 0x1, 0xf9, 0x1,
    0xfb, 0x0, 0xfb, 0x0, 0x0, 0xf, 0xd0, 0x1f,
    0x90, 0x1f, 0xb5, 0x7f, 0xb0, 0x0, 0x0, 0xfd,
    0x1, 0xf9, 0x1, 0xfb, 0x7f, 0xf6, 0x0, 0x0,
    0xf, 0xd0, 0x1, 0x0, 0x1f, 0xb0, 0x20, 0x0,
    0xd, 0xee, 0xfc, 0x0, 0x0, 0x1, 0xfb, 0x0,
    0x0, 0x0, 0x9f, 0xec, 0x30, 0x0, 0x0, 0x0,
    0x0, 0x0, 0x0, 0x0, 0x0, 0x0,

    /* U+5237 "刷" */
    0x0, 0x0, 0x0, 0x0, 0x0, 0x0, 0x0, 0x0,
    0x9, 0x70, 0xc, 0xfe, 0xee, 0xee, 0xee, 0x90,
    0x0, 0x1, 0xfc, 0x0, 0xef, 0xdd, 0xdd, 0xdd,
    0xfb, 0xf, 0xb0, 0x1f, 0xc0, 0xe, 0xc0, 0x0,
    0x0, 0x1f, 0xb0, 0xfc, 0x1, 0xfc, 0x0, 0xec,
    0x0, 0x0, 0x1, 0xfb, 0xf, 0xc0, 0x1f, 0xc0,
    0xe, 0xff, 0xff, 0xff, 0xff, 0xb0, 0xfc, 0x1,
    0xfc, 0x0, 0xef, 0xbb, 0xcf, 0xeb, 0xb8, 0xf,
    0xc0, 0x1f, 0xc0, 0xe, 0xc0, 0x1, 0xf8, 0x0,
    0x0, 0xfc, 0x1, 0xfc, 0x0, 0xec, 0x66, 0x7f,
    0xb6, 0x75, 0xf, 0xc0, 0x1f, 0xc0, 0xe, 0xdf,
    0xff, 0xff, 0xff, 0xc0, 0xfc, 0x1, 0xfc, 0x0,
    0xec, 0xf7, 0x4f, 0x92, 0xcc, 0xf, 0xc0, 0x1f,
    0xc0, 0xf, 0xbf, 0x61, 0xf8, 0xb, 0xc0, 0xfc,
    0x1, 0xfc, 0x1, 0xfa, 0xf6, 0x1f, 0x80, 0xbc,
    0xf, 0xc0, 0x1f, 0xc0, 0x3f, 0x8f, 0x61, 0xf8,
    0xb, 0xc0, 0x75, 0x1, 0xfc, 0x5, 0xf6, 0xf6,
    0x1f, 0x81, 0xcc, 0x0, 0x0, 0x1f, 0xc0, 0x9f,
    0x2f, 0x61, 0xf8, 0xff, 0xa0, 0x0, 0x1, 0xfc,
    0xe, 0xd0, 0x83, 0x1f, 0x85, 0x50, 0x0, 0x0,
    0x1f, 0xb2, 0xf8, 0x0, 0x1, 0xf8, 0x0, 0x0,
    0xc, 0xef, 0xfa, 0x3, 0x20, 0x0, 0x1f, 0x80,
    0x0, 0x0, 0x9f, 0xeb, 0x20,

    /* U+523B "刻" */
    0x0, 0x0, 0x4, 0x70, 0x0, 0x0, 0x0, 0x0,
    0x3, 0x20, 0x0, 0x0, 0x8f, 0x80, 0x0, 0x0,
    0x0, 0x1, 0xfc, 0xb, 0xbb, 0xbb, 0xff, 0xbb,
    0xbb, 0xa, 0xd0, 0x1f, 0xc0, 0xff, 0xff, 0xff,
    0xff, 0xff, 0xf0, 0xcf, 0x1, 0xfc, 0x1, 0x11,
    0xbf, 0x81, 0x11, 0x11, 0xc, 0xf0, 0x1f, 0xc0,
    0x0, 0x6f, 0xb0, 0x3, 0xb5, 0x0, 0xcf, 0x1,
    0xfc, 0x0, 0x5f, 0xc0, 0x0, 0xcf, 0x40, 0xc,
    0xf0, 0x1f, 0xc0, 0x5f, 0xfe, 0xde, 0xff, 0xa0,
    0x0, 0xcf, 0x1, 0xfc, 0x2, 0xfd, 0xcb, 0xef,
    0xe1, 0x0, 0xc, 0xf0, 0x1f, 0xc0, 0x0, 0x0,
    0x5f, 0xf3, 0x1e, 0xa0, 0xcf, 0x1, 0xfc, 0x0,
    0x0, 0x8f, 0xf4, 0xa, 0xf7, 0xc, 0xf0, 0x1f,
    0xc0, 0x3, 0xcf, 0xe3, 0x6, 0xfd, 0x0, 0xcf,
    0x1, 0xfc, 0x7, 0xff, 0xc2, 0x4, 0xff, 0x20,
    0xc, 0xf0, 0x1f, 0xc0, 0x2f, 0x80, 0x3, 0xff,
    0x70, 0x0, 0x45, 0x1, 0xfc, 0x0, 0x0, 0x5,
    0xff, 0xfe, 0x20, 0x0, 0x0, 0x1f, 0xc0, 0x0,
    0x8, 0xff, 0x56, 0xfe, 0x20, 0x0, 0x1, 0xfc,
    0x0, 0x4d, 0xfe, 0x40, 0x8, 0xfd, 0x10, 0x0,
    0x1f, 0xc0, 0xaf, 0xfb, 0x10, 0x0, 0xa, 0xc1,
    0x2b, 0xbc, 0xfb, 0x4, 0xe5, 0x0, 0x0, 0x0,
    0x0, 0x0, 0xef, 0xfd, 0x30, 0x0, 0x0, 0x0,
    0x0, 0x0, 0x0, 0x0, 0x0, 0x0,

    /* U+524D "前" */
    0x0, 0x6, 0xb2, 0x0, 0x0, 0x0, 0xc, 0x81,
    0x0, 0x0, 0x0, 0x7f, 0xc0, 0x0, 0x0, 0x7,
    0xfb, 0x0, 0x0, 0x0, 0x0, 0xcf, 0x70, 0x0,
    0x1, 0xff, 0x20, 0x0, 0xc, 0xcc, 0xcd, 0xfc,
    0xcc, 0xcc, 0xef, 0xec, 0xcc, 0xc0, 0xff, 0xff,
    0xff, 0xff, 0xff, 0xff, 0xff, 0xff, 0xff, 0x0,
    0x0, 0x0, 0x0, 0x0, 0x0, 0x0, 0x0, 0x0,
    0x0, 0x6, 0x77, 0x77, 0x77, 0x50, 0x4, 0x20,
    0x1d, 0xa0, 0x0, 0xdf, 0xff, 0xff, 0xfc, 0x1,
    0xfa, 0x1, 0xfc, 0x0, 0xd, 0xf2, 0x22, 0x3f,
    0xc0, 0x1f, 0xa0, 0x1f, 0xc0, 0x0, 0xdf, 0x33,
    0x34, 0xfc, 0x1, 0xfa, 0x1, 0xfc, 0x0, 0xd,
    0xff, 0xff, 0xff, 0xc0, 0x1f, 0xa0, 0x1f, 0xc0,
    0x0, 0xdf, 0x33, 0x34, 0xfc, 0x1, 0xfa, 0x1,
    0xfc, 0x0, 0xd, 0xf0, 0x0, 0x1f, 0xc0, 0x1f,
    0xa0, 0x1f, 0xc0, 0x0, 0xdf, 0xff, 0xff, 0xfc,
    0x1, 0xfa, 0x1, 0xfc, 0x0, 0xd, 0xf6, 0x66,
    0x6f, 0xc0, 0x1f, 0x90, 0x1f, 0xc0, 0x0, 0xdf,
    0x0, 0x1, 0xfc, 0x0, 0x0, 0x1, 0xfc, 0x0,
    0xd, 0xf0, 0x0, 0x1f, 0xc0, 0x0, 0x0, 0x1f,
    0xc0, 0x0, 0xdf, 0x2, 0x9a, 0xfb, 0x0, 0xa,
    0xcd, 0xfb, 0x0, 0xc, 0xf0, 0xe, 0xfd, 0x40,
    0x0, 0x7f, 0xfc, 0x30, 0x0,

    /* U+5269 "剩" */
    0x0, 0x0, 0x0, 0x0, 0x25, 0x70, 0x0, 0x0,
    0x58, 0x10, 0x37, 0x8a, 0xbd, 0xff, 0xff, 0x60,
    0x0, 0xb, 0xf2, 0x5, 0xff, 0xed, 0xfe, 0x74,
    0x10, 0x2, 0x30, 0xbf, 0x20, 0x0, 0x0, 0x1f,
    0xb0, 0x0, 0x0, 0xbf, 0xb, 0xf2, 0xe, 0xee,
    0xee, 0xff, 0xee, 0xee, 0x9b, 0xf0, 0xbf, 0x20,
    0xaa, 0xaa, 0xaf, 0xea, 0xaa, 0xa6, 0xbf, 0xb,
    0xf2, 0x0, 0x9, 0xa1, 0xfb, 0x6c, 0x0, 0xb,
    0xf0, 0xbf, 0x20, 0x79, 0xdb, 0x1f, 0xb7, 0xe5,
    0xb1, 0xbf, 0xb, 0xf2, 0xb, 0xdf, 0xb1, 0xfb,
    0x7f, 0xfa, 0x1b, 0xf0, 0xbf, 0x20, 0x0, 0xab,
    0x1f, 0xb7, 0xf2, 0x0, 0xbf, 0xb, 0xf2, 0x7,
    0xbf, 0xb1, 0xfb, 0x7e, 0xa, 0x8b, 0xf0, 0xbf,
    0x20, 0xea, 0xdb, 0x2f, 0xb5, 0xfc, 0xf8, 0xbf,
    0xb, 0xf2, 0x0, 0x6, 0x6a, 0xfe, 0x45, 0x76,
    0xb, 0xf0, 0xbf, 0x20, 0x0, 0x7, 0xff, 0xff,
    0x90, 0x0, 0xaf, 0xb, 0xf2, 0x0, 0x5, 0xfc,
    0xfb, 0xaf, 0xd3, 0x0, 0x0, 0xbf, 0x20, 0x6,
    0xfd, 0x2f, 0xb0, 0x8f, 0xf2, 0x0, 0xb, 0xf2,
    0x9, 0xfd, 0x11, 0xfb, 0x0, 0x6a, 0x0, 0x0,
    0xbf, 0x20, 0xcc, 0x10, 0x1f, 0xb0, 0x0, 0x0,
    0x3c, 0xcf, 0xf0, 0x1, 0x0, 0x1, 0xea, 0x0,
    0x0, 0x0, 0xef, 0xd7, 0x0,

    /* U+529F "功" */
    0x0, 0x0, 0x0, 0x0, 0x0, 0x1, 0xca, 0x0,
    0x0, 0x0, 0x0, 0x0, 0x0, 0x0, 0x0, 0x1f,
    0xd0, 0x0, 0x0, 0x8, 0xaa, 0xaa, 0xaa, 0x50,
    0x1, 0xfc, 0x0, 0x0, 0x0, 0xef, 0xff, 0xff,
    0xf8, 0x0, 0x2f, 0xc0, 0x0, 0x0, 0x0, 0x1,
    0xfc, 0x0, 0x2a, 0xab, 0xfe, 0xaa, 0xab, 0xa0,
    0x0, 0x1f, 0xc0, 0x3, 0xff, 0xff, 0xff, 0xff,
    0xff, 0x0, 0x1, 0xfc, 0x0, 0x2, 0x25, 0xfb,
    0x22, 0x2e, 0xf0, 0x0, 0x1f, 0xc0, 0x0, 0x0,
    0x4f, 0x90, 0x0, 0xee, 0x0, 0x1, 0xfc, 0x0,
    0x0, 0x6, 0xf8, 0x0, 0xf, 0xe0, 0x0, 0x1f,
    0xc0, 0x0, 0x0, 0x8f, 0x60, 0x0, 0xfd, 0x0,
    0x1, 0xfc, 0x0, 0x0, 0xb, 0xf3, 0x0, 0x1f,
    0xc0, 0x0, 0x1f, 0xc1, 0x58, 0x0, 0xff, 0x0,
    0x2, 0xfc, 0x0, 0x4, 0xff, 0xff, 0xf0, 0x4f,
    0xb0, 0x0, 0x3f, 0xb0, 0xbf, 0xff, 0xff, 0xa5,
    0xb, 0xf6, 0x0, 0x4, 0xfa, 0xe, 0xfe, 0x94,
    0x0, 0x3, 0xff, 0x0, 0x0, 0x5f, 0x80, 0x53,
    0x0, 0x0, 0x1, 0xef, 0x70, 0x0, 0x7, 0xf6,
    0x0, 0x0, 0x0, 0x1, 0xdf, 0xc0, 0x0, 0x0,
    0xcf, 0x40, 0x0, 0x0, 0x4, 0xef, 0xd1, 0x2,
    0xdc, 0xdf, 0xf0, 0x0, 0x0, 0x0, 0x1d, 0xb1,
    0x0, 0xe, 0xff, 0xd4, 0x0, 0x0, 0x0, 0x0,
    0x10, 0x0, 0x0, 0x0, 0x0, 0x0,

    /* U+52A0 "加" */
    0x0, 0x1, 0x74, 0x0, 0x0, 0x0, 0x0, 0x0,
    0x0, 0x0, 0x0, 0x3f, 0xa0, 0x0, 0x0, 0x0,
    0x0, 0x0, 0x0, 0x0, 0x3, 0xfa, 0x0, 0x0,
    0x4, 0x55, 0x55, 0x55, 0x30, 0x0, 0x4f, 0xa0,
    0x1, 0x0, 0xcf, 0xff, 0xff, 0xfb, 0xd, 0xff,
    0xff, 0xff, 0xff, 0xc, 0xf8, 0x77, 0x9f, 0xb0,
    0xac, 0xdf, 0xec, 0xcf, 0xf0, 0xcf, 0x10, 0x3,
    0xfb, 0x0, 0x4, 0xf8, 0x0, 0xdf, 0xc, 0xf1,
    0x0, 0x3f, 0xb0, 0x0, 0x5f, 0x80, 0xd, 0xf0,
    0xcf, 0x10, 0x3, 0xfb, 0x0, 0x6, 0xf7, 0x0,
    0xef, 0xc, 0xf1, 0x0, 0x3f, 0xb0, 0x0, 0x7f,
    0x50, 0xe, 0xf0, 0xcf, 0x10, 0x3, 0xfb, 0x0,
    0x9, 0xf4, 0x0, 0xee, 0xc, 0xf1, 0x0, 0x3f,
    0xb0, 0x0, 0xcf, 0x20, 0xf, 0xe0, 0xcf, 0x10,
    0x3, 0xfb, 0x0, 0xe, 0xf0, 0x0, 0xfd, 0xc,
    0xf1, 0x0, 0x3f, 0xb0, 0x3, 0xfc, 0x0, 0xf,
    0xc0, 0xcf, 0x10, 0x3, 0xfb, 0x0, 0x8f, 0x80,
    0x1, 0xfb, 0xc, 0xf1, 0x0, 0x3f, 0xb0, 0xe,
    0xf3, 0x0, 0x3f, 0xa0, 0xcf, 0xff, 0xff, 0xfb,
    0x8, 0xfd, 0x0, 0x6, 0xf8, 0xc, 0xfe, 0xee,
    0xef, 0xb2, 0xff, 0x62, 0xbb, 0xef, 0x50, 0xcf,
    0x10, 0x3, 0xfb, 0x9, 0xc0, 0xf, 0xff, 0xb0,
    0xc, 0xf1, 0x0, 0x3f, 0xb0, 0x2, 0x0, 0x12,
    0x10, 0x0, 0x12, 0x0, 0x0, 0x0,

    /* U+52A8 "动" */
    0x0, 0x0, 0x0, 0x0, 0x0, 0x1, 0x86, 0x0,
    0x0, 0x1, 0x11, 0x11, 0x11, 0x0, 0x3, 0xfa,
    0x0, 0x0, 0x4f, 0xff, 0xff, 0xff, 0x80, 0x3,
    0xfa, 0x0, 0x0, 0x2a, 0xaa, 0xaa, 0xaa, 0x50,
    0x3, 0xfa, 0x0, 0x0, 0x0, 0x0, 0x0, 0x0,
    0x3, 0x47, 0xfb, 0x44, 0x54, 0x0, 0x0, 0x0,
    0x0, 0xd, 0xff, 0xff, 0xff, 0xff, 0xab, 0xbb,
    0xbb, 0xbb, 0x94, 0x58, 0xfb, 0x55, 0xfe, 0xff,
    0xff, 0xff, 0xff, 0xd0, 0x5, 0xf7, 0x0, 0xfe,
    0x0, 0x7f, 0x80, 0x0, 0x0, 0x6, 0xf6, 0x0,
    0xfd, 0x0, 0xaf, 0x30, 0x11, 0x0, 0x8, 0xf5,
    0x0, 0xfd, 0x0, 0xfe, 0x0, 0xfb, 0x0, 0xa,
    0xf3, 0x1, 0xfc, 0x4, 0xf9, 0x0, 0xaf, 0x10,
    0xd, 0xf0, 0x1, 0xfb, 0x9, 0xf3, 0x0, 0x5f,
    0x70, 0x1f, 0xd0, 0x2, 0xfa, 0x1f, 0xd0, 0x37,
    0xbf, 0xd0, 0x5f, 0x90, 0x3, 0xf9, 0x9f, 0xef,
    0xff, 0xff, 0xf2, 0xbf, 0x50, 0x5, 0xf8, 0x7f,
    0xfe, 0xa6, 0x27, 0xe7, 0xfe, 0x0, 0x7, 0xf7,
    0x38, 0x30, 0x0, 0x0, 0xd, 0xf8, 0x0, 0xa,
    0xf4, 0x0, 0x0, 0x0, 0x0, 0x9f, 0xe0, 0xad,
    0xdf, 0xf1, 0x0, 0x0, 0x0, 0x0, 0x3e, 0x30,
    0x7f, 0xfe, 0x50, 0x0, 0x0, 0x0, 0x0, 0x0,
    0x0, 0x0, 0x0, 0x0,

    /* U+5317 "北" */
    0x0, 0x0, 0x0, 0x78, 0x0, 0x7, 0x80, 0x0,
    0x0, 0x0, 0x0, 0x0, 0x0, 0xdf, 0x10, 0xe,
    0xf0, 0x0, 0x0, 0x0, 0x0, 0x0, 0x0, 0xdf,
    0x10, 0xe, 0xf0, 0x0, 0x0, 0x0, 0x0, 0x0,
    0x0, 0xdf, 0x10, 0xe, 0xf0, 0x0, 0x3, 0x0,
    0x0, 0x0, 0x0, 0xdf, 0x10, 0xe, 0xf0, 0x0,
    0x7f, 0x80, 0xc, 0xff, 0xff, 0xff, 0x10, 0xe,
    0xf0, 0x1b, 0xff, 0xa0, 0xc, 0xff, 0xff, 0xff,
    0x10, 0xe, 0xf6, 0xef, 0xe5, 0x0, 0x0, 0x0,
    0x0, 0xdf, 0x10, 0xe, 0xff, 0xf9, 0x0, 0x0,
    0x0, 0x0, 0x0, 0xdf, 0x10, 0xe, 0xfb, 0x20,
    0x0, 0x0, 0x0, 0x0, 0x0, 0xdf, 0x10, 0xe,
    0xf0, 0x0, 0x0, 0x0, 0x0, 0x0, 0x0, 0xdf,
    0x10, 0xe, 0xf0, 0x0, 0x0, 0x0, 0x0, 0x0,
    0x0, 0xdf, 0x10, 0xe, 0xf0, 0x0, 0x0, 0x0,
    0x0, 0x0, 0x1, 0xef, 0x10, 0xe, 0xf0, 0x0,
    0x0, 0x0, 0x0, 0x4, 0xbf, 0xff, 0x10, 0xe,
    0xf0, 0x0, 0x3, 0xd4, 0x28, 0xef, 0xff, 0xff,
    0x10, 0xe, 0xf0, 0x0, 0x4, 0xf9, 0x3f, 0xfe,
    0x71, 0xdf, 0x10, 0xe, 0xf0, 0x0, 0x5, 0xf7,
    0x9, 0x60, 0x0, 0xdf, 0x10, 0xe, 0xf2, 0x0,
    0x9, 0xf5, 0x0, 0x0, 0x0, 0xdf, 0x10, 0xb,
    0xfe, 0xdd, 0xdf, 0xf1, 0x0, 0x0, 0x0, 0xdf,
    0x10, 0x3, 0xdf, 0xff, 0xfe, 0x60,

    /* U+533A "区" */
    0x1e, 0xee, 0xee, 0xee, 0xee, 0xee, 0xee, 0xee,
    0xe9, 0x1, 0xff, 0xff, 0xff, 0xff, 0xff, 0xff,
    0xff, 0xff, 0xa0, 0x1f, 0xc0, 0x0, 0x0, 0x0,
    0x0, 0x1, 0x0, 0x0, 0x1, 0xfc, 0x0, 0x51,
    0x0, 0x0, 0x0, 0xdd, 0x20, 0x0, 0x1f, 0xc0,
    0x5f, 0xd2, 0x0, 0x0, 0x7f, 0xc0, 0x0, 0x1,
    0xfc, 0x0, 0x7f, 0xf4, 0x0, 0x4f, 0xf2, 0x0,
    0x0, 0x1f, 0xc0, 0x0, 0x5f, 0xf6, 0x2e, 0xf5,
    0x0, 0x0, 0x1, 0xfc, 0x0, 0x0, 0x3e, 0xff,
    0xf8, 0x0, 0x0, 0x0, 0x1f, 0xc0, 0x0, 0x0,
    0x4f, 0xfe, 0x0, 0x0, 0x0, 0x1, 0xfc, 0x0,
    0x0, 0x2e, 0xff, 0xfc, 0x10, 0x0, 0x0, 0x1f,
    0xc0, 0x0, 0x4f, 0xfa, 0x1c, 0xfd, 0x10, 0x0,
    0x1, 0xfc, 0x0, 0x9f, 0xf8, 0x0, 0xc, 0xfd,
    0x10, 0x0, 0x1f, 0xc1, 0xef, 0xf5, 0x0, 0x0,
    0xc, 0xfc, 0x0, 0x1, 0xfc, 0x7, 0xc2, 0x0,
    0x0, 0x0, 0x1c, 0x30, 0x0, 0x1f, 0xc0, 0x0,
    0x0, 0x0, 0x0, 0x0, 0x0, 0x0, 0x1, 0xff,
    0xcc, 0xcc, 0xcc, 0xcc, 0xcc, 0xcc, 0xcc, 0xc2,
    0x1f, 0xff, 0xff, 0xff, 0xff, 0xff, 0xff, 0xff,
    0xff, 0x30, 0x0, 0x0, 0x0, 0x0, 0x0, 0x0,
    0x0, 0x0, 0x0,

    /* U+5355 "单" */
    0x0, 0x1, 0x98, 0x0, 0x0, 0x0, 0x4b, 0x50,
    0x0, 0x0, 0x0, 0xd, 0xf6, 0x0, 0x0, 0xc,
    0xf6, 0x0, 0x0, 0x0, 0x0, 0x2f, 0xf1, 0x0,
    0x5, 0xfc, 0x0, 0x0, 0x0, 0x9, 0x99, 0xdf,
    0x99, 0x99, 0xef, 0xa9, 0x91, 0x0, 0x1, 0xff,
    0xff, 0xff, 0xff, 0xff, 0xff, 0xff, 0x30, 0x0,
    0x1f, 0xc0, 0x0, 0xf, 0xf0, 0x0, 0xc, 0xf3,
    0x0, 0x1, 0xfc, 0x11, 0x11, 0xff, 0x11, 0x11,
    0xcf, 0x30, 0x0, 0x1f, 0xff, 0xff, 0xff, 0xff,
    0xff, 0xff, 0xf3, 0x0, 0x1, 0xfd, 0x66, 0x66,
    0xff, 0x66, 0x66, 0xdf, 0x30, 0x0, 0x1f, 0xc0,
    0x0, 0xf, 0xf0, 0x0, 0xc, 0xf3, 0x0, 0x1,
    0xff, 0xff, 0xff, 0xff, 0xff, 0xff, 0xff, 0x30,
    0x0, 0xa, 0xaa, 0xaa, 0xaf, 0xfa, 0xaa, 0xaa,
    0xa1, 0x0, 0x0, 0x0, 0x0, 0x0, 0xff, 0x0,
    0x0, 0x0, 0x0, 0xa, 0xbb, 0xbb, 0xbb, 0xbf,
    0xfb, 0xbb, 0xbb, 0xbb, 0xb0, 0xef, 0xff, 0xff,
    0xff, 0xff, 0xff, 0xff, 0xff, 0xff, 0x10, 0x0,
    0x0, 0x0, 0xf, 0xf0, 0x0, 0x0, 0x0, 0x0,
    0x0, 0x0, 0x0, 0x0, 0xff, 0x0, 0x0, 0x0,
    0x0, 0x0, 0x0, 0x0, 0x0, 0xf, 0xf0, 0x0,
    0x0, 0x0, 0x0, 0x0, 0x0, 0x0, 0x0, 0xff,
    0x0, 0x0, 0x0, 0x0, 0x0,

    /* U+5361 "卡" */
    0x0, 0x0, 0x0, 0x2, 0xa7, 0x0, 0x0, 0x0,
    0x0, 0x0, 0x0, 0x0, 0x0, 0x4f, 0xb0, 0x0,
    0x0, 0x0, 0x0, 0x0, 0x0, 0x0, 0x4, 0xfb,
    0x0, 0x0, 0x0, 0x0, 0x0, 0x0, 0x0, 0x0,
    0x4f, 0xff, 0xff, 0xff, 0xf4, 0x0, 0x0, 0x0,
    0x0, 0x4, 0xff, 0xcc, 0xcc, 0xcc, 0x30, 0x0,
    0x0, 0x0, 0x0, 0x4f, 0xb0, 0x0, 0x0, 0x0,
    0x0, 0x0, 0x0, 0x0, 0x4, 0xfb, 0x0, 0x0,
    0x0, 0x0, 0x9, 0xbb, 0xbb, 0xbb, 0xcf, 0xeb,
    0xbb, 0xbb, 0xbb, 0xb3, 0xcf, 0xff, 0xff, 0xff,
    0xff, 0xff, 0xff, 0xff, 0xff, 0x40, 0x0, 0x0,
    0x0, 0x3f, 0xc0, 0x0, 0x0, 0x0, 0x0, 0x0,
    0x0, 0x0, 0x3, 0xfc, 0x0, 0x0, 0x0, 0x0,
    0x0, 0x0, 0x0, 0x0, 0x3f, 0xc8, 0xa4, 0x0,
    0x0, 0x0, 0x0, 0x0, 0x0, 0x3, 0xfd, 0xdf,
    0xfd, 0x60, 0x0, 0x0, 0x0, 0x0, 0x0, 0x3f,
    0xc0, 0x5c, 0xff, 0xf8, 0x10, 0x0, 0x0, 0x0,
    0x3, 0xfc, 0x0, 0x4, 0xcf, 0xf2, 0x0, 0x0,
    0x0, 0x0, 0x3f, 0xc0, 0x0, 0x0, 0x46, 0x0,
    0x0, 0x0, 0x0, 0x3, 0xfc, 0x0, 0x0, 0x0,
    0x0, 0x0, 0x0, 0x0, 0x0, 0x3f, 0xc0, 0x0,
    0x0, 0x0, 0x0, 0x0, 0x0, 0x0, 0x3, 0xfc,
    0x0, 0x0, 0x0, 0x0, 0x0,

    /* U+5373 "即" */
    0xe, 0xed, 0xdd, 0xdd, 0xd0, 0x2b, 0xbb, 0xbb,
    0xb7, 0xf, 0xfd, 0xdd, 0xdf, 0xf0, 0x3f, 0xff,
    0xff, 0xfa, 0xf, 0xf0, 0x0, 0xd, 0xf0, 0x3f,
    0xa0, 0x3, 0xfa, 0xf, 0xf0, 0x0, 0xd, 0xf0,
    0x3f, 0xa0, 0x3, 0xfa, 0xf, 0xff, 0xff, 0xff,
    0xf0, 0x3f, 0xa0, 0x3, 0xfa, 0xf, 0xfc, 0xcc,
    0xcf, 0xf0, 0x3f, 0xa0, 0x3, 0xfa, 0xf, 0xf0,
    0x0, 0xd, 0xf0, 0x3f, 0xa0, 0x3, 0xfa, 0xf,
    0xf0, 0x0, 0xd, 0xf0, 0x3f, 0xa0, 0x3, 0xfa,
    0xf, 0xff, 0xff, 0xff, 0xf0, 0x3f, 0xa0, 0x3,
    0xfa, 0xf, 0xfb, 0xbb, 0xbb, 0xb0, 0x3f, 0xa0,
    0x3, 0xfa, 0xf, 0xf0, 0x0, 0x40, 0x0, 0x3f,
    0xa0, 0x3, 0xfa, 0xf, 0xf0, 0x9, 0xf5, 0x0,
    0x3f, 0xa0, 0x3, 0xfa, 0xf, 0xf0, 0x3, 0xfe,
    0x0, 0x3f, 0xa5, 0xde, 0xf9, 0xf, 0xf0, 0x27,
    0xff, 0x70, 0x3f, 0xa1, 0xee, 0xb2, 0x2f, 0xfc,
    0xff, 0xff, 0xf1, 0x3f, 0xa0, 0x0, 0x0, 0xaf,
    0xff, 0xd7, 0x1b, 0xf7, 0x3f, 0xa0, 0x0, 0x0,
    0x6e, 0x93, 0x0, 0x5, 0x91, 0x3f, 0xa0, 0x0,
    0x0, 0x10, 0x0, 0x0, 0x0, 0x0, 0x3f, 0xa0,
    0x0, 0x0,

    /* U+5386 "历" */
    0x0, 0xdf, 0xff, 0xff, 0xff, 0xff, 0xff, 0xff,
    0xff, 0xf0, 0xd, 0xfc, 0xcc, 0xcc, 0xcc, 0xcc,
    0xcc, 0xcc, 0xcc, 0x0, 0xdf, 0x10, 0x0, 0x0,
    0x22, 0x0, 0x0, 0x0, 0x0, 0xd, 0xf1, 0x0,
    0x0, 0x2f, 0xc0, 0x0, 0x0, 0x0, 0x0, 0xdf,
    0x10, 0x0, 0x3, 0xfb, 0x0, 0x0, 0x0, 0x0,
    0xd, 0xf1, 0x0, 0x0, 0x4f, 0xb0, 0x0, 0x1,
    0x0, 0x0, 0xdf, 0x1e, 0xff, 0xff, 0xff, 0xff,
    0xff, 0xff, 0x10, 0xd, 0xf0, 0xac, 0xcc, 0xdf,
    0xec, 0xcc, 0xcf, 0xf0, 0x0, 0xef, 0x0, 0x0,
    0x7, 0xf6, 0x0, 0x0, 0xef, 0x0, 0xe, 0xf0,
    0x0, 0x0, 0xaf, 0x40, 0x0, 0xe, 0xe0, 0x0,
    0xff, 0x0, 0x0, 0xd, 0xf1, 0x0, 0x0, 0xfe,
    0x0, 0xf, 0xe0, 0x0, 0x2, 0xfd, 0x0, 0x0,
    0xf, 0xc0, 0x2, 0xfc, 0x0, 0x0, 0x8f, 0x80,
    0x0, 0x2, 0xfb, 0x0, 0x4f, 0xa0, 0x0, 0x1f,
    0xf1, 0x0, 0x0, 0x4f, 0xa0, 0x7, 0xf7, 0x0,
    0xc, 0xf8, 0x0, 0x0, 0x6, 0xf8, 0x0, 0xcf,
    0x30, 0xb, 0xfc, 0x0, 0x0, 0x0, 0xbf, 0x50,
    0x1f, 0xf0, 0x3d, 0xfd, 0x10, 0x5, 0xdd, 0xdf,
    0xf1, 0x2, 0xca, 0x2, 0xea, 0x10, 0x0, 0x1f,
    0xff, 0xd5, 0x0, 0x0, 0x10, 0x1, 0x0, 0x0,
    0x0, 0x0, 0x0, 0x0, 0x0,

    /* U+538B "压" */
    0x0, 0xcf, 0xff, 0xff, 0xff, 0xff, 0xff, 0xff,
    0xff, 0xf0, 0xc, 0xfd, 0xdd, 0xdd, 0xdd, 0xdd,
    0xdd, 0xdd, 0xdd, 0x0, 0xcf, 0x0, 0x0, 0x0,
    0x0, 0x0, 0x0, 0x0, 0x0, 0xc, 0xf0, 0x0,
    0x0, 0xc, 0xf2, 0x0, 0x0, 0x0, 0x0, 0xcf,
    0x0, 0x0, 0x0, 0xcf, 0x20, 0x0, 0x0, 0x0,
    0xc, 0xf0, 0x0, 0x0, 0xc, 0xf2, 0x0, 0x0,
    0x0, 0x0, 0xcf, 0x0, 0x0, 0x0, 0xcf, 0x30,
    0x0, 0x0, 0x0, 0xc, 0xf0, 0xff, 0xff, 0xff,
    0xff, 0xff, 0xff, 0xf0, 0x0, 0xdf, 0xc, 0xcc,
    0xcc, 0xff, 0xcc, 0xcc, 0xcb, 0x0, 0xd, 0xe0,
    0x0, 0x0, 0xc, 0xf2, 0x0, 0x0, 0x0, 0x0,
    0xed, 0x0, 0x0, 0x0, 0xcf, 0x23, 0xe8, 0x0,
    0x0, 0xf, 0xb0, 0x0, 0x0, 0xc, 0xf2, 0xb,
    0xf9, 0x0, 0x2, 0xf9, 0x0, 0x0, 0x0, 0xcf,
    0x20, 0xb, 0xf6, 0x0, 0x5f, 0x70, 0x0, 0x0,
    0xc, 0xf2, 0x0, 0x18, 0x0, 0x9, 0xf3, 0x0,
    0x0, 0x0, 0xcf, 0x20, 0x0, 0x0, 0x0, 0xef,
    0x5f, 0xff, 0xff, 0xff, 0xff, 0xff, 0xff, 0xfc,
    0x4f, 0xa4, 0xee, 0xee, 0xee, 0xee, 0xee, 0xee,
    0xee, 0xb0, 0x32, 0x0, 0x0, 0x0, 0x0, 0x0,
    0x0, 0x0, 0x0,

    /* U+539F "原" */
    0x0, 0xbf, 0xff, 0xff, 0xff, 0xff, 0xff, 0xff,
    0xff, 0xa0, 0xc, 0xfc, 0xcc, 0xcc, 0xcc, 0xcc,
    0xcc, 0xcc, 0xc9, 0x0, 0xcf, 0x10, 0x0, 0x1,
    0xfd, 0x0, 0x0, 0x0, 0x0, 0xc, 0xf1, 0x5,
    0x55, 0xaf, 0xb5, 0x55, 0x55, 0x0, 0x0, 0xcf,
    0x11, 0xff, 0xff, 0xff, 0xff, 0xff, 0xf1, 0x0,
    0xc, 0xf1, 0x1f, 0xc2, 0x22, 0x22, 0x22, 0xef,
    0x10, 0x0, 0xcf, 0x11, 0xfd, 0x44, 0x44, 0x44,
    0x4e, 0xf1, 0x0, 0xc, 0xf1, 0x1f, 0xff, 0xff,
    0xff, 0xff, 0xff, 0x10, 0x0, 0xdf, 0x1, 0xfc,
    0x11, 0x11, 0x11, 0x1d, 0xf1, 0x0, 0xe, 0xf0,
    0x1f, 0xd4, 0x44, 0x44, 0x44, 0xef, 0x10, 0x0,
    0xfe, 0x1, 0xff, 0xff, 0xff, 0xff, 0xff, 0xf1,
    0x0, 0x1f, 0xc0, 0x3, 0x33, 0x3c, 0xf4, 0x33,
    0x33, 0x0, 0x4, 0xf9, 0x0, 0x2b, 0x50, 0xbf,
    0x11, 0x97, 0x0, 0x0, 0x7f, 0x60, 0xd, 0xf6,
    0xb, 0xf1, 0x1d, 0xf5, 0x0, 0xb, 0xf3, 0xa,
    0xfb, 0x0, 0xbf, 0x10, 0x2f, 0xf3, 0x1, 0xfe,
    0x8, 0xfe, 0x10, 0xb, 0xf1, 0x0, 0x5f, 0xe2,
    0x6f, 0x80, 0x9f, 0x30, 0x9a, 0xef, 0x10, 0x0,
    0x9f, 0x60, 0x41, 0x0, 0x10, 0xb, 0xff, 0x90,
    0x0, 0x0, 0x10, 0x0, 0x0, 0x0, 0x0, 0x0,
    0x0, 0x0, 0x0, 0x0, 0x0,

    /* U+53C2 "参" */
    0x0, 0x0, 0x0, 0x2, 0xc6, 0x0, 0x10, 0x0,
    0x0, 0x0, 0x0, 0x0, 0x0, 0x5f, 0xf8, 0x3,
    0xed, 0x30, 0x0, 0x0, 0x0, 0x0, 0x19, 0xfe,
    0x40, 0x0, 0x7f, 0xf7, 0x0, 0x0, 0x0, 0x7,
    0xef, 0xfa, 0x9a, 0xab, 0xbe, 0xff, 0xa0, 0x0,
    0x0, 0xb, 0xff, 0xff, 0xff, 0xed, 0xdc, 0xbd,
    0xfb, 0x0, 0x0, 0x2, 0x32, 0x18, 0xf9, 0x0,
    0x0, 0x0, 0x82, 0x0, 0xa, 0xaa, 0xaa, 0xaf,
    0xfb, 0xaa, 0xaa, 0xaa, 0xaa, 0xa0, 0xf, 0xff,
    0xff, 0xff, 0xff, 0xff, 0xff, 0xff, 0xff, 0xf1,
    0x0, 0x0, 0xa, 0xfd, 0x10, 0x10, 0x9f, 0xb1,
    0x0, 0x0, 0x0, 0x0, 0xaf, 0xe1, 0x17, 0xec,
    0x1b, 0xfb, 0x10, 0x0, 0x0, 0x4d, 0xff, 0x9b,
    0xff, 0xb3, 0x0, 0xbf, 0xe5, 0x0, 0x1b, 0xff,
    0xb7, 0xfd, 0x82, 0x3, 0xb5, 0x8, 0xff, 0xd2,
    0x8, 0xe6, 0x0, 0x20, 0x16, 0xcf, 0xe5, 0x0,
    0x3c, 0x90, 0x0, 0x0, 0x5, 0x8c, 0xff, 0xd7,
    0x0, 0x57, 0x0, 0x0, 0x0, 0x0, 0xc, 0xfd,
    0x93, 0x0, 0x2a, 0xff, 0x40, 0x0, 0x0, 0x0,
    0x1, 0x10, 0x2, 0x6c, 0xff, 0xb2, 0x0, 0x0,
    0x0, 0x1, 0x35, 0x8b, 0xef, 0xff, 0xa3, 0x0,
    0x0, 0x0, 0x0, 0x4, 0xff, 0xff, 0xd9, 0x50,
    0x0, 0x0, 0x0, 0x0, 0x0, 0x0, 0x65, 0x30,
    0x0, 0x0, 0x0, 0x0, 0x0, 0x0,

    /* U+53CC "双" */
    0x1, 0x22, 0x22, 0x23, 0x0, 0x22, 0x22, 0x22,
    0x31, 0x0, 0xc, 0xff, 0xff, 0xff, 0xe6, 0xff,
    0xff, 0xff, 0xff, 0x30, 0x8, 0xaa, 0xaa, 0xaf,
    0xd4, 0xfe, 0xaa, 0xaa, 0xff, 0x10, 0x0, 0x0,
    0x0, 0xf, 0xb0, 0xee, 0x0, 0x0, 0xef, 0x0,
    0x0, 0x40, 0x0, 0x3f, 0x80, 0xbf, 0x10, 0x2,
    0xfc, 0x0, 0x7, 0xf7, 0x0, 0x6f, 0x50, 0x8f,
    0x40, 0x5, 0xf9, 0x0, 0x1, 0xef, 0x40, 0xaf,
    0x20, 0x5f, 0x80, 0xa, 0xf5, 0x0, 0x0, 0x3f,
    0xe2, 0xfe, 0x0, 0x1f, 0xd0, 0xf, 0xf0, 0x0,
    0x0, 0x6, 0xfe, 0xf9, 0x0, 0xc, 0xf2, 0x5f,
    0xb0, 0x0, 0x0, 0x0, 0xaf, 0xf4, 0x0, 0x7,
    0xf7, 0xdf, 0x40, 0x0, 0x0, 0x0, 0x2f, 0xf4,
    0x0, 0x1, 0xff, 0xfd, 0x0, 0x0, 0x0, 0x0,
    0x8f, 0xfe, 0x0, 0x0, 0xbf, 0xf5, 0x0, 0x0,
    0x0, 0x1, 0xff, 0xbf, 0x80, 0x0, 0xaf, 0xf1,
    0x0, 0x0, 0x0, 0xb, 0xf8, 0x1f, 0xf1, 0x8,
    0xff, 0xfb, 0x0, 0x0, 0x0, 0x7f, 0xe0, 0x7,
    0xa0, 0x8f, 0xf6, 0xef, 0x90, 0x0, 0x6, 0xff,
    0x30, 0x0, 0x2b, 0xff, 0x50, 0x4f, 0xfb, 0x10,
    0x2f, 0xf6, 0x0, 0x0, 0xcf, 0xe3, 0x0, 0x4,
    0xff, 0xb0, 0x5, 0x60, 0x0, 0x0, 0x29, 0x10,
    0x0, 0x0, 0x2b, 0x10,

    /* U+53D1 "发" */
    0x0, 0x0, 0x0, 0x0, 0x2, 0x0, 0x0, 0x0,
    0x0, 0x0, 0x0, 0x0, 0x56, 0x20, 0xf, 0xf1,
    0x1, 0x96, 0x0, 0x0, 0x0, 0x0, 0xdf, 0x30,
    0x3f, 0xf0, 0x1, 0xef, 0x50, 0x0, 0x0, 0x3,
    0xfd, 0x0, 0x5f, 0xc0, 0x0, 0x2f, 0xf3, 0x0,
    0x0, 0xb, 0xf6, 0x0, 0x9f, 0x90, 0x0, 0x5,
    0x90, 0x0, 0x0, 0x5f, 0xfb, 0xaa, 0xef, 0xda,
    0xaa, 0xaa, 0xaa, 0x90, 0x0, 0x6f, 0xff, 0xff,
    0xff, 0xff, 0xff, 0xff, 0xff, 0xd0, 0x0, 0x14,
    0x22, 0x27, 0xfd, 0x22, 0x22, 0x22, 0x22, 0x10,
    0x0, 0x0, 0x0, 0xb, 0xf8, 0x0, 0x0, 0x0,
    0x0, 0x0, 0x0, 0x0, 0x0, 0x2f, 0xfd, 0xcc,
    0xcc, 0xcc, 0xa1, 0x0, 0x0, 0x0, 0x0, 0xaf,
    0xff, 0xff, 0xff, 0xff, 0xf1, 0x0, 0x0, 0x0,
    0x3, 0xff, 0xf4, 0x0, 0x0, 0x9f, 0xa0, 0x0,
    0x0, 0x0, 0xd, 0xfc, 0xfd, 0x0, 0x3, 0xff,
    0x20, 0x0, 0x0, 0x0, 0xaf, 0xe1, 0x7f, 0xb0,
    0x1d, 0xf8, 0x0, 0x0, 0x0, 0x9, 0xff, 0x40,
    0xb, 0xfb, 0xdf, 0xb0, 0x0, 0x0, 0x1, 0xbf,
    0xf5, 0x0, 0x0, 0xdf, 0xfd, 0x0, 0x0, 0x0,
    0x1e, 0xff, 0x40, 0x0, 0x3b, 0xff, 0xff, 0xa3,
    0x0, 0x0, 0x6, 0xc2, 0x2, 0x6c, 0xff, 0xd4,
    0x5e, 0xff, 0xc7, 0x30, 0x0, 0x0, 0xb, 0xff,
    0xc6, 0x0, 0x0, 0x6d, 0xff, 0xf2, 0x0, 0x0,
    0x2, 0x82, 0x0, 0x0, 0x0, 0x0, 0x27, 0x50,

    /* U+53D6 "取" */
    0xf, 0xff, 0xff, 0xff, 0xff, 0x0, 0x0, 0x0,
    0x0, 0x0, 0xc, 0xff, 0xcc, 0xcf, 0xec, 0x8a,
    0xaa, 0xaa, 0xab, 0x60, 0x0, 0xdf, 0x0, 0x2f,
    0xb0, 0xcf, 0xff, 0xff, 0xff, 0xa0, 0x0, 0xdf,
    0x0, 0x2f, 0xb0, 0xe, 0xc0, 0x0, 0x4f, 0x80,
    0x0, 0xdf, 0xff, 0xff, 0xb0, 0xb, 0xf0, 0x0,
    0x7f, 0x50, 0x0, 0xdf, 0xbb, 0xbf, 0xb0, 0x8,
    0xf3, 0x0, 0xaf, 0x20, 0x0, 0xdf, 0x0, 0x2f,
    0xb0, 0x4, 0xf7, 0x0, 0xee, 0x0, 0x0, 0xdf,
    0x0, 0x2f, 0xb0, 0x1, 0xfb, 0x3, 0xfa, 0x0,
    0x0, 0xdf, 0xaa, 0xbf, 0xb0, 0x0, 0xcf, 0x8,
    0xf5, 0x0, 0x0, 0xdf, 0xff, 0xff, 0xb0, 0x0,
    0x7f, 0x6e, 0xf0, 0x0, 0x0, 0xdf, 0x0, 0x2f,
    0xb0, 0x0, 0x2f, 0xff, 0x90, 0x0, 0x0, 0xdf,
    0x0, 0x2f, 0xb0, 0x0, 0xb, 0xff, 0x20, 0x0,
    0x0, 0xdf, 0x25, 0x8f, 0xff, 0x60, 0x8, 0xfe,
    0x0, 0x0, 0x2b, 0xff, 0xff, 0xff, 0xfb, 0x40,
    0x3f, 0xff, 0x70, 0x0, 0xf, 0xfd, 0xb8, 0x6f,
    0xb0, 0x1, 0xef, 0x8f, 0xf5, 0x0, 0x3, 0x0,
    0x0, 0x2f, 0xb0, 0x2d, 0xf9, 0x5, 0xff, 0x60,
    0x0, 0x0, 0x0, 0x2f, 0xb2, 0xef, 0xa0, 0x0,
    0x7f, 0xf3, 0x0, 0x0, 0x0, 0x2f, 0xb0, 0x98,
    0x0, 0x0, 0x5, 0x70, 0x0, 0x0, 0x0, 0x0,
    0x0, 0x0, 0x0, 0x0, 0x0, 0x0,

    /* U+53D7 "受" */
    0x0, 0x0, 0x0, 0x0, 0x0, 0x23, 0x57, 0xac,
    0xd1, 0x0, 0x3, 0x9a, 0xbb, 0xde, 0xff, 0xff,
    0xff, 0xff, 0xc6, 0x0, 0x3, 0xff, 0xfe, 0xdc,
    0xbc, 0xa7, 0x53, 0x13, 0x0, 0x0, 0x0, 0x6,
    0xe2, 0x0, 0x4f, 0x80, 0x0, 0x2f, 0xe1, 0x0,
    0x0, 0x4, 0xfb, 0x0, 0xe, 0xe0, 0x0, 0xaf,
    0x60, 0x0, 0x0, 0x0, 0xdd, 0x10, 0xa, 0xb2,
    0x4, 0xfc, 0x0, 0x0, 0xb, 0xff, 0xff, 0xff,
    0xff, 0xff, 0xff, 0xff, 0xff, 0xc0, 0xb, 0xfa,
    0xaa, 0xaa, 0xaa, 0xaa, 0xaa, 0xaa, 0xaf, 0xc0,
    0xb, 0xf1, 0x0, 0x0, 0x0, 0x0, 0x0, 0x0,
    0x1f, 0xc0, 0xb, 0xf1, 0xbb, 0xbb, 0xbb, 0xbb,
    0xbb, 0xc5, 0x1f, 0xc0, 0x1, 0x21, 0xff, 0xff,
    0xff, 0xff, 0xff, 0xff, 0x12, 0x10, 0x0, 0x0,
    0x5f, 0xd1, 0x0, 0x0, 0x2e, 0xf8, 0x0, 0x0,
    0x0, 0x0, 0x9, 0xfc, 0x10, 0x1, 0xcf, 0xc0,
    0x0, 0x0, 0x0, 0x0, 0x0, 0x9f, 0xe5, 0x4e,
    0xfc, 0x10, 0x0, 0x0, 0x0, 0x0, 0x0, 0x7,
    0xff, 0xff, 0xa0, 0x0, 0x0, 0x0, 0x0, 0x0,
    0x2, 0x7c, 0xff, 0xff, 0xe9, 0x40, 0x0, 0x0,
    0x6, 0x9b, 0xff, 0xff, 0xb4, 0x4b, 0xff, 0xff,
    0xda, 0x70, 0x8, 0xff, 0xea, 0x61, 0x0, 0x0,
    0x16, 0xae, 0xff, 0x70, 0x0, 0x41, 0x0, 0x0,
    0x0, 0x0, 0x0, 0x0, 0x14, 0x0,

    /* U+53D8 "变" */
    0x0, 0x0, 0x0, 0x0, 0x0, 0x0, 0x0, 0x0,
    0x0, 0x0, 0x0, 0x0, 0x0, 0xc, 0xe1, 0x0,
    0x0, 0x0, 0x0, 0x0, 0x0, 0x0, 0x0, 0x9f,
    0xa0, 0x0, 0x0, 0x0, 0x6, 0xee, 0xee, 0xee,
    0xef, 0xff, 0xee, 0xee, 0xee, 0xe1, 0x5c, 0xcc,
    0xcc, 0xff, 0xcc, 0xdf, 0xfc, 0xcc, 0xcc, 0x10,
    0x0, 0x53, 0x1f, 0xd0, 0x3, 0xfb, 0x3, 0x0,
    0x0, 0x0, 0x2f, 0xd1, 0xfd, 0x0, 0x3f, 0xbb,
    0xf7, 0x0, 0x0, 0xc, 0xf4, 0x1f, 0xd0, 0x3,
    0xfb, 0x1d, 0xf8, 0x0, 0xa, 0xf9, 0x1, 0xfd,
    0x0, 0x3f, 0xb0, 0x1d, 0xf7, 0x0, 0x9c, 0x0,
    0x1f, 0xd0, 0x3, 0xfb, 0x0, 0x2d, 0x60, 0x0,
    0x0, 0x0, 0xa8, 0x0, 0x2a, 0x70, 0x0, 0x0,
    0x0, 0x2f, 0xff, 0xff, 0xff, 0xff, 0xff, 0xff,
    0x80, 0x0, 0x2, 0xbd, 0xfe, 0xbb, 0xbb, 0xbb,
    0xbf, 0xf9, 0x0, 0x0, 0x0, 0x1e, 0xf5, 0x0,
    0x0, 0xa, 0xfc, 0x0, 0x0, 0x0, 0x0, 0x2e,
    0xf8, 0x0, 0x2c, 0xfc, 0x10, 0x0, 0x0, 0x0,
    0x0, 0x1c, 0xfd, 0x9f, 0xf9, 0x0, 0x0, 0x0,
    0x0, 0x0, 0x1, 0x5f, 0xff, 0xfc, 0x30, 0x0,
    0x0, 0x1, 0x36, 0x9c, 0xff, 0xfb, 0x9e, 0xff,
    0xea, 0x74, 0x20, 0x8f, 0xff, 0xfb, 0x61, 0x0,
    0x4, 0x9e, 0xff, 0xff, 0x30, 0x86, 0x30, 0x0,
    0x0, 0x0, 0x0, 0x1, 0x47, 0x60,

    /* U+53E3 "口" */
    0xbe, 0xee, 0xee, 0xee, 0xee, 0xee, 0xee, 0xe9,
    0xdf, 0xff, 0xff, 0xff, 0xff, 0xff, 0xff, 0xfa,
    0xdf, 0x20, 0x0, 0x0, 0x0, 0x0, 0x7, 0xfa,
    0xdf, 0x10, 0x0, 0x0, 0x0, 0x0, 0x6, 0xfa,
    0xdf, 0x10, 0x0, 0x0, 0x0, 0x0, 0x6, 0xfa,
    0xdf, 0x10, 0x0, 0x0, 0x0, 0x0, 0x6, 0xfa,
    0xdf, 0x10, 0x0, 0x0, 0x0, 0x0, 0x6, 0xfa,
    0xdf, 0x10, 0x0, 0x0, 0x0, 0x0, 0x6, 0xfa,
    0xdf, 0x10, 0x0, 0x0, 0x0, 0x0, 0x6, 0xfa,
    0xdf, 0x10, 0x0, 0x0, 0x0, 0x0, 0x6, 0xfa,
    0xdf, 0x10, 0x0, 0x0, 0x0, 0x0, 0x6, 0xfa,
    0xdf, 0x10, 0x0, 0x0, 0x0, 0x0, 0x6, 0xfa,
    0xdf, 0x42, 0x22, 0x22, 0x22, 0x22, 0x28, 0xfa,
    0xdf, 0xff, 0xff, 0xff, 0xff, 0xff, 0xff, 0xfa,
    0xdf, 0xcc, 0xcc, 0xcc, 0xcc, 0xcc, 0xce, 0xfa,
    0xdf, 0x10, 0x0, 0x0, 0x0, 0x0, 0x6, 0xfa,
    0xdf, 0x10, 0x0, 0x0, 0x0, 0x0, 0x6, 0xfa,
    0x11, 0x0, 0x0, 0x0, 0x0, 0x0, 0x0, 0x0,

    /* U+53EA "只" */
    0x0, 0x9, 0xaa, 0xaa, 0xaa, 0xaa, 0xaa, 0xaa,
    0x90, 0x0, 0x0, 0xef, 0xff, 0xff, 0xff, 0xff,
    0xff, 0xff, 0x0, 0x0, 0xe, 0xf3, 0x33, 0x33,
    0x33, 0x33, 0x3f, 0xf0, 0x0, 0x0, 0xef, 0x0,
    0x0, 0x0, 0x0, 0x0, 0xff, 0x0, 0x0, 0xe,
    0xf0, 0x0, 0x0, 0x0, 0x0, 0xf, 0xf0, 0x0,
    0x0, 0xef, 0x0, 0x0, 0x0, 0x0, 0x0, 0xff,
    0x0, 0x0, 0xe, 0xf0, 0x0, 0x0, 0x0, 0x0,
    0xf, 0xf0, 0x0, 0x0, 0xef, 0x0, 0x0, 0x0,
    0x0, 0x0, 0xff, 0x0, 0x0, 0xe, 0xfe, 0xee,
    0xee, 0xee, 0xee, 0xef, 0xf0, 0x0, 0x0, 0xef,
    0xff, 0xff, 0xff, 0xff, 0xff, 0xff, 0x0, 0x0,
    0x0, 0x0, 0x0, 0x0, 0x0, 0x0, 0x0, 0x0,
    0x0, 0x0, 0x0, 0x3, 0x10, 0x0, 0x0, 0x30,
    0x0, 0x0, 0x0, 0x0, 0x2, 0xff, 0x40, 0x1,
    0xdf, 0x80, 0x0, 0x0, 0x0, 0x3, 0xef, 0x90,
    0x0, 0x3, 0xef, 0xa0, 0x0, 0x0, 0x4, 0xff,
    0xa0, 0x0, 0x0, 0x1, 0xdf, 0xc1, 0x0, 0x8,
    0xff, 0x80, 0x0, 0x0, 0x0, 0x1, 0xcf, 0xd1,
    0xa, 0xff, 0x50, 0x0, 0x0, 0x0, 0x0, 0x0,
    0xcf, 0xa0, 0x9, 0x20, 0x0, 0x0, 0x0, 0x0,
    0x0, 0x1, 0x70,

    /* U+53EF "可" */
    0x58, 0x88, 0x88, 0x88, 0x88, 0x88, 0x88, 0x88,
    0x88, 0x2a, 0xff, 0xff, 0xff, 0xff, 0xff, 0xff,
    0xff, 0xff, 0xf4, 0x46, 0x66, 0x66, 0x66, 0x66,
    0x66, 0x67, 0xff, 0x66, 0x10, 0x0, 0x0, 0x0,
    0x0, 0x0, 0x0, 0x1f, 0xe0, 0x0, 0x0, 0x0,
    0x0, 0x0, 0x0, 0x0, 0x1, 0xfe, 0x0, 0x0,
    0xe, 0xff, 0xff, 0xff, 0xf3, 0x0, 0x1f, 0xe0,
    0x0, 0x0, 0xef, 0xdd, 0xdd, 0xff, 0x30, 0x1,
    0xfe, 0x0, 0x0, 0xe, 0xe0, 0x0, 0xa, 0xf3,
    0x0, 0x1f, 0xe0, 0x0, 0x0, 0xee, 0x0, 0x0,
    0xaf, 0x30, 0x1, 0xfe, 0x0, 0x0, 0xe, 0xe0,
    0x0, 0xa, 0xf3, 0x0, 0x1f, 0xe0, 0x0, 0x0,
    0xee, 0x0, 0x0, 0xbf, 0x30, 0x1, 0xfe, 0x0,
    0x0, 0xe, 0xff, 0xff, 0xff, 0xf3, 0x0, 0x1f,
    0xe0, 0x0, 0x0, 0xef, 0xcc, 0xcc, 0xcc, 0x20,
    0x1, 0xfe, 0x0, 0x0, 0xe, 0xe0, 0x0, 0x0,
    0x0, 0x0, 0x1f, 0xe0, 0x0, 0x0, 0x44, 0x0,
    0x0, 0x0, 0x0, 0x1, 0xfe, 0x0, 0x0, 0x0,
    0x0, 0x0, 0x0, 0x0, 0x0, 0x1f, 0xe0, 0x0,
    0x0, 0x0, 0x0, 0x0, 0x8, 0xff, 0xff, 0xfc,
    0x0, 0x0, 0x0, 0x0, 0x0, 0x0, 0x2f, 0xff,
    0xeb, 0x20, 0x0, 0x0, 0x0, 0x0, 0x0, 0x0,
    0x0, 0x0, 0x0, 0x0, 0x0,

    /* U+53F0 "台" */
    0x0, 0x0, 0x0, 0x0, 0x0, 0x0, 0x0, 0x0,
    0x0, 0x0, 0x0, 0x0, 0xac, 0x30, 0x0, 0x0,
    0x0, 0x0, 0x0, 0x0, 0x5, 0xfe, 0x10, 0x0,
    0x0, 0x0, 0x0, 0x0, 0x0, 0x2f, 0xf4, 0x0,
    0x9, 0x50, 0x0, 0x0, 0x0, 0x1, 0xdf, 0x60,
    0x0, 0x3f, 0xf6, 0x0, 0x0, 0x0, 0xc, 0xf8,
    0x0, 0x0, 0x3, 0xff, 0x50, 0x0, 0x0, 0xbf,
    0x90, 0x0, 0x0, 0x1, 0x6f, 0xf4, 0x0, 0x2d,
    0xff, 0xcd, 0xee, 0xff, 0xff, 0xff, 0xff, 0x20,
    0xf, 0xff, 0xff, 0xee, 0xdc, 0xba, 0x98, 0xbf,
    0xd0, 0x4, 0x32, 0x0, 0x0, 0x0, 0x0, 0x0,
    0xd, 0x80, 0x0, 0x0, 0x0, 0x0, 0x0, 0x0,
    0x0, 0x0, 0x0, 0x0, 0xcf, 0xff, 0xff, 0xff,
    0xff, 0xff, 0xf2, 0x0, 0x0, 0xcf, 0xed, 0xdd,
    0xdd, 0xdd, 0xdf, 0xf2, 0x0, 0x0, 0xcf, 0x20,
    0x0, 0x0, 0x0, 0xe, 0xf2, 0x0, 0x0, 0xcf,
    0x20, 0x0, 0x0, 0x0, 0xe, 0xf2, 0x0, 0x0,
    0xcf, 0x20, 0x0, 0x0, 0x0, 0xe, 0xf2, 0x0,
    0x0, 0xcf, 0x30, 0x0, 0x0, 0x0, 0xe, 0xf2,
    0x0, 0x0, 0xcf, 0xff, 0xff, 0xff, 0xff, 0xff,
    0xf2, 0x0, 0x0, 0xcf, 0xcc, 0xcc, 0xcc, 0xcc,
    0xcf, 0xf2, 0x0, 0x0, 0xcf, 0x20, 0x0, 0x0,
    0x0, 0xe, 0xf2, 0x0, 0x0, 0x0, 0x0, 0x0,
    0x0, 0x0, 0x0, 0x0, 0x0,

    /* U+53F2 "史" */
    0x0, 0x0, 0x0, 0x0, 0x1c, 0xb0, 0x0, 0x0,
    0x0, 0x0, 0x0, 0x0, 0x0, 0x0, 0x1f, 0xe0,
    0x0, 0x0, 0x0, 0x0, 0x0, 0x0, 0x0, 0x0,
    0x1f, 0xe0, 0x0, 0x0, 0x0, 0x0, 0x0, 0xad,
    0xdd, 0xdd, 0xdf, 0xfd, 0xdd, 0xdd, 0xd7, 0x0,
    0x0, 0xcf, 0xff, 0xff, 0xff, 0xff, 0xff, 0xff,
    0xf9, 0x0, 0x0, 0xcf, 0x10, 0x0, 0x1f, 0xe0,
    0x0, 0x6, 0xf9, 0x0, 0x0, 0xcf, 0x10, 0x0,
    0x1f, 0xe0, 0x0, 0x6, 0xf9, 0x0, 0x0, 0xcf,
    0x10, 0x0, 0x1f, 0xe0, 0x0, 0x6, 0xf9, 0x0,
    0x0, 0xcf, 0xcc, 0xcc, 0xcf, 0xfc, 0xcc, 0xcd,
    0xf9, 0x0, 0x0, 0xcf, 0xff, 0xff, 0xff, 0xff,
    0xff, 0xff, 0xf9, 0x0, 0x0, 0x0, 0x40, 0x0,
    0x3f, 0xd0, 0x0, 0x0, 0x0, 0x0, 0x0, 0xb,
    0xf4, 0x0, 0x4f, 0xb0, 0x0, 0x0, 0x0, 0x0,
    0x0, 0x4, 0xfe, 0x10, 0x8f, 0x70, 0x0, 0x0,
    0x0, 0x0, 0x0, 0x0, 0xaf, 0xb1, 0xef, 0x20,
    0x0, 0x0, 0x0, 0x0, 0x0, 0x0, 0x1d, 0xff,
    0xfa, 0x0, 0x0, 0x0, 0x0, 0x0, 0x0, 0x0,
    0x3, 0xff, 0xf9, 0x10, 0x0, 0x0, 0x0, 0x0,
    0x0, 0x3, 0xaf, 0xfe, 0xff, 0xfc, 0x85, 0x31,
    0x0, 0x0, 0x1a, 0xef, 0xfe, 0x70, 0x28, 0xef,
    0xff, 0xff, 0xff, 0xd0, 0xa, 0xfb, 0x60, 0x0,
    0x0, 0x2, 0x69, 0xbd, 0xff, 0x80, 0x0, 0x0,
    0x0, 0x0, 0x0, 0x0, 0x0, 0x0, 0x0, 0x0,

    /* U+53F7 "号" */
    0x0, 0x0, 0x0, 0x0, 0x0, 0x0, 0x0, 0x0,
    0x0, 0x0, 0x7f, 0xff, 0xff, 0xff, 0xff, 0xff,
    0xf5, 0x0, 0x0, 0x7f, 0xca, 0xaa, 0xaa, 0xaa,
    0xae, 0xf5, 0x0, 0x0, 0x7f, 0x60, 0x0, 0x0,
    0x0, 0xb, 0xf5, 0x0, 0x0, 0x7f, 0x60, 0x0,
    0x0, 0x0, 0xb, 0xf5, 0x0, 0x0, 0x7f, 0xff,
    0xff, 0xff, 0xff, 0xff, 0xf5, 0x0, 0x0, 0x49,
    0x99, 0x99, 0x99, 0x99, 0x99, 0x93, 0x0, 0x0,
    0x0, 0x0, 0x0, 0x0, 0x0, 0x0, 0x0, 0x0,
    0xef, 0xff, 0xff, 0xff, 0xff, 0xff, 0xff, 0xff,
    0xfa, 0xbc, 0xcc, 0xff, 0xcc, 0xcc, 0xcc, 0xcc,
    0xcc, 0xc8, 0x0, 0x2, 0xff, 0x0, 0x0, 0x0,
    0x0, 0x0, 0x0, 0x0, 0x7, 0xfa, 0x0, 0x0,
    0x0, 0x1, 0x0, 0x0, 0x0, 0xd, 0xff, 0xff,
    0xff, 0xff, 0xff, 0xf4, 0x0, 0x0, 0x1a, 0xca,
    0xaa, 0xaa, 0xaa, 0xaf, 0xf2, 0x0, 0x0, 0x0,
    0x0, 0x0, 0x0, 0x0, 0xf, 0xf0, 0x0, 0x0,
    0x0, 0x0, 0x0, 0x0, 0x0, 0x3f, 0xd0, 0x0,
    0x0, 0x0, 0x0, 0x0, 0x0, 0x0, 0x9f, 0x90,
    0x0, 0x0, 0x0, 0x0, 0x2, 0xcb, 0xbb, 0xff,
    0x30, 0x0, 0x0, 0x0, 0x0, 0x0, 0xcf, 0xff,
    0xe6, 0x0, 0x0, 0x0, 0x0, 0x0, 0x0, 0x0,
    0x0, 0x0, 0x0, 0x0,

    /* U+540C "同" */
    0x1d, 0xdd, 0xdd, 0xdd, 0xdd, 0xdd, 0xdd, 0xdd,
    0xe9, 0x2f, 0xff, 0xff, 0xff, 0xff, 0xff, 0xff,
    0xff, 0xfb, 0x2f, 0xb0, 0x0, 0x0, 0x0, 0x0,
    0x0, 0x2, 0xfb, 0x2f, 0xb0, 0x11, 0x11, 0x11,
    0x11, 0x11, 0x2, 0xfb, 0x2f, 0xb0, 0xef, 0xff,
    0xff, 0xff, 0xff, 0x32, 0xfb, 0x2f, 0xb0, 0x78,
    0x88, 0x88, 0x88, 0x88, 0x12, 0xfb, 0x2f, 0xb0,
    0x0, 0x0, 0x0, 0x0, 0x0, 0x2, 0xfb, 0x2f,
    0xb0, 0xf, 0xff, 0xff, 0xff, 0xf2, 0x2, 0xfb,
    0x2f, 0xb0, 0xf, 0xea, 0xaa, 0xad, 0xf2, 0x2,
    0xfb, 0x2f, 0xb0, 0xf, 0xb0, 0x0, 0x9, 0xf2,
    0x2, 0xfb, 0x2f, 0xb0, 0xf, 0xb0, 0x0, 0x9,
    0xf2, 0x2, 0xfb, 0x2f, 0xb0, 0xf, 0xb0, 0x0,
    0x9, 0xf2, 0x2, 0xfb, 0x2f, 0xb0, 0xf, 0xff,
    0xff, 0xff, 0xf2, 0x2, 0xfb, 0x2f, 0xb0, 0xf,
    0xea, 0xaa, 0xaa, 0xa1, 0x2, 0xfb, 0x2f, 0xb0,
    0xf, 0xb0, 0x0, 0x0, 0x0, 0x2, 0xfb, 0x2f,
    0xb0, 0x0, 0x0, 0x0, 0x0, 0x0, 0x2, 0xfb,
    0x2f, 0xb0, 0x0, 0x0, 0x0, 0x0, 0x4d, 0xde,
    0xf9, 0x2f, 0xb0, 0x0, 0x0, 0x0, 0x0, 0xf,
    0xfe, 0xb2,

    /* U+540D "名" */
    0x0, 0x0, 0x0, 0x6, 0xe9, 0x0, 0x0, 0x0,
    0x0, 0x0, 0x0, 0x0, 0x4f, 0xf4, 0x0, 0x0,
    0x0, 0x0, 0x0, 0x0, 0x4, 0xff, 0xff, 0xff,
    0xff, 0xff, 0x80, 0x0, 0x0, 0x7f, 0xfc, 0xcc,
    0xcc, 0xcc, 0xff, 0x90, 0x0, 0x2b, 0xff, 0x60,
    0x0, 0x0, 0x6, 0xfe, 0x0, 0x6, 0xff, 0xd3,
    0x40, 0x0, 0x0, 0x5f, 0xf3, 0x0, 0x0, 0xc7,
    0xa, 0xfc, 0x10, 0x6, 0xff, 0x50, 0x0, 0x0,
    0x0, 0x1, 0xcf, 0xe4, 0xaf, 0xf4, 0x0, 0x0,
    0x0, 0x0, 0x0, 0xa, 0xff, 0xfd, 0x20, 0x0,
    0x0, 0x0, 0x0, 0x1, 0x7e, 0xff, 0x80, 0x0,
    0x0, 0x0, 0x0, 0x15, 0xaf, 0xff, 0xff, 0xff,
    0xff, 0xff, 0xf1, 0xc, 0xff, 0xff, 0xfb, 0xbb,
    0xbb, 0xbb, 0xbf, 0xf1, 0x8, 0xea, 0x6f, 0xc0,
    0x0, 0x0, 0x0, 0xe, 0xf1, 0x0, 0x0, 0x1f,
    0xc0, 0x0, 0x0, 0x0, 0xe, 0xf1, 0x0, 0x0,
    0x1f, 0xc0, 0x0, 0x0, 0x0, 0xe, 0xf1, 0x0,
    0x0, 0x1f, 0xc0, 0x0, 0x0, 0x0, 0xe, 0xf1,
    0x0, 0x0, 0x1f, 0xff, 0xff, 0xff, 0xff, 0xff,
    0xf1, 0x0, 0x0, 0x1f, 0xfb, 0xbb, 0xbb, 0xbb,
    0xbf, 0xf1, 0x0, 0x0, 0x1f, 0xc0, 0x0, 0x0,
    0x0, 0xe, 0xf1,

    /* U+540E "后" */
    0x0, 0x0, 0x0, 0x0, 0x0, 0x0, 0x2, 0x58,
    0x90, 0x0, 0x0, 0x3, 0x44, 0x57, 0x8a, 0xce,
    0xff, 0xff, 0xfa, 0x0, 0x0, 0xf, 0xff, 0xff,
    0xff, 0xfe, 0xca, 0x75, 0x20, 0x0, 0x0, 0xf,
    0xf6, 0x54, 0x31, 0x0, 0x0, 0x0, 0x0, 0x0,
    0x0, 0xf, 0xf0, 0x0, 0x0, 0x0, 0x0, 0x0,
    0x0, 0x0, 0x0, 0xf, 0xf2, 0x22, 0x22, 0x22,
    0x22, 0x22, 0x22, 0x20, 0x0, 0xf, 0xff, 0xff,
    0xff, 0xff, 0xff, 0xff, 0xff, 0xf5, 0x0, 0xf,
    0xfa, 0xaa, 0xaa, 0xaa, 0xaa, 0xaa, 0xaa, 0xa3,
    0x0, 0xf, 0xf0, 0x0, 0x0, 0x0, 0x0, 0x0,
    0x0, 0x0, 0x0, 0xf, 0xe0, 0x0, 0x0, 0x0,
    0x0, 0x0, 0x0, 0x0, 0x0, 0x1f, 0xd0, 0xcf,
    0xff, 0xff, 0xff, 0xff, 0xff, 0x0, 0x0, 0x3f,
    0xc0, 0xcf, 0xdc, 0xcc, 0xcc, 0xcc, 0xff, 0x0,
    0x0, 0x5f, 0xa0, 0xcf, 0x10, 0x0, 0x0, 0x0,
    0xff, 0x0, 0x0, 0x9f, 0x70, 0xcf, 0x10, 0x0,
    0x0, 0x0, 0xff, 0x0, 0x0, 0xdf, 0x40, 0xcf,
    0x10, 0x0, 0x0, 0x0, 0xff, 0x0, 0x3, 0xff,
    0x0, 0xcf, 0x20, 0x0, 0x0, 0x0, 0xff, 0x0,
    0xb, 0xf9, 0x0, 0xcf, 0xff, 0xff, 0xff, 0xff,
    0xff, 0x0, 0x1f, 0xf3, 0x0, 0xcf, 0xcb, 0xbb,
    0xbb, 0xbb, 0xff, 0x0, 0x3, 0x90, 0x0, 0xcf,
    0x10, 0x0, 0x0, 0x0, 0xff, 0x0, 0x0, 0x0,
    0x0, 0x0, 0x0, 0x0, 0x0, 0x0, 0x0, 0x0,

    /* U+5410 "吐" */
    0x0, 0x0, 0x0, 0x0, 0x0, 0x9, 0xa0, 0x0,
    0x0, 0x0, 0x10, 0x0, 0x0, 0x0, 0x0, 0xef,
    0x10, 0x0, 0x0, 0x9f, 0xff, 0xff, 0x10, 0x0,
    0xe, 0xf1, 0x0, 0x0, 0x9, 0xfc, 0xce, 0xf1,
    0x0, 0x0, 0xef, 0x10, 0x0, 0x0, 0x9f, 0x20,
    0xaf, 0x10, 0x0, 0xe, 0xf1, 0x0, 0x0, 0x9,
    0xf2, 0xa, 0xf1, 0x0, 0x0, 0xef, 0x10, 0x0,
    0x0, 0x9f, 0x20, 0xaf, 0x2d, 0xdd, 0xdf, 0xfd,
    0xdd, 0xd7, 0x9, 0xf2, 0xa, 0xf3, 0xff, 0xff,
    0xff, 0xff, 0xff, 0x90, 0x9f, 0x20, 0xaf, 0x10,
    0x0, 0xe, 0xf2, 0x0, 0x0, 0x9, 0xf2, 0xa,
    0xf1, 0x0, 0x0, 0xef, 0x10, 0x0, 0x0, 0x9f,
    0x20, 0xaf, 0x10, 0x0, 0xe, 0xf1, 0x0, 0x0,
    0x9, 0xf3, 0xb, 0xf1, 0x0, 0x0, 0xef, 0x10,
    0x0, 0x0, 0x9f, 0xff, 0xff, 0x10, 0x0, 0xe,
    0xf1, 0x0, 0x0, 0x9, 0xfd, 0xcc, 0xc1, 0x0,
    0x0, 0xef, 0x10, 0x0, 0x0, 0x9f, 0x20, 0x0,
    0x0, 0x0, 0xe, 0xf1, 0x0, 0x0, 0x3, 0x60,
    0x0, 0x0, 0x0, 0x0, 0xef, 0x10, 0x0, 0x0,
    0x0, 0x0, 0x7, 0xff, 0xff, 0xff, 0xff, 0xff,
    0xff, 0x30, 0x0, 0x0, 0x6d, 0xdd, 0xdd, 0xdd,
    0xdd, 0xdd, 0xd2,

    /* U+541E "吞" */
    0x0, 0xac, 0xcc, 0xcc, 0xcc, 0xcc, 0xcc, 0xcc,
    0xcb, 0x0, 0x0, 0xcf, 0xff, 0xff, 0xff, 0xff,
    0xff, 0xff, 0xfe, 0x0, 0x0, 0x0, 0x0, 0x0,
    0xcf, 0x40, 0x0, 0x0, 0x0, 0x0, 0x0, 0x0,
    0x0, 0x2, 0xfe, 0x0, 0x0, 0x0, 0x0, 0x0,
    0x0, 0x0, 0x0, 0xa, 0xf8, 0x0, 0x0, 0x0,
    0x0, 0x0, 0xf, 0xff, 0xff, 0xff, 0xff, 0xff,
    0xff, 0xff, 0xff, 0xf0, 0xb, 0xbb, 0xbb, 0xff,
    0xcb, 0xbd, 0xfe, 0xbb, 0xbb, 0xb0, 0x0, 0x0,
    0xa, 0xfc, 0x0, 0x1, 0xef, 0x50, 0x0, 0x0,
    0x0, 0x0, 0x9f, 0xe1, 0x0, 0x0, 0x3f, 0xf8,
    0x0, 0x0, 0x0, 0x1b, 0xff, 0xca, 0xaa, 0xaa,
    0xad, 0xff, 0xe6, 0x0, 0x17, 0xff, 0xff, 0xff,
    0xff, 0xff, 0xff, 0xff, 0xff, 0xf3, 0x1e, 0xf9,
    0xfe, 0x11, 0x11, 0x11, 0x11, 0xef, 0x7d, 0xf0,
    0x4, 0x20, 0xfe, 0x0, 0x0, 0x0, 0x0, 0xef,
    0x20, 0x20, 0x0, 0x0, 0xfe, 0x0, 0x0, 0x0,
    0x0, 0xef, 0x20, 0x0, 0x0, 0x0, 0xfe, 0x0,
    0x0, 0x0, 0x0, 0xef, 0x20, 0x0, 0x0, 0x0,
    0xff, 0xff, 0xff, 0xff, 0xff, 0xff, 0x20, 0x0,
    0x0, 0x0, 0xff, 0xcc, 0xcc, 0xcc, 0xcc, 0xff,
    0x20, 0x0, 0x0, 0x0, 0xfe, 0x0, 0x0, 0x0,
    0x0, 0xef, 0x20, 0x0, 0x0, 0x0, 0x10, 0x0,
    0x0, 0x0, 0x0, 0x0, 0x0, 0x0,

    /* U+542F "启" */
    0x0, 0x0, 0x0, 0x0, 0x2a, 0x90, 0x0, 0x0,
    0x0, 0x0, 0x0, 0x0, 0x0, 0x1, 0xff, 0x30,
    0x0, 0x0, 0x0, 0x0, 0x0, 0x10, 0x0, 0xa,
    0xf9, 0x0, 0x0, 0x0, 0x0, 0x0, 0xef, 0xff,
    0xff, 0xff, 0xff, 0xff, 0xff, 0xd0, 0x0, 0xe,
    0xfb, 0xbb, 0xbb, 0xbb, 0xbb, 0xbb, 0xfd, 0x0,
    0x0, 0xef, 0x0, 0x0, 0x0, 0x0, 0x0, 0x1f,
    0xd0, 0x0, 0xe, 0xf0, 0x0, 0x0, 0x0, 0x0,
    0x1, 0xfd, 0x0, 0x0, 0xef, 0xff, 0xff, 0xff,
    0xff, 0xff, 0xff, 0xd0, 0x0, 0xe, 0xfd, 0xdd,
    0xdd, 0xdd, 0xdd, 0xdd, 0xdb, 0x0, 0x0, 0xff,
    0x0, 0x0, 0x0, 0x0, 0x0, 0x0, 0x0, 0x0,
    0xf, 0xe0, 0x11, 0x11, 0x11, 0x11, 0x11, 0x11,
    0x0, 0x1, 0xfd, 0x8f, 0xff, 0xff, 0xff, 0xff,
    0xff, 0xf3, 0x0, 0x3f, 0xb8, 0xfc, 0xaa, 0xaa,
    0xaa, 0xaa, 0xef, 0x30, 0x6, 0xf9, 0x8f, 0x50,
    0x0, 0x0, 0x0, 0xb, 0xf3, 0x0, 0xbf, 0x58,
    0xf5, 0x0, 0x0, 0x0, 0x0, 0xbf, 0x30, 0x1f,
    0xf1, 0x8f, 0x61, 0x11, 0x11, 0x11, 0x1b, 0xf3,
    0x8, 0xfb, 0x8, 0xff, 0xff, 0xff, 0xff, 0xff,
    0xff, 0x31, 0xff, 0x50, 0x8f, 0xca, 0xaa, 0xaa,
    0xaa, 0xae, 0xf3, 0x5, 0xb0, 0x8, 0xf5, 0x0,
    0x0, 0x0, 0x0, 0xbf, 0x30, 0x0, 0x0, 0x0,
    0x0, 0x0, 0x0, 0x0, 0x0, 0x0,

    /* U+544A "告" */
    0x0, 0x0, 0x76, 0x10, 0xb, 0xc1, 0x0, 0x0,
    0x0, 0x0, 0x0, 0x1f, 0xf1, 0x0, 0xef, 0x10,
    0x0, 0x0, 0x0, 0x0, 0x8, 0xfa, 0x0, 0xe,
    0xf2, 0x0, 0x0, 0x0, 0x0, 0x1, 0xff, 0xff,
    0xff, 0xff, 0xff, 0xff, 0xff, 0x10, 0x0, 0xbf,
    0xcb, 0xbb, 0xbf, 0xfb, 0xbb, 0xbb, 0xb1, 0x0,
    0x9f, 0xd0, 0x0, 0x0, 0xef, 0x10, 0x0, 0x0,
    0x0, 0x4, 0xb2, 0x0, 0x0, 0xe, 0xf1, 0x0,
    0x0, 0x0, 0x2, 0xdd, 0xdd, 0xdd, 0xdd, 0xff,
    0xdd, 0xdd, 0xdd, 0xd6, 0x2f, 0xff, 0xff, 0xff,
    0xff, 0xff, 0xff, 0xff, 0xff, 0x70, 0x0, 0x0,
    0x0, 0x0, 0x0, 0x0, 0x0, 0x0, 0x0, 0x0,
    0x0, 0x0, 0x0, 0x0, 0x0, 0x0, 0x0, 0x0,
    0x0, 0x0, 0xaf, 0xff, 0xff, 0xff, 0xff, 0xff,
    0xf4, 0x0, 0x0, 0xa, 0xfc, 0xbb, 0xbb, 0xbb,
    0xbb, 0xef, 0x40, 0x0, 0x0, 0xaf, 0x40, 0x0,
    0x0, 0x0, 0xb, 0xf4, 0x0, 0x0, 0xa, 0xf4,
    0x0, 0x0, 0x0, 0x0, 0xbf, 0x40, 0x0, 0x0,
    0xaf, 0x40, 0x0, 0x0, 0x0, 0xb, 0xf4, 0x0,
    0x0, 0xa, 0xff, 0xff, 0xff, 0xff, 0xff, 0xff,
    0x40, 0x0, 0x0, 0xaf, 0xdb, 0xbb, 0xbb, 0xbb,
    0xbe, 0xf4, 0x0, 0x0, 0xa, 0xf4, 0x0, 0x0,
    0x0, 0x0, 0xbf, 0x40, 0x0, 0x0, 0x0, 0x0,
    0x0, 0x0, 0x0, 0x0, 0x0, 0x0,

    /* U+5468 "周" */
    0x0, 0x1f, 0xff, 0xff, 0xff, 0xff, 0xff, 0xff,
    0xfd, 0x0, 0x2f, 0xfd, 0xdd, 0xdd, 0xdd, 0xdd,
    0xdd, 0xfe, 0x0, 0x2f, 0xb0, 0x0, 0x9, 0xc1,
    0x0, 0x0, 0xfe, 0x0, 0x2f, 0xb0, 0x44, 0x4c,
    0xf5, 0x44, 0x20, 0xfe, 0x0, 0x2f, 0xb0, 0xff,
    0xff, 0xff, 0xff, 0x90, 0xfe, 0x0, 0x2f, 0xb0,
    0x33, 0x3c, 0xf4, 0x33, 0x20, 0xfe, 0x0, 0x2f,
    0xb0, 0x0, 0xb, 0xf1, 0x0, 0x0, 0xfe, 0x0,
    0x2f, 0xb8, 0xff, 0xff, 0xff, 0xff, 0xf0, 0xfe,
    0x0, 0x2f, 0xb4, 0x88, 0x88, 0x88, 0x88, 0x80,
    0xfe, 0x0, 0x3f, 0xa0, 0x13, 0x22, 0x22, 0x22,
    0x0, 0xfe, 0x0, 0x4f, 0x90, 0xbf, 0xff, 0xff,
    0xff, 0x10, 0xfe, 0x0, 0x7f, 0x70, 0xbf, 0x55,
    0x55, 0xcf, 0x10, 0xfe, 0x0, 0x9f, 0x40, 0xbf,
    0x0, 0x0, 0xbf, 0x10, 0xfe, 0x0, 0xdf, 0x10,
    0xbf, 0x44, 0x44, 0xcf, 0x10, 0xfe, 0x3, 0xfd,
    0x0, 0xbf, 0xff, 0xff, 0xff, 0x10, 0xfe, 0xa,
    0xf8, 0x0, 0xbf, 0x33, 0x33, 0x33, 0x0, 0xfe,
    0x2f, 0xf2, 0x0, 0x34, 0x0, 0x0, 0x1b, 0xbb,
    0xfd, 0x6, 0x90, 0x0, 0x0, 0x0, 0x0, 0xd,
    0xff, 0xd4, 0x0, 0x0, 0x0, 0x0, 0x0, 0x0,
    0x0, 0x0, 0x0,

    /* U+547D "命" */
    0x0, 0x0, 0x0, 0x0, 0x0, 0x0, 0x0, 0x0,
    0x0, 0x0, 0x0, 0x0, 0x0, 0x0, 0x9, 0xc2,
    0x0, 0x0, 0x0, 0x0, 0x0, 0x0, 0x0, 0x0,
    0x8f, 0xf6, 0x0, 0x0, 0x0, 0x0, 0x0, 0x0,
    0x0, 0x1b, 0xfe, 0xef, 0x70, 0x0, 0x0, 0x0,
    0x0, 0x0, 0x5, 0xef, 0xc1, 0x2e, 0xfc, 0x30,
    0x0, 0x0, 0x0, 0x4, 0xcf, 0xf9, 0x0, 0x1,
    0xbf, 0xfb, 0x40, 0x0, 0x28, 0xef, 0xff, 0xda,
    0xaa, 0xaa, 0xaf, 0xef, 0xfd, 0x82, 0x2f, 0xfd,
    0x55, 0xff, 0xff, 0xff, 0xfe, 0x18, 0xef, 0xc0,
    0x5, 0x30, 0x0, 0x0, 0x0, 0x0, 0x0, 0x0,
    0x4, 0x20, 0x0, 0x7a, 0x99, 0x99, 0x60, 0x49,
    0x99, 0x99, 0xa7, 0x0, 0x0, 0xcf, 0xff, 0xff,
    0xa0, 0x8f, 0xff, 0xff, 0xfc, 0x0, 0x0, 0xcf,
    0x0, 0x2f, 0xa0, 0x8f, 0x61, 0x12, 0xfc, 0x0,
    0x0, 0xcf, 0x0, 0x2f, 0xa0, 0x8f, 0x50, 0x1,
    0xfc, 0x0, 0x0, 0xcf, 0x0, 0x2f, 0xa0, 0x8f,
    0x50, 0x1, 0xfc, 0x0, 0x0, 0xcf, 0x22, 0x4f,
    0xa0, 0x8f, 0x50, 0x1, 0xfc, 0x0, 0x0, 0xcf,
    0xff, 0xff, 0xa0, 0x8f, 0x55, 0x9a, 0xfb, 0x0,
    0x0, 0xcf, 0x88, 0x88, 0x50, 0x8f, 0x55, 0xff,
    0xe5, 0x0, 0x0, 0xcf, 0x0, 0x0, 0x0, 0x8f,
    0x50, 0x11, 0x0, 0x0, 0x0, 0x23, 0x0, 0x0,
    0x0, 0x8f, 0x50, 0x0, 0x0, 0x0, 0x0, 0x0,
    0x0, 0x0, 0x0, 0x8f, 0x50, 0x0, 0x0, 0x0,

    /* U+5668 "器" */
    0x0, 0x0, 0x0, 0x0, 0x0, 0x0, 0x0, 0x0,
    0x0, 0x0, 0x0, 0x8f, 0xff, 0xff, 0xe0, 0xf,
    0xff, 0xff, 0xf9, 0x0, 0x0, 0x8f, 0xa9, 0x9f,
    0xe0, 0xf, 0xd9, 0x9a, 0xf9, 0x0, 0x0, 0x8f,
    0x30, 0xe, 0xe0, 0xf, 0xb0, 0x3, 0xf9, 0x0,
    0x0, 0x8f, 0x30, 0xe, 0xe0, 0xf, 0xb0, 0x4,
    0xf9, 0x0, 0x0, 0x8f, 0xff, 0xff, 0xe0, 0xf,
    0xff, 0xff, 0xf9, 0x0, 0x0, 0x49, 0x99, 0x99,
    0xd7, 0x29, 0xaf, 0xb9, 0x95, 0x0, 0x0, 0x0,
    0x0, 0x2, 0xfe, 0x0, 0x4d, 0xf9, 0x0, 0x0,
    0xa, 0xaa, 0xaa, 0xae, 0xfd, 0xaa, 0xaa, 0xfe,
    0xaa, 0xa0, 0xf, 0xff, 0xff, 0xff, 0xff, 0xff,
    0xff, 0xff, 0xff, 0xf0, 0x0, 0x0, 0x3d, 0xfb,
    0x10, 0x2, 0xef, 0x81, 0x0, 0x0, 0x0, 0x7,
    0xff, 0xa0, 0x0, 0x0, 0x2d, 0xfd, 0x50, 0x0,
    0x17, 0xef, 0xfe, 0x99, 0x80, 0x9, 0x9a, 0xff,
    0xfd, 0x72, 0x1f, 0xff, 0xff, 0xff, 0xe0, 0xf,
    0xff, 0xff, 0xff, 0xe1, 0x4, 0x9f, 0x40, 0xf,
    0xe0, 0xf, 0xb0, 0x4, 0xfb, 0x30, 0x0, 0x8f,
    0x40, 0xf, 0xe0, 0xf, 0xb0, 0x3, 0xf9, 0x0,
    0x0, 0x8f, 0x40, 0xf, 0xe0, 0xf, 0xb0, 0x3,
    0xf9, 0x0, 0x0, 0x8f, 0xba, 0xaf, 0xe0, 0xf,
    0xea, 0xab, 0xf9, 0x0, 0x0, 0x8f, 0xff, 0xff,
    0xe0, 0xf, 0xff, 0xff, 0xf9, 0x0, 0x0, 0x12,
    0x0, 0x0, 0x0, 0x2, 0x10, 0x0, 0x0, 0x0,

    /* U+566A "噪" */
    0x0, 0x0, 0x0, 0x0, 0x0, 0x0, 0x0, 0x0,
    0x0, 0x0, 0x10, 0x0, 0x0, 0xf, 0xff, 0xff,
    0xff, 0xb0, 0x0, 0x9f, 0xff, 0xf1, 0x0, 0xfe,
    0x55, 0x55, 0xfb, 0x0, 0x9, 0xfc, 0xef, 0x10,
    0xf, 0xd0, 0x0, 0xf, 0xb0, 0x0, 0x9e, 0x7,
    0xf1, 0x0, 0xff, 0xff, 0xff, 0xfb, 0x0, 0x9,
    0xe0, 0x7f, 0x10, 0x4, 0x55, 0x55, 0x55, 0x30,
    0x0, 0x9e, 0x7, 0xf1, 0xef, 0xff, 0xf6, 0x8f,
    0xff, 0xfa, 0x9, 0xe0, 0x7f, 0x1e, 0xb6, 0x6f,
    0x79, 0xe6, 0x6e, 0xb0, 0x9e, 0x7, 0xf1, 0xe8,
    0x1, 0xf7, 0x9d, 0x0, 0xdb, 0x9, 0xe0, 0x7f,
    0x1e, 0xc8, 0x8f, 0x79, 0xe8, 0x8e, 0xb0, 0x9e,
    0x7, 0xf1, 0xcd, 0xdd, 0xd9, 0xad, 0xdd, 0xd8,
    0x9, 0xe0, 0x7f, 0x10, 0x0, 0x0, 0xfd, 0x0,
    0x0, 0x0, 0x9f, 0xef, 0xf2, 0xaa, 0xaa, 0xaf,
    0xfa, 0xaa, 0xaa, 0x9, 0xff, 0xff, 0x2e, 0xee,
    0xef, 0xff, 0xfe, 0xee, 0xe1, 0x9e, 0x0, 0x0,
    0x0, 0xa, 0xff, 0xff, 0x60, 0x0, 0x5, 0x70,
    0x0, 0x0, 0x4d, 0xfa, 0xfd, 0xbf, 0x91, 0x0,
    0x0, 0x0, 0x5, 0xcf, 0xf7, 0xf, 0xd0, 0xaf,
    0xe7, 0x10, 0x0, 0x3, 0xff, 0xc2, 0x0, 0xfd,
    0x0, 0x6f, 0xd0, 0x0, 0x0, 0x4, 0x30, 0x0,
    0xf, 0xd0, 0x0, 0x12, 0x0,

    /* U+56DE "回" */
    0x0, 0x0, 0x0, 0x0, 0x0, 0x0, 0x0, 0x0,
    0x0, 0x3f, 0xff, 0xff, 0xff, 0xff, 0xff, 0xff,
    0xff, 0xfd, 0x3f, 0xfe, 0xee, 0xee, 0xee, 0xee,
    0xee, 0xee, 0xfd, 0x3f, 0xb0, 0x0, 0x0, 0x0,
    0x0, 0x0, 0x4, 0xfd, 0x3f, 0xb0, 0x0, 0x0,
    0x0, 0x0, 0x0, 0x4, 0xfd, 0x3f, 0xb0, 0x8,
    0xaa, 0xaa, 0xaa, 0xa0, 0x4, 0xfd, 0x3f, 0xb0,
    0xd, 0xff, 0xff, 0xff, 0xf1, 0x4, 0xfd, 0x3f,
    0xb0, 0xd, 0xf0, 0x0, 0xc, 0xf1, 0x4, 0xfd,
    0x3f, 0xb0, 0xd, 0xf0, 0x0, 0xc, 0xf1, 0x4,
    0xfd, 0x3f, 0xb0, 0xd, 0xf0, 0x0, 0xc, 0xf1,
    0x4, 0xfd, 0x3f, 0xb0, 0xd, 0xf0, 0x0, 0xc,
    0xf1, 0x4, 0xfd, 0x3f, 0xb0, 0xd, 0xfa, 0xaa,
    0xae, 0xf1, 0x4, 0xfd, 0x3f, 0xb0, 0xd, 0xff,
    0xff, 0xff, 0xf1, 0x4, 0xfd, 0x3f, 0xb0, 0x0,
    0x0, 0x0, 0x0, 0x0, 0x4, 0xfd, 0x3f, 0xb0,
    0x0, 0x0, 0x0, 0x0, 0x0, 0x4, 0xfd, 0x3f,
    0xb0, 0x0, 0x0, 0x0, 0x0, 0x0, 0x4, 0xfd,
    0x3f, 0xff, 0xff, 0xff, 0xff, 0xff, 0xff, 0xff,
    0xfd, 0x3f, 0xeb, 0xbb, 0xbb, 0xbb, 0xbb, 0xbb,
    0xbc, 0xfd, 0x3f, 0xb0, 0x0, 0x0, 0x0, 0x0,
    0x0, 0x4, 0xfd,

    /* U+56FA "固" */
    0x2f, 0xff, 0xff, 0xff, 0xff, 0xff, 0xff, 0xff,
    0xfd, 0x2f, 0xfc, 0xcc, 0xcc, 0xcc, 0xcc, 0xcc,
    0xcc, 0xfd, 0x2f, 0xc0, 0x0, 0x0, 0x7a, 0x0,
    0x0, 0x2, 0xfd, 0x2f, 0xc0, 0x0, 0x0, 0xbf,
    0x10, 0x0, 0x2, 0xfd, 0x2f, 0xc1, 0x88, 0x88,
    0xdf, 0x88, 0x88, 0x52, 0xfd, 0x2f, 0xc2, 0xff,
    0xff, 0xff, 0xff, 0xff, 0xb2, 0xfd, 0x2f, 0xc0,
    0x0, 0x0, 0xbf, 0x20, 0x0, 0x2, 0xfd, 0x2f,
    0xc0, 0x0, 0x0, 0xbf, 0x10, 0x0, 0x2, 0xfd,
    0x2f, 0xc0, 0xd, 0xdd, 0xff, 0xed, 0xd9, 0x2,
    0xfd, 0x2f, 0xc0, 0xf, 0xd9, 0x99, 0x99, 0xfb,
    0x2, 0xfd, 0x2f, 0xc0, 0xf, 0xa0, 0x0, 0x1,
    0xfb, 0x2, 0xfd, 0x2f, 0xc0, 0xf, 0xa0, 0x0,
    0x1, 0xfb, 0x2, 0xfd, 0x2f, 0xc0, 0xf, 0xff,
    0xff, 0xff, 0xfb, 0x2, 0xfd, 0x2f, 0xc0, 0x7,
    0x77, 0x77, 0x77, 0x75, 0x2, 0xfd, 0x2f, 0xc0,
    0x0, 0x0, 0x0, 0x0, 0x0, 0x2, 0xfd, 0x2f,
    0xff, 0xff, 0xff, 0xff, 0xff, 0xff, 0xff, 0xfd,
    0x2f, 0xfc, 0xcc, 0xcc, 0xcc, 0xcc, 0xcc, 0xcd,
    0xfd, 0x2f, 0xc0, 0x0, 0x0, 0x0, 0x0, 0x0,
    0x2, 0xfd,

    /* U+56FE "图" */
    0x0, 0x0, 0x0, 0x0, 0x0, 0x0, 0x0, 0x0,
    0x0, 0x3f, 0xff, 0xff, 0xff, 0xff, 0xff, 0xff,
    0xff, 0xfc, 0x3f, 0xea, 0xaa, 0xab, 0xaa, 0xaa,
    0xaa, 0xab, 0xfc, 0x3f, 0xa0, 0x0, 0xd, 0xb0,
    0x0, 0x0, 0x1, 0xfc, 0x3f, 0xa0, 0x0, 0xbf,
    0xc7, 0x77, 0x77, 0x11, 0xfc, 0x3f, 0xa0, 0x1c,
    0xff, 0xff, 0xff, 0xff, 0x41, 0xfc, 0x3f, 0xa4,
    0xef, 0xfa, 0x0, 0xa, 0xf7, 0x1, 0xfc, 0x3f,
    0xa5, 0xe4, 0x6f, 0xd7, 0xef, 0x50, 0x1, 0xfc,
    0x3f, 0xa0, 0x0, 0x19, 0xff, 0xf8, 0x0, 0x1,
    0xfc, 0x3f, 0xa3, 0x6b, 0xff, 0xd8, 0xdf, 0xfa,
    0x64, 0xfc, 0x3f, 0xad, 0xff, 0xa9, 0x40, 0x4,
    0xae, 0xf6, 0xfc, 0x3f, 0xa3, 0x40, 0x1c, 0xff,
    0xb6, 0x0, 0x21, 0xfc, 0x3f, 0xa0, 0x0, 0x0,
    0x15, 0xbe, 0x10, 0x1, 0xfc, 0x3f, 0xa0, 0xd,
    0xfd, 0xa7, 0x41, 0x0, 0x1, 0xfc, 0x3f, 0xa0,
    0x4, 0x69, 0xcf, 0xff, 0xc6, 0x1, 0xfc, 0x3f,
    0xa0, 0x0, 0x0, 0x0, 0x37, 0xc4, 0x1, 0xfc,
    0x3f, 0xeb, 0xbb, 0xbb, 0xbb, 0xbb, 0xbb, 0xbc,
    0xfc, 0x3f, 0xff, 0xff, 0xff, 0xff, 0xff, 0xff,
    0xff, 0xfc, 0x3f, 0xa0, 0x0, 0x0, 0x0, 0x0,
    0x0, 0x1, 0xfc,

    /* U+5728 "在" */
    0x0, 0x0, 0x0, 0x7, 0xb4, 0x0, 0x0, 0x0,
    0x0, 0x0, 0x0, 0x0, 0x0, 0xcf, 0x40, 0x0,
    0x0, 0x0, 0x0, 0x0, 0x0, 0x0, 0x2f, 0xe0,
    0x0, 0x0, 0x0, 0x0, 0x0, 0xbf, 0xff, 0xff,
    0xff, 0xff, 0xff, 0xff, 0xff, 0xfe, 0xa, 0xee,
    0xee, 0xff, 0xee, 0xee, 0xee, 0xee, 0xee, 0xc0,
    0x0, 0x0, 0x8f, 0xa0, 0x0, 0x5, 0x40, 0x0,
    0x0, 0x0, 0x0, 0x2f, 0xf2, 0x0, 0x2, 0xfc,
    0x0, 0x0, 0x0, 0x0, 0xc, 0xf8, 0x0, 0x0,
    0x2f, 0xc0, 0x0, 0x0, 0x0, 0x9, 0xfd, 0x0,
    0x0, 0x2, 0xfc, 0x0, 0x0, 0x0, 0x8, 0xff,
    0x90, 0x5b, 0xbb, 0xbf, 0xeb, 0xbb, 0xb0, 0xa,
    0xff, 0xf9, 0x7, 0xff, 0xff, 0xff, 0xff, 0xff,
    0x0, 0xee, 0x8f, 0x90, 0x0, 0x0, 0x3f, 0xc0,
    0x0, 0x0, 0x5, 0x24, 0xf9, 0x0, 0x0, 0x2,
    0xfc, 0x0, 0x0, 0x0, 0x0, 0x4f, 0x90, 0x0,
    0x0, 0x2f, 0xc0, 0x0, 0x0, 0x0, 0x4, 0xf9,
    0x0, 0x0, 0x2, 0xfc, 0x0, 0x0, 0x0, 0x0,
    0x4f, 0x90, 0x0, 0x0, 0x2f, 0xc0, 0x0, 0x0,
    0x0, 0x4, 0xf9, 0x3c, 0xcc, 0xcd, 0xff, 0xcc,
    0xcc, 0xb0, 0x0, 0x4f, 0x94, 0xff, 0xff, 0xff,
    0xff, 0xff, 0xfe, 0x0, 0x4, 0xf9, 0x4f, 0xff,
    0xff, 0xff, 0xff, 0xff, 0xe0,

    /* U+5747 "均" */
    0x0, 0x7, 0x80, 0x0, 0x0, 0x8, 0x70, 0x0,
    0x0, 0x0, 0x0, 0xdf, 0x0, 0x0, 0x2, 0xfd,
    0x0, 0x0, 0x0, 0x0, 0xd, 0xf0, 0x0, 0x0,
    0xaf, 0x60, 0x0, 0x0, 0x0, 0x0, 0xdf, 0x0,
    0x0, 0x3f, 0xfb, 0xaa, 0xaa, 0xb9, 0x0, 0xd,
    0xf0, 0x0, 0xd, 0xff, 0xff, 0xff, 0xff, 0xd3,
    0xff, 0xff, 0xff, 0x4a, 0xfb, 0x11, 0x11, 0x11,
    0xfd, 0x2b, 0xbf, 0xfb, 0xbc, 0xfe, 0x10, 0x0,
    0x0, 0xf, 0xc0, 0x0, 0xdf, 0x0, 0x5f, 0x38,
    0x90, 0x0, 0x0, 0xfc, 0x0, 0xd, 0xf0, 0x0,
    0x10, 0x9f, 0xb1, 0x0, 0xf, 0xb0, 0x0, 0xdf,
    0x0, 0x0, 0x0, 0x8f, 0xd1, 0x0, 0xfb, 0x0,
    0xd, 0xf0, 0x0, 0x0, 0x0, 0x7e, 0x21, 0x1f,
    0xa0, 0x0, 0xdf, 0x5, 0x80, 0x0, 0x0, 0x39,
    0xf3, 0xfa, 0x0, 0xd, 0xfd, 0xfe, 0x0, 0x1,
    0x8f, 0xfa, 0x3f, 0x90, 0x6, 0xff, 0xf9, 0x10,
    0x18, 0xff, 0xc3, 0x4, 0xf8, 0x2e, 0xff, 0xb2,
    0x0, 0x7f, 0xfe, 0x50, 0x0, 0x5f, 0x60, 0xfc,
    0x40, 0x0, 0x8, 0xf8, 0x0, 0x0, 0x8, 0xf5,
    0x3, 0x0, 0x0, 0x0, 0x11, 0x0, 0x0, 0x0,
    0xcf, 0x20, 0x0, 0x0, 0x0, 0x0, 0x0, 0xa,
    0xcb, 0xcf, 0xd0, 0x0, 0x0, 0x0, 0x0, 0x0,
    0x0, 0x7f, 0xff, 0xc3, 0x0, 0x0, 0x0, 0x0,
    0x0, 0x0, 0x0, 0x0, 0x0, 0x0,

    /* U+578B "型" */
    0x1, 0x22, 0x22, 0x22, 0x22, 0x0, 0x0, 0x9,
    0xc1, 0x0, 0xdf, 0xff, 0xff, 0xff, 0xf3, 0xb,
    0x70, 0xbf, 0x10, 0x7, 0x9f, 0xd9, 0xaf, 0xc9,
    0x21, 0xfa, 0xb, 0xf1, 0x0, 0x1, 0xfa, 0x3,
    0xf8, 0x0, 0x1f, 0xa0, 0xbf, 0x10, 0x0, 0x1f,
    0xa0, 0x3f, 0x80, 0x1, 0xfa, 0xb, 0xf1, 0x8,
    0xff, 0xff, 0xff, 0xff, 0xfa, 0x1f, 0xa0, 0xbf,
    0x10, 0x6b, 0xcf, 0xdb, 0xcf, 0xdb, 0x71, 0xfa,
    0xb, 0xf1, 0x0, 0x8, 0xf5, 0x3, 0xf8, 0x0,
    0x1f, 0xa0, 0xbf, 0x10, 0x2, 0xff, 0x0, 0x3f,
    0x80, 0x0, 0x0, 0xb, 0xf1, 0x3, 0xef, 0x60,
    0x3, 0xf8, 0x0, 0x0, 0x89, 0xef, 0x0, 0x5f,
    0x80, 0x0, 0x2c, 0xb9, 0x20, 0xa, 0xff, 0x90,
    0x0, 0x10, 0x0, 0x0, 0xb, 0xf3, 0x0, 0x0,
    0x0, 0x0, 0x0, 0x8a, 0xaa, 0xaa, 0xef, 0xca,
    0xaa, 0xaa, 0x20, 0x0, 0xc, 0xff, 0xff, 0xff,
    0xff, 0xff, 0xff, 0xf3, 0x0, 0x0, 0x0, 0x0,
    0x0, 0xbf, 0x40, 0x0, 0x0, 0x0, 0x0, 0x0,
    0x0, 0x0, 0xb, 0xf3, 0x0, 0x0, 0x0, 0x0,
    0xcf, 0xff, 0xff, 0xff, 0xff, 0xff, 0xff, 0xff,
    0xff, 0x4a, 0xcc, 0xcc, 0xcc, 0xcc, 0xcc, 0xcc,
    0xcc, 0xcc, 0xc3,

    /* U+58F0 "声" */
    0x0, 0x0, 0x0, 0x0, 0xb, 0xa0, 0x0, 0x0,
    0x0, 0x0, 0x1, 0x11, 0x11, 0x11, 0xfe, 0x11,
    0x11, 0x11, 0x10, 0xb, 0xff, 0xff, 0xff, 0xff,
    0xff, 0xff, 0xff, 0xff, 0xa0, 0x69, 0x99, 0x99,
    0x99, 0xff, 0x99, 0x99, 0x99, 0x95, 0x0, 0x0,
    0x0, 0x0, 0xf, 0xe0, 0x0, 0x0, 0x0, 0x0,
    0x7, 0xff, 0xff, 0xff, 0xff, 0xff, 0xff, 0xff,
    0xc0, 0x0, 0x49, 0x99, 0x99, 0x99, 0x99, 0x99,
    0x99, 0x97, 0x0, 0x0, 0x0, 0x0, 0x0, 0x0,
    0x0, 0x0, 0x0, 0x0, 0x0, 0xd, 0xed, 0xdd,
    0xdd, 0xdd, 0xdd, 0xdd, 0xd3, 0x0, 0x0, 0xff,
    0xbb, 0xbb, 0xff, 0xbb, 0xbb, 0xef, 0x40, 0x0,
    0xf, 0xd0, 0x0, 0xf, 0xe0, 0x0, 0xa, 0xf4,
    0x0, 0x1, 0xfc, 0x0, 0x0, 0xfe, 0x0, 0x0,
    0xaf, 0x40, 0x0, 0x2f, 0xfe, 0xee, 0xef, 0xfe,
    0xee, 0xef, 0xf4, 0x0, 0x5, 0xfd, 0xbb, 0xbb,
    0xbb, 0xbb, 0xbb, 0xef, 0x40, 0x0, 0x9f, 0x50,
    0x0, 0x0, 0x0, 0x0, 0x7, 0xb3, 0x0, 0x1f,
    0xf1, 0x0, 0x0, 0x0, 0x0, 0x0, 0x0, 0x0,
    0xb, 0xf9, 0x0, 0x0, 0x0, 0x0, 0x0, 0x0,
    0x0, 0x3, 0xfe, 0x10, 0x0, 0x0, 0x0, 0x0,
    0x0, 0x0, 0x0, 0x3, 0x30, 0x0, 0x0, 0x0,
    0x0, 0x0, 0x0, 0x0, 0x0,

    /* U+5904 "处" */
    0x0, 0x0, 0xa8, 0x10, 0x0, 0x0, 0xcd, 0x10,
    0x0, 0x0, 0x0, 0x0, 0xff, 0x0, 0x0, 0x0,
    0xef, 0x10, 0x0, 0x0, 0x0, 0x3, 0xfc, 0x0,
    0x0, 0x0, 0xef, 0x10, 0x0, 0x0, 0x0, 0x7,
    0xfe, 0xbb, 0xba, 0x20, 0xef, 0x10, 0x0, 0x0,
    0x0, 0xb, 0xff, 0xff, 0xff, 0x40, 0xef, 0x10,
    0x0, 0x0, 0x0, 0xf, 0xf1, 0x0, 0xcf, 0x20,
    0xef, 0xe3, 0x0, 0x0, 0x0, 0x5f, 0xc0, 0x0,
    0xff, 0x0, 0xef, 0xfe, 0x10, 0x0, 0x0, 0xbf,
    0xe0, 0x2, 0xfc, 0x0, 0xef, 0x8f, 0xc0, 0x0,
    0x2, 0xff, 0xf2, 0x6, 0xf9, 0x0, 0xef, 0x1b,
    0xfa, 0x0, 0xb, 0xfa, 0xf7, 0xa, 0xf5, 0x0,
    0xef, 0x11, 0xef, 0x50, 0x6, 0xc0, 0xed, 0xf,
    0xf1, 0x0, 0xef, 0x10, 0x4f, 0x80, 0x0, 0x0,
    0x8f, 0xaf, 0xb0, 0x0, 0xef, 0x10, 0x1, 0x0,
    0x0, 0x0, 0x2f, 0xff, 0x40, 0x0, 0xef, 0x10,
    0x0, 0x0, 0x0, 0x0, 0xa, 0xfe, 0x0, 0x0,
    0xef, 0x10, 0x0, 0x0, 0x0, 0x0, 0x2f, 0xff,
    0x70, 0x0, 0xef, 0x10, 0x0, 0x0, 0x0, 0x1,
    0xdf, 0xcf, 0xf9, 0x10, 0x0, 0x0, 0x0, 0x0,
    0x0, 0x2d, 0xfd, 0x14, 0xff, 0xf9, 0x41, 0x0,
    0x0, 0x0, 0x6, 0xff, 0xd1, 0x0, 0x2b, 0xff,
    0xff, 0xff, 0xff, 0xf3, 0x1c, 0xfb, 0x10, 0x0,
    0x0, 0x38, 0xbe, 0xff, 0xff, 0xd0, 0x1, 0x50,
    0x0, 0x0, 0x0, 0x0, 0x0, 0x0, 0x0, 0x0,

    /* U+5907 "备" */
    0x0, 0x0, 0x0, 0xa, 0x81, 0x0, 0x0, 0x0,
    0x0, 0x0, 0x0, 0x0, 0x0, 0xaf, 0xb0, 0x0,
    0x0, 0x10, 0x0, 0x0, 0x0, 0x0, 0x9, 0xff,
    0xff, 0xff, 0xff, 0xfd, 0x20, 0x0, 0x0, 0x1,
    0xbf, 0xf9, 0x99, 0x99, 0x9f, 0xfc, 0x0, 0x0,
    0x0, 0x6e, 0xff, 0xf9, 0x0, 0x1, 0xbf, 0xd1,
    0x0, 0x0, 0x3, 0xff, 0x72, 0xdf, 0xd5, 0x6e,
    0xfb, 0x10, 0x0, 0x0, 0x0, 0x42, 0x0, 0x9,
    0xff, 0xff, 0x80, 0x0, 0x0, 0x0, 0x0, 0x0,
    0x26, 0xbf, 0xff, 0xff, 0xfc, 0x74, 0x10, 0x0,
    0x28, 0xbe, 0xff, 0xfd, 0x81, 0x18, 0xdf, 0xff,
    0xfe, 0xc3, 0xf, 0xff, 0xc7, 0x30, 0x0, 0x0,
    0x2, 0x6a, 0xdf, 0xc0, 0x4, 0x2b, 0xee, 0xee,
    0xee, 0xee, 0xee, 0xee, 0x90, 0x0, 0x0, 0xc,
    0xfc, 0xbb, 0xcf, 0xfb, 0xbb, 0xdf, 0xa0, 0x0,
    0x0, 0xc, 0xf3, 0x0, 0xf, 0xe0, 0x0, 0x7f,
    0xa0, 0x0, 0x0, 0xc, 0xff, 0xff, 0xff, 0xff,
    0xff, 0xff, 0xa0, 0x0, 0x0, 0xc, 0xfa, 0x88,
    0x9f, 0xf8, 0x88, 0xcf, 0xa0, 0x0, 0x0, 0xc,
    0xf3, 0x0, 0xf, 0xe0, 0x0, 0x7f, 0xa0, 0x0,
    0x0, 0xc, 0xfd, 0xcc, 0xcf, 0xfc, 0xcc, 0xef,
    0xa0, 0x0, 0x0, 0xc, 0xfe, 0xdd, 0xdd, 0xdd,
    0xdd, 0xef, 0xa0, 0x0, 0x0, 0xc, 0xf3, 0x0,
    0x0, 0x0, 0x0, 0x7f, 0xa0, 0x0, 0x0, 0x0,
    0x0, 0x0, 0x0, 0x0, 0x0, 0x0, 0x0, 0x0,

    /* U+590D "复" */
    0x0, 0x0, 0x1b, 0x60, 0x0, 0x0, 0x0, 0x0,
    0x0, 0x0, 0x0, 0x0, 0x9f, 0x70, 0x0, 0x0,
    0x0, 0x0, 0x0, 0x0, 0x0, 0x6, 0xff, 0xff,
    0xff, 0xff, 0xff, 0xff, 0xff, 0x70, 0x0, 0x5f,
    0xe8, 0x88, 0x88, 0x88, 0x88, 0x88, 0x88, 0x30,
    0x7, 0xff, 0x85, 0x55, 0x55, 0x55, 0x55, 0x55,
    0x50, 0x0, 0xa, 0xf4, 0xdf, 0xff, 0xff, 0xff,
    0xff, 0xff, 0xf1, 0x0, 0x0, 0x20, 0xdf, 0x0,
    0x0, 0x0, 0x0, 0xe, 0xf1, 0x0, 0x0, 0x0,
    0xdf, 0xff, 0xff, 0xff, 0xff, 0xff, 0xf1, 0x0,
    0x0, 0x0, 0xdf, 0x44, 0x44, 0x44, 0x44, 0x4f,
    0xf1, 0x0, 0x0, 0x0, 0xdf, 0x66, 0x66, 0x66,
    0x66, 0x6f, 0xf1, 0x0, 0x0, 0x0, 0xcf, 0xff,
    0xff, 0xff, 0xff, 0xff, 0xf0, 0x0, 0x0, 0x0,
    0x3, 0xff, 0x43, 0x33, 0x33, 0x33, 0x0, 0x0,
    0x0, 0x0, 0x5f, 0xff, 0xff, 0xff, 0xff, 0xff,
    0x90, 0x0, 0x0, 0x2a, 0xff, 0xf6, 0x33, 0x33,
    0x3b, 0xfd, 0x10, 0x0, 0x0, 0xcf, 0x92, 0xcf,
    0x91, 0x5, 0xdf, 0xc1, 0x0, 0x0, 0x0, 0x13,
    0x0, 0x8, 0xff, 0xef, 0xe6, 0x0, 0x0, 0x0,
    0x1, 0x24, 0x69, 0xcf, 0xff, 0xff, 0xfd, 0xa8,
    0x64, 0x31, 0x2f, 0xff, 0xff, 0xeb, 0x62, 0x4,
    0x8c, 0xff, 0xff, 0xf2, 0x8, 0x86, 0x41, 0x0,
    0x0, 0x0, 0x0, 0x2, 0x46, 0x50,

    /* U+591A "多" */
    0x0, 0x0, 0x0, 0x4, 0xa6, 0x0, 0x0, 0x0,
    0x0, 0x0, 0x0, 0x0, 0x4, 0xff, 0x50, 0x0,
    0x10, 0x0, 0x0, 0x0, 0x0, 0x7, 0xff, 0xff,
    0xff, 0xff, 0xc0, 0x0, 0x0, 0x0, 0x3c, 0xfd,
    0xaa, 0xaa, 0xaf, 0xfa, 0x0, 0x0, 0x4, 0xbf,
    0xf8, 0x10, 0x0, 0xa, 0xfc, 0x0, 0x0, 0x0,
    0x5f, 0xa2, 0xbe, 0x60, 0x3d, 0xfc, 0x10, 0x0,
    0x0, 0x0, 0x10, 0x3, 0xdf, 0xdf, 0xf9, 0x0,
    0x0, 0x0, 0x0, 0x0, 0x0, 0x4b, 0xff, 0xd5,
    0xb8, 0x10, 0x0, 0x0, 0x2, 0x6a, 0xef, 0xfd,
    0x51, 0xdf, 0x80, 0x0, 0x0, 0x4, 0xff, 0xfe,
    0x93, 0x4, 0xef, 0xff, 0xff, 0xff, 0x90, 0x8,
    0x73, 0x0, 0x19, 0xff, 0xbb, 0xbb, 0xbf, 0xfa,
    0x0, 0x0, 0x1, 0x8f, 0xfd, 0x30, 0x0, 0x6,
    0xfe, 0x10, 0x0, 0xa, 0xff, 0xe6, 0x77, 0x0,
    0x7, 0xff, 0x40, 0x0, 0x0, 0x5d, 0x60, 0x2d,
    0xfa, 0x2a, 0xff, 0x40, 0x0, 0x0, 0x0, 0x0,
    0x0, 0x1c, 0xff, 0xfd, 0x30, 0x0, 0x0, 0x0,
    0x0, 0x1, 0x5b, 0xff, 0xf8, 0x0, 0x0, 0x0,
    0x13, 0x57, 0xad, 0xff, 0xfe, 0x71, 0x0, 0x0,
    0x0, 0x6, 0xff, 0xff, 0xfc, 0x83, 0x0, 0x0,
    0x0, 0x0, 0x0, 0xa, 0x86, 0x30, 0x0, 0x0,
    0x0, 0x0, 0x0, 0x0, 0x0,

    /* U+5927 "大" */
    0x0, 0x0, 0x0, 0x0, 0xa, 0xa0, 0x0, 0x0,
    0x0, 0x0, 0x0, 0x0, 0x0, 0x0, 0xf, 0xf0,
    0x0, 0x0, 0x0, 0x0, 0x0, 0x0, 0x0, 0x0,
    0xf, 0xf0, 0x0, 0x0, 0x0, 0x0, 0x0, 0x0,
    0x0, 0x0, 0xf, 0xf0, 0x0, 0x0, 0x0, 0x0,
    0x0, 0x0, 0x0, 0x0, 0x1f, 0xe0, 0x0, 0x0,
    0x0, 0x0, 0x0, 0x11, 0x11, 0x11, 0x4f, 0xd1,
    0x11, 0x11, 0x11, 0x10, 0xc, 0xff, 0xff, 0xff,
    0xff, 0xff, 0xff, 0xff, 0xff, 0xe0, 0xa, 0xee,
    0xee, 0xee, 0xff, 0xff, 0xee, 0xee, 0xee, 0xc0,
    0x0, 0x0, 0x0, 0x0, 0xbf, 0xfc, 0x0, 0x0,
    0x0, 0x0, 0x0, 0x0, 0x0, 0x0, 0xff, 0xef,
    0x20, 0x0, 0x0, 0x0, 0x0, 0x0, 0x0, 0x6,
    0xfc, 0x8f, 0xa0, 0x0, 0x0, 0x0, 0x0, 0x0,
    0x0, 0xd, 0xf6, 0x1f, 0xf2, 0x0, 0x0, 0x0,
    0x0, 0x0, 0x0, 0x6f, 0xe0, 0x9, 0xfc, 0x0,
    0x0, 0x0, 0x0, 0x0, 0x2, 0xff, 0x60, 0x1,
    0xef, 0x80, 0x0, 0x0, 0x0, 0x0, 0x2e, 0xfb,
    0x0, 0x0, 0x5f, 0xf7, 0x0, 0x0, 0x0, 0x4,
    0xef, 0xd1, 0x0, 0x0, 0x8, 0xff, 0x90, 0x0,
    0x1, 0x9f, 0xfc, 0x10, 0x0, 0x0, 0x0, 0x8f,
    0xfd, 0x40, 0xc, 0xff, 0x90, 0x0, 0x0, 0x0,
    0x0, 0x6, 0xff, 0xd1, 0x1, 0xa3, 0x0, 0x0,
    0x0, 0x0, 0x0, 0x0, 0x2a, 0x20,

    /* U+5929 "天" */
    0x0, 0x99, 0x99, 0x99, 0x99, 0x99, 0x99, 0x99,
    0x98, 0x0, 0x0, 0xff, 0xff, 0xff, 0xff, 0xff,
    0xff, 0xff, 0xfe, 0x0, 0x0, 0x55, 0x55, 0x55,
    0x6f, 0xe5, 0x55, 0x55, 0x54, 0x0, 0x0, 0x0,
    0x0, 0x0, 0x2f, 0xd0, 0x0, 0x0, 0x0, 0x0,
    0x0, 0x0, 0x0, 0x0, 0x2f, 0xd0, 0x0, 0x0,
    0x0, 0x0, 0x0, 0x0, 0x0, 0x0, 0x2f, 0xd0,
    0x0, 0x0, 0x0, 0x0, 0x1, 0x22, 0x22, 0x22,
    0x5f, 0xc2, 0x22, 0x22, 0x22, 0x10, 0x8, 0xff,
    0xff, 0xff, 0xff, 0xff, 0xff, 0xff, 0xff, 0xe0,
    0x6, 0xdd, 0xdd, 0xdd, 0xff, 0xfe, 0xdd, 0xdd,
    0xdd, 0xc0, 0x0, 0x0, 0x0, 0x0, 0xef, 0xfb,
    0x0, 0x0, 0x0, 0x0, 0x0, 0x0, 0x0, 0x4,
    0xfe, 0xdf, 0x30, 0x0, 0x0, 0x0, 0x0, 0x0,
    0x0, 0xd, 0xf7, 0x5f, 0xd0, 0x0, 0x0, 0x0,
    0x0, 0x0, 0x0, 0x9f, 0xd0, 0xc, 0xfa, 0x0,
    0x0, 0x0, 0x0, 0x0, 0x9, 0xff, 0x30, 0x2,
    0xef, 0xa0, 0x0, 0x0, 0x0, 0x1, 0xbf, 0xf4,
    0x0, 0x0, 0x3f, 0xfd, 0x30, 0x0, 0x1, 0x8f,
    0xfe, 0x30, 0x0, 0x0, 0x3, 0xef, 0xfb, 0x40,
    0xc, 0xff, 0x91, 0x0, 0x0, 0x0, 0x0, 0x19,
    0xff, 0xf3, 0x3, 0x92, 0x0, 0x0, 0x0, 0x0,
    0x0, 0x0, 0x28, 0x50,

    /* U+592A "太" */
    0x0, 0x0, 0x0, 0x0, 0x1, 0x10, 0x0, 0x0,
    0x0, 0x0, 0x0, 0x0, 0x0, 0x0, 0x1f, 0xf0,
    0x0, 0x0, 0x0, 0x0, 0x0, 0x0, 0x0, 0x0,
    0x1f, 0xf0, 0x0, 0x0, 0x0, 0x0, 0x0, 0x0,
    0x0, 0x0, 0x1f, 0xf0, 0x0, 0x0, 0x0, 0x0,
    0x0, 0x0, 0x0, 0x0, 0x2f, 0xe0, 0x0, 0x0,
    0x0, 0x0, 0x0, 0x0, 0x0, 0x0, 0x3f, 0xd0,
    0x0, 0x0, 0x0, 0x0, 0xb, 0xee, 0xee, 0xee,
    0xef, 0xfe, 0xee, 0xee, 0xee, 0xd0, 0xd, 0xff,
    0xff, 0xff, 0xff, 0xff, 0xff, 0xff, 0xff, 0xf0,
    0x0, 0x0, 0x0, 0x0, 0xaf, 0xfd, 0x0, 0x0,
    0x0, 0x0, 0x0, 0x0, 0x0, 0x0, 0xef, 0xef,
    0x20, 0x0, 0x0, 0x0, 0x0, 0x0, 0x0, 0x3,
    0xfe, 0x7f, 0x90, 0x0, 0x0, 0x0, 0x0, 0x0,
    0x0, 0x9, 0xf9, 0x1f, 0xf1, 0x0, 0x0, 0x0,
    0x0, 0x0, 0x0, 0x2f, 0xf2, 0x9, 0xfa, 0x0,
    0x0, 0x0, 0x0, 0x0, 0x0, 0xbf, 0xa0, 0x1,
    0xff, 0x50, 0x0, 0x0, 0x0, 0x0, 0x8, 0xff,
    0x90, 0x0, 0x7f, 0xf2, 0x0, 0x0, 0x0, 0x0,
    0x7f, 0xfe, 0xfb, 0x0, 0xb, 0xfe, 0x20, 0x0,
    0x0, 0x1a, 0xff, 0x71, 0xdf, 0xc0, 0x1, 0xdf,
    0xf5, 0x0, 0x7, 0xff, 0xf6, 0x0, 0x1d, 0xfb,
    0x0, 0x1d, 0xff, 0xb2, 0xb, 0xfc, 0x20, 0x0,
    0x2, 0xea, 0x0, 0x0, 0x9f, 0xc0, 0x0, 0x40,
    0x0, 0x0, 0x0, 0x20, 0x0, 0x0, 0x3, 0x10,

    /* U+5931 "失" */
    0x0, 0x0, 0x0, 0x0, 0x1, 0x10, 0x0, 0x0,
    0x0, 0x0, 0x0, 0x0, 0x89, 0x20, 0x1f, 0xe0,
    0x0, 0x0, 0x0, 0x0, 0x0, 0x0, 0xef, 0x20,
    0x1f, 0xe0, 0x0, 0x0, 0x0, 0x0, 0x0, 0x4,
    0xfd, 0x0, 0x1f, 0xe0, 0x0, 0x0, 0x0, 0x0,
    0x0, 0xb, 0xfe, 0xbb, 0xcf, 0xfb, 0xbb, 0xbb,
    0xb3, 0x0, 0x0, 0x3f, 0xff, 0xff, 0xff, 0xff,
    0xff, 0xff, 0xf4, 0x0, 0x0, 0xbf, 0x93, 0x33,
    0x4f, 0xe3, 0x33, 0x33, 0x30, 0x0, 0x6, 0xff,
    0x10, 0x0, 0x1f, 0xe0, 0x0, 0x0, 0x0, 0x0,
    0x6, 0xe6, 0x0, 0x0, 0x2f, 0xd0, 0x0, 0x0,
    0x0, 0x0, 0x0, 0x10, 0x0, 0x0, 0x3f, 0xc0,
    0x0, 0x0, 0x0, 0x0, 0xf, 0xff, 0xff, 0xff,
    0xff, 0xff, 0xff, 0xff, 0xff, 0xf0, 0xe, 0xee,
    0xee, 0xee, 0xff, 0xff, 0xee, 0xee, 0xee, 0xe0,
    0x0, 0x0, 0x0, 0x1, 0xff, 0xfe, 0x0, 0x0,
    0x0, 0x0, 0x0, 0x0, 0x0, 0x9, 0xfc, 0xaf,
    0x80, 0x0, 0x0, 0x0, 0x0, 0x0, 0x0, 0x5f,
    0xf3, 0x1f, 0xf5, 0x0, 0x0, 0x0, 0x0, 0x0,
    0x6, 0xff, 0x80, 0x6, 0xff, 0x50, 0x0, 0x0,
    0x0, 0x2, 0xbf, 0xf9, 0x0, 0x0, 0x8f, 0xfa,
    0x10, 0x0, 0x4, 0xaf, 0xff, 0x60, 0x0, 0x0,
    0x6, 0xff, 0xfa, 0x51, 0xd, 0xff, 0xa2, 0x0,
    0x0, 0x0, 0x0, 0x2a, 0xff, 0xe1, 0x2, 0x71,
    0x0, 0x0, 0x0, 0x0, 0x0, 0x0, 0x17, 0x40,

    /* U+5957 "套" */
    0x0, 0x0, 0x0, 0x0, 0x8b, 0x40, 0x0, 0x0,
    0x0, 0x0, 0x0, 0x0, 0x0, 0x2, 0xfe, 0x10,
    0x0, 0x0, 0x0, 0x0, 0x9, 0xff, 0xff, 0xff,
    0xff, 0xff, 0xff, 0xff, 0xff, 0xe0, 0x5, 0x99,
    0x99, 0xff, 0xc9, 0x9a, 0xff, 0x99, 0x99, 0x80,
    0x0, 0x0, 0xa, 0xfb, 0x0, 0x0, 0x6f, 0xc2,
    0x0, 0x0, 0x0, 0x1, 0xcf, 0xf8, 0x88, 0x88,
    0x8d, 0xfe, 0x50, 0x0, 0x0, 0x6f, 0xff, 0xff,
    0xff, 0xff, 0xff, 0xed, 0xfc, 0x30, 0xd, 0xfe,
    0x4f, 0xf1, 0x11, 0x11, 0x11, 0x10, 0x9f, 0xf3,
    0x4, 0x70, 0xf, 0xff, 0xff, 0xff, 0xff, 0xf0,
    0x2, 0x40, 0x0, 0x0, 0xf, 0xf1, 0x11, 0x11,
    0x11, 0x10, 0x0, 0x0, 0x0, 0x0, 0xf, 0xfe,
    0xee, 0xee, 0xee, 0xd0, 0x0, 0x0, 0x0, 0x0,
    0xf, 0xf6, 0x66, 0x66, 0x66, 0x50, 0x0, 0x0,
    0x0, 0x11, 0x1f, 0xf1, 0x11, 0x11, 0x11, 0x11,
    0x11, 0x0, 0xa, 0xff, 0xff, 0xff, 0xff, 0xff,
    0xff, 0xff, 0xff, 0xf0, 0x5, 0x88, 0x8b, 0xff,
    0x98, 0x88, 0x8d, 0xc8, 0x88, 0x80, 0x0, 0x0,
    0x4f, 0xf5, 0x0, 0x0, 0x2e, 0xf5, 0x0, 0x0,
    0x0, 0x19, 0xff, 0x97, 0x78, 0x99, 0xad, 0xff,
    0x60, 0x0, 0x0, 0xe, 0xff, 0xff, 0xff, 0xed,
    0xcc, 0xbf, 0xf6, 0x0, 0x0, 0x4, 0x32, 0x10,
    0x0, 0x0, 0x0, 0x4, 0xa2, 0x0,

    /* U+5982 "如" */
    0x0, 0x9, 0xb0, 0x0, 0x0, 0x0, 0x0, 0x0,
    0x0, 0x0, 0xe, 0xf0, 0x0, 0x0, 0x0, 0x0,
    0x0, 0x0, 0x0, 0xf, 0xc0, 0x0, 0x0, 0xcc,
    0xcc, 0xcc, 0xca, 0x0, 0x3f, 0x90, 0x0, 0x0,
    0xff, 0xff, 0xff, 0xfe, 0xcd, 0xef, 0xed, 0xdd,
    0xa0, 0xfc, 0x0, 0x0, 0xfe, 0xef, 0xff, 0xff,
    0xff, 0xd0, 0xfc, 0x0, 0x0, 0xfe, 0x0, 0xdf,
    0x0, 0x2f, 0xb0, 0xfc, 0x0, 0x0, 0xfe, 0x0,
    0xfb, 0x0, 0x4f, 0x90, 0xfc, 0x0, 0x0, 0xfe,
    0x4, 0xf8, 0x0, 0x7f, 0x70, 0xfc, 0x0, 0x0,
    0xfe, 0x9, 0xf3, 0x0, 0xbf, 0x40, 0xfc, 0x0,
    0x0, 0xfe, 0xd, 0xf3, 0x0, 0xff, 0x0, 0xfc,
    0x0, 0x0, 0xfe, 0x9, 0xff, 0x55, 0xfb, 0x0,
    0xfc, 0x0, 0x0, 0xfe, 0x0, 0x6f, 0xfe, 0xf6,
    0x0, 0xfc, 0x0, 0x0, 0xfe, 0x0, 0x3, 0xff,
    0xf1, 0x0, 0xfc, 0x0, 0x0, 0xfe, 0x0, 0x2,
    0xff, 0xfc, 0x10, 0xfc, 0x0, 0x0, 0xfe, 0x0,
    0x2e, 0xfe, 0xdf, 0xa0, 0xff, 0xff, 0xff, 0xfe,
    0x7, 0xff, 0xf3, 0x1d, 0x30, 0xff, 0xcc, 0xcc,
    0xfe, 0xbf, 0xff, 0x40, 0x0, 0x0, 0xfc, 0x0,
    0x0, 0xfd, 0x4f, 0xd2, 0x0, 0x0, 0x0, 0xfc,
    0x0, 0x0, 0x0, 0x5, 0x0, 0x0, 0x0, 0x0,
    0x0, 0x0, 0x0, 0x0,

    /* U+5B50 "子" */
    0x0, 0xd, 0xdd, 0xdd, 0xdd, 0xdd, 0xdd, 0xdd,
    0xa0, 0x0, 0x0, 0xf, 0xff, 0xff, 0xff, 0xff,
    0xff, 0xff, 0xf4, 0x0, 0x0, 0x0, 0x0, 0x0,
    0x0, 0x0, 0x2c, 0xfe, 0x40, 0x0, 0x0, 0x0,
    0x0, 0x0, 0x0, 0x4, 0xef, 0xd2, 0x0, 0x0,
    0x0, 0x0, 0x0, 0x0, 0x2, 0xaf, 0xf9, 0x0,
    0x0, 0x0, 0x0, 0x0, 0x0, 0x0, 0xe, 0xfd,
    0x30, 0x0, 0x0, 0x0, 0x0, 0x0, 0x0, 0x0,
    0xe, 0xf1, 0x0, 0x0, 0x0, 0x0, 0x0, 0x0,
    0x0, 0x0, 0xe, 0xf2, 0x0, 0x0, 0x0, 0x0,
    0xf, 0xff, 0xff, 0xff, 0xff, 0xff, 0xff, 0xff,
    0xff, 0xf1, 0xd, 0xdd, 0xdd, 0xdd, 0xdf, 0xfd,
    0xdd, 0xdd, 0xdd, 0xd1, 0x0, 0x0, 0x0, 0x0,
    0xe, 0xf1, 0x0, 0x0, 0x0, 0x0, 0x0, 0x0,
    0x0, 0x0, 0xe, 0xf1, 0x0, 0x0, 0x0, 0x0,
    0x0, 0x0, 0x0, 0x0, 0xe, 0xf1, 0x0, 0x0,
    0x0, 0x0, 0x0, 0x0, 0x0, 0x0, 0xe, 0xf1,
    0x0, 0x0, 0x0, 0x0, 0x0, 0x0, 0x0, 0x0,
    0xe, 0xf1, 0x0, 0x0, 0x0, 0x0, 0x0, 0x0,
    0x0, 0x0, 0xe, 0xf1, 0x0, 0x0, 0x0, 0x0,
    0x0, 0x0, 0xa, 0xdd, 0xef, 0xf0, 0x0, 0x0,
    0x0, 0x0, 0x0, 0x0, 0x4, 0xff, 0xfc, 0x50,
    0x0, 0x0, 0x0, 0x0, 0x0, 0x0, 0x0, 0x0,
    0x0, 0x0, 0x0, 0x0, 0x0, 0x0,

    /* U+5B57 "字" */
    0x0, 0x0, 0x0, 0x0, 0x0, 0x0, 0x0, 0x0,
    0x0, 0x0, 0x0, 0x0, 0x5, 0xd7, 0x0, 0x0,
    0x0, 0x0, 0x0, 0x0, 0x0, 0x3, 0xff, 0x10,
    0x0, 0x0, 0x0, 0x9d, 0xdd, 0xdd, 0xdd, 0xff,
    0xed, 0xdd, 0xdd, 0xd1, 0xbf, 0xff, 0xff, 0xff,
    0xff, 0xff, 0xff, 0xff, 0xf1, 0xbf, 0x20, 0x0,
    0x0, 0x0, 0x0, 0x0, 0xe, 0xf1, 0xbf, 0x20,
    0x0, 0x0, 0x0, 0x0, 0x10, 0xe, 0xf1, 0x57,
    0x18, 0xff, 0xff, 0xff, 0xff, 0xfc, 0x16, 0x70,
    0x0, 0x6, 0xbb, 0xbb, 0xbb, 0xcf, 0xf9, 0x0,
    0x0, 0x0, 0x0, 0x0, 0x0, 0x3, 0xef, 0x70,
    0x0, 0x0, 0x0, 0x0, 0x0, 0x0, 0x9f, 0xe4,
    0x0, 0x0, 0x0, 0x0, 0x0, 0x0, 0x2, 0xff,
    0x10, 0x0, 0x0, 0x0, 0xcf, 0xff, 0xff, 0xff,
    0xff, 0xff, 0xff, 0xff, 0xf9, 0x9c, 0xcc, 0xcc,
    0xcc, 0xff, 0xcc, 0xcc, 0xcc, 0xc6, 0x0, 0x0,
    0x0, 0x1, 0xfe, 0x0, 0x0, 0x0, 0x0, 0x0,
    0x0, 0x0, 0x1, 0xfe, 0x0, 0x0, 0x0, 0x0,
    0x0, 0x0, 0x0, 0x1, 0xfe, 0x0, 0x0, 0x0,
    0x0, 0x0, 0x0, 0x0, 0x1, 0xfe, 0x0, 0x0,
    0x0, 0x0, 0x0, 0x0, 0x6d, 0xde, 0xfd, 0x0,
    0x0, 0x0, 0x0, 0x0, 0x0, 0x1f, 0xff, 0xc4,
    0x0, 0x0, 0x0, 0x0, 0x0, 0x0, 0x0, 0x0,
    0x0, 0x0, 0x0, 0x0, 0x0,

    /* U+5B58 "存" */
    0x0, 0x0, 0x0, 0x5, 0x72, 0x0, 0x0, 0x0,
    0x0, 0x0, 0x0, 0x0, 0x0, 0xc, 0xf4, 0x0,
    0x0, 0x0, 0x0, 0x0, 0x0, 0x11, 0x11, 0x3f,
    0xe1, 0x11, 0x11, 0x11, 0x11, 0x0, 0xb, 0xff,
    0xff, 0xff, 0xff, 0xff, 0xff, 0xff, 0xff, 0xe0,
    0x9, 0xcc, 0xcd, 0xff, 0xcc, 0xcc, 0xcc, 0xcc,
    0xcc, 0xb0, 0x0, 0x0, 0x8, 0xf9, 0x0, 0x0,
    0x0, 0x0, 0x0, 0x0, 0x0, 0x0, 0x2f, 0xf1,
    0x5a, 0xaa, 0xaa, 0xaa, 0xb4, 0x0, 0x0, 0x0,
    0xcf, 0x70, 0x8f, 0xff, 0xff, 0xff, 0xfb, 0x0,
    0x0, 0xa, 0xfc, 0x0, 0x0, 0x0, 0x2, 0xcf,
    0xa0, 0x0, 0x0, 0x8f, 0xf8, 0x0, 0x0, 0x0,
    0x5e, 0xf7, 0x0, 0x0, 0x1a, 0xff, 0xf8, 0x0,
    0x0, 0x0, 0xcf, 0x40, 0x0, 0x0, 0x2f, 0xe8,
    0xf8, 0x1a, 0xaa, 0xaa, 0xef, 0xba, 0xaa, 0xa1,
    0x5, 0x15, 0xf8, 0x3f, 0xff, 0xff, 0xff, 0xff,
    0xff, 0xf3, 0x0, 0x5, 0xf8, 0x2, 0x22, 0x22,
    0xdf, 0x42, 0x22, 0x20, 0x0, 0x5, 0xf8, 0x0,
    0x0, 0x0, 0xcf, 0x20, 0x0, 0x0, 0x0, 0x5,
    0xf8, 0x0, 0x0, 0x0, 0xcf, 0x20, 0x0, 0x0,
    0x0, 0x5, 0xf8, 0x0, 0x0, 0x0, 0xcf, 0x20,
    0x0, 0x0, 0x0, 0x5, 0xf8, 0x0, 0x9, 0xbb,
    0xff, 0x10, 0x0, 0x0, 0x0, 0x5, 0xf8, 0x0,
    0x8, 0xff, 0xe8, 0x0, 0x0, 0x0, 0x0, 0x0,
    0x0, 0x0, 0x0, 0x0, 0x0, 0x0, 0x0, 0x0,

    /* U+5B8C "完" */
    0x0, 0x0, 0x0, 0x0, 0x0, 0x0, 0x0, 0x0,
    0x0, 0x0, 0x0, 0x0, 0x0, 0x0, 0x9f, 0x50,
    0x0, 0x0, 0x0, 0x0, 0x0, 0x0, 0x0, 0x0,
    0x6f, 0xd0, 0x0, 0x0, 0x0, 0x0, 0x8, 0xcc,
    0xcc, 0xcc, 0xdf, 0xfc, 0xcc, 0xcc, 0xcc, 0x10,
    0xa, 0xff, 0xff, 0xff, 0xff, 0xff, 0xff, 0xff,
    0xff, 0x10, 0xa, 0xf3, 0x0, 0x0, 0x0, 0x0,
    0x0, 0x0, 0xef, 0x10, 0xa, 0xf3, 0x0, 0x0,
    0x0, 0x0, 0x0, 0x0, 0xef, 0x10, 0x9, 0xe3,
    0x9f, 0xff, 0xff, 0xff, 0xff, 0xf1, 0xde, 0x10,
    0x0, 0x0, 0x6b, 0xbb, 0xbb, 0xbb, 0xbb, 0xb0,
    0x0, 0x0, 0x0, 0x0, 0x0, 0x0, 0x0, 0x0,
    0x0, 0x0, 0x0, 0x0, 0x3, 0x33, 0x33, 0x33,
    0x33, 0x33, 0x33, 0x33, 0x33, 0x30, 0xe, 0xff,
    0xff, 0xff, 0xff, 0xff, 0xff, 0xff, 0xff, 0xe0,
    0x8, 0x99, 0x99, 0xff, 0x99, 0x9f, 0xf9, 0x99,
    0x99, 0x80, 0x0, 0x0, 0x0, 0xfe, 0x0, 0xd,
    0xf1, 0x0, 0x0, 0x0, 0x0, 0x0, 0x2, 0xfc,
    0x0, 0xd, 0xf1, 0x0, 0x0, 0x0, 0x0, 0x0,
    0x6, 0xf9, 0x0, 0xd, 0xf1, 0x0, 0x4, 0x0,
    0x0, 0x0, 0xd, 0xf3, 0x0, 0xd, 0xf1, 0x0,
    0xe, 0xe2, 0x0, 0x2, 0xcf, 0xb0, 0x0, 0xd,
    0xf1, 0x0, 0xf, 0xf1, 0x7, 0xbf, 0xfb, 0x0,
    0x0, 0xb, 0xfd, 0xbb, 0xdf, 0xe0, 0xc, 0xfc,
    0x50, 0x0, 0x0, 0x4, 0xdf, 0xff, 0xfe, 0x40,
    0x2, 0x10, 0x0, 0x0, 0x0, 0x0, 0x0, 0x0,
    0x0, 0x0,

    /* U+5B9A "定" */
    0x0, 0x0, 0x0, 0x0, 0x0, 0x0, 0x0, 0x0,
    0x0, 0x0, 0x0, 0x0, 0x0, 0x6, 0xe7, 0x0,
    0x0, 0x0, 0x0, 0x0, 0x0, 0x0, 0x0, 0x3f,
    0xe0, 0x0, 0x0, 0x0, 0x0, 0x8c, 0xcc, 0xcc,
    0xcc, 0xff, 0xcc, 0xcc, 0xcc, 0xc0, 0xa, 0xff,
    0xff, 0xff, 0xff, 0xff, 0xff, 0xff, 0xff, 0x10,
    0xaf, 0x30, 0x0, 0x0, 0x0, 0x0, 0x0, 0xd,
    0xf1, 0xa, 0xf3, 0x0, 0x0, 0x0, 0x0, 0x0,
    0x0, 0xdf, 0x10, 0xaf, 0x29, 0xcc, 0xcc, 0xcc,
    0xcc, 0xcc, 0x8c, 0xf1, 0x0, 0x0, 0xcf, 0xff,
    0xff, 0xff, 0xff, 0xfa, 0x0, 0x0, 0x0, 0x0,
    0x0, 0x1, 0xfe, 0x0, 0x0, 0x0, 0x0, 0x0,
    0x0, 0x77, 0x0, 0x1f, 0xe0, 0x0, 0x0, 0x0,
    0x0, 0x0, 0xf, 0xf0, 0x1, 0xfe, 0x0, 0x0,
    0x0, 0x0, 0x0, 0x2, 0xfd, 0x0, 0x1f, 0xff,
    0xff, 0xff, 0xa0, 0x0, 0x0, 0x6f, 0xc0, 0x1,
    0xff, 0xcc, 0xcc, 0xc8, 0x0, 0x0, 0xa, 0xff,
    0x20, 0x1f, 0xe0, 0x0, 0x0, 0x0, 0x0, 0x1,
    0xff, 0xfb, 0x1, 0xfe, 0x0, 0x0, 0x0, 0x0,
    0x0, 0x7f, 0x9a, 0xfa, 0x1f, 0xe0, 0x0, 0x0,
    0x0, 0x0, 0x2f, 0xf2, 0x1d, 0xfe, 0xfe, 0x0,
    0x0, 0x0, 0x0, 0x1d, 0xf8, 0x0, 0x1b, 0xff,
    0xff, 0xee, 0xee, 0xee, 0x92, 0xdb, 0x0, 0x0,
    0x3, 0x9c, 0xef, 0xff, 0xff, 0xf5, 0x1, 0x0,
    0x0, 0x0, 0x0, 0x0, 0x0, 0x0, 0x0, 0x0,

    /* U+5B9E "实" */
    0x0, 0x0, 0x0, 0x0, 0x0, 0x0, 0x0, 0x0,
    0x0, 0x0, 0x0, 0x0, 0x2, 0xcd, 0x0, 0x0,
    0x0, 0x0, 0x0, 0x0, 0x0, 0x0, 0xdf, 0x60,
    0x0, 0x0, 0x0, 0x1c, 0xcc, 0xcc, 0xcc, 0xef,
    0xfc, 0xcc, 0xcc, 0xc7, 0x1f, 0xff, 0xff, 0xff,
    0xff, 0xff, 0xff, 0xff, 0xf9, 0x1f, 0xc0, 0x0,
    0x0, 0x0, 0x0, 0x0, 0x6, 0xf9, 0x1f, 0xc0,
    0x7d, 0x40, 0xc, 0xd0, 0x0, 0x6, 0xf9, 0x8,
    0x60, 0x7f, 0xf8, 0xf, 0xf0, 0x0, 0x3, 0x84,
    0x0, 0x0, 0x2, 0xe8, 0xf, 0xf0, 0x0, 0x0,
    0x0, 0x0, 0x8e, 0x40, 0x10, 0x1f, 0xe0, 0x0,
    0x0, 0x0, 0x0, 0x7f, 0xf9, 0x0, 0x3f, 0xc0,
    0x0, 0x0, 0x0, 0x0, 0x3, 0xeb, 0x0, 0x5f,
    0xa0, 0x0, 0x0, 0x0, 0x1, 0x11, 0x32, 0x11,
    0x9f, 0x71, 0x11, 0x11, 0x10, 0x6f, 0xff, 0xff,
    0xff, 0xff, 0xff, 0xff, 0xff, 0xfe, 0x39, 0x99,
    0x99, 0x9d, 0xfd, 0x99, 0x99, 0x99, 0x98, 0x0,
    0x0, 0x0, 0x4f, 0xf3, 0x8b, 0x50, 0x0, 0x0,
    0x0, 0x0, 0x8, 0xff, 0x70, 0xaf, 0xfe, 0x81,
    0x0, 0x0, 0x39, 0xef, 0xf6, 0x0, 0x1, 0x7e,
    0xff, 0x80, 0xd, 0xff, 0xfa, 0x20, 0x0, 0x0,
    0x0, 0x7e, 0xf9, 0x4, 0xb6, 0x10, 0x0, 0x0,
    0x0, 0x0, 0x1, 0x91,

    /* U+5BB9 "容" */
    0x0, 0x0, 0x0, 0x0, 0x5c, 0x90, 0x0, 0x0,
    0x0, 0x0, 0x0, 0x0, 0x0, 0x3, 0xff, 0x30,
    0x0, 0x0, 0x0, 0xa, 0xff, 0xff, 0xff, 0xff,
    0xff, 0xff, 0xff, 0xff, 0x10, 0xaf, 0xba, 0xaa,
    0xaa, 0xaa, 0xaa, 0xaa, 0xaf, 0xf1, 0xa, 0xf3,
    0x0, 0x73, 0x0, 0x0, 0x52, 0x0, 0xdf, 0x10,
    0x9e, 0x20, 0xbf, 0xb0, 0x0, 0x3f, 0xf6, 0xc,
    0xe1, 0x0, 0x2, 0xcf, 0xb0, 0x7, 0x70, 0x2d,
    0xfa, 0x0, 0x0, 0x7, 0xff, 0xa0, 0x5, 0xff,
    0x20, 0x1b, 0xfc, 0x10, 0x1, 0xdf, 0x60, 0x4,
    0xff, 0xfd, 0x10, 0xa, 0xf3, 0x0, 0x1, 0x10,
    0x6, 0xff, 0x45, 0xfe, 0x40, 0x2, 0x0, 0x0,
    0x0, 0x1a, 0xfe, 0x30, 0x4, 0xff, 0x91, 0x0,
    0x0, 0x0, 0x7f, 0xfc, 0x20, 0x0, 0x3, 0xdf,
    0xf8, 0x10, 0x18, 0xef, 0xff, 0xff, 0xff, 0xff,
    0xff, 0xff, 0xff, 0x71, 0xef, 0x8e, 0xfa, 0xaa,
    0xaa, 0xaa, 0xbf, 0xc8, 0xe2, 0x2, 0x10, 0xef,
    0x0, 0x0, 0x0, 0x3, 0xfb, 0x0, 0x0, 0x0,
    0xe, 0xf0, 0x0, 0x0, 0x0, 0x3f, 0xb0, 0x0,
    0x0, 0x0, 0xef, 0xaa, 0xaa, 0xaa, 0xab, 0xfb,
    0x0, 0x0, 0x0, 0xe, 0xff, 0xff, 0xff, 0xff,
    0xff, 0xb0, 0x0, 0x0, 0x0, 0xef, 0x0, 0x0,
    0x0, 0x4, 0xfb, 0x0, 0x0, 0x0, 0x0, 0x0,
    0x0, 0x0, 0x0, 0x0, 0x0, 0x0,

    /* U+5BBD "宽" */
    0x0, 0x0, 0x0, 0x0, 0x5b, 0x80, 0x0, 0x0,
    0x0, 0x0, 0x0, 0x0, 0x0, 0x0, 0x6f, 0xf2,
    0x0, 0x0, 0x0, 0x0, 0xb, 0xff, 0xff, 0xff,
    0xff, 0xff, 0xff, 0xff, 0xff, 0x70, 0xb, 0xf9,
    0x99, 0xaa, 0x99, 0x99, 0xa9, 0x99, 0xbf, 0x70,
    0xb, 0xf1, 0x0, 0xef, 0x10, 0x7, 0xf8, 0x0,
    0x4f, 0x70, 0x9, 0xec, 0xff, 0xff, 0xff, 0xff,
    0xff, 0xff, 0xce, 0x60, 0x0, 0x6, 0x88, 0xff,
    0x98, 0x8c, 0xfc, 0x88, 0x40, 0x0, 0x0, 0x0,
    0x0, 0xbd, 0x10, 0x5, 0xd6, 0x0, 0x0, 0x0,
    0x0, 0x3, 0x99, 0x99, 0x99, 0x99, 0x99, 0x98,
    0x0, 0x0, 0x0, 0x6, 0xff, 0xff, 0xff, 0xff,
    0xff, 0xff, 0x0, 0x0, 0x0, 0x6, 0xf8, 0x0,
    0x22, 0x10, 0x0, 0xff, 0x0, 0x0, 0x0, 0x6,
    0xf7, 0x0, 0xbf, 0x70, 0x0, 0xff, 0x0, 0x0,
    0x0, 0x6, 0xf7, 0x0, 0xbf, 0x70, 0x0, 0xff,
    0x0, 0x0, 0x0, 0x6, 0xf7, 0x0, 0xcf, 0x94,
    0x0, 0xff, 0x0, 0x0, 0x0, 0x5, 0xc5, 0x3,
    0xff, 0xef, 0x10, 0x99, 0x6, 0x80, 0x0, 0x0,
    0x0, 0x3e, 0xf9, 0xdf, 0x10, 0x0, 0x9, 0xf1,
    0x0, 0x0, 0x3a, 0xff, 0xa0, 0xdf, 0x10, 0x0,
    0xb, 0xf0, 0x4, 0x8d, 0xff, 0xe6, 0x0, 0xbf,
    0xba, 0xaa, 0xbf, 0xb0, 0xc, 0xff, 0xc6, 0x0,
    0x0, 0x4d, 0xff, 0xff, 0xfd, 0x20, 0x2, 0x51,
    0x0, 0x0, 0x0, 0x0, 0x0, 0x0, 0x0, 0x0,

    /* U+5BDF "察" */
    0x0, 0x0, 0x0, 0x0, 0x0, 0x10, 0x0, 0x0,
    0x0, 0x0, 0x0, 0x0, 0x0, 0x0, 0x2f, 0xc0,
    0x0, 0x0, 0x0, 0x0, 0x5, 0x88, 0x88, 0x88,
    0x8f, 0xf9, 0x88, 0x88, 0x88, 0x50, 0xb, 0xff,
    0xff, 0xff, 0xff, 0xff, 0xff, 0xff, 0xff, 0xa0,
    0xb, 0xf1, 0x6, 0x61, 0x1, 0x62, 0x0, 0x0,
    0x4f, 0xa0, 0x8, 0xb0, 0x3f, 0xd3, 0x33, 0xfa,
    0x33, 0x33, 0x6c, 0x70, 0x0, 0x2, 0xef, 0xff,
    0xfe, 0xaf, 0xff, 0xff, 0xfa, 0x0, 0x0, 0x5f,
    0xe4, 0x4, 0xf8, 0x2f, 0xd3, 0x3d, 0xf3, 0x0,
    0xb, 0xfc, 0x2d, 0xce, 0xe0, 0x8, 0xf8, 0x5f,
    0x90, 0x0, 0x7, 0x78, 0x42, 0xff, 0x30, 0x0,
    0xcf, 0xfc, 0x0, 0x0, 0x0, 0xa, 0xfe, 0xfe,
    0xaa, 0xaa, 0xbf, 0xfc, 0x30, 0x0, 0x0, 0x18,
    0xfe, 0x5f, 0xff, 0xff, 0xfb, 0xaf, 0xfc, 0x61,
    0x19, 0xff, 0xb1, 0x0, 0x0, 0x0, 0x0, 0x4,
    0xcf, 0xd0, 0xb, 0xbc, 0xbb, 0xbb, 0xbb, 0xbb,
    0xbb, 0xbb, 0x92, 0x20, 0x0, 0xb, 0xee, 0xee,
    0xef, 0xff, 0xee, 0xee, 0xc0, 0x0, 0x0, 0x0,
    0x6, 0x82, 0xa, 0xf2, 0x5, 0x80, 0x0, 0x0,
    0x0, 0x0, 0x8f, 0xe2, 0xa, 0xf2, 0xc, 0xfe,
    0x40, 0x0, 0x0, 0x4d, 0xfd, 0x20, 0xa, 0xf2,
    0x0, 0x7f, 0xf9, 0x0, 0x8, 0xff, 0x90, 0x8,
    0x8d, 0xf2, 0x0, 0x2, 0xdf, 0x70, 0x0, 0x93,
    0x0, 0xb, 0xff, 0xa0, 0x0, 0x0, 0x7, 0x0,
    0x0, 0x0, 0x0, 0x0, 0x0, 0x0, 0x0, 0x0,
    0x0, 0x0,

    /* U+5BFC "导" */
    0x9, 0xff, 0xff, 0xff, 0xff, 0xff, 0xff, 0xf9,
    0x0, 0x9, 0xfc, 0xaa, 0xaa, 0xaa, 0xaa, 0xab,
    0xf9, 0x0, 0x9, 0xf6, 0x0, 0x0, 0x0, 0x0,
    0x4, 0xf9, 0x0, 0x9, 0xfd, 0xbb, 0xbb, 0xbb,
    0xbb, 0xbc, 0xf9, 0x0, 0x9, 0xff, 0xff, 0xff,
    0xff, 0xff, 0xff, 0xf9, 0x0, 0x8, 0xf7, 0x0,
    0x0, 0x0, 0x0, 0x0, 0x3, 0x93, 0x6, 0xfe,
    0x87, 0x77, 0x77, 0x77, 0x77, 0x8d, 0xf6, 0x0,
    0x8d, 0xff, 0xff, 0xff, 0xff, 0xff, 0xff, 0x90,
    0x0, 0x0, 0x0, 0x0, 0x0, 0x2, 0x64, 0x0,
    0x0, 0x0, 0x0, 0x0, 0x0, 0x0, 0x3, 0xfb,
    0x0, 0x0, 0xbf, 0xff, 0xff, 0xff, 0xff, 0xff,
    0xff, 0xff, 0xff, 0x9c, 0xcd, 0xfc, 0xcc, 0xcc,
    0xcd, 0xff, 0xcc, 0xcc, 0x0, 0xc, 0xf6, 0x0,
    0x0, 0x3, 0xfb, 0x0, 0x0, 0x0, 0x3, 0xff,
    0x70, 0x0, 0x3, 0xfb, 0x0, 0x0, 0x0, 0x0,
    0x3f, 0xf5, 0x0, 0x3, 0xfb, 0x0, 0x0, 0x0,
    0x0, 0x5, 0xf5, 0x0, 0x3, 0xfb, 0x0, 0x0,
    0x0, 0x0, 0x0, 0x30, 0x9a, 0xac, 0xfa, 0x0,
    0x0, 0x0, 0x0, 0x0, 0x0, 0x9f, 0xff, 0xc3,
    0x0, 0x0, 0x0, 0x0, 0x0, 0x0, 0x0, 0x0,
    0x0, 0x0, 0x0,

    /* U+5BFF "寿" */
    0x0, 0x0, 0x0, 0x0, 0x5a, 0x40, 0x0, 0x0,
    0x0, 0x0, 0x1, 0x11, 0x11, 0x1a, 0xf6, 0x11,
    0x11, 0x11, 0x10, 0x0, 0xdf, 0xff, 0xff, 0xff,
    0xff, 0xff, 0xff, 0xfe, 0x0, 0x7, 0x88, 0x88,
    0x8f, 0xf8, 0x88, 0x88, 0x88, 0x70, 0x0, 0x8,
    0x88, 0x89, 0xfe, 0x88, 0x88, 0x88, 0x81, 0x0,
    0x0, 0xff, 0xff, 0xff, 0xff, 0xff, 0xff, 0xff,
    0x20, 0x0, 0x0, 0x0, 0xc, 0xf4, 0x0, 0x0,
    0x0, 0x0, 0x0, 0x0, 0x0, 0x2, 0xff, 0x10,
    0x0, 0x0, 0x0, 0x0, 0xf, 0xff, 0xff, 0xff,
    0xff, 0xff, 0xff, 0xff, 0xff, 0xf0, 0x99, 0x99,
    0xaf, 0xfa, 0x99, 0x99, 0xbd, 0xb9, 0x99, 0x0,
    0x0, 0x7, 0xfb, 0x0, 0x0, 0x7, 0xf7, 0x0,
    0x0, 0x0, 0x2, 0xff, 0xdb, 0xbb, 0xbb, 0xdf,
    0xdb, 0xb6, 0x0, 0x0, 0xcf, 0xdf, 0xff, 0xff,
    0xff, 0xff, 0xff, 0x70, 0x0, 0xbf, 0xd0, 0x50,
    0x0, 0x0, 0x7f, 0x70, 0x0, 0x2, 0xdf, 0xe2,
    0x6f, 0xc0, 0x0, 0x7, 0xf7, 0x0, 0x1, 0xef,
    0xe2, 0x0, 0xcf, 0xa0, 0x0, 0x7f, 0x70, 0x0,
    0x3, 0xb1, 0x0, 0x1, 0xef, 0x20, 0x7, 0xf7,
    0x0, 0x0, 0x0, 0x0, 0x0, 0x4, 0x32, 0xcc,
    0xef, 0x60, 0x0, 0x0, 0x0, 0x0, 0x0, 0x0,
    0xd, 0xff, 0xb1, 0x0, 0x0, 0x0, 0x0, 0x0,
    0x0, 0x0, 0x0, 0x0, 0x0, 0x0,

    /* U+5C01 "封" */
    0x0, 0x0, 0x1, 0x10, 0x0, 0x0, 0x0, 0x0,
    0x0, 0x0, 0x0, 0x0, 0x2f, 0xb0, 0x0, 0x0,
    0x0, 0x0, 0xb8, 0x0, 0x0, 0x0, 0x2f, 0xb0,
    0x0, 0x0, 0x0, 0x1, 0xfc, 0x0, 0x3, 0xaa,
    0xbf, 0xea, 0xa8, 0x0, 0x0, 0x1, 0xfc, 0x0,
    0x4, 0xff, 0xff, 0xff, 0xfd, 0x0, 0x0, 0x1,
    0xfc, 0x0, 0x0, 0x11, 0x3f, 0xb1, 0x10, 0x17,
    0x77, 0x77, 0xfe, 0x74, 0x0, 0x0, 0x2f, 0xb0,
    0x0, 0x3f, 0xff, 0xff, 0xff, 0xfa, 0x1, 0x11,
    0x3f, 0xb1, 0x11, 0x2b, 0xbb, 0xbb, 0xff, 0xb7,
    0xe, 0xff, 0xff, 0xff, 0xff, 0x30, 0x0, 0x1,
    0xfc, 0x0, 0x9, 0xaa, 0xac, 0xba, 0xaa, 0x22,
    0x70, 0x1, 0xfc, 0x0, 0x0, 0x0, 0x2f, 0xb0,
    0x0, 0x6, 0xf7, 0x1, 0xfc, 0x0, 0x0, 0x0,
    0x2f, 0xb0, 0x0, 0x0, 0xee, 0x1, 0xfc, 0x0,
    0x7, 0xff, 0xff, 0xff, 0xff, 0x0, 0x8f, 0x61,
    0xfc, 0x0, 0x4, 0xaa, 0xbf, 0xea, 0xaa, 0x0,
    0x2f, 0xa1, 0xfc, 0x0, 0x0, 0x0, 0x2f, 0xb0,
    0x0, 0x0, 0x2, 0x1, 0xfc, 0x0, 0x0, 0x0,
    0x2f, 0xb0, 0x2, 0x20, 0x0, 0x1, 0xfc, 0x0,
    0x0, 0x13, 0x7f, 0xed, 0xff, 0x80, 0x0, 0x1,
    0xfc, 0x0, 0xe, 0xff, 0xff, 0xff, 0xda, 0x40,
    0x0, 0x1, 0xfc, 0x0, 0xf, 0xfc, 0x96, 0x30,
    0x0, 0x0, 0xc, 0xdd, 0xfb, 0x0, 0x2, 0x0,
    0x0, 0x0, 0x0, 0x0, 0xa, 0xfe, 0xb2, 0x0,

    /* U+5C0F "小" */
    0x0, 0x0, 0x0, 0x0, 0x3, 0x30, 0x0, 0x0,
    0x0, 0x0, 0x0, 0x0, 0x0, 0x0, 0xf, 0xf1,
    0x0, 0x0, 0x0, 0x0, 0x0, 0x0, 0x0, 0x0,
    0xf, 0xf1, 0x0, 0x0, 0x0, 0x0, 0x0, 0x0,
    0x0, 0x0, 0xf, 0xf1, 0x0, 0x0, 0x0, 0x0,
    0x0, 0x0, 0x0, 0x0, 0xf, 0xf1, 0x0, 0x0,
    0x0, 0x0, 0x0, 0x2, 0x74, 0x0, 0xf, 0xf1,
    0x0, 0x49, 0x0, 0x0, 0x0, 0x6, 0xfc, 0x0,
    0xf, 0xf1, 0x0, 0xdf, 0x60, 0x0, 0x0, 0xa,
    0xf8, 0x0, 0xf, 0xf1, 0x0, 0x4f, 0xe0, 0x0,
    0x0, 0xe, 0xf3, 0x0, 0xf, 0xf1, 0x0, 0xc,
    0xf7, 0x0, 0x0, 0x4f, 0xe0, 0x0, 0xf, 0xf1,
    0x0, 0x5, 0xfe, 0x0, 0x0, 0xaf, 0x90, 0x0,
    0xf, 0xf1, 0x0, 0x0, 0xef, 0x50, 0x2, 0xff,
    0x20, 0x0, 0xf, 0xf1, 0x0, 0x0, 0x8f, 0xc0,
    0xa, 0xfb, 0x0, 0x0, 0xf, 0xf1, 0x0, 0x0,
    0x2f, 0xf2, 0x2f, 0xf2, 0x0, 0x0, 0xf, 0xf1,
    0x0, 0x0, 0xd, 0xf7, 0x1, 0x50, 0x0, 0x0,
    0xf, 0xf1, 0x0, 0x0, 0x8, 0x92, 0x0, 0x0,
    0x0, 0x0, 0xf, 0xf1, 0x0, 0x0, 0x0, 0x0,
    0x0, 0x0, 0x0, 0x0, 0xf, 0xf1, 0x0, 0x0,
    0x0, 0x0, 0x0, 0x0, 0x8, 0xee, 0xef, 0xf0,
    0x0, 0x0, 0x0, 0x0, 0x0, 0x0, 0x3, 0xff,
    0xfd, 0x50, 0x0, 0x0, 0x0, 0x0, 0x0, 0x0,
    0x0, 0x0, 0x0, 0x0, 0x0, 0x0, 0x0, 0x0,

    /* U+5C1A "尚" */
    0x1, 0x0, 0x0, 0x1c, 0xa0, 0x0, 0x1, 0x10,
    0x7f, 0x60, 0x0, 0x1f, 0xd0, 0x0, 0xa, 0xf6,
    0x2f, 0xf2, 0x0, 0x1f, 0xd0, 0x0, 0x3f, 0xd0,
    0x7, 0xfc, 0x0, 0x1f, 0xd0, 0x0, 0xcf, 0x40,
    0x0, 0xdf, 0x30, 0x1f, 0xd0, 0x7, 0xf9, 0x0,
    0x0, 0x32, 0x0, 0x1f, 0xd0, 0x1, 0x60, 0x0,
    0xdf, 0xff, 0xff, 0xff, 0xff, 0xff, 0xff, 0xfa,
    0xdf, 0xcc, 0xcc, 0xcc, 0xcc, 0xcc, 0xcd, 0xfa,
    0xdf, 0x10, 0x0, 0x0, 0x0, 0x0, 0x3, 0xfa,
    0xdf, 0x10, 0x7a, 0x99, 0x99, 0x96, 0x3, 0xfa,
    0xdf, 0x10, 0xdf, 0xff, 0xff, 0xfa, 0x3, 0xfa,
    0xdf, 0x10, 0xde, 0x0, 0x1, 0xfa, 0x3, 0xfa,
    0xdf, 0x10, 0xde, 0x0, 0x1, 0xfa, 0x3, 0xfa,
    0xdf, 0x10, 0xdf, 0x88, 0x89, 0xfa, 0x3, 0xfa,
    0xdf, 0x10, 0xdf, 0xff, 0xff, 0xfa, 0x3, 0xfa,
    0xdf, 0x10, 0xdf, 0x11, 0x11, 0x10, 0x3, 0xfa,
    0xdf, 0x10, 0x44, 0x0, 0x0, 0x0, 0x3, 0xfa,
    0xdf, 0x10, 0x0, 0x0, 0x0, 0xc, 0xde, 0xf9,
    0xdf, 0x10, 0x0, 0x0, 0x0, 0x8, 0xee, 0xa2,

    /* U+5C40 "局" */
    0x0, 0xf, 0xff, 0xff, 0xff, 0xff, 0xff, 0xff,
    0xe0, 0x0, 0x1, 0xff, 0xaa, 0xaa, 0xaa, 0xaa,
    0xaa, 0xff, 0x0, 0x0, 0x1f, 0xd0, 0x0, 0x0,
    0x0, 0x0, 0xe, 0xf0, 0x0, 0x1, 0xfd, 0x0,
    0x0, 0x0, 0x0, 0x0, 0xef, 0x0, 0x0, 0x1f,
    0xff, 0xff, 0xff, 0xff, 0xff, 0xff, 0xf0, 0x0,
    0x1, 0xfe, 0x88, 0x88, 0x88, 0x88, 0x88, 0x88,
    0x0, 0x0, 0x1f, 0xc0, 0x0, 0x0, 0x0, 0x0,
    0x0, 0x0, 0x0, 0x2, 0xff, 0xff, 0xff, 0xff,
    0xff, 0xff, 0xff, 0xf5, 0x0, 0x3f, 0xeb, 0xbb,
    0xbb, 0xbb, 0xbb, 0xbb, 0xef, 0x50, 0x4, 0xf9,
    0x0, 0x0, 0x0, 0x0, 0x0, 0x9, 0xf5, 0x0,
    0x6f, 0x60, 0xdf, 0xff, 0xff, 0xfd, 0x0, 0xaf,
    0x40, 0x9, 0xf4, 0xe, 0xf9, 0x99, 0x9f, 0xd0,
    0xa, 0xf3, 0x0, 0xdf, 0x0, 0xed, 0x0, 0x0,
    0xed, 0x0, 0xbf, 0x20, 0x2f, 0xc0, 0xe, 0xd0,
    0x0, 0xe, 0xd0, 0xd, 0xf1, 0x8, 0xf7, 0x0,
    0xef, 0xff, 0xff, 0xfd, 0x0, 0xff, 0x1, 0xff,
    0x10, 0xe, 0xe7, 0x77, 0x77, 0x60, 0x2f, 0xd0,
    0x2d, 0x80, 0x0, 0x99, 0x0, 0x0, 0x1c, 0xce,
    0xf9, 0x0, 0x0, 0x0, 0x0, 0x0, 0x0, 0x0,
    0xcf, 0xfb, 0x10,

    /* U+5C71 "山" */
    0x0, 0x0, 0x0, 0xd, 0xc0, 0x0, 0x0, 0x0,
    0x0, 0x0, 0x0, 0x0, 0xff, 0x0, 0x0, 0x0,
    0x0, 0x0, 0x0, 0x0, 0xf, 0xf0, 0x0, 0x0,
    0x0, 0x0, 0x0, 0x0, 0x0, 0xff, 0x0, 0x0,
    0x0, 0x0, 0xbc, 0x0, 0x0, 0xf, 0xf0, 0x0,
    0x0, 0xcd, 0xf, 0xf0, 0x0, 0x0, 0xff, 0x0,
    0x0, 0xf, 0xf0, 0xff, 0x0, 0x0, 0xf, 0xf0,
    0x0, 0x0, 0xff, 0xf, 0xf0, 0x0, 0x0, 0xff,
    0x0, 0x0, 0xf, 0xf0, 0xff, 0x0, 0x0, 0xf,
    0xf0, 0x0, 0x0, 0xff, 0xf, 0xf0, 0x0, 0x0,
    0xff, 0x0, 0x0, 0xf, 0xf0, 0xff, 0x0, 0x0,
    0xf, 0xf0, 0x0, 0x0, 0xff, 0xf, 0xf0, 0x0,
    0x0, 0xff, 0x0, 0x0, 0xf, 0xf0, 0xff, 0x0,
    0x0, 0xf, 0xf0, 0x0, 0x0, 0xff, 0xf, 0xf0,
    0x0, 0x0, 0xff, 0x0, 0x0, 0xf, 0xf0, 0xff,
    0x0, 0x0, 0xf, 0xf0, 0x0, 0x0, 0xff, 0xf,
    0xfe, 0xee, 0xee, 0xff, 0xee, 0xee, 0xef, 0xf0,
    0xff, 0xff, 0xff, 0xff, 0xff, 0xff, 0xff, 0xff,
    0x0, 0x0, 0x0, 0x0, 0x0, 0x0, 0x0, 0xf,
    0xf0, 0x0, 0x0, 0x0, 0x0, 0x0, 0x0, 0x0,
    0xff, 0x0,

    /* U+5DF2 "已" */
    0xd, 0xdd, 0xdd, 0xdd, 0xdd, 0xdd, 0xdd, 0xdc,
    0x0, 0x0, 0xff, 0xff, 0xff, 0xff, 0xff, 0xff,
    0xff, 0xf0, 0x0, 0x0, 0x0, 0x0, 0x0, 0x0,
    0x0, 0x1, 0xff, 0x0, 0x0, 0x0, 0x0, 0x0,
    0x0, 0x0, 0x0, 0xf, 0xf0, 0x0, 0x1, 0xfd,
    0x0, 0x0, 0x0, 0x0, 0x0, 0xff, 0x0, 0x0,
    0x1f, 0xd0, 0x0, 0x0, 0x0, 0x0, 0xf, 0xf0,
    0x0, 0x1, 0xfd, 0x0, 0x0, 0x0, 0x0, 0x0,
    0xff, 0x0, 0x0, 0x1f, 0xff, 0xff, 0xff, 0xff,
    0xff, 0xff, 0xf0, 0x0, 0x1, 0xff, 0xee, 0xee,
    0xee, 0xee, 0xee, 0xff, 0x0, 0x0, 0x1f, 0xd0,
    0x0, 0x0, 0x0, 0x0, 0xd, 0xc0, 0x0, 0x1,
    0xfd, 0x0, 0x0, 0x0, 0x0, 0x0, 0x0, 0x0,
    0x0, 0x1f, 0xd0, 0x0, 0x0, 0x0, 0x0, 0x0,
    0x0, 0x0, 0x1, 0xfd, 0x0, 0x0, 0x0, 0x0,
    0x0, 0x0, 0x7b, 0x30, 0x1f, 0xd0, 0x0, 0x0,
    0x0, 0x0, 0x0, 0x9, 0xf6, 0x1, 0xfd, 0x0,
    0x0, 0x0, 0x0, 0x0, 0x0, 0xcf, 0x40, 0xf,
    0xf2, 0x0, 0x0, 0x0, 0x0, 0x0, 0x5f, 0xf0,
    0x0, 0xaf, 0xfe, 0xee, 0xee, 0xee, 0xee, 0xff,
    0xf9, 0x0, 0x1, 0x9d, 0xff, 0xff, 0xff, 0xff,
    0xff, 0xd8, 0x0,

    /* U+5E03 "布" */
    0x0, 0x0, 0x0, 0x5, 0xc6, 0x0, 0x0, 0x0,
    0x0, 0x0, 0x0, 0x0, 0x0, 0xaf, 0x60, 0x0,
    0x0, 0x0, 0x0, 0x0, 0x0, 0x0, 0xf, 0xf1,
    0x0, 0x0, 0x0, 0x0, 0x0, 0xcf, 0xff, 0xff,
    0xff, 0xff, 0xff, 0xff, 0xff, 0xfe, 0xb, 0xee,
    0xee, 0xff, 0xee, 0xee, 0xee, 0xee, 0xee, 0xc0,
    0x0, 0x0, 0x6f, 0xc0, 0x3, 0x30, 0x0, 0x0,
    0x0, 0x0, 0x0, 0xe, 0xf4, 0x0, 0xff, 0x0,
    0x0, 0x0, 0x0, 0x0, 0x9, 0xfa, 0x0, 0xf,
    0xf0, 0x0, 0x0, 0x0, 0x0, 0x6, 0xff, 0xcb,
    0xbb, 0xff, 0xbb, 0xbb, 0xca, 0x0, 0x4, 0xff,
    0xff, 0xff, 0xff, 0xff, 0xff, 0xff, 0xd0, 0x5,
    0xff, 0xef, 0x40, 0x0, 0xff, 0x0, 0x1, 0xfd,
    0x3, 0xff, 0x7a, 0xf4, 0x0, 0xf, 0xf0, 0x0,
    0x1f, 0xd0, 0xa, 0x50, 0xaf, 0x40, 0x0, 0xff,
    0x0, 0x1, 0xfd, 0x0, 0x0, 0xa, 0xf4, 0x0,
    0xf, 0xf0, 0x0, 0x1f, 0xd0, 0x0, 0x0, 0xaf,
    0x40, 0x0, 0xff, 0x0, 0x1, 0xfd, 0x0, 0x0,
    0xa, 0xf4, 0x0, 0xf, 0xf0, 0xcf, 0xff, 0xb0,
    0x0, 0x0, 0x8d, 0x30, 0x0, 0xff, 0x5, 0xba,
    0x81, 0x0, 0x0, 0x0, 0x0, 0x0, 0xf, 0xf0,
    0x0, 0x0, 0x0, 0x0, 0x0, 0x0, 0x0, 0x0,
    0xff, 0x0, 0x0, 0x0, 0x0,

    /* U+5E16 "帖" */
    0x0, 0x1c, 0x80, 0x0, 0x0, 0x4, 0xc5, 0x0,
    0x0, 0x0, 0x1, 0xfb, 0x0, 0x0, 0x0, 0x6f,
    0x70, 0x0, 0x0, 0x0, 0x1f, 0xb0, 0x0, 0x0,
    0x6, 0xf7, 0x0, 0x0, 0x0, 0x2, 0xfb, 0x1,
    0x0, 0x0, 0x6f, 0x83, 0x33, 0x30, 0xef, 0xff,
    0xff, 0xf9, 0x0, 0x6, 0xff, 0xff, 0xff, 0x3e,
    0xda, 0xfe, 0xaf, 0x90, 0x0, 0x6f, 0xc8, 0x88,
    0x81, 0xe8, 0x1f, 0xb0, 0xe9, 0x0, 0x6, 0xf7,
    0x0, 0x0, 0xe, 0x81, 0xfb, 0xe, 0x90, 0x0,
    0x6f, 0x70, 0x0, 0x0, 0xe8, 0x1f, 0xb0, 0xe9,
    0x2, 0x27, 0xf8, 0x22, 0x20, 0xe, 0x81, 0xfb,
    0xe, 0x92, 0xff, 0xff, 0xff, 0xff, 0x0, 0xe8,
    0x1f, 0xb0, 0xe9, 0x2f, 0xd9, 0x99, 0x9e, 0xf0,
    0xe, 0x81, 0xfb, 0xe, 0x92, 0xf9, 0x0, 0x0,
    0xcf, 0x0, 0xe8, 0x1f, 0xb1, 0xe9, 0x2f, 0x90,
    0x0, 0xc, 0xf0, 0xe, 0x81, 0xfb, 0xcf, 0x72,
    0xf9, 0x0, 0x0, 0xcf, 0x0, 0x85, 0x1f, 0xb5,
    0x70, 0x2f, 0x90, 0x0, 0xc, 0xf0, 0x0, 0x1,
    0xfb, 0x0, 0x2, 0xf9, 0x0, 0x0, 0xcf, 0x0,
    0x0, 0x1f, 0xb0, 0x0, 0x2f, 0xff, 0xff, 0xff,
    0xf0, 0x0, 0x1, 0xfb, 0x0, 0x2, 0xfd, 0xaa,
    0xaa, 0xef, 0x0, 0x0, 0x1f, 0xb0, 0x0, 0x2e,
    0x80, 0x0, 0xa, 0xe0, 0x0,

    /* U+5E38 "常" */
    0x0, 0x58, 0x0, 0x1, 0xec, 0x0, 0x5, 0x83,
    0x0, 0x0, 0xcf, 0x60, 0x1, 0xfe, 0x0, 0x1e,
    0xf4, 0x0, 0x0, 0x3f, 0xc0, 0x1, 0xfe, 0x0,
    0x8f, 0x60, 0x0, 0x9f, 0xff, 0xff, 0xff, 0xff,
    0xff, 0xff, 0xff, 0xf1, 0xaf, 0xcb, 0xbb, 0xbb,
    0xbb, 0xbb, 0xbb, 0xbe, 0xf1, 0xaf, 0x30, 0x11,
    0x11, 0x11, 0x11, 0x11, 0xc, 0xf1, 0xaf, 0x3b,
    0xff, 0xff, 0xff, 0xff, 0xff, 0x1c, 0xf1, 0x69,
    0x1b, 0xf6, 0x44, 0x44, 0x44, 0xef, 0x17, 0x91,
    0x0, 0xb, 0xf2, 0x0, 0x0, 0x0, 0xdf, 0x10,
    0x0, 0x0, 0xb, 0xff, 0xff, 0xff, 0xff, 0xff,
    0x10, 0x0, 0x0, 0x4, 0x66, 0x66, 0xff, 0x76,
    0x66, 0x0, 0x0, 0x0, 0x0, 0x0, 0x0, 0xef,
    0x10, 0x0, 0x10, 0x0, 0x5, 0xff, 0xff, 0xff,
    0xff, 0xff, 0xff, 0xff, 0x50, 0x5, 0xfc, 0xaa,
    0xaa, 0xff, 0xaa, 0xaa, 0xff, 0x50, 0x5, 0xf6,
    0x0, 0x0, 0xef, 0x0, 0x0, 0xef, 0x50, 0x5,
    0xf6, 0x0, 0x0, 0xef, 0x0, 0x0, 0xef, 0x50,
    0x5, 0xf6, 0x0, 0x0, 0xef, 0x6, 0xff, 0xff,
    0x40, 0x3, 0x93, 0x0, 0x0, 0xef, 0x2, 0xcb,
    0xa6, 0x0, 0x0, 0x0, 0x0, 0x0, 0xef, 0x0,
    0x0, 0x0, 0x0,

    /* U+5E73 "平" */
    0x0, 0xab, 0xbb, 0xbb, 0xbb, 0xbb, 0xbb, 0xbb,
    0xba, 0x0, 0x0, 0xff, 0xff, 0xff, 0xff, 0xff,
    0xff, 0xff, 0xfe, 0x0, 0x0, 0x22, 0x22, 0x22,
    0x2f, 0xf2, 0x22, 0x22, 0x22, 0x0, 0x0, 0x5,
    0xd5, 0x0, 0xf, 0xf0, 0x0, 0x5e, 0x80, 0x0,
    0x0, 0x2, 0xfc, 0x0, 0xf, 0xf0, 0x0, 0xbf,
    0x60, 0x0, 0x0, 0x0, 0xcf, 0x30, 0xf, 0xf0,
    0x2, 0xfe, 0x0, 0x0, 0x0, 0x0, 0x6f, 0x90,
    0xf, 0xf0, 0x9, 0xf6, 0x0, 0x0, 0x0, 0x0,
    0x1e, 0x80, 0xf, 0xf0, 0xb, 0xd0, 0x0, 0x0,
    0x0, 0x0, 0x0, 0x0, 0xf, 0xf0, 0x0, 0x10,
    0x0, 0x0, 0xf, 0xff, 0xff, 0xff, 0xff, 0xff,
    0xff, 0xff, 0xff, 0xf1, 0xd, 0xdd, 0xdd, 0xdd,
    0xdf, 0xfd, 0xdd, 0xdd, 0xdd, 0xd0, 0x0, 0x0,
    0x0, 0x0, 0xf, 0xf0, 0x0, 0x0, 0x0, 0x0,
    0x0, 0x0, 0x0, 0x0, 0xf, 0xf0, 0x0, 0x0,
    0x0, 0x0, 0x0, 0x0, 0x0, 0x0, 0xf, 0xf0,
    0x0, 0x0, 0x0, 0x0, 0x0, 0x0, 0x0, 0x0,
    0xf, 0xf0, 0x0, 0x0, 0x0, 0x0, 0x0, 0x0,
    0x0, 0x0, 0xf, 0xf0, 0x0, 0x0, 0x0, 0x0,
    0x0, 0x0, 0x0, 0x0, 0xf, 0xf0, 0x0, 0x0,
    0x0, 0x0, 0x0, 0x0, 0x0, 0x0, 0xf, 0xf0,
    0x0, 0x0, 0x0, 0x0,

    /* U+5E76 "并" */
    0x0, 0x2, 0xa8, 0x0, 0x0, 0x0, 0xd, 0x92,
    0x0, 0x0, 0x0, 0x1e, 0xf4, 0x0, 0x0, 0x6,
    0xfe, 0x0, 0x0, 0x0, 0x0, 0x6f, 0xd0, 0x0,
    0x0, 0xcf, 0x70, 0x0, 0x0, 0x0, 0x0, 0xed,
    0x20, 0x0, 0x3f, 0xe0, 0x0, 0x0, 0x1d, 0xdd,
    0xde, 0xdd, 0xdd, 0xde, 0xfe, 0xdd, 0xda, 0x1,
    0xff, 0xff, 0xff, 0xff, 0xff, 0xff, 0xff, 0xff,
    0xc0, 0x0, 0x0, 0x4f, 0xb0, 0x0, 0x1, 0xfe,
    0x0, 0x0, 0x0, 0x0, 0x4, 0xfb, 0x0, 0x0,
    0x1f, 0xe0, 0x0, 0x0, 0x0, 0x0, 0x4f, 0xb0,
    0x0, 0x1, 0xfe, 0x0, 0x0, 0x0, 0x0, 0x4,
    0xfb, 0x0, 0x0, 0x1f, 0xe0, 0x0, 0x0, 0xcf,
    0xff, 0xff, 0xff, 0xff, 0xff, 0xff, 0xff, 0xff,
    0x6a, 0xcc, 0xce, 0xfe, 0xcc, 0xcc, 0xdf, 0xfc,
    0xcc, 0xc5, 0x0, 0x0, 0x8f, 0x80, 0x0, 0x1,
    0xfe, 0x0, 0x0, 0x0, 0x0, 0xd, 0xf5, 0x0,
    0x0, 0x1f, 0xe0, 0x0, 0x0, 0x0, 0x5, 0xff,
    0x0, 0x0, 0x1, 0xfe, 0x0, 0x0, 0x0, 0x1,
    0xef, 0x80, 0x0, 0x0, 0x1f, 0xe0, 0x0, 0x0,
    0x3, 0xef, 0xd0, 0x0, 0x0, 0x1, 0xfe, 0x0,
    0x0, 0x5, 0xff, 0xd1, 0x0, 0x0, 0x0, 0x1f,
    0xe0, 0x0, 0x0, 0xc, 0xa1, 0x0, 0x0, 0x0,
    0x1, 0xfe, 0x0, 0x0, 0x0, 0x0, 0x0, 0x0,
    0x0, 0x0, 0x0, 0x0, 0x0, 0x0,

    /* U+5E8F "序" */
    0x0, 0x0, 0x0, 0x0, 0x4, 0xc8, 0x0, 0x0,
    0x0, 0x0, 0x0, 0x0, 0x0, 0x0, 0x1f, 0xf1,
    0x0, 0x0, 0x0, 0x0, 0x9c, 0xbb, 0xbb, 0xbb,
    0xff, 0xdb, 0xbb, 0xbb, 0xb0, 0xc, 0xff, 0xff,
    0xff, 0xff, 0xff, 0xff, 0xff, 0xff, 0x0, 0xcf,
    0x20, 0x0, 0x0, 0x0, 0x0, 0x0, 0x0, 0x0,
    0xc, 0xf1, 0x29, 0x99, 0x99, 0x99, 0x99, 0xa5,
    0x0, 0x0, 0xcf, 0x13, 0xff, 0xff, 0xff, 0xff,
    0xff, 0xe1, 0x0, 0xc, 0xf1, 0x0, 0x3, 0x10,
    0x0, 0xaf, 0xc1, 0x0, 0x0, 0xcf, 0x10, 0x3,
    0xff, 0x95, 0xdf, 0x90, 0x0, 0x0, 0xc, 0xf0,
    0x0, 0x1, 0x8f, 0xff, 0x70, 0x0, 0x0, 0x0,
    0xdf, 0xb, 0xbb, 0xbb, 0xcf, 0xff, 0xbb, 0xbb,
    0x60, 0xe, 0xe0, 0xee, 0xee, 0xef, 0xff, 0xee,
    0xef, 0xf7, 0x0, 0xfd, 0x0, 0x0, 0x0, 0x2f,
    0xb0, 0x2, 0xfd, 0x0, 0x2f, 0xb0, 0x0, 0x0,
    0x2, 0xfb, 0x0, 0xcf, 0x30, 0x5, 0xf8, 0x0,
    0x0, 0x0, 0x2f, 0xb0, 0x2c, 0x70, 0x0, 0x8f,
    0x50, 0x0, 0x0, 0x2, 0xfb, 0x0, 0x0, 0x0,
    0xd, 0xf1, 0x0, 0x0, 0x0, 0x2f, 0xb0, 0x0,
    0x0, 0x4, 0xfb, 0x0, 0x0, 0x9b, 0xbc, 0xfa,
    0x0, 0x0, 0x0, 0x1a, 0x50, 0x0, 0x6, 0xff,
    0xfc, 0x30, 0x0, 0x0, 0x0, 0x0, 0x0, 0x0,
    0x0, 0x0, 0x0, 0x0, 0x0, 0x0,

    /* U+5EA6 "度" */
    0x0, 0x0, 0x0, 0x0, 0x9, 0xe4, 0x0, 0x0,
    0x0, 0x0, 0x0, 0x0, 0x0, 0x0, 0x8, 0xfc,
    0x0, 0x0, 0x0, 0x0, 0x0, 0xcf, 0xff, 0xff,
    0xff, 0xff, 0xff, 0xff, 0xff, 0xd0, 0x0, 0xcf,
    0xcc, 0xcc, 0xcc, 0xcc, 0xcc, 0xcc, 0xcc, 0x90,
    0x0, 0xcf, 0x10, 0x6, 0x90, 0x0, 0x1, 0x97,
    0x0, 0x0, 0x0, 0xcf, 0x10, 0xb, 0xf2, 0x0,
    0x2, 0xfc, 0x0, 0x0, 0x0, 0xcf, 0xcf, 0xff,
    0xff, 0xff, 0xff, 0xff, 0xff, 0xd0, 0x0, 0xcf,
    0x67, 0x7d, 0xf8, 0x77, 0x78, 0xfd, 0x77, 0x60,
    0x0, 0xdf, 0x0, 0xb, 0xf1, 0x0, 0x2, 0xfb,
    0x0, 0x0, 0x0, 0xdf, 0x0, 0xb, 0xfd, 0xdd,
    0xdd, 0xfb, 0x0, 0x0, 0x0, 0xef, 0x0, 0x6,
    0x88, 0x88, 0x88, 0x86, 0x0, 0x0, 0x0, 0xfe,
    0x7, 0x77, 0x77, 0x77, 0x77, 0x77, 0x71, 0x0,
    0x1, 0xfc, 0x1f, 0xff, 0xff, 0xff, 0xff, 0xff,
    0xf5, 0x0, 0x3, 0xfa, 0x0, 0x5f, 0xc1, 0x0,
    0x1, 0xbf, 0x90, 0x0, 0x7, 0xf7, 0x0, 0x8,
    0xfd, 0x40, 0x4d, 0xf9, 0x0, 0x0, 0xb, 0xf4,
    0x0, 0x0, 0x5f, 0xfe, 0xfe, 0x50, 0x0, 0x0,
    0x1f, 0xf1, 0x35, 0x7a, 0xdf, 0xff, 0xff, 0xc9,
    0x63, 0x10, 0x5f, 0xa0, 0xef, 0xff, 0xc8, 0x30,
    0x5a, 0xef, 0xff, 0xc0, 0x3, 0x20, 0x44, 0x20,
    0x0, 0x0, 0x0, 0x2, 0x57, 0x30,

    /* U+5EB7 "康" */
    0x0, 0x0, 0x0, 0x0, 0x0, 0x0, 0x0, 0x0,
    0x0, 0x0, 0x0, 0x0, 0x0, 0x0, 0x8, 0xe6,
    0x0, 0x0, 0x0, 0x0, 0x0, 0x24, 0x33, 0x33,
    0x37, 0xfe, 0x33, 0x33, 0x33, 0x30, 0x0, 0xbf,
    0xff, 0xff, 0xff, 0xff, 0xff, 0xff, 0xff, 0xe0,
    0x0, 0xbf, 0x87, 0x77, 0x77, 0xef, 0x87, 0x77,
    0x77, 0x60, 0x0, 0xbf, 0x12, 0x33, 0x33, 0xef,
    0x43, 0x33, 0x31, 0x0, 0x0, 0xbf, 0x1b, 0xff,
    0xff, 0xff, 0xff, 0xff, 0xf5, 0x0, 0x0, 0xbf,
    0x11, 0x22, 0x22, 0xef, 0x32, 0x28, 0xf5, 0x0,
    0x0, 0xbf, 0x57, 0x77, 0x77, 0xef, 0x87, 0x7b,
    0xfc, 0x92, 0x0, 0xbf, 0x9e, 0xee, 0xee, 0xff,
    0xee, 0xef, 0xff, 0xf4, 0x0, 0xbf, 0x0, 0x0,
    0x0, 0xdf, 0x10, 0x7, 0xf5, 0x0, 0x0, 0xcf,
    0xe, 0xff, 0xff, 0xff, 0xff, 0xff, 0xf5, 0x0,
    0x0, 0xde, 0xa, 0x85, 0x55, 0xef, 0x75, 0x55,
    0x82, 0x0, 0x0, 0xfd, 0x1e, 0xf7, 0x0, 0xdf,
    0xa0, 0x7, 0xfc, 0x0, 0x1, 0xfb, 0x1, 0xbf,
    0x62, 0xef, 0xf9, 0xcf, 0xc2, 0x0, 0x4, 0xf8,
    0x0, 0xb, 0xbf, 0xff, 0xbf, 0xf7, 0x0, 0x0,
    0x8, 0xf5, 0x18, 0xef, 0xe7, 0xef, 0x1a, 0xfe,
    0x60, 0x0, 0xd, 0xf2, 0xff, 0xd6, 0x0, 0xdf,
    0x10, 0x6f, 0xfe, 0xa1, 0x3f, 0xb0, 0x85, 0x7,
    0x88, 0xff, 0x0, 0x1, 0x8e, 0x90, 0x8, 0x40,
    0x0, 0x9, 0xff, 0xe8, 0x0, 0x0, 0x0, 0x0,
    0x0, 0x0, 0x0, 0x0, 0x0, 0x0, 0x0, 0x0,
    0x0, 0x0,

    /* U+5EF6 "延" */
    0x0, 0x0, 0x0, 0x0, 0x0, 0x0, 0x0, 0x4,
    0x8a, 0x0, 0x1b, 0xbb, 0xbd, 0x50, 0x13, 0x58,
    0xad, 0xff, 0xff, 0x80, 0x1f, 0xff, 0xff, 0x63,
    0xff, 0xff, 0xff, 0xf8, 0x51, 0x0, 0x0, 0x0,
    0xde, 0x0, 0x86, 0x52, 0xf, 0xe0, 0x0, 0x0,
    0x0, 0x6, 0xf7, 0x0, 0x0, 0x0, 0xf, 0xe0,
    0x0, 0x0, 0x0, 0xe, 0xe0, 0x0, 0x12, 0x0,
    0xf, 0xe0, 0x0, 0x0, 0x0, 0x9f, 0x50, 0x0,
    0xaf, 0x20, 0xf, 0xf6, 0x66, 0x60, 0x6, 0xff,
    0xff, 0xe1, 0xaf, 0x20, 0xf, 0xff, 0xff, 0xf0,
    0x9, 0xcb, 0xbe, 0xf0, 0xaf, 0x20, 0xf, 0xe3,
    0x33, 0x30, 0x0, 0x0, 0xc, 0xd0, 0xaf, 0x20,
    0xf, 0xe0, 0x0, 0x0, 0x4, 0xb0, 0xf, 0xb0,
    0xaf, 0x20, 0xf, 0xe0, 0x0, 0x0, 0x6, 0xf4,
    0x3f, 0x70, 0xaf, 0x20, 0xf, 0xe0, 0x0, 0x0,
    0x1, 0xfb, 0x8f, 0x30, 0xaf, 0x20, 0xf, 0xe0,
    0x0, 0x0, 0x0, 0x9f, 0xfe, 0x0, 0xaf, 0xff,
    0xff, 0xff, 0xff, 0xf3, 0x0, 0x1f, 0xf9, 0x0,
    0x7b, 0xbb, 0xbb, 0xbb, 0xbb, 0xb2, 0x0, 0xd,
    0xfe, 0x40, 0x0, 0x0, 0x0, 0x0, 0x0, 0x0,
    0x0, 0x8f, 0xdf, 0xfc, 0x62, 0x0, 0x0, 0x0,
    0x0, 0x0, 0x7, 0xfe, 0x13, 0xcf, 0xff, 0xfd,
    0xdc, 0xcc, 0xcd, 0xd4, 0x2e, 0xf3, 0x0, 0x3,
    0x7b, 0xdf, 0xff, 0xff, 0xff, 0xf0, 0x2, 0x30,
    0x0, 0x0, 0x0, 0x0, 0x0, 0x0, 0x0, 0x0,

    /* U+5EFA "建" */
    0x0, 0x0, 0x0, 0x0, 0x0, 0x9, 0xe1, 0x0,
    0x0, 0x0, 0xa, 0xbb, 0xbd, 0x51, 0x44, 0x4c,
    0xf5, 0x44, 0x42, 0x0, 0xe, 0xff, 0xff, 0x74,
    0xff, 0xff, 0xff, 0xff, 0xfa, 0x0, 0x0, 0x0,
    0xee, 0x0, 0x33, 0x3c, 0xf4, 0x34, 0xfa, 0x0,
    0x0, 0x7, 0xf7, 0x48, 0x88, 0x8d, 0xf8, 0x88,
    0xfd, 0x70, 0x0, 0xe, 0xe0, 0x7f, 0xff, 0xff,
    0xff, 0xff, 0xff, 0xd0, 0x0, 0x9f, 0x50, 0x0,
    0x0, 0xb, 0xf1, 0x1, 0xfa, 0x0, 0x6, 0xff,
    0xff, 0x95, 0xcc, 0xcf, 0xfc, 0xcc, 0xfa, 0x0,
    0xa, 0xdb, 0xcf, 0x94, 0xbb, 0xbe, 0xfb, 0xbb,
    0xb6, 0x0, 0x1, 0x0, 0x4f, 0x60, 0x0, 0xb,
    0xf1, 0x0, 0x0, 0x0, 0x6, 0x90, 0x7f, 0x49,
    0xff, 0xff, 0xff, 0xff, 0xfe, 0x0, 0x7, 0xf1,
    0xbf, 0x13, 0x55, 0x5d, 0xf6, 0x55, 0x55, 0x0,
    0x2, 0xf8, 0xfd, 0x15, 0x55, 0x5c, 0xf5, 0x55,
    0x55, 0x30, 0x0, 0xbf, 0xf8, 0x6f, 0xff, 0xff,
    0xff, 0xff, 0xff, 0x90, 0x0, 0x3f, 0xf3, 0x12,
    0x22, 0x2c, 0xf3, 0x22, 0x22, 0x10, 0x0, 0x3f,
    0xfb, 0x10, 0x0, 0x9, 0xd1, 0x0, 0x0, 0x0,
    0x0, 0xcf, 0xbf, 0xe8, 0x20, 0x0, 0x0, 0x0,
    0x0, 0x0, 0xa, 0xfa, 0x6, 0xef, 0xff, 0xdb,
    0xbb, 0xbb, 0xbb, 0xb0, 0x2e, 0xc0, 0x0, 0x5,
    0x9c, 0xef, 0xff, 0xff, 0xff, 0xa0, 0x2, 0x10,
    0x0, 0x0, 0x0, 0x0, 0x0, 0x0, 0x0, 0x0,

    /* U+5F02 "异" */
    0x0, 0x7f, 0xff, 0xff, 0xff, 0xff, 0xff, 0xff,
    0x90, 0x0, 0x0, 0x7f, 0xca, 0xaa, 0xaa, 0xaa,
    0xaa, 0xbf, 0xa0, 0x0, 0x0, 0x7f, 0x60, 0x0,
    0x0, 0x0, 0x0, 0x3f, 0xa0, 0x0, 0x0, 0x7f,
    0xb8, 0x88, 0x88, 0x88, 0x88, 0xaf, 0xa0, 0x0,
    0x0, 0x7f, 0xff, 0xff, 0xff, 0xff, 0xff, 0xff,
    0xa0, 0x0, 0x0, 0x7f, 0x70, 0x0, 0x0, 0x0,
    0x0, 0x0, 0x28, 0x20, 0x0, 0x7f, 0x90, 0x0,
    0x0, 0x0, 0x0, 0x0, 0x7f, 0x90, 0x0, 0x2f,
    0xff, 0xff, 0xff, 0xff, 0xff, 0xff, 0xff, 0x30,
    0x0, 0x2, 0x8a, 0xbb, 0xbb, 0xbb, 0xbb, 0xba,
    0x93, 0x0, 0x0, 0x0, 0xb, 0x90, 0x0, 0x0,
    0x1a, 0x70, 0x0, 0x0, 0x0, 0x0, 0x1f, 0xd0,
    0x0, 0x0, 0x2f, 0xb0, 0x0, 0x0, 0xa, 0xaa,
    0xbf, 0xfa, 0xaa, 0xaa, 0xbf, 0xea, 0xaa, 0xa0,
    0xf, 0xff, 0xff, 0xff, 0xff, 0xff, 0xff, 0xff,
    0xff, 0xf1, 0x0, 0x0, 0x9f, 0x80, 0x0, 0x0,
    0x3f, 0xb0, 0x0, 0x0, 0x0, 0x3, 0xff, 0x20,
    0x0, 0x0, 0x2f, 0xb0, 0x0, 0x0, 0x0, 0x4f,
    0xf9, 0x0, 0x0, 0x0, 0x2f, 0xb0, 0x0, 0x0,
    0xa, 0xff, 0xa0, 0x0, 0x0, 0x0, 0x2f, 0xb0,
    0x0, 0x0, 0x4, 0xe5, 0x0, 0x0, 0x0, 0x0,
    0x2f, 0xb0, 0x0, 0x0, 0x0, 0x0, 0x0, 0x0,
    0x0, 0x0, 0x0, 0x0, 0x0, 0x0,

    /* U+5F15 "引" */
    0x0, 0x0, 0x0, 0x0, 0x0, 0x0, 0x0, 0x45,
    0x0, 0xdf, 0xff, 0xff, 0xff, 0xe0, 0x0, 0xd,
    0xf1, 0x9, 0xbb, 0xbb, 0xbb, 0xfe, 0x0, 0x0,
    0xdf, 0x10, 0x0, 0x0, 0x0, 0xe, 0xe0, 0x0,
    0xd, 0xf1, 0x0, 0x0, 0x0, 0x0, 0xee, 0x0,
    0x0, 0xdf, 0x10, 0x3b, 0xbb, 0xbb, 0xbf, 0xe0,
    0x0, 0xd, 0xf1, 0x6, 0xff, 0xff, 0xff, 0xfe,
    0x0, 0x0, 0xdf, 0x10, 0x8f, 0x40, 0x0, 0x0,
    0x0, 0x0, 0xd, 0xf1, 0xb, 0xf1, 0x0, 0x0,
    0x0, 0x0, 0x0, 0xdf, 0x10, 0xef, 0x0, 0x0,
    0x0, 0x0, 0x0, 0xd, 0xf1, 0x1f, 0xff, 0xff,
    0xff, 0xff, 0x0, 0x0, 0xdf, 0x13, 0xcc, 0xcc,
    0xcc, 0xcf, 0xf0, 0x0, 0xd, 0xf1, 0x0, 0x0,
    0x0, 0x0, 0xfd, 0x0, 0x0, 0xdf, 0x10, 0x0,
    0x0, 0x0, 0x1f, 0xc0, 0x0, 0xd, 0xf1, 0x0,
    0x0, 0x0, 0x3, 0xfa, 0x0, 0x0, 0xdf, 0x10,
    0x0, 0x0, 0x0, 0x6f, 0x80, 0x0, 0xd, 0xf1,
    0x0, 0x0, 0x0, 0xb, 0xf5, 0x0, 0x0, 0xdf,
    0x10, 0x0, 0xbd, 0xdd, 0xff, 0x0, 0x0, 0xd,
    0xf1, 0x0, 0x8, 0xff, 0xfe, 0x50, 0x0, 0x0,
    0xdf, 0x10, 0x0, 0x0, 0x10, 0x0, 0x0, 0x0,
    0x0, 0x0,

    /* U+5F53 "当" */
    0x0, 0x0, 0x0, 0xf, 0xf0, 0x0, 0x1, 0x0,
    0x5e, 0x70, 0x0, 0xf, 0xf0, 0x0, 0xb, 0xf5,
    0x2f, 0xf2, 0x0, 0xf, 0xf0, 0x0, 0x2f, 0xf1,
    0x7, 0xfb, 0x0, 0xf, 0xf0, 0x0, 0x9f, 0x70,
    0x0, 0xef, 0x30, 0xf, 0xf0, 0x2, 0xfe, 0x0,
    0x0, 0x8d, 0x40, 0xf, 0xf0, 0x8, 0xf5, 0x0,
    0x0, 0x0, 0x0, 0xf, 0xf0, 0x0, 0x20, 0x0,
    0x5f, 0xff, 0xff, 0xff, 0xff, 0xff, 0xff, 0xf5,
    0x5f, 0xff, 0xff, 0xff, 0xff, 0xff, 0xff, 0xf5,
    0x0, 0x0, 0x0, 0x0, 0x0, 0x0, 0xb, 0xf5,
    0x0, 0x0, 0x0, 0x0, 0x0, 0x0, 0xb, 0xf5,
    0x8, 0xcc, 0xcc, 0xcc, 0xcc, 0xcc, 0xce, 0xf5,
    0xb, 0xff, 0xff, 0xff, 0xff, 0xff, 0xff, 0xf5,
    0x0, 0x11, 0x11, 0x11, 0x11, 0x11, 0x1b, 0xf5,
    0x0, 0x0, 0x0, 0x0, 0x0, 0x0, 0xb, 0xf5,
    0x0, 0x0, 0x0, 0x0, 0x0, 0x0, 0xb, 0xf5,
    0xcf, 0xff, 0xff, 0xff, 0xff, 0xff, 0xff, 0xf5,
    0xad, 0xdd, 0xdd, 0xdd, 0xdd, 0xdd, 0xdf, 0xf5,
    0x0, 0x0, 0x0, 0x0, 0x0, 0x0, 0xb, 0xf5,

    /* U+5F55 "录" */
    0x5, 0xdd, 0xdd, 0xdd, 0xdd, 0xdd, 0xdd, 0xd7,
    0x0, 0x0, 0x6f, 0xff, 0xff, 0xff, 0xff, 0xff,
    0xff, 0x80, 0x0, 0x0, 0x0, 0x0, 0x0, 0x0,
    0x0, 0x6, 0xf8, 0x0, 0x0, 0x8, 0xaa, 0xaa,
    0xaa, 0xaa, 0xaa, 0xdf, 0x70, 0x0, 0x0, 0xcf,
    0xff, 0xff, 0xff, 0xff, 0xff, 0xf6, 0x0, 0x0,
    0x0, 0x0, 0x0, 0x0, 0x0, 0x0, 0x9f, 0x50,
    0x0, 0x68, 0x88, 0x88, 0x88, 0x88, 0x88, 0x8d,
    0xfa, 0x87, 0xb, 0xff, 0xff, 0xff, 0xff, 0xff,
    0xff, 0xff, 0xff, 0xe0, 0x1, 0x43, 0x11, 0x11,
    0xff, 0x11, 0x11, 0x35, 0x11, 0x0, 0x2f, 0xf7,
    0x0, 0xf, 0xf6, 0x0, 0x2e, 0xf6, 0x0, 0x0,
    0x5f, 0xfb, 0x10, 0xff, 0xf1, 0x4f, 0xfa, 0x0,
    0x0, 0x0, 0x2d, 0xf2, 0x1f, 0xff, 0xef, 0xf6,
    0x0, 0x0, 0x0, 0x0, 0x6, 0x9f, 0xfe, 0x9f,
    0xf4, 0x0, 0x0, 0x0, 0x0, 0x5c, 0xff, 0xef,
    0xe0, 0xbf, 0xd3, 0x0, 0x0, 0x28, 0xef, 0xfd,
    0x60, 0xfe, 0x0, 0xbf, 0xf9, 0x20, 0x7, 0xff,
    0xc4, 0x0, 0xf, 0xe0, 0x0, 0x8f, 0xff, 0xa0,
    0x8, 0x30, 0x7, 0x99, 0xfe, 0x0, 0x0, 0x2a,
    0xf5, 0x0, 0x0, 0x0, 0x7f, 0xfd, 0x60, 0x0,
    0x0, 0x1, 0x0, 0x0, 0x0, 0x0, 0x0, 0x0,
    0x0, 0x0, 0x0, 0x0, 0x0,

    /* U+5F62 "形" */
    0x0, 0x0, 0x0, 0x0, 0x0, 0x0, 0x0, 0x0,
    0x34, 0x0, 0xa, 0xbb, 0xbb, 0xbb, 0xbb, 0xb6,
    0x0, 0x3, 0xef, 0x40, 0xe, 0xff, 0xff, 0xff,
    0xff, 0xf9, 0x0, 0x4f, 0xf6, 0x0, 0x1, 0x1c,
    0xf1, 0x12, 0xfd, 0x10, 0x8, 0xff, 0x50, 0x0,
    0x0, 0xc, 0xf0, 0x1, 0xfc, 0x2, 0xdf, 0xe3,
    0x0, 0x0, 0x0, 0xc, 0xf0, 0x1, 0xfc, 0x0,
    0x9a, 0x10, 0x0, 0x0, 0x0, 0xc, 0xf0, 0x1,
    0xfc, 0x0, 0x0, 0x0, 0x2d, 0x80, 0x0, 0xc,
    0xf1, 0x2, 0xfc, 0x0, 0x0, 0x2, 0xef, 0x60,
    0x4f, 0xff, 0xff, 0xff, 0xff, 0xfd, 0x0, 0x4e,
    0xf7, 0x0, 0x3b, 0xbf, 0xfb, 0xbb, 0xff, 0xb9,
    0x8, 0xff, 0x60, 0x0, 0x0, 0xd, 0xf0, 0x1,
    0xfc, 0x0, 0xdf, 0xe3, 0x0, 0x0, 0x0, 0xe,
    0xe0, 0x1, 0xfc, 0x0, 0x4a, 0x10, 0x3, 0x40,
    0x0, 0xf, 0xc0, 0x1, 0xfc, 0x0, 0x0, 0x0,
    0x1e, 0xf4, 0x0, 0x3f, 0xa0, 0x1, 0xfc, 0x0,
    0x0, 0x0, 0xbf, 0xa0, 0x0, 0x8f, 0x60, 0x1,
    0xfc, 0x0, 0x0, 0xb, 0xfc, 0x0, 0x0, 0xdf,
    0x20, 0x1, 0xfc, 0x0, 0x2, 0xdf, 0xc1, 0x0,
    0x6, 0xfb, 0x0, 0x1, 0xfc, 0x0, 0x8f, 0xfb,
    0x10, 0x0, 0x2f, 0xf3, 0x0, 0x1, 0xfc, 0x1e,
    0xff, 0x80, 0x0, 0x0, 0x9, 0x80, 0x0, 0x1,
    0xfc, 0x5, 0xc2, 0x0, 0x0, 0x0, 0x0, 0x0,
    0x0, 0x0, 0x0, 0x0, 0x0, 0x0, 0x0, 0x0,

    /* U+5F85 "待" */
    0x0, 0x0, 0x0, 0x0, 0x0, 0x0, 0x0, 0x0,
    0x0, 0x0, 0x0, 0x0, 0x8c, 0x40, 0x0, 0x1,
    0xfc, 0x0, 0x0, 0x0, 0x0, 0x6, 0xfe, 0x10,
    0x0, 0x1, 0xfc, 0x0, 0x0, 0x0, 0x0, 0x7f,
    0xf3, 0x3, 0xaa, 0xaa, 0xfe, 0xaa, 0xaa, 0x20,
    0x1b, 0xff, 0x30, 0x5, 0xff, 0xff, 0xff, 0xff,
    0xff, 0x40, 0x2f, 0xd2, 0x6, 0x10, 0x11, 0x12,
    0xfd, 0x11, 0x11, 0x0, 0x6, 0x10, 0x6f, 0xb0,
    0x0, 0x1, 0xfc, 0x0, 0x0, 0x0, 0x0, 0x3,
    0xff, 0x68, 0x88, 0x89, 0xfe, 0x88, 0x88, 0x82,
    0x0, 0x2e, 0xf6, 0x8f, 0xff, 0xff, 0xff, 0xff,
    0xff, 0xf5, 0x2, 0xef, 0xf2, 0x25, 0x55, 0x55,
    0x55, 0x8f, 0xb5, 0x51, 0x4e, 0xff, 0xf2, 0x0,
    0x0, 0x0, 0x0, 0x4f, 0x90, 0x0, 0x6f, 0xbb,
    0xf2, 0x3c, 0xcc, 0xcc, 0xcc, 0xdf, 0xec, 0xc2,
    0x8, 0xa, 0xf2, 0x3f, 0xff, 0xff, 0xff, 0xff,
    0xff, 0xf2, 0x0, 0xa, 0xf2, 0x0, 0x17, 0x0,
    0x0, 0x4f, 0x90, 0x0, 0x0, 0xa, 0xf2, 0x0,
    0xaf, 0x80, 0x0, 0x4f, 0x90, 0x0, 0x0, 0xa,
    0xf2, 0x0, 0x1f, 0xf3, 0x0, 0x4f, 0x90, 0x0,
    0x0, 0xa, 0xf2, 0x0, 0x6, 0xfb, 0x0, 0x4f,
    0x90, 0x0, 0x0, 0xa, 0xf2, 0x0, 0x0, 0xb4,
    0x0, 0x4f, 0x90, 0x0, 0x0, 0xa, 0xf2, 0x0,
    0x0, 0x1, 0xbb, 0xdf, 0x80, 0x0, 0x0, 0xa,
    0xf2, 0x0, 0x0, 0x0, 0xcf, 0xfc, 0x20, 0x0,
    0x0, 0x0, 0x10, 0x0, 0x0, 0x0, 0x0, 0x0,
    0x0, 0x0,

    /* U+5FC3 "心" */
    0x0, 0x0, 0x0, 0x3, 0x50, 0x0, 0x0, 0x0,
    0x0, 0x0, 0x0, 0x0, 0x0, 0xe, 0xfa, 0x0,
    0x0, 0x0, 0x0, 0x0, 0x0, 0x0, 0x0, 0x2,
    0xdf, 0xd2, 0x0, 0x0, 0x0, 0x0, 0x0, 0x0,
    0x0, 0x0, 0xb, 0xff, 0x40, 0x0, 0x0, 0x0,
    0x0, 0x0, 0x0, 0x0, 0x0, 0x8f, 0xf4, 0x0,
    0x0, 0x0, 0x0, 0x0, 0x0, 0x87, 0x0, 0x7,
    0xb0, 0x0, 0x0, 0x0, 0x0, 0x10, 0x1, 0xfe,
    0x0, 0x0, 0x0, 0x3, 0x90, 0x0, 0x0, 0x9f,
    0x41, 0xfe, 0x0, 0x0, 0x0, 0xb, 0xf5, 0x0,
    0x0, 0xbf, 0x31, 0xfe, 0x0, 0x0, 0x0, 0x4,
    0xfc, 0x0, 0x0, 0xdf, 0x1, 0xfe, 0x0, 0x0,
    0x0, 0x0, 0xef, 0x20, 0x1, 0xfd, 0x1, 0xfe,
    0x0, 0x0, 0x0, 0x0, 0x8f, 0x80, 0x4, 0xfa,
    0x1, 0xfe, 0x0, 0x0, 0x0, 0x0, 0x3f, 0xd0,
    0x8, 0xf7, 0x1, 0xfe, 0x0, 0x0, 0x0, 0x71,
    0xe, 0xf2, 0xd, 0xf4, 0x1, 0xfe, 0x0, 0x0,
    0x0, 0xfc, 0xa, 0xf5, 0xc, 0xf0, 0x1, 0xfe,
    0x0, 0x0, 0x2, 0xfb, 0x3, 0x20, 0x0, 0x10,
    0x1, 0xfe, 0x0, 0x0, 0x5, 0xf8, 0x0, 0x0,
    0x0, 0x0, 0x0, 0xef, 0xdc, 0xcc, 0xcf, 0xf4,
    0x0, 0x0, 0x0, 0x0, 0x0, 0x5d, 0xff, 0xff,
    0xfe, 0x80, 0x0, 0x0,

    /* U+6001 "态" */
    0x0, 0x0, 0x0, 0x0, 0xd, 0xd0, 0x0, 0x0,
    0x0, 0x0, 0x0, 0x0, 0x0, 0x0, 0xf, 0xe0,
    0x0, 0x0, 0x0, 0x0, 0x0, 0x0, 0x0, 0x0,
    0x3f, 0xc0, 0x0, 0x0, 0x0, 0x0, 0xf, 0xff,
    0xff, 0xff, 0xff, 0xff, 0xff, 0xff, 0xff, 0xf0,
    0xa, 0xbb, 0xbb, 0xbb, 0xff, 0xff, 0xcb, 0xbb,
    0xbb, 0xb0, 0x0, 0x0, 0x0, 0x1, 0xff, 0x9f,
    0x80, 0x0, 0x0, 0x0, 0x0, 0x0, 0x0, 0xa,
    0xf9, 0x1e, 0xf4, 0x0, 0x0, 0x0, 0x0, 0x0,
    0x0, 0x7f, 0xe1, 0x6, 0xff, 0x30, 0x0, 0x0,
    0x0, 0x0, 0x9, 0xff, 0x88, 0x0, 0x9f, 0xf6,
    0x0, 0x0, 0x0, 0x6, 0xef, 0xf6, 0xdf, 0xd3,
    0x9, 0xff, 0xd6, 0x10, 0xa, 0xff, 0xfb, 0x20,
    0xa, 0xff, 0x30, 0x5e, 0xff, 0xe1, 0x7, 0xfa,
    0x30, 0x0, 0x7, 0x87, 0x0, 0x0, 0x7d, 0x50,
    0x0, 0x12, 0x3, 0x51, 0x8f, 0xb0, 0x0, 0x5,
    0x70, 0x0, 0x0, 0x5f, 0x6a, 0xf3, 0xa, 0xfa,
    0x0, 0xc, 0xf3, 0x0, 0x0, 0x9f, 0x3a, 0xf3,
    0x0, 0xdf, 0x70, 0x4, 0xfb, 0x0, 0x0, 0xee,
    0xa, 0xf3, 0x0, 0x2a, 0x10, 0xd6, 0xdf, 0x20,
    0x6, 0xf9, 0xa, 0xf3, 0x0, 0x0, 0x3, 0xf9,
    0x6f, 0x90, 0xd, 0xf3, 0x8, 0xfd, 0xbb, 0xbb,
    0xbe, 0xf5, 0x1f, 0xe0, 0x1, 0x70, 0x1, 0xbf,
    0xff, 0xff, 0xff, 0xa0, 0x5, 0x10,

    /* U+6027 "性" */
    0x0, 0x7, 0x80, 0x0, 0x0, 0x0, 0x67, 0x0,
    0x0, 0x0, 0x0, 0xdf, 0x10, 0x2, 0x95, 0xd,
    0xf1, 0x0, 0x0, 0x0, 0xd, 0xf1, 0x0, 0x5f,
    0x80, 0xdf, 0x10, 0x0, 0x0, 0x0, 0xdf, 0x53,
    0x9, 0xf4, 0xd, 0xf1, 0x0, 0x0, 0xa, 0xbd,
    0xfe, 0xc0, 0xdf, 0xcb, 0xff, 0xcb, 0xbb, 0x50,
    0xca, 0xdf, 0x8f, 0x5f, 0xff, 0xff, 0xff, 0xff,
    0xf7, 0xe, 0x8d, 0xf2, 0xfe, 0xf7, 0x0, 0xdf,
    0x20, 0x0, 0x1, 0xf6, 0xdf, 0x13, 0xef, 0x10,
    0xd, 0xf1, 0x0, 0x0, 0x6f, 0x2d, 0xf1, 0x1a,
    0x90, 0x0, 0xdf, 0x10, 0x0, 0x3, 0x90, 0xdf,
    0x10, 0x0, 0x0, 0xd, 0xf2, 0x0, 0x0, 0x0,
    0xd, 0xf1, 0x0, 0xef, 0xff, 0xff, 0xff, 0xff,
    0x0, 0x0, 0xdf, 0x10, 0xa, 0xbb, 0xbf, 0xfb,
    0xbb, 0xb0, 0x0, 0xd, 0xf1, 0x0, 0x0, 0x0,
    0xdf, 0x10, 0x0, 0x0, 0x0, 0xdf, 0x10, 0x0,
    0x0, 0xd, 0xf1, 0x0, 0x0, 0x0, 0xd, 0xf1,
    0x0, 0x0, 0x0, 0xdf, 0x10, 0x0, 0x0, 0x0,
    0xdf, 0x10, 0x0, 0x0, 0xd, 0xf1, 0x0, 0x0,
    0x0, 0xd, 0xf1, 0x6f, 0xff, 0xff, 0xff, 0xff,
    0xff, 0xe0, 0x0, 0xdf, 0x15, 0xdd, 0xdd, 0xdd,
    0xdd, 0xdd, 0xdd, 0x0, 0xd, 0xf1, 0x0, 0x0,
    0x0, 0x0, 0x0, 0x0, 0x0,

    /* U+603B "总" */
    0x0, 0x0, 0x3, 0xa2, 0x0, 0x0, 0x5, 0x93,
    0x0, 0x0, 0x0, 0x0, 0x5, 0xfd, 0x0, 0x0,
    0xd, 0xf6, 0x0, 0x0, 0x0, 0x0, 0x0, 0xbf,
    0x70, 0x0, 0x5f, 0xc0, 0x0, 0x0, 0x0, 0x0,
    0x0, 0x3f, 0xa0, 0x0, 0xef, 0x30, 0x0, 0x0,
    0x0, 0x3, 0xff, 0xff, 0xff, 0xff, 0xff, 0xff,
    0xe0, 0x0, 0x0, 0x3, 0xff, 0xdd, 0xdd, 0xdd,
    0xdd, 0xdf, 0xe0, 0x0, 0x0, 0x3, 0xfc, 0x0,
    0x0, 0x0, 0x0, 0x3f, 0xe0, 0x0, 0x0, 0x3,
    0xfc, 0x0, 0x0, 0x0, 0x0, 0x3f, 0xe0, 0x0,
    0x0, 0x3, 0xfc, 0x0, 0x0, 0x0, 0x0, 0x4f,
    0xe0, 0x0, 0x0, 0x3, 0xff, 0xff, 0xff, 0xff,
    0xff, 0xff, 0xe0, 0x0, 0x0, 0x2, 0xcc, 0xcc,
    0xcc, 0xcc, 0xcc, 0xcc, 0xb0, 0x0, 0x0, 0x0,
    0x0, 0x0, 0x1d, 0xd1, 0x0, 0x0, 0x0, 0x0,
    0x0, 0x14, 0x13, 0xc9, 0xa, 0xfe, 0x20, 0x2,
    0xc3, 0x0, 0x0, 0x7f, 0x64, 0xfc, 0x0, 0x9f,
    0xe2, 0x3, 0xfe, 0x0, 0x0, 0xbf, 0x34, 0xfc,
    0x0, 0x9, 0xd2, 0x0, 0x8f, 0x90, 0x1, 0xfe,
    0x4, 0xfc, 0x0, 0x0, 0x10, 0x65, 0x1e, 0xf2,
    0x8, 0xf9, 0x4, 0xfc, 0x0, 0x0, 0x0, 0xbf,
    0x26, 0xf8, 0x8, 0xe2, 0x2, 0xff, 0xcb, 0xbb,
    0xbc, 0xfe, 0x0, 0x80, 0x0, 0x0, 0x0, 0x7e,
    0xff, 0xff, 0xff, 0xe5, 0x0, 0x0,

    /* U+6062 "恢" */
    0x0, 0x6, 0x80, 0x0, 0x1, 0x84, 0x0, 0x0,
    0x0, 0x0, 0x0, 0xc, 0xf0, 0x0, 0x3, 0xf8,
    0x0, 0x0, 0x0, 0x0, 0x0, 0xc, 0xf0, 0x0,
    0x5, 0xf6, 0x0, 0x0, 0x0, 0x0, 0x0, 0xc,
    0xf6, 0x3f, 0xff, 0xff, 0xff, 0xff, 0xff, 0xe0,
    0x7, 0xdc, 0xfd, 0xab, 0xbe, 0xfc, 0xbb, 0xbb,
    0xbb, 0xa0, 0x8, 0xec, 0xf8, 0xf0, 0xc, 0xf0,
    0x0, 0x94, 0x0, 0x0, 0xa, 0xcc, 0xf3, 0xf4,
    0xf, 0xc0, 0x0, 0xf8, 0x0, 0x0, 0xd, 0xac,
    0xf0, 0xb2, 0x2f, 0x94, 0x81, 0xf7, 0x9, 0x50,
    0x1f, 0x7c, 0xf0, 0x0, 0x6f, 0x68, 0xe3, 0xf6,
    0x1f, 0x70, 0x19, 0x2c, 0xf0, 0x0, 0xbf, 0x1c,
    0xa5, 0xf4, 0x5f, 0x30, 0x0, 0xc, 0xf0, 0x1,
    0xfc, 0xf, 0x67, 0xf2, 0x9e, 0x0, 0x0, 0xc,
    0xf0, 0x7, 0xf7, 0x6f, 0x1a, 0xf1, 0xf9, 0x0,
    0x0, 0xc, 0xf0, 0xe, 0xf1, 0x27, 0xe, 0xf4,
    0x63, 0x0, 0x0, 0xc, 0xf0, 0x8f, 0x90, 0x0,
    0x4f, 0xfa, 0x0, 0x0, 0x0, 0xc, 0xf3, 0xfe,
    0x10, 0x0, 0xcf, 0xbf, 0x30, 0x0, 0x0, 0xc,
    0xf0, 0x95, 0x0, 0x8, 0xfa, 0x1f, 0xd0, 0x0,
    0x0, 0xc, 0xf0, 0x0, 0x0, 0x9f, 0xe1, 0x7,
    0xfc, 0x10, 0x0, 0xc, 0xf0, 0x0, 0x4e, 0xfe,
    0x20, 0x0, 0xaf, 0xe1, 0x0, 0xc, 0xf0, 0x0,
    0xc, 0x91, 0x0, 0x0, 0x8, 0x60, 0x0, 0x0,
    0x0, 0x0, 0x0, 0x0, 0x0, 0x0, 0x0, 0x0,

    /* U+60C5 "情" */
    0x0, 0x8, 0x60, 0x0, 0x0, 0x1, 0x86, 0x0,
    0x0, 0x0, 0x0, 0x1f, 0xc0, 0x6, 0x66, 0x68,
    0xfd, 0x66, 0x66, 0x50, 0x0, 0x1f, 0xc0, 0x2f,
    0xff, 0xff, 0xff, 0xff, 0xff, 0xc0, 0x0, 0x1f,
    0xdd, 0x30, 0x0, 0x2, 0xfb, 0x0, 0x0, 0x0,
    0xc, 0x9f, 0xcc, 0xa9, 0xff, 0xff, 0xff, 0xff,
    0xff, 0x40, 0xe, 0xaf, 0xc6, 0xf4, 0x55, 0x57,
    0xfd, 0x55, 0x55, 0x10, 0xf, 0x8f, 0xc1, 0x77,
    0x77, 0x78, 0xfd, 0x77, 0x77, 0x72, 0x3f, 0x5f,
    0xc0, 0xaf, 0xff, 0xff, 0xff, 0xff, 0xff, 0xf5,
    0x6f, 0x2f, 0xc0, 0x0, 0x11, 0x11, 0x11, 0x11,
    0x10, 0x0, 0x38, 0x1f, 0xc0, 0x5, 0xff, 0xff,
    0xff, 0xff, 0xfd, 0x0, 0x0, 0x1f, 0xc0, 0x5,
    0xfa, 0x55, 0x55, 0x55, 0xfd, 0x0, 0x0, 0x1f,
    0xc0, 0x5, 0xfa, 0x66, 0x66, 0x66, 0xfd, 0x0,
    0x0, 0x1f, 0xc0, 0x5, 0xff, 0xff, 0xff, 0xff,
    0xfd, 0x0, 0x0, 0x1f, 0xc0, 0x5, 0xf6, 0x0,
    0x0, 0x0, 0xfd, 0x0, 0x0, 0x1f, 0xc0, 0x5,
    0xff, 0xff, 0xff, 0xff, 0xfd, 0x0, 0x0, 0x1f,
    0xc0, 0x5, 0xfa, 0x66, 0x66, 0x66, 0xfd, 0x0,
    0x0, 0x1f, 0xc0, 0x5, 0xf6, 0x0, 0x0, 0x0,
    0xfd, 0x0, 0x0, 0x1f, 0xc0, 0x5, 0xf6, 0x0,
    0x2, 0xaa, 0xfc, 0x0, 0x0, 0x1f, 0xc0, 0x5,
    0xf6, 0x0, 0x0, 0xee, 0xc4, 0x0,

    /* U+611F "感" */
    0x0, 0x0, 0x0, 0x0, 0x0, 0xa, 0xe1, 0x7c,
    0x30, 0x0, 0x0, 0x0, 0x0, 0x0, 0x0, 0xb,
    0xf2, 0x2c, 0xf3, 0x0, 0x0, 0xbf, 0xff, 0xff,
    0xff, 0xff, 0xff, 0xff, 0xff, 0xf0, 0x0, 0xbf,
    0x99, 0x99, 0x99, 0x9c, 0xfb, 0x99, 0x99, 0x90,
    0x0, 0xbf, 0x14, 0x44, 0x44, 0x46, 0xf6, 0x0,
    0x76, 0x0, 0x0, 0xbf, 0x5f, 0xff, 0xff, 0xd3,
    0xf9, 0x2, 0xfb, 0x0, 0x0, 0xcf, 0x0, 0x0,
    0x0, 0x0, 0xfd, 0xb, 0xf4, 0x0, 0x0, 0xed,
    0x2f, 0xff, 0xff, 0x80, 0xcf, 0x7f, 0xb0, 0x0,
    0x0, 0xfb, 0x3f, 0x96, 0x6f, 0x90, 0x7f, 0xfe,
    0x11, 0x0, 0x4, 0xf8, 0x3f, 0x50, 0xe, 0x90,
    0x5f, 0xf5, 0x4, 0xe2, 0x9, 0xf4, 0x3f, 0xdc,
    0xcf, 0x96, 0xff, 0xfb, 0x18, 0xf1, 0x2f, 0xe0,
    0x19, 0x99, 0x99, 0x8f, 0xe5, 0xcf, 0xff, 0xd0,
    0xa, 0x60, 0x0, 0x0, 0x38, 0x4, 0x10, 0x7,
    0xbb, 0x30, 0x0, 0x10, 0xc, 0xa0, 0x8f, 0xa0,
    0x0, 0x4, 0x90, 0x0, 0x0, 0xae, 0x2f, 0xd0,
    0xb, 0xf7, 0x0, 0x9, 0xf8, 0x0, 0x1, 0xfd,
    0xf, 0xd0, 0x1, 0xed, 0x6, 0xb4, 0xff, 0x10,
    0x9, 0xf6, 0xf, 0xd0, 0x0, 0x20, 0x8, 0xf5,
    0x8f, 0x80, 0x1f, 0xe0, 0xe, 0xf8, 0x88, 0x88,
    0x8e, 0xf1, 0x1f, 0xa0, 0x2, 0x40, 0x5, 0xdf,
    0xff, 0xff, 0xfe, 0x70, 0x1, 0x0,

    /* U+6210 "成" */
    0x0, 0x0, 0x0, 0x0, 0x0, 0x0, 0x0, 0x0,
    0x0, 0x0, 0x0, 0x0, 0x0, 0x0, 0xb, 0xf4,
    0x6e, 0x50, 0x0, 0x0, 0x0, 0x0, 0x0, 0x0,
    0xbf, 0x45, 0xef, 0xb1, 0x0, 0x0, 0x0, 0x0,
    0x0, 0xa, 0xf4, 0x1, 0xaf, 0x50, 0x0, 0xbd,
    0xdd, 0xdd, 0xdd, 0xff, 0xed, 0xdd, 0xfd, 0x90,
    0xd, 0xff, 0xff, 0xff, 0xff, 0xff, 0xff, 0xff,
    0xfc, 0x0, 0xdf, 0x30, 0x0, 0x0, 0x8f, 0x80,
    0x0, 0x0, 0x0, 0xd, 0xf2, 0x0, 0x0, 0x6,
    0xf8, 0x0, 0x47, 0x20, 0x0, 0xdf, 0xa9, 0x9a,
    0x91, 0x4f, 0xa0, 0xa, 0xf5, 0x0, 0xd, 0xff,
    0xff, 0xff, 0x12, 0xfc, 0x1, 0xff, 0x0, 0x0,
    0xdf, 0x42, 0x2c, 0xf1, 0xf, 0xf0, 0x7f, 0xa0,
    0x0, 0xd, 0xf1, 0x0, 0xcf, 0x0, 0xdf, 0x2e,
    0xf3, 0x0, 0x0, 0xef, 0x10, 0xc, 0xf0, 0xa,
    0xfc, 0xfa, 0x0, 0x0, 0xf, 0xf0, 0x0, 0xdf,
    0x0, 0x6f, 0xff, 0x20, 0x0, 0x1, 0xfe, 0x0,
    0xf, 0xe0, 0x3, 0xff, 0x80, 0x9, 0x20, 0x4f,
    0xb6, 0xff, 0xfb, 0x0, 0xbf, 0xf3, 0x0, 0xce,
    0x7, 0xf8, 0x2c, 0xca, 0x20, 0xbf, 0xff, 0xb0,
    0xe, 0xc0, 0xdf, 0x40, 0x0, 0x2, 0xdf, 0xe3,
    0xef, 0x62, 0xf9, 0x4f, 0xe0, 0x0, 0x2, 0xff,
    0xd2, 0x5, 0xff, 0xff, 0x52, 0xc7, 0x0, 0x0,
    0x7, 0xa1, 0x0, 0x5, 0xdf, 0xa0, 0x0, 0x0,
    0x0, 0x0, 0x0, 0x0, 0x0, 0x0, 0x0, 0x0,

    /* U+6216 "或" */
    0x0, 0x0, 0x0, 0x0, 0x2, 0xdb, 0x5, 0xa2,
    0x0, 0x0, 0x0, 0x0, 0x0, 0x0, 0x2f, 0xe0,
    0x9f, 0xf8, 0x0, 0x0, 0x0, 0x0, 0x0, 0x1,
    0xfe, 0x0, 0x3d, 0xd1, 0x9, 0xdd, 0xdd, 0xdd,
    0xdd, 0xdf, 0xfd, 0xdd, 0xde, 0xb0, 0xcf, 0xff,
    0xff, 0xff, 0xff, 0xff, 0xff, 0xff, 0xfd, 0x0,
    0x0, 0x0, 0x0, 0x0, 0xf, 0xf1, 0x0, 0x0,
    0x0, 0x6, 0x99, 0x99, 0x99, 0x60, 0xdf, 0x20,
    0xb, 0x90, 0x0, 0xbf, 0xff, 0xff, 0xfb, 0xc,
    0xf4, 0x2, 0xfd, 0x0, 0xb, 0xf1, 0x0, 0x2f,
    0xb0, 0xaf, 0x60, 0x8f, 0x70, 0x0, 0xbf, 0x0,
    0x2, 0xfb, 0x7, 0xf8, 0xe, 0xf1, 0x0, 0xb,
    0xf0, 0x0, 0x2f, 0xb0, 0x5f, 0xb7, 0xfa, 0x0,
    0x0, 0xbf, 0xaa, 0xab, 0xfb, 0x1, 0xfe, 0xef,
    0x20, 0x0, 0xa, 0xff, 0xff, 0xff, 0xa0, 0xe,
    0xff, 0x90, 0x0, 0x0, 0x0, 0x0, 0x0, 0x0,
    0x0, 0xaf, 0xe1, 0x3, 0x20, 0x0, 0x0, 0x25,
    0x8c, 0xf3, 0x2f, 0xfd, 0x0, 0x6f, 0x34, 0x8b,
    0xef, 0xff, 0xff, 0x6e, 0xff, 0xf3, 0x8, 0xf3,
    0xbf, 0xff, 0xda, 0x63, 0x5f, 0xfa, 0x7f, 0xd1,
    0xbf, 0x6, 0x84, 0x10, 0x0, 0x6f, 0xfa, 0x0,
    0xcf, 0xff, 0xb0, 0x0, 0x0, 0x0, 0x0, 0xc7,
    0x0, 0x1, 0xbf, 0xd2, 0x0, 0x0, 0x0, 0x0,
    0x0, 0x0, 0x0, 0x0, 0x0, 0x0,

    /* U+622A "截" */
    0x0, 0x0, 0x9, 0xb0, 0x0, 0x3, 0xb6, 0x2,
    0x0, 0x0, 0x0, 0x0, 0xd, 0xf0, 0x0, 0x5,
    0xf8, 0x5f, 0xb0, 0x0, 0x5, 0xff, 0xff, 0xff,
    0xff, 0xa4, 0xf8, 0x8, 0xfb, 0x0, 0x2, 0x88,
    0x8e, 0xf8, 0x88, 0x54, 0xf8, 0x0, 0x9f, 0x40,
    0x1, 0x11, 0x1d, 0xf1, 0x11, 0x15, 0xfa, 0x11,
    0x13, 0x10, 0x3f, 0xff, 0xff, 0xff, 0xff, 0xff,
    0xff, 0xff, 0xff, 0xf0, 0x17, 0x7a, 0x97, 0x8a,
    0x77, 0x78, 0xfd, 0x77, 0x77, 0x70, 0x0, 0xe,
    0xe0, 0xce, 0x10, 0x1, 0xfc, 0x0, 0x42, 0x0,
    0x0, 0x7f, 0xb7, 0xbf, 0xb7, 0x70, 0xfd, 0x0,
    0xef, 0x0, 0x3, 0xff, 0xff, 0xff, 0xff, 0xf0,
    0xef, 0x4, 0xfa, 0x0, 0x2e, 0xff, 0x0, 0x7f,
    0x20, 0x0, 0xcf, 0x1a, 0xf4, 0x0, 0x2d, 0xdf,
    0xff, 0xff, 0xff, 0xa0, 0x9f, 0x6f, 0xd0, 0x0,
    0x0, 0xaf, 0x33, 0x9f, 0x53, 0x20, 0x6f, 0xff,
    0x60, 0x0, 0x0, 0xaf, 0x55, 0xaf, 0x65, 0x30,
    0x3f, 0xfe, 0x0, 0x0, 0x0, 0xaf, 0xdd, 0xef,
    0xed, 0x90, 0x1f, 0xf5, 0x5, 0x90, 0x0, 0xaf,
    0x0, 0x7f, 0x20, 0x0, 0xcf, 0xf5, 0x6, 0xf1,
    0x0, 0xaf, 0xff, 0xff, 0xff, 0xfc, 0xfe, 0xfd,
    0x19, 0xe0, 0x0, 0xaf, 0x88, 0x88, 0x88, 0xff,
    0xe2, 0xaf, 0xff, 0xa0, 0x0, 0xaf, 0x0, 0x0,
    0x0, 0x4d, 0x20, 0xa, 0xfd, 0x20, 0x0, 0x0,
    0x0, 0x0, 0x0, 0x0, 0x0, 0x0, 0x0, 0x0,

    /* U+6247 "扇" */
    0x0, 0x0, 0x0, 0x0, 0x4b, 0x70, 0x0, 0x0,
    0x0, 0x0, 0x1, 0x0, 0x0, 0x3f, 0xe1, 0x0,
    0x0, 0x0, 0x0, 0xaf, 0xff, 0xff, 0xff, 0xff,
    0xff, 0xff, 0xf1, 0x0, 0xaf, 0xcb, 0xbb, 0xbb,
    0xbb, 0xbb, 0xbf, 0xf1, 0x0, 0xaf, 0x40, 0x0,
    0x0, 0x0, 0x0, 0xe, 0xf1, 0x0, 0xaf, 0x40,
    0x0, 0x0, 0x0, 0x0, 0xe, 0xf1, 0x0, 0xaf,
    0xff, 0xff, 0xff, 0xff, 0xff, 0xff, 0xf1, 0x0,
    0xaf, 0xca, 0xaa, 0xaa, 0xaa, 0xaa, 0xaa, 0xa0,
    0x0, 0xaf, 0x58, 0x88, 0x88, 0x54, 0x88, 0x88,
    0x85, 0x0, 0xaf, 0x5f, 0xff, 0xff, 0xb9, 0xff,
    0xff, 0xfb, 0x0, 0xbf, 0x21, 0x40, 0xf, 0xb0,
    0x43, 0x1, 0xfb, 0x0, 0xdf, 0x9, 0xf3, 0xf,
    0xb0, 0xde, 0x10, 0xfb, 0x0, 0xfe, 0x0, 0xed,
    0xf, 0xb0, 0x2f, 0xb0, 0xfb, 0x1, 0xfc, 0x0,
    0x49, 0x2f, 0xb0, 0x6, 0x55, 0xfb, 0x4, 0xf9,
    0x0, 0x4a, 0xff, 0xb0, 0x17, 0xdf, 0xfb, 0x8,
    0xf6, 0x7e, 0xfe, 0x8f, 0xb8, 0xff, 0xd6, 0xfb,
    0xd, 0xf2, 0x9d, 0x60, 0xf, 0xb6, 0xc5, 0x0,
    0xfb, 0x3f, 0xd0, 0x0, 0x7, 0x7f, 0xa0, 0x0,
    0x88, 0xfa, 0x2b, 0x60, 0x0, 0xb, 0xfe, 0x40,
    0x0, 0xdf, 0xd4, 0x0, 0x0, 0x0, 0x0, 0x0,
    0x0, 0x0, 0x0, 0x0,

    /* U+624B "手" */
    0x0, 0x0, 0x0, 0x0, 0x0, 0x0, 0x13, 0x6a,
    0x20, 0x0, 0x0, 0x12, 0x34, 0x57, 0x8a, 0xce,
    0xff, 0xff, 0xd0, 0x0, 0x0, 0x9f, 0xff, 0xff,
    0xff, 0xfe, 0xb9, 0x63, 0x0, 0x0, 0x0, 0x38,
    0x76, 0x54, 0x3f, 0xf0, 0x0, 0x0, 0x0, 0x0,
    0x0, 0x0, 0x0, 0x0, 0xf, 0xf0, 0x0, 0x0,
    0x0, 0x0, 0x0, 0x0, 0x0, 0x0, 0xf, 0xf1,
    0x0, 0x0, 0x0, 0x0, 0x0, 0xbf, 0xff, 0xff,
    0xff, 0xff, 0xff, 0xff, 0xff, 0x0, 0x0, 0x8c,
    0xcc, 0xcc, 0xcf, 0xfc, 0xcc, 0xcc, 0xcb, 0x0,
    0x0, 0x0, 0x0, 0x0, 0xf, 0xf0, 0x0, 0x0,
    0x0, 0x0, 0x0, 0x0, 0x0, 0x0, 0xf, 0xf0,
    0x0, 0x0, 0x0, 0x0, 0xc, 0xcc, 0xcc, 0xcc,
    0xcf, 0xfc, 0xcc, 0xcc, 0xcc, 0xc1, 0x1f, 0xff,
    0xff, 0xff, 0xff, 0xff, 0xff, 0xff, 0xff, 0xf2,
    0x1, 0x11, 0x11, 0x11, 0x1f, 0xf1, 0x11, 0x11,
    0x11, 0x10, 0x0, 0x0, 0x0, 0x0, 0xf, 0xf0,
    0x0, 0x0, 0x0, 0x0, 0x0, 0x0, 0x0, 0x0,
    0xf, 0xf0, 0x0, 0x0, 0x0, 0x0, 0x0, 0x0,
    0x0, 0x0, 0xf, 0xf0, 0x0, 0x0, 0x0, 0x0,
    0x0, 0x0, 0x0, 0x0, 0xf, 0xf0, 0x0, 0x0,
    0x0, 0x0, 0x0, 0x0, 0xc, 0xcc, 0xdf, 0xe0,
    0x0, 0x0, 0x0, 0x0, 0x0, 0x0, 0xa, 0xff,
    0xfc, 0x40, 0x0, 0x0, 0x0, 0x0, 0x0, 0x0,
    0x0, 0x0, 0x0, 0x0, 0x0, 0x0, 0x0, 0x0,

    /* U+626B "扫" */
    0x0, 0x1, 0xc9, 0x0, 0x0, 0x0, 0x0, 0x0,
    0x0, 0x0, 0x0, 0x1f, 0xc0, 0x0, 0x0, 0x0,
    0x0, 0x0, 0x0, 0x0, 0x1, 0xfc, 0x0, 0x7f,
    0xff, 0xff, 0xff, 0xff, 0x20, 0x0, 0x2f, 0xc0,
    0x5, 0xbb, 0xbb, 0xbb, 0xbe, 0xf2, 0xe, 0xff,
    0xff, 0xff, 0x30, 0x0, 0x0, 0x0, 0xaf, 0x20,
    0xab, 0xbf, 0xeb, 0xb2, 0x0, 0x0, 0x0, 0xa,
    0xf2, 0x0, 0x1, 0xfc, 0x0, 0x0, 0x0, 0x0,
    0x0, 0xaf, 0x20, 0x0, 0x1f, 0xc0, 0x0, 0x0,
    0x0, 0x0, 0xa, 0xf2, 0x0, 0x1, 0xfc, 0x3,
    0x3d, 0xdd, 0xdd, 0xdd, 0xff, 0x20, 0x0, 0x5f,
    0xff, 0xf7, 0xff, 0xff, 0xff, 0xff, 0xf2, 0xd,
    0xff, 0xff, 0xd8, 0x20, 0x0, 0x0, 0x0, 0xaf,
    0x20, 0xdd, 0xaf, 0xc0, 0x0, 0x0, 0x0, 0x0,
    0xa, 0xf2, 0x0, 0x1, 0xfc, 0x0, 0x0, 0x0,
    0x0, 0x0, 0xaf, 0x20, 0x0, 0x1f, 0xc0, 0x0,
    0x0, 0x0, 0x0, 0xa, 0xf2, 0x0, 0x1, 0xfc,
    0x0, 0x0, 0x0, 0x0, 0x0, 0xaf, 0x20, 0x0,
    0x1f, 0xc0, 0x7, 0xbb, 0xbb, 0xbb, 0xbe, 0xf2,
    0x0, 0x1, 0xfc, 0x0, 0xaf, 0xff, 0xff, 0xff,
    0xff, 0x20, 0x3b, 0xbf, 0xb0, 0x0, 0x0, 0x0,
    0x0, 0xa, 0xf2, 0x0, 0xff, 0xd3, 0x0, 0x0,
    0x0, 0x0, 0x0, 0xaf, 0x20,

    /* U+6293 "抓" */
    0x0, 0xb, 0xd0, 0x0, 0x0, 0x0, 0x0, 0x0,
    0x0, 0x0, 0x0, 0xc, 0xf0, 0x0, 0x0, 0x0,
    0x13, 0x7a, 0xec, 0x10, 0x0, 0xc, 0xf0, 0x0,
    0x89, 0xce, 0xff, 0xff, 0xf8, 0x20, 0x0, 0xc,
    0xf0, 0x0, 0xfe, 0xad, 0xf5, 0x2d, 0xe0, 0x0,
    0x2f, 0xff, 0xff, 0xf3, 0xfa, 0xa, 0xf1, 0xc,
    0xf0, 0x0, 0x2c, 0xcf, 0xfc, 0xc2, 0xfa, 0xa,
    0xf1, 0xb, 0xf0, 0x0, 0x0, 0xc, 0xf0, 0x0,
    0xfa, 0xa, 0xf1, 0xa, 0xf0, 0x0, 0x0, 0xc,
    0xf0, 0x0, 0xfa, 0xa, 0xf1, 0xa, 0xf1, 0x0,
    0x0, 0xc, 0xf0, 0x0, 0xfa, 0xa, 0xf1, 0x9,
    0xf2, 0x0, 0x0, 0xc, 0xfa, 0xf2, 0xf9, 0xa,
    0xf1, 0x7, 0xf3, 0x0, 0x17, 0xbf, 0xff, 0xe4,
    0xf8, 0xa, 0xf1, 0x6, 0xf5, 0x0, 0x3f, 0xff,
    0xf4, 0x3, 0xf6, 0xa, 0xf1, 0x4, 0xf7, 0x0,
    0x8, 0x3c, 0xf0, 0x5, 0xf5, 0xa, 0xf1, 0x2,
    0xf9, 0x0, 0x0, 0xc, 0xf0, 0x8, 0xf2, 0xa,
    0xf1, 0x0, 0xfc, 0x0, 0x0, 0xc, 0xf0, 0xc,
    0xf0, 0xa, 0xf1, 0x0, 0xcf, 0x0, 0x0, 0xc,
    0xf0, 0xf, 0xc0, 0xa, 0xf1, 0x0, 0x8f, 0x50,
    0x0, 0xc, 0xf0, 0x5f, 0x70, 0xa, 0xf1, 0x0,
    0x4f, 0xc0, 0xa, 0xcf, 0xd0, 0xcf, 0x20, 0xa,
    0xf1, 0x0, 0xd, 0xf2, 0xa, 0xfd, 0x50, 0x9a,
    0x0, 0xa, 0xf1, 0x0, 0x5, 0x60, 0x0, 0x0,
    0x0, 0x0, 0x0, 0x0, 0x0, 0x0, 0x0, 0x0,

    /* U+62A4 "护" */
    0x0, 0x2, 0xd8, 0x0, 0x0, 0x0, 0x5a, 0x10,
    0x0, 0x0, 0x0, 0x3f, 0xa0, 0x0, 0x0, 0x8,
    0xfa, 0x0, 0x0, 0x0, 0x3, 0xfa, 0x0, 0x0,
    0x0, 0xd, 0xf4, 0x0, 0x0, 0x0, 0x3f, 0xa0,
    0x0, 0x67, 0x77, 0xbd, 0x77, 0x75, 0xc, 0xff,
    0xff, 0xfc, 0xf, 0xff, 0xff, 0xff, 0xff, 0xd0,
    0xbd, 0xef, 0xfd, 0xb0, 0xff, 0x44, 0x44, 0x45,
    0xfd, 0x0, 0x3, 0xfa, 0x0, 0xf, 0xe0, 0x0,
    0x0, 0x1f, 0xd0, 0x0, 0x3f, 0xa0, 0x0, 0xfe,
    0x0, 0x0, 0x1, 0xfd, 0x0, 0x3, 0xfa, 0x0,
    0xf, 0xf1, 0x11, 0x11, 0x2f, 0xd0, 0x0, 0x3f,
    0xdc, 0xc0, 0xff, 0xff, 0xff, 0xff, 0xfd, 0x5,
    0xae, 0xff, 0xfb, 0xf, 0xfb, 0xbb, 0xbb, 0xbf,
    0xd0, 0xff, 0xff, 0xc1, 0x1, 0xfc, 0x0, 0x0,
    0x0, 0xeb, 0x6, 0x43, 0xfa, 0x0, 0x3f, 0xb0,
    0x0, 0x0, 0x0, 0x0, 0x0, 0x3f, 0xa0, 0x6,
    0xf8, 0x0, 0x0, 0x0, 0x0, 0x0, 0x3, 0xfa,
    0x0, 0xaf, 0x50, 0x0, 0x0, 0x0, 0x0, 0x0,
    0x3f, 0xa0, 0xf, 0xf1, 0x0, 0x0, 0x0, 0x0,
    0x0, 0x3, 0xfa, 0x7, 0xfb, 0x0, 0x0, 0x0,
    0x0, 0x0, 0x3d, 0xdf, 0x92, 0xff, 0x30, 0x0,
    0x0, 0x0, 0x0, 0x0, 0xff, 0xc2, 0x8, 0x90,
    0x0, 0x0, 0x0, 0x0, 0x0, 0x0, 0x0, 0x0,
    0x0, 0x0, 0x0, 0x0, 0x0, 0x0,

    /* U+62A5 "报" */
    0x0, 0x3, 0xe9, 0x0, 0x0, 0x0, 0x0, 0x0,
    0x10, 0x0, 0x0, 0x3, 0xfb, 0x0, 0x5f, 0xff,
    0xff, 0xff, 0xff, 0x40, 0x0, 0x3, 0xfb, 0x0,
    0x5f, 0xdb, 0xbb, 0xbb, 0xef, 0x40, 0x0, 0x3,
    0xfb, 0x0, 0x5f, 0x80, 0x0, 0x0, 0xbf, 0x30,
    0xd, 0xef, 0xff, 0xec, 0x5f, 0x80, 0x0, 0x0,
    0xef, 0x10, 0xb, 0xcd, 0xff, 0xca, 0x5f, 0x80,
    0x7f, 0xef, 0xfd, 0x0, 0x0, 0x3, 0xfb, 0x0,
    0x5f, 0x80, 0x29, 0x99, 0x71, 0x0, 0x0, 0x3,
    0xfb, 0x0, 0x5f, 0x91, 0x11, 0x11, 0x11, 0x0,
    0x0, 0x3, 0xfb, 0x0, 0x5f, 0xff, 0xff, 0xff,
    0xff, 0xb0, 0x0, 0x3, 0xfd, 0xbc, 0x5f, 0xdf,
    0xea, 0xaa, 0xcf, 0xa0, 0x6, 0xae, 0xff, 0xfe,
    0x5f, 0x8c, 0xf1, 0x0, 0x9f, 0x50, 0xf, 0xff,
    0xfd, 0x30, 0x5f, 0x85, 0xf9, 0x0, 0xef, 0x0,
    0x8, 0x55, 0xfb, 0x0, 0x5f, 0x80, 0xdf, 0x26,
    0xf9, 0x0, 0x0, 0x3, 0xfb, 0x0, 0x5f, 0x80,
    0x4f, 0xde, 0xf2, 0x0, 0x0, 0x3, 0xfb, 0x0,
    0x5f, 0x80, 0xa, 0xff, 0x80, 0x0, 0x0, 0x3,
    0xfb, 0x0, 0x5f, 0x80, 0x9, 0xff, 0xa0, 0x0,
    0x0, 0x3, 0xfb, 0x0, 0x5f, 0x81, 0xbf, 0xee,
    0xfd, 0x30, 0xb, 0xce, 0xf9, 0x0, 0x5f, 0xce,
    0xfd, 0x22, 0xdf, 0xf3, 0x8, 0xfe, 0xb2, 0x0,
    0x5f, 0x8b, 0x90, 0x0, 0x8, 0x80, 0x0, 0x0,
    0x0, 0x0, 0x0, 0x0, 0x0, 0x0, 0x0, 0x0,

    /* U+62DF "拟" */
    0x0, 0xc, 0xb0, 0x0, 0x0, 0x0, 0x0, 0x0,
    0x54, 0x0, 0x0, 0xe, 0xd0, 0x0, 0xfc, 0x0,
    0x0, 0x2, 0xfc, 0x0, 0x0, 0xe, 0xd0, 0x0,
    0xfc, 0x6d, 0x10, 0x2, 0xfb, 0x0, 0x0, 0xe,
    0xd0, 0x0, 0xfc, 0x6f, 0x80, 0x3, 0xfa, 0x0,
    0x3f, 0xff, 0xff, 0x80, 0xfc, 0xe, 0xf0, 0x4,
    0xf9, 0x0, 0x3c, 0xcf, 0xfc, 0x70, 0xfc, 0x7,
    0xf7, 0x5, 0xf8, 0x0, 0x0, 0xe, 0xd0, 0x0,
    0xfc, 0x1, 0xfd, 0x7, 0xf6, 0x0, 0x0, 0xe,
    0xd0, 0x0, 0xfc, 0x0, 0xbf, 0x28, 0xf5, 0x0,
    0x0, 0xe, 0xd0, 0x0, 0xfc, 0x0, 0x56, 0xb,
    0xf2, 0x0, 0x0, 0xf, 0xec, 0xa0, 0xfc, 0x0,
    0x0, 0xd, 0xf0, 0x0, 0x39, 0xef, 0xff, 0x90,
    0xfc, 0x0, 0x0, 0x1f, 0xd0, 0x0, 0x5f, 0xff,
    0xd1, 0x0, 0xfc, 0x0, 0x70, 0x5f, 0xf3, 0x0,
    0x16, 0x1e, 0xd0, 0x0, 0xfc, 0x2c, 0xf4, 0xaf,
    0xfa, 0x0, 0x0, 0xe, 0xd0, 0x0, 0xfe, 0xff,
    0x92, 0xff, 0xef, 0x10, 0x0, 0xe, 0xd0, 0x2,
    0xff, 0xf5, 0x9, 0xf8, 0x7f, 0x80, 0x0, 0xe,
    0xd0, 0xa, 0xfd, 0x20, 0x4f, 0xf1, 0x1f, 0xe0,
    0x0, 0xe, 0xd0, 0x9, 0xb1, 0x2, 0xef, 0x70,
    0xc, 0xf4, 0xa, 0xbf, 0xb0, 0x1, 0x0, 0x1e,
    0xfb, 0x0, 0x7, 0xf6, 0xa, 0xfd, 0x40, 0x0,
    0x0, 0x3, 0xa0, 0x0, 0x1, 0x20,

    /* U+62E9 "择" */
    0x0, 0xa, 0xd1, 0x0, 0x0, 0x0, 0x0, 0x0,
    0x0, 0x0, 0x0, 0xb, 0xf1, 0x1, 0xff, 0xff,
    0xff, 0xff, 0xfc, 0x10, 0x0, 0xb, 0xf1, 0x1,
    0xbf, 0xfc, 0xbb, 0xbd, 0xfb, 0x0, 0x0, 0xb,
    0xf1, 0x0, 0x6, 0xf8, 0x0, 0x2e, 0xe1, 0x0,
    0x3f, 0xff, 0xff, 0xf5, 0x0, 0xaf, 0x83, 0xef,
    0x40, 0x0, 0x2c, 0xcf, 0xfc, 0xc4, 0x0, 0xb,
    0xff, 0xf4, 0x0, 0x0, 0x0, 0xb, 0xf1, 0x0,
    0x0, 0x5d, 0xff, 0xf7, 0x10, 0x0, 0x0, 0xb,
    0xf1, 0x3, 0x8e, 0xff, 0x75, 0xef, 0xfa, 0x51,
    0x0, 0xb, 0xf1, 0x4b, 0xfe, 0x71, 0x45, 0x7,
    0xdf, 0xe1, 0x0, 0x1d, 0xff, 0xf4, 0x40, 0x0,
    0xdf, 0x0, 0x3, 0x30, 0x4d, 0xff, 0xfd, 0x81,
    0x7a, 0xaa, 0xff, 0xaa, 0xa7, 0x0, 0x3f, 0xce,
    0xf1, 0x0, 0xcf, 0xff, 0xff, 0xff, 0xfb, 0x0,
    0x1, 0xb, 0xf1, 0x0, 0x0, 0x0, 0xdf, 0x10,
    0x0, 0x0, 0x0, 0xb, 0xf1, 0x0, 0x0, 0x0,
    0xdf, 0x10, 0x0, 0x0, 0x0, 0xb, 0xf1, 0xc,
    0xff, 0xff, 0xff, 0xff, 0xff, 0xf1, 0x0, 0xb,
    0xf1, 0x8, 0xaa, 0xaa, 0xff, 0xaa, 0xaa, 0xa1,
    0x0, 0xb, 0xf1, 0x0, 0x0, 0x0, 0xdf, 0x0,
    0x0, 0x0, 0x8, 0xcf, 0xf0, 0x0, 0x0, 0x0,
    0xdf, 0x0, 0x0, 0x0, 0x7, 0xfe, 0x70, 0x0,
    0x0, 0x0, 0xdf, 0x0, 0x0, 0x0, 0x0, 0x0,
    0x0, 0x0, 0x0, 0x0, 0x1, 0x0, 0x0, 0x0,

    /* U+6301 "持" */
    0x0, 0xa, 0xd0, 0x0, 0x0, 0x0, 0x9c, 0x10,
    0x0, 0x0, 0x0, 0xc, 0xf0, 0x0, 0x0, 0x0,
    0xbf, 0x10, 0x0, 0x0, 0x0, 0xc, 0xf0, 0x0,
    0x66, 0x66, 0xdf, 0x76, 0x66, 0x10, 0x0, 0xc,
    0xf0, 0x0, 0xef, 0xff, 0xff, 0xff, 0xff, 0x40,
    0x3f, 0xff, 0xff, 0xe0, 0x45, 0x55, 0xdf, 0x55,
    0x55, 0x10, 0x2c, 0xcf, 0xfc, 0xb0, 0x0, 0x0,
    0xbf, 0x10, 0x0, 0x0, 0x0, 0xc, 0xf0, 0x6,
    0x77, 0x77, 0xdf, 0x87, 0x77, 0x72, 0x0, 0xc,
    0xf0, 0xe, 0xff, 0xff, 0xff, 0xff, 0xff, 0xf4,
    0x0, 0xc, 0xf0, 0x4, 0x55, 0x55, 0x55, 0x7f,
    0xc5, 0x51, 0x0, 0xc, 0xfc, 0xd0, 0x0, 0x0,
    0x0, 0x2f, 0xb0, 0x0, 0x3a, 0xef, 0xff, 0xa7,
    0xcc, 0xcc, 0xcc, 0xdf, 0xfc, 0xc2, 0x4f, 0xef,
    0xf0, 0x8, 0xff, 0xff, 0xff, 0xff, 0xff, 0xf2,
    0x4, 0xc, 0xf0, 0x0, 0x5, 0x40, 0x0, 0x2f,
    0xb0, 0x0, 0x0, 0xc, 0xf0, 0x0, 0x2f, 0xe1,
    0x0, 0x2f, 0xb0, 0x0, 0x0, 0xc, 0xf0, 0x0,
    0x8, 0xfa, 0x0, 0x2f, 0xb0, 0x0, 0x0, 0xc,
    0xf0, 0x0, 0x0, 0xef, 0x20, 0x2f, 0xb0, 0x0,
    0x0, 0xc, 0xf0, 0x0, 0x0, 0x68, 0x0, 0x2f,
    0xb0, 0x0, 0x9, 0xcf, 0xe0, 0x0, 0x0, 0x0,
    0x8b, 0xcf, 0xa0, 0x0, 0x7, 0xfd, 0x50, 0x0,
    0x0, 0x0, 0x7f, 0xfd, 0x30, 0x0, 0x0, 0x0,
    0x0, 0x0, 0x0, 0x0, 0x0, 0x0, 0x0, 0x0,

    /* U+6307 "指" */
    0x0, 0xa, 0xe1, 0x0, 0x9d, 0x20, 0x0, 0x0,
    0x0, 0x0, 0x0, 0xbf, 0x20, 0xb, 0xf3, 0x0,
    0x3, 0x9b, 0x0, 0x0, 0xb, 0xf2, 0x0, 0xbf,
    0x66, 0xae, 0xff, 0xe5, 0x0, 0x11, 0xcf, 0x31,
    0xb, 0xff, 0xff, 0xb7, 0x30, 0x0, 0x6f, 0xff,
    0xff, 0xf5, 0xbf, 0x72, 0x0, 0x0, 0x9, 0x73,
    0x99, 0xef, 0xa9, 0x3b, 0xf3, 0x0, 0x0, 0x0,
    0xee, 0x0, 0xb, 0xf2, 0x0, 0x9f, 0xda, 0xaa,
    0xaa, 0xcf, 0xa0, 0x0, 0xbf, 0x20, 0x2, 0xcf,
    0xff, 0xff, 0xff, 0xd2, 0x0, 0xb, 0xf2, 0x22,
    0x0, 0x0, 0x11, 0x11, 0x0, 0x0, 0x0, 0xcf,
    0xef, 0x80, 0x11, 0x11, 0x11, 0x11, 0x10, 0x5c,
    0xff, 0xff, 0xe6, 0xbf, 0xff, 0xff, 0xff, 0xff,
    0x17, 0xff, 0xff, 0x40, 0xb, 0xf8, 0x88, 0x88,
    0x8e, 0xf1, 0x14, 0xb, 0xf2, 0x0, 0xbf, 0x10,
    0x0, 0x0, 0xcf, 0x10, 0x0, 0xbf, 0x20, 0xb,
    0xff, 0xff, 0xff, 0xff, 0xf1, 0x0, 0xb, 0xf2,
    0x0, 0xbf, 0x87, 0x77, 0x77, 0xef, 0x10, 0x0,
    0xbf, 0x20, 0xb, 0xf1, 0x0, 0x0, 0xc, 0xf1,
    0x0, 0xb, 0xf2, 0x0, 0xbf, 0x99, 0x99, 0x99,
    0xef, 0x10, 0x9a, 0xef, 0x10, 0xb, 0xff, 0xff,
    0xff, 0xff, 0xf1, 0xa, 0xff, 0x90, 0x0, 0xbf,
    0x10, 0x0, 0x0, 0xcf, 0x10, 0x1, 0x0, 0x0,
    0x1, 0x10, 0x0, 0x0, 0x0, 0x0,

    /* U+6309 "按" */
    0x0, 0xa, 0xe1, 0x0, 0x0, 0x3, 0xda, 0x0,
    0x0, 0x0, 0x0, 0xc, 0xf1, 0x0, 0x0, 0x0,
    0xff, 0x0, 0x0, 0x0, 0x0, 0xc, 0xf1, 0x2,
    0x66, 0x66, 0xef, 0x96, 0x66, 0x50, 0x0, 0xc,
    0xf1, 0x7, 0xff, 0xff, 0xff, 0xff, 0xff, 0xe0,
    0x5f, 0xff, 0xff, 0xf8, 0xf7, 0x44, 0x44, 0x44,
    0x4f, 0xe0, 0x4c, 0xcf, 0xfd, 0xc8, 0xf5, 0xb,
    0xe3, 0x0, 0xf, 0xe0, 0x0, 0xc, 0xf1, 0x4,
    0xa3, 0xf, 0xf0, 0x0, 0x9, 0x80, 0x0, 0xc,
    0xf1, 0x1, 0x11, 0x6f, 0xa1, 0x11, 0x11, 0x10,
    0x0, 0xc, 0xf1, 0xf, 0xff, 0xff, 0xff, 0xff,
    0xff, 0xf2, 0x0, 0xc, 0xf3, 0x7b, 0xac, 0xfe,
    0xaa, 0xaf, 0xfb, 0xa1, 0x0, 0x4d, 0xff, 0xf5,
    0x9, 0xf7, 0x0, 0xf, 0xf0, 0x0, 0x6f, 0xff,
    0xfb, 0x61, 0x1f, 0xf1, 0x0, 0x5f, 0xb0, 0x0,
    0x5f, 0xae, 0xf1, 0x0, 0x9f, 0xd2, 0x0, 0xbf,
    0x50, 0x0, 0x0, 0xc, 0xf1, 0x0, 0x4c, 0xff,
    0x96, 0xfd, 0x0, 0x0, 0x0, 0xc, 0xf1, 0x0,
    0x0, 0x5d, 0xff, 0xf5, 0x0, 0x0, 0x0, 0xc,
    0xf1, 0x0, 0x0, 0x5, 0xff, 0xfd, 0x30, 0x0,
    0x0, 0xc, 0xf1, 0x0, 0x5, 0xcf, 0xf8, 0xbf,
    0xf9, 0x0, 0xa, 0xbf, 0xf0, 0x9, 0xff, 0xfb,
    0x30, 0x6, 0xff, 0xc0, 0xa, 0xfe, 0x70, 0x5,
    0xd8, 0x30, 0x0, 0x0, 0x2c, 0x40, 0x0, 0x0,
    0x0, 0x0, 0x0, 0x0, 0x0, 0x0, 0x0, 0x0,

    /* U+6362 "换" */
    0x0, 0xc, 0xc0, 0x0, 0x0, 0x7b, 0x30, 0x0,
    0x0, 0x0, 0x0, 0xf, 0xe0, 0x0, 0x1, 0xff,
    0x10, 0x1, 0x0, 0x0, 0x0, 0xf, 0xe0, 0x0,
    0xa, 0xff, 0xff, 0xff, 0xd2, 0x0, 0x0, 0xf,
    0xe0, 0x0, 0x6f, 0xd8, 0x88, 0xcf, 0xd0, 0x0,
    0x2e, 0xef, 0xfe, 0xa6, 0xfe, 0x20, 0x1, 0xef,
    0x20, 0x0, 0x1c, 0xcf, 0xfc, 0xae, 0xfe, 0xcc,
    0xce, 0xfe, 0xca, 0x0, 0x0, 0xf, 0xe0, 0x3,
    0xff, 0xaa, 0xff, 0xaa, 0xfd, 0x0, 0x0, 0xf,
    0xe0, 0x0, 0xfe, 0x0, 0xef, 0x1, 0xfd, 0x0,
    0x0, 0xf, 0xe0, 0x0, 0xfe, 0x0, 0xef, 0x1,
    0xfd, 0x0, 0x0, 0xf, 0xfd, 0xd0, 0xfe, 0x0,
    0xfe, 0x1, 0xfd, 0x0, 0x2a, 0xef, 0xff, 0xa0,
    0xfe, 0x0, 0xfd, 0x1, 0xfd, 0x0, 0x2f, 0xef,
    0xf0, 0x4e, 0xff, 0xee, 0xff, 0xee, 0xff, 0xe1,
    0x3, 0xf, 0xe0, 0x3c, 0xcc, 0xce, 0xff, 0xcc,
    0xcc, 0xc1, 0x0, 0xf, 0xe0, 0x0, 0x0, 0x1e,
    0xff, 0x60, 0x0, 0x0, 0x0, 0xf, 0xe0, 0x0,
    0x0, 0xaf, 0x8d, 0xf3, 0x0, 0x0, 0x0, 0xf,
    0xe0, 0x0, 0xa, 0xfb, 0x3, 0xfe, 0x30, 0x0,
    0x0, 0xf, 0xe0, 0x3, 0xcf, 0xc0, 0x0, 0x4f,
    0xf7, 0x0, 0x9, 0xdf, 0xd1, 0xaf, 0xf9, 0x0,
    0x0, 0x4, 0xef, 0xe3, 0x7, 0xfd, 0x50, 0xac,
    0x30, 0x0, 0x0, 0x0, 0x19, 0xa0, 0x0, 0x0,
    0x0, 0x0, 0x0, 0x0, 0x0, 0x0, 0x0, 0x0,

    /* U+636E "据" */
    0x0, 0xc, 0xb0, 0x0, 0x1, 0x0, 0x0, 0x0,
    0x0, 0x0, 0x0, 0xe, 0xd0, 0x0, 0xff, 0xff,
    0xff, 0xff, 0xff, 0xb0, 0x0, 0xe, 0xd0, 0x0,
    0xfe, 0x99, 0x99, 0x99, 0xaf, 0xb0, 0x0, 0xe,
    0xd0, 0x0, 0xfc, 0x0, 0x0, 0x0, 0x1f, 0xb0,
    0x3f, 0xff, 0xff, 0xf0, 0xfd, 0x33, 0x33, 0x33,
    0x4f, 0xb0, 0x3c, 0xcf, 0xfc, 0xc0, 0xff, 0xff,
    0xff, 0xff, 0xff, 0xb0, 0x0, 0xe, 0xd0, 0x0,
    0xfe, 0x66, 0x6f, 0xe6, 0x66, 0x40, 0x0, 0xe,
    0xd0, 0x0, 0xfc, 0x0, 0xf, 0xd0, 0x0, 0x0,
    0x0, 0xe, 0xd0, 0x11, 0xfe, 0x99, 0x9f, 0xf9,
    0x99, 0x91, 0x0, 0xf, 0xfd, 0xd1, 0xff, 0xff,
    0xff, 0xff, 0xff, 0xf2, 0x3b, 0xff, 0xfe, 0xa2,
    0xfb, 0x0, 0xf, 0xd0, 0x0, 0x0, 0x4f, 0xdf,
    0xd0, 0x4, 0xf9, 0x0, 0xf, 0xd0, 0x0, 0x0,
    0x2, 0xe, 0xd0, 0x7, 0xfa, 0xbb, 0xbf, 0xfb,
    0xbb, 0x90, 0x0, 0xe, 0xd0, 0xa, 0xf9, 0xfe,
    0xdd, 0xdd, 0xdf, 0xc0, 0x0, 0xe, 0xd0, 0xe,
    0xf6, 0xf5, 0x0, 0x0, 0xe, 0xc0, 0x0, 0xe,
    0xd0, 0x4f, 0xc5, 0xf5, 0x0, 0x0, 0xe, 0xc0,
    0x0, 0xe, 0xd0, 0xbf, 0x75, 0xfb, 0x99, 0x99,
    0x9f, 0xc0, 0xb, 0xef, 0xb3, 0xff, 0x15, 0xff,
    0xff, 0xff, 0xff, 0xc0, 0x7, 0xdb, 0x30, 0x77,
    0x5, 0xf5, 0x0, 0x0, 0xe, 0xc0, 0x0, 0x0,
    0x0, 0x0, 0x0, 0x0, 0x0, 0x0, 0x0, 0x0,

    /* U+63A5 "接" */
    0x0, 0xd, 0xa0, 0x0, 0x0, 0x3, 0x95, 0x0,
    0x0, 0x0, 0x0, 0xf, 0xc0, 0x0, 0x0, 0x0,
    0xee, 0x0, 0x0, 0x0, 0x0, 0xf, 0xc0, 0x2,
    0xee, 0xee, 0xff, 0xfe, 0xee, 0xc0, 0x0, 0xf,
    0xc0, 0x1, 0xbb, 0xcb, 0xbb, 0xbc, 0xbb, 0x90,
    0x3f, 0xff, 0xff, 0x90, 0x7, 0xf3, 0x0, 0xe,
    0xd0, 0x0, 0x2c, 0xcf, 0xfc, 0x80, 0x2, 0xfc,
    0x0, 0x6f, 0x70, 0x0, 0x0, 0xf, 0xc0, 0x0,
    0x11, 0xaa, 0x11, 0xde, 0x11, 0x10, 0x0, 0xf,
    0xc0, 0xc, 0xff, 0xff, 0xff, 0xff, 0xff, 0xf4,
    0x0, 0xf, 0xc0, 0x7, 0x99, 0x9c, 0xda, 0x99,
    0x99, 0x92, 0x0, 0xf, 0xeb, 0x70, 0x0, 0xc,
    0xf1, 0x0, 0x0, 0x0, 0x39, 0xdf, 0xff, 0x8a,
    0xaa, 0xbf, 0xea, 0xaa, 0xaa, 0xa5, 0x4f, 0xef,
    0xd0, 0x1f, 0xff, 0xff, 0xff, 0xff, 0xff, 0xf7,
    0x3, 0xf, 0xc0, 0x0, 0x7, 0xf7, 0x0, 0xe,
    0xf0, 0x0, 0x0, 0xf, 0xc0, 0x0, 0x3f, 0xe1,
    0x0, 0x6f, 0xa0, 0x0, 0x0, 0xf, 0xc0, 0x0,
    0x9f, 0xff, 0xa5, 0xff, 0x20, 0x0, 0x0, 0xf,
    0xc0, 0x0, 0x0, 0x6c, 0xff, 0xfa, 0x0, 0x0,
    0x0, 0xf, 0xc0, 0x0, 0x1, 0x5b, 0xff, 0xff,
    0xc4, 0x0, 0xa, 0xcf, 0xb0, 0x3b, 0xdf, 0xff,
    0xa2, 0x2b, 0xff, 0x90, 0x8, 0xfc, 0x30, 0xd,
    0xd9, 0x51, 0x0, 0x0, 0x4d, 0x40, 0x0, 0x0,
    0x0, 0x0, 0x0, 0x0, 0x0, 0x0, 0x0, 0x0,

    /* U+63A7 "控" */
    0x0, 0xc, 0xa0, 0x0, 0x0, 0x2, 0xa7, 0x0,
    0x0, 0x0, 0x0, 0xe, 0xd0, 0x0, 0x0, 0x1,
    0xfe, 0x0, 0x0, 0x0, 0x0, 0xe, 0xd0, 0x4,
    0x66, 0x66, 0xdf, 0x96, 0x66, 0x60, 0x0, 0xe,
    0xd0, 0xb, 0xff, 0xff, 0xff, 0xff, 0xff, 0xf1,
    0x3f, 0xff, 0xff, 0xbb, 0xf3, 0x33, 0x33, 0x33,
    0x3c, 0xf1, 0x2b, 0xbf, 0xfb, 0x8b, 0xf0, 0x39,
    0x20, 0x74, 0xa, 0xe1, 0x0, 0xe, 0xd0, 0x0,
    0x3, 0xef, 0x21, 0xdf, 0x60, 0x0, 0x0, 0xe,
    0xd0, 0x0, 0x5f, 0xf4, 0x0, 0x1c, 0xf9, 0x0,
    0x0, 0xe, 0xd0, 0x6, 0xff, 0x40, 0x0, 0x0,
    0xbf, 0x70, 0x0, 0xe, 0xea, 0xa0, 0xa2, 0x0,
    0x0, 0x0, 0x7, 0x0, 0x16, 0xbf, 0xff, 0xb0,
    0xbe, 0xee, 0xee, 0xee, 0xec, 0x0, 0x4f, 0xff,
    0xe2, 0x0, 0xac, 0xcc, 0xff, 0xcc, 0xcb, 0x0,
    0x18, 0x2e, 0xd0, 0x0, 0x0, 0x0, 0xff, 0x0,
    0x0, 0x0, 0x0, 0xe, 0xd0, 0x0, 0x0, 0x0,
    0xff, 0x0, 0x0, 0x0, 0x0, 0xe, 0xd0, 0x0,
    0x0, 0x0, 0xff, 0x0, 0x0, 0x0, 0x0, 0xe,
    0xd0, 0x0, 0x0, 0x0, 0xff, 0x0, 0x0, 0x0,
    0x0, 0xe, 0xd0, 0x5d, 0xdd, 0xdd, 0xff, 0xdd,
    0xdd, 0xd4, 0xa, 0xbf, 0xc0, 0x5d, 0xdd, 0xdd,
    0xdd, 0xdd, 0xdd, 0xd4, 0xa, 0xfd, 0x40, 0x0,
    0x0, 0x0, 0x0, 0x0, 0x0, 0x0,

    /* U+63A8 "推" */
    0x0, 0xb, 0xd0, 0x0, 0x2, 0x94, 0x6, 0x50,
    0x0, 0x0, 0x0, 0xd, 0xf0, 0x0, 0x7, 0xf6,
    0x1f, 0xf1, 0x0, 0x0, 0x0, 0xd, 0xf0, 0x0,
    0xe, 0xf1, 0x8, 0xf7, 0x0, 0x0, 0x0, 0xd,
    0xf0, 0x0, 0x5f, 0xc5, 0x57, 0xf9, 0x55, 0x30,
    0x4f, 0xff, 0xff, 0xf2, 0xdf, 0xff, 0xff, 0xff,
    0xff, 0xa0, 0x3b, 0xbf, 0xfb, 0xb9, 0xff, 0x96,
    0x6d, 0xf6, 0x66, 0x30, 0x0, 0xd, 0xf0, 0x3f,
    0xff, 0x50, 0xb, 0xf1, 0x0, 0x0, 0x0, 0xd,
    0xf0, 0xef, 0xdf, 0xb9, 0x9e, 0xfa, 0x99, 0x30,
    0x0, 0xd, 0xf1, 0xaa, 0x7f, 0xff, 0xff, 0xff,
    0xff, 0x50, 0x0, 0x2e, 0xff, 0xf0, 0x7f, 0x61,
    0x1b, 0xf2, 0x11, 0x0, 0x4e, 0xff, 0xfc, 0x70,
    0x7f, 0x50, 0xb, 0xf1, 0x0, 0x0, 0x2f, 0xbe,
    0xf0, 0x0, 0x7f, 0xca, 0xae, 0xfa, 0xaa, 0x30,
    0x0, 0xd, 0xf0, 0x0, 0x7f, 0xff, 0xff, 0xff,
    0xff, 0x50, 0x0, 0xd, 0xf0, 0x0, 0x7f, 0x50,
    0xb, 0xf2, 0x0, 0x0, 0x0, 0xd, 0xf0, 0x0,
    0x7f, 0x50, 0xb, 0xf1, 0x0, 0x0, 0x0, 0xd,
    0xf0, 0x0, 0x7f, 0x62, 0x2c, 0xf3, 0x22, 0x20,
    0x0, 0xd, 0xf0, 0x0, 0x7f, 0xff, 0xff, 0xff,
    0xff, 0xf0, 0xa, 0xdf, 0xe0, 0x0, 0x7f, 0xb9,
    0x99, 0x99, 0x99, 0x90, 0x8, 0xfd, 0x50, 0x0,
    0x7f, 0x50, 0x0, 0x0, 0x0, 0x0, 0x0, 0x0,
    0x0, 0x0, 0x1, 0x0, 0x0, 0x0, 0x0, 0x0,

    /* U+63CF "描" */
    0x0, 0xc, 0xa0, 0x0, 0x2, 0xe8, 0x0, 0x2e,
    0xb0, 0x0, 0x0, 0xf, 0xc0, 0x0, 0x2, 0xf9,
    0x0, 0x2f, 0xd0, 0x0, 0x0, 0xf, 0xc0, 0x1,
    0x14, 0xfa, 0x11, 0x4f, 0xd1, 0x10, 0x0, 0xf,
    0xc0, 0xd, 0xff, 0xff, 0xff, 0xff, 0xff, 0xf1,
    0x3f, 0xff, 0xff, 0xc7, 0x9a, 0xfd, 0x99, 0xbf,
    0xf9, 0x90, 0x2c, 0xcf, 0xfc, 0xa0, 0x2, 0xf9,
    0x0, 0x2f, 0xd0, 0x0, 0x0, 0xf, 0xc0, 0x0,
    0x2, 0xf9, 0x0, 0x2f, 0xd0, 0x0, 0x0, 0xf,
    0xc0, 0x0, 0x0, 0x10, 0x0, 0x1, 0x0, 0x0,
    0x0, 0xf, 0xc0, 0x0, 0xff, 0xff, 0xff, 0xff,
    0xff, 0xa0, 0x0, 0xf, 0xea, 0xa0, 0xfe, 0xbb,
    0xef, 0xbb, 0xcf, 0xa0, 0x28, 0xdf, 0xff, 0xb0,
    0xfc, 0x0, 0xbf, 0x0, 0x2f, 0xa0, 0x4f, 0xff,
    0xd1, 0x0, 0xfc, 0x0, 0xbf, 0x0, 0x3f, 0xa0,
    0x4, 0xf, 0xc0, 0x0, 0xff, 0xff, 0xff, 0xff,
    0xff, 0xa0, 0x0, 0xf, 0xc0, 0x0, 0xfe, 0x99,
    0xef, 0x99, 0xaf, 0xa0, 0x0, 0xf, 0xc0, 0x0,
    0xfc, 0x0, 0xbf, 0x0, 0x2f, 0xa0, 0x0, 0xf,
    0xc0, 0x0, 0xfc, 0x0, 0xbf, 0x0, 0x3f, 0xa0,
    0x0, 0xf, 0xc0, 0x0, 0xff, 0xff, 0xff, 0xff,
    0xff, 0xa0, 0xa, 0xcf, 0xb0, 0x0, 0xfe, 0xaa,
    0xaa, 0xaa, 0xbf, 0xa0, 0x8, 0xfd, 0x40, 0x0,
    0xfc, 0x0, 0x0, 0x0, 0x2f, 0xa0, 0x0, 0x0,
    0x0, 0x0, 0x11, 0x0, 0x0, 0x0, 0x0, 0x0,

    /* U+63D0 "提" */
    0x0, 0xc, 0xb0, 0x0, 0x33, 0x33, 0x33, 0x33,
    0x33, 0x0, 0x0, 0xe, 0xd0, 0x0, 0xcf, 0xff,
    0xff, 0xff, 0xfd, 0x0, 0x0, 0xe, 0xd0, 0x0,
    0xce, 0x22, 0x22, 0x22, 0xfd, 0x0, 0x0, 0xe,
    0xd0, 0x0, 0xcf, 0x44, 0x44, 0x44, 0xfd, 0x0,
    0x3b, 0xbf, 0xfb, 0xb0, 0xcf, 0xff, 0xff, 0xff,
    0xfd, 0x0, 0x3d, 0xdf, 0xfd, 0xc0, 0xce, 0x0,
    0x0, 0x0, 0xfd, 0x0, 0x0, 0xe, 0xd0, 0x0,
    0xcf, 0xff, 0xff, 0xff, 0xfd, 0x0, 0x0, 0xe,
    0xd0, 0x0, 0x57, 0x77, 0x77, 0x77, 0x76, 0x0,
    0x0, 0xe, 0xd1, 0x46, 0x88, 0x88, 0x88, 0x88,
    0x88, 0x70, 0x0, 0x1f, 0xff, 0xec, 0xff, 0xff,
    0xff, 0xff, 0xff, 0xe0, 0x4c, 0xff, 0xfd, 0x80,
    0x0, 0x0, 0xfd, 0x0, 0x0, 0x0, 0x4f, 0xef,
    0xd0, 0x0, 0x8e, 0x20, 0xfd, 0x0, 0x0, 0x0,
    0x4, 0xe, 0xd0, 0x0, 0xbf, 0x0, 0xff, 0x99,
    0x97, 0x0, 0x0, 0xe, 0xd0, 0x0, 0xef, 0x0,
    0xff, 0xff, 0xfd, 0x0, 0x0, 0xe, 0xd0, 0x3,
    0xff, 0x40, 0xfd, 0x0, 0x0, 0x0, 0x0, 0xe,
    0xd0, 0x9, 0xfe, 0xd0, 0xfd, 0x0, 0x0, 0x0,
    0x0, 0xe, 0xd0, 0x2f, 0xd2, 0xfc, 0xfd, 0x0,
    0x0, 0x0, 0x9, 0xaf, 0xc0, 0xcf, 0x50, 0x5f,
    0xff, 0xba, 0xaa, 0xa3, 0xa, 0xfe, 0x51, 0xca,
    0x0, 0x2, 0x9d, 0xff, 0xff, 0xf1, 0x0, 0x10,
    0x0, 0x0, 0x0, 0x0, 0x0, 0x0, 0x0, 0x0,

    /* U+63D2 "插" */
    0x0, 0xd, 0xb0, 0x0, 0x0, 0x0, 0x0, 0x36,
    0xa4, 0x0, 0x0, 0xf, 0xd0, 0x0, 0x69, 0xac,
    0xef, 0xff, 0xfc, 0x0, 0x0, 0xf, 0xd0, 0x0,
    0x7f, 0xed, 0xef, 0x96, 0x30, 0x0, 0x0, 0xf,
    0xd0, 0x0, 0x0, 0x0, 0xbf, 0x10, 0x0, 0x0,
    0xe, 0xef, 0xfe, 0x90, 0x0, 0x0, 0xbf, 0x10,
    0x0, 0x0, 0xf, 0xff, 0xff, 0x9a, 0xff, 0xff,
    0xff, 0xff, 0xff, 0xf1, 0x0, 0xf, 0xd0, 0x7,
    0xaa, 0xaa, 0xef, 0xba, 0xaa, 0xa0, 0x0, 0xf,
    0xd0, 0x0, 0x0, 0x10, 0xbf, 0x10, 0x0, 0x0,
    0x0, 0xf, 0xd0, 0x0, 0x4a, 0xf8, 0xbf, 0x4a,
    0xaa, 0x20, 0x0, 0xf, 0xe9, 0xa0, 0xff, 0xb5,
    0xbf, 0x5f, 0xff, 0x40, 0x29, 0xdf, 0xff, 0xc0,
    0xfb, 0x0, 0xbf, 0x10, 0x7f, 0x40, 0x2f, 0xff,
    0xe2, 0x0, 0xfb, 0x0, 0xbf, 0x10, 0x7f, 0x40,
    0x4, 0xf, 0xd0, 0x0, 0xff, 0xfc, 0xbf, 0x5f,
    0xff, 0x40, 0x0, 0xf, 0xd0, 0x0, 0xfe, 0xa8,
    0xbf, 0x49, 0xcf, 0x40, 0x0, 0xf, 0xd0, 0x0,
    0xfb, 0x0, 0xbf, 0x10, 0x7f, 0x40, 0x0, 0xf,
    0xd0, 0x0, 0xfb, 0x0, 0xbf, 0x10, 0x7f, 0x40,
    0x0, 0xf, 0xd0, 0x0, 0xff, 0xff, 0xff, 0xff,
    0xff, 0x40, 0x6, 0xdf, 0xc0, 0x0, 0xfe, 0xbb,
    0xbb, 0xbb, 0xdf, 0x40, 0x4, 0xec, 0x40, 0x0,
    0xfb, 0x0, 0x0, 0x0, 0x7f, 0x40, 0x0, 0x0,
    0x0, 0x0, 0x0, 0x0, 0x0, 0x0, 0x1, 0x0,

    /* U+6478 "摸" */
    0x0, 0x0, 0x0, 0x0, 0x0, 0x0, 0x0, 0x0,
    0x0, 0x0, 0x0, 0xf, 0xc0, 0x0, 0x2, 0xfa,
    0x0, 0x8f, 0x40, 0x0, 0x0, 0xf, 0xc0, 0x8,
    0x89, 0xfd, 0x88, 0xcf, 0xa8, 0x70, 0x0, 0xf,
    0xc0, 0xf, 0xff, 0xff, 0xff, 0xff, 0xff, 0xe0,
    0x2, 0x2f, 0xd2, 0x10, 0x3, 0xfa, 0x0, 0x9f,
    0x50, 0x0, 0x2f, 0xff, 0xff, 0xd0, 0x12, 0x75,
    0x11, 0x47, 0x20, 0x0, 0x1c, 0xcf, 0xfc, 0xa1,
    0xff, 0xff, 0xff, 0xff, 0xfe, 0x0, 0x0, 0xf,
    0xc0, 0x1, 0xfc, 0x44, 0x44, 0x44, 0xfe, 0x0,
    0x0, 0xf, 0xc0, 0x1, 0xfc, 0x55, 0x55, 0x55,
    0xfe, 0x0, 0x0, 0xf, 0xc0, 0x1, 0xff, 0xff,
    0xff, 0xff, 0xfe, 0x0, 0x0, 0xf, 0xea, 0xd1,
    0xfb, 0x0, 0x0, 0x0, 0xfe, 0x0, 0x18, 0xcf,
    0xff, 0xb1, 0xff, 0xff, 0xff, 0xff, 0xfe, 0x0,
    0x2f, 0xff, 0xd0, 0x0, 0x55, 0x56, 0xfd, 0x55,
    0x54, 0x0, 0x5, 0xf, 0xc0, 0x0, 0x0, 0x4,
    0xfa, 0x0, 0x0, 0x0, 0x0, 0xf, 0xc0, 0x4f,
    0xff, 0xff, 0xff, 0xff, 0xff, 0xf0, 0x0, 0xf,
    0xc0, 0x28, 0x88, 0x8f, 0xff, 0xf8, 0x88, 0x80,
    0x0, 0xf, 0xc0, 0x0, 0x0, 0x8f, 0xb9, 0xf8,
    0x0, 0x0, 0x0, 0xf, 0xc0, 0x0, 0x1a, 0xfe,
    0x20, 0xdf, 0xa1, 0x0, 0xa, 0xbf, 0xb0, 0x4b,
    0xff, 0xd2, 0x0, 0x1d, 0xff, 0xa1, 0xa, 0xfd,
    0x40, 0x3f, 0xc6, 0x0, 0x0, 0x0, 0x7e, 0xa0,
    0x0, 0x0, 0x0, 0x1, 0x0, 0x0, 0x0, 0x0,
    0x0, 0x0,

    /* U+64A4 "撤" */
    0x0, 0x1d, 0x70, 0x0, 0x6c, 0x0, 0x0, 0xac,
    0x0, 0x0, 0x0, 0x1f, 0x90, 0x0, 0x5f, 0x50,
    0x0, 0xcc, 0x0, 0x0, 0x0, 0x1f, 0x90, 0xce,
    0xef, 0xfe, 0xe1, 0xfa, 0x0, 0x0, 0x0, 0x1f,
    0x90, 0x9a, 0xfd, 0xaa, 0xa3, 0xfc, 0x88, 0x82,
    0xf, 0xff, 0xff, 0x36, 0xf4, 0x67, 0x5, 0xff,
    0xff, 0xf4, 0xc, 0xdf, 0xec, 0x4e, 0xa2, 0x9f,
    0x19, 0xf3, 0x5f, 0x80, 0x0, 0x1f, 0x90, 0xbf,
    0xff, 0xff, 0x8e, 0xf0, 0x4f, 0x50, 0x0, 0x1f,
    0x90, 0x56, 0x42, 0x5, 0x8f, 0xf2, 0x6f, 0x30,
    0x0, 0x1f, 0x90, 0x5f, 0xff, 0xff, 0xbe, 0xf4,
    0x8f, 0x0, 0x0, 0x2f, 0xef, 0x8f, 0x97, 0xaf,
    0x35, 0xe7, 0xbd, 0x0, 0x2c, 0xff, 0xfe, 0x8f,
    0x30, 0x5f, 0x30, 0xba, 0xea, 0x0, 0xf, 0xef,
    0xa0, 0x5f, 0xff, 0xff, 0x30, 0x8f, 0xf6, 0x0,
    0x2, 0x1f, 0x90, 0x5f, 0x75, 0x9f, 0x30, 0x4f,
    0xf2, 0x0, 0x0, 0x1f, 0x90, 0x5f, 0x75, 0x9f,
    0x30, 0xf, 0xd0, 0x0, 0x0, 0x1f, 0x90, 0x5f,
    0xff, 0xff, 0x30, 0x5f, 0xe0, 0x0, 0x0, 0x1f,
    0x90, 0x5f, 0x30, 0x5f, 0x30, 0xef, 0xf8, 0x0,
    0x0, 0x1f, 0x90, 0x5f, 0x30, 0x5f, 0x3a, 0xf5,
    0xcf, 0x40, 0x6, 0xbf, 0x80, 0x5f, 0x37, 0xcf,
    0xcf, 0xa0, 0x2f, 0xe1, 0x6, 0xfc, 0x20, 0x5f,
    0x37, 0xea, 0x4b, 0x0, 0x6, 0x80, 0x0, 0x0,
    0x0, 0x0, 0x0, 0x0, 0x0, 0x0, 0x0, 0x0,

    /* U+64CD "操" */
    0x0, 0xe, 0xa0, 0x0, 0x1, 0x11, 0x11, 0x11,
    0x10, 0x0, 0x0, 0xf, 0xb0, 0x0, 0xf, 0xff,
    0xff, 0xff, 0xb0, 0x0, 0x0, 0xf, 0xb0, 0x0,
    0xf, 0xe4, 0x44, 0x4f, 0xb0, 0x0, 0x0, 0x1f,
    0xb0, 0x0, 0xf, 0xd1, 0x11, 0x1f, 0xb0, 0x0,
    0x2f, 0xff, 0xff, 0x80, 0xf, 0xff, 0xff, 0xff,
    0xb0, 0x0, 0x1a, 0xaf, 0xea, 0x50, 0x4, 0x44,
    0x44, 0x44, 0x30, 0x0, 0x0, 0xf, 0xb0, 0xe,
    0xff, 0xff, 0x68, 0xff, 0xff, 0xa0, 0x0, 0xf,
    0xb0, 0xe, 0xb6, 0x6f, 0x79, 0xe6, 0x6e, 0xb0,
    0x0, 0xf, 0xb1, 0x2e, 0x80, 0x1f, 0x79, 0xd0,
    0xd, 0xb0, 0x0, 0x2f, 0xff, 0x8e, 0xc8, 0x8f,
    0x79, 0xe8, 0x8e, 0xb0, 0x3c, 0xff, 0xfc, 0x4c,
    0xdd, 0xdd, 0x9a, 0xdd, 0xdd, 0x80, 0x1f, 0xcf,
    0xb0, 0x0, 0x0, 0x0, 0xfd, 0x0, 0x0, 0x0,
    0x1, 0xf, 0xb0, 0x1f, 0xff, 0xff, 0xff, 0xff,
    0xff, 0xf1, 0x0, 0xf, 0xb0, 0x9, 0x99, 0xaf,
    0xff, 0xf9, 0x99, 0x90, 0x0, 0xf, 0xb0, 0x0,
    0x1, 0xcf, 0xff, 0xf8, 0x0, 0x0, 0x0, 0xf,
    0xb0, 0x0, 0x3d, 0xf8, 0xfd, 0x9f, 0xa0, 0x0,
    0x0, 0xf, 0xb0, 0x19, 0xff, 0x70, 0xfd, 0xa,
    0xfd, 0x40, 0x5, 0xbf, 0xb2, 0xff, 0xd4, 0x0,
    0xfd, 0x0, 0x8f, 0xf2, 0x4, 0xfd, 0x40, 0x66,
    0x0, 0x0, 0xfd, 0x0, 0x3, 0x40,

    /* U+64CE "擎" */
    0x0, 0xa, 0xb0, 0x3e, 0x40, 0x0, 0x9a, 0x0,
    0x0, 0x0, 0xf, 0xff, 0xff, 0xff, 0xff, 0x51,
    0xfa, 0x0, 0x0, 0x0, 0x4, 0x4d, 0xe4, 0x7f,
    0x74, 0x18, 0xff, 0xff, 0xff, 0xf1, 0x0, 0xaf,
    0x86, 0x78, 0x75, 0x3f, 0xf6, 0x56, 0xfd, 0x50,
    0x5, 0xfb, 0x88, 0x88, 0xee, 0xed, 0xf9, 0x8,
    0xf5, 0x0, 0x1e, 0xff, 0xdd, 0xd0, 0xcc, 0x32,
    0x7f, 0xaf, 0xa0, 0x0, 0x3, 0x8d, 0x15, 0xf0,
    0xdb, 0x0, 0x3f, 0xff, 0x10, 0x0, 0x0, 0x8f,
    0xbc, 0xf1, 0xfa, 0x7c, 0xff, 0xaf, 0xf9, 0x40,
    0x0, 0x6b, 0x33, 0xef, 0xf5, 0xbd, 0x70, 0x3,
    0xcf, 0xd0, 0x0, 0x0, 0x11, 0x57, 0x53, 0x45,
    0x67, 0x98, 0x2, 0x20, 0x0, 0xc, 0xff, 0xff,
    0xff, 0xfe, 0xdc, 0xa8, 0x20, 0x0, 0x0, 0x1,
    0x22, 0x21, 0x1c, 0xf0, 0x0, 0x0, 0x0, 0x0,
    0x0, 0x6f, 0xff, 0xff, 0xff, 0xff, 0xff, 0xff,
    0xfb, 0x0, 0x0, 0x26, 0x66, 0x66, 0x6d, 0xf6,
    0x66, 0x66, 0x64, 0x0, 0x6, 0x66, 0x66, 0x66,
    0x6e, 0xf6, 0x66, 0x66, 0x66, 0x60, 0xe, 0xff,
    0xff, 0xff, 0xff, 0xff, 0xff, 0xff, 0xff, 0xf1,
    0x0, 0x0, 0x0, 0x0, 0xc, 0xf0, 0x0, 0x0,
    0x0, 0x0, 0x0, 0x0, 0x0, 0x37, 0x7e, 0xf0,
    0x0, 0x0, 0x0, 0x0, 0x0, 0x0, 0x0, 0x1f,
    0xfe, 0x70, 0x0, 0x0, 0x0, 0x0, 0x0, 0x0,
    0x0, 0x0, 0x0, 0x0, 0x0, 0x0, 0x0, 0x0,

    /* U+652F "支" */
    0x0, 0x0, 0x0, 0x0, 0xe, 0xc0, 0x0, 0x0,
    0x0, 0x0, 0x0, 0x0, 0x0, 0x0, 0xf, 0xe0,
    0x0, 0x0, 0x0, 0x0, 0x0, 0x0, 0x0, 0x0,
    0x1f, 0xe0, 0x0, 0x0, 0x0, 0x0, 0x8, 0xff,
    0xff, 0xff, 0xff, 0xff, 0xff, 0xff, 0xff, 0x70,
    0x7, 0xdd, 0xdd, 0xdd, 0xdf, 0xfd, 0xdd, 0xdd,
    0xdd, 0x60, 0x0, 0x0, 0x0, 0x0, 0xf, 0xe0,
    0x0, 0x0, 0x0, 0x0, 0x0, 0x0, 0x0, 0x0,
    0xf, 0xe0, 0x0, 0x0, 0x0, 0x0, 0x0, 0x12,
    0x22, 0x22, 0x3f, 0xf2, 0x22, 0x23, 0x0, 0x0,
    0x0, 0x9f, 0xff, 0xff, 0xff, 0xff, 0xff, 0xff,
    0xb0, 0x0, 0x0, 0x6b, 0xef, 0xbb, 0xbb, 0xbb,
    0xbb, 0xff, 0x90, 0x0, 0x0, 0x0, 0xaf, 0x80,
    0x0, 0x0, 0x3, 0xff, 0x10, 0x0, 0x0, 0x0,
    0x1e, 0xf4, 0x0, 0x0, 0x1d, 0xf6, 0x0, 0x0,
    0x0, 0x0, 0x4, 0xff, 0x40, 0x1, 0xdf, 0xa0,
    0x0, 0x0, 0x0, 0x0, 0x0, 0x6f, 0xf7, 0x4e,
    0xfa, 0x0, 0x0, 0x0, 0x0, 0x0, 0x0, 0x6,
    0xff, 0xff, 0x80, 0x0, 0x0, 0x0, 0x0, 0x0,
    0x0, 0x5b, 0xff, 0xff, 0xc6, 0x10, 0x0, 0x0,
    0x1, 0x47, 0xbf, 0xff, 0xe6, 0x6e, 0xff, 0xfc,
    0x85, 0x20, 0x1f, 0xff, 0xff, 0xa4, 0x0, 0x0,
    0x5b, 0xff, 0xff, 0xd0, 0x8, 0xb8, 0x40, 0x0,
    0x0, 0x0, 0x0, 0x4, 0x7a, 0x40,

    /* U+6536 "收" */
    0x0, 0x0, 0x3, 0x40, 0x0, 0x57, 0x20, 0x0,
    0x0, 0x0, 0x0, 0x0, 0xcf, 0x10, 0xb, 0xf5,
    0x0, 0x0, 0x0, 0x8, 0x60, 0xc, 0xf1, 0x0,
    0xef, 0x20, 0x0, 0x0, 0x1, 0xfc, 0x0, 0xcf,
    0x10, 0x2f, 0xe0, 0x0, 0x0, 0x0, 0x1f, 0xc0,
    0xc, 0xf1, 0x8, 0xff, 0xff, 0xff, 0xff, 0x31,
    0xfc, 0x0, 0xcf, 0x10, 0xdf, 0xcb, 0xbb, 0xff,
    0xb2, 0x1f, 0xc0, 0xc, 0xf1, 0x5f, 0xf1, 0x0,
    0x2f, 0xb0, 0x1, 0xfc, 0x0, 0xcf, 0x2d, 0xff,
    0x50, 0x5, 0xf8, 0x0, 0x1f, 0xc0, 0xc, 0xfa,
    0xfe, 0xfa, 0x0, 0x9f, 0x40, 0x1, 0xfc, 0x0,
    0xcf, 0x5f, 0x4b, 0xf1, 0xe, 0xf0, 0x0, 0x1f,
    0xc0, 0xc, 0xf1, 0x30, 0x5f, 0x74, 0xfa, 0x0,
    0x1, 0xfc, 0x1, 0xdf, 0x10, 0x0, 0xee, 0xbf,
    0x40, 0x0, 0x1f, 0xec, 0xff, 0xf1, 0x0, 0x7,
    0xff, 0xd0, 0x0, 0x8, 0xff, 0xfc, 0xef, 0x10,
    0x0, 0x1f, 0xf6, 0x0, 0x0, 0x6f, 0x92, 0xc,
    0xf1, 0x0, 0x9, 0xff, 0xd1, 0x0, 0x1, 0x20,
    0x0, 0xcf, 0x10, 0x8, 0xfe, 0xbf, 0xc1, 0x0,
    0x0, 0x0, 0xc, 0xf1, 0x1b, 0xff, 0x30, 0xcf,
    0xd3, 0x0, 0x0, 0x0, 0xcf, 0x3f, 0xfd, 0x20,
    0x0, 0xcf, 0xf2, 0x0, 0x0, 0xc, 0xf1, 0x89,
    0x0, 0x0, 0x0, 0x85, 0x0, 0x0, 0x0, 0x0,
    0x0, 0x0, 0x0, 0x0, 0x0, 0x0,

    /* U+653E "放" */
    0x0, 0x0, 0x79, 0x0, 0x0, 0x0, 0x98, 0x10,
    0x0, 0x0, 0x0, 0x0, 0xaf, 0x30, 0x0, 0x0,
    0xff, 0x0, 0x0, 0x0, 0x0, 0x0, 0x4f, 0x90,
    0x0, 0x4, 0xfc, 0x0, 0x0, 0x0, 0x19, 0x99,
    0x9d, 0x99, 0x96, 0x8, 0xf8, 0x0, 0x0, 0x0,
    0x2f, 0xff, 0xff, 0xff, 0xfb, 0xe, 0xff, 0xff,
    0xff, 0xf8, 0x3, 0x3f, 0xd3, 0x33, 0x32, 0x4f,
    0xfb, 0xbb, 0xff, 0xb5, 0x0, 0xf, 0xd0, 0x0,
    0x0, 0xaf, 0xe0, 0x0, 0xfe, 0x0, 0x0, 0xf,
    0xfa, 0xab, 0xa3, 0xff, 0xf2, 0x3, 0xfb, 0x0,
    0x0, 0xf, 0xff, 0xff, 0xfd, 0xfe, 0xf6, 0x7,
    0xf7, 0x0, 0x0, 0xf, 0xd0, 0xe, 0xea, 0xe3,
    0xfa, 0xb, 0xf3, 0x0, 0x0, 0xf, 0xc0, 0xe,
    0xe0, 0x30, 0xdf, 0x2f, 0xe0, 0x0, 0x0, 0x1f,
    0xb0, 0xf, 0xd0, 0x0, 0x7f, 0xcf, 0x80, 0x0,
    0x0, 0x3f, 0xa0, 0xf, 0xd0, 0x0, 0x2f, 0xff,
    0x20, 0x0, 0x0, 0x6f, 0x70, 0xf, 0xc0, 0x0,
    0xc, 0xfa, 0x0, 0x0, 0x0, 0xaf, 0x40, 0xf,
    0xc0, 0x0, 0x4f, 0xff, 0x20, 0x0, 0x1, 0xff,
    0x0, 0x2f, 0xb0, 0x4, 0xff, 0xbf, 0xd1, 0x0,
    0x9, 0xf8, 0x0, 0x4f, 0x90, 0x8f, 0xf7, 0xc,
    0xfe, 0x30, 0x4f, 0xe1, 0x6a, 0xdf, 0x8e, 0xff,
    0x50, 0x0, 0xcf, 0xf6, 0x1b, 0x50, 0x5f, 0xfb,
    0xa, 0xc2, 0x0, 0x0, 0x8, 0xc0, 0x0, 0x0,
    0x0, 0x0, 0x0, 0x0, 0x0, 0x0, 0x0, 0x0,

    /* U+6548 "效" */
    0x0, 0x0, 0x58, 0x0, 0x0, 0x0, 0x39, 0x30,
    0x0, 0x0, 0x0, 0x0, 0xaf, 0x50, 0x0, 0x0,
    0x7f, 0x50, 0x0, 0x0, 0x0, 0x0, 0x1f, 0xb0,
    0x0, 0x0, 0xaf, 0x20, 0x0, 0x0, 0xc, 0xdd,
    0xdf, 0xdd, 0xdd, 0x40, 0xee, 0x11, 0x11, 0x10,
    0xd, 0xee, 0xee, 0xee, 0xee, 0x52, 0xff, 0xff,
    0xff, 0xf1, 0x0, 0xa, 0x50, 0x1a, 0x40, 0x6,
    0xfc, 0xaa, 0xff, 0xa0, 0x0, 0x6f, 0x70, 0x1e,
    0xe1, 0xc, 0xf1, 0x0, 0xee, 0x0, 0x0, 0xee,
    0x0, 0x4, 0xfa, 0x3f, 0xf0, 0x1, 0xfb, 0x0,
    0x9, 0xf6, 0x0, 0x46, 0xcf, 0xdf, 0xf4, 0x5,
    0xf7, 0x0, 0x3f, 0xc7, 0x60, 0xbf, 0x56, 0xfd,
    0xf9, 0x9, 0xf3, 0x0, 0x6, 0x3e, 0xf7, 0xfc,
    0x0, 0x72, 0xde, 0xe, 0xe0, 0x0, 0x0, 0x2,
    0xef, 0xf6, 0x0, 0x0, 0x7f, 0xaf, 0x80, 0x0,
    0x0, 0x0, 0x5f, 0xf3, 0x0, 0x0, 0x1f, 0xff,
    0x20, 0x0, 0x0, 0x0, 0xaf, 0xfe, 0x10, 0x0,
    0xa, 0xfb, 0x0, 0x0, 0x0, 0x6, 0xfc, 0x9f,
    0xb0, 0x0, 0x3f, 0xff, 0x20, 0x0, 0x0, 0x5f,
    0xf2, 0xd, 0xf4, 0x3, 0xef, 0xaf, 0xd1, 0x0,
    0x8, 0xff, 0x40, 0x3, 0x70, 0x6f, 0xf6, 0xa,
    0xfe, 0x30, 0x1d, 0xe3, 0x0, 0x0, 0xc, 0xff,
    0x50, 0x0, 0xbf, 0xf1, 0x1, 0x10, 0x0, 0x0,
    0x6, 0xb2, 0x0, 0x0, 0x8, 0x50,

    /* U+6570 "数" */
    0x0, 0x40, 0x1e, 0xa0, 0x33, 0x0, 0x79, 0x0,
    0x0, 0x0, 0x3, 0xf8, 0x1f, 0xb0, 0xde, 0x10,
    0xcf, 0x0, 0x0, 0x0, 0x0, 0xbf, 0x1f, 0xb5,
    0xf5, 0x0, 0xfc, 0x0, 0x0, 0x0, 0x3, 0x79,
    0x4f, 0xc6, 0xa3, 0x22, 0xf9, 0x0, 0x0, 0x0,
    0x1f, 0xff, 0xff, 0xff, 0xff, 0xa6, 0xff, 0xff,
    0xff, 0xf1, 0x5, 0x55, 0xff, 0xfd, 0x55, 0x3b,
    0xfc, 0xbb, 0xfe, 0xb0, 0x0, 0x1c, 0xff, 0xef,
    0xe4, 0x1f, 0xf5, 0x2, 0xf9, 0x0, 0x6, 0xef,
    0x5f, 0xb2, 0xdb, 0x7f, 0xf9, 0x4, 0xf6, 0x0,
    0x1e, 0xd3, 0x1f, 0xa0, 0x12, 0xee, 0xdd, 0x8,
    0xf3, 0x0, 0x3, 0x0, 0x89, 0x0, 0x3, 0xe7,
    0x8f, 0x2c, 0xf0, 0x0, 0x6, 0x99, 0xfe, 0x99,
    0x96, 0x20, 0x4f, 0x9f, 0xa0, 0x0, 0xb, 0xff,
    0xff, 0xff, 0xfc, 0x0, 0xe, 0xff, 0x50, 0x0,
    0x0, 0x2f, 0xb0, 0x6, 0xf6, 0x0, 0x8, 0xfe,
    0x0, 0x0, 0x0, 0xbf, 0xa1, 0x2e, 0xd0, 0x0,
    0x9, 0xfe, 0x0, 0x0, 0x0, 0x4a, 0xff, 0xef,
    0x30, 0x0, 0x5f, 0xff, 0xa0, 0x0, 0x0, 0x0,
    0x8f, 0xff, 0x60, 0x5, 0xff, 0x3d, 0xf8, 0x0,
    0x1, 0x6d, 0xfd, 0x6d, 0xc2, 0xaf, 0xf3, 0x2,
    0xef, 0xa1, 0x1e, 0xfe, 0x60, 0x0, 0x1b, 0xfd,
    0x20, 0x0, 0x3e, 0xe2, 0x4, 0x40, 0x0, 0x0,
    0x2, 0x70, 0x0, 0x0, 0x1, 0x30,

    /* U+6574 "整" */
    0x0, 0x0, 0x1, 0x0, 0x0, 0x0, 0x0, 0x0,
    0x0, 0x0, 0x0, 0x0, 0x1f, 0x90, 0x0, 0x0,
    0x9d, 0x20, 0x0, 0x0, 0xd, 0xff, 0xff, 0xff,
    0xff, 0x40, 0xef, 0x0, 0x0, 0x0, 0x6, 0x77,
    0x7f, 0xc7, 0x77, 0x16, 0xff, 0xee, 0xee, 0xe0,
    0x2, 0x44, 0x5f, 0xb4, 0x43, 0x1e, 0xff, 0xff,
    0xff, 0xf1, 0x7, 0xfe, 0xef, 0xfe, 0xfa, 0xbf,
    0xf5, 0x5, 0xf8, 0x0, 0x7, 0xf2, 0x2f, 0xa1,
    0xec, 0xdc, 0xcd, 0xc, 0xf2, 0x0, 0x7, 0xff,
    0xff, 0xff, 0xfa, 0x11, 0x3f, 0xef, 0x80, 0x0,
    0x0, 0x25, 0xff, 0xde, 0x51, 0x0, 0xb, 0xff,
    0x10, 0x0, 0x0, 0x6f, 0xcf, 0xaa, 0xf5, 0x5,
    0xdf, 0xcf, 0xe6, 0x0, 0xd, 0xf8, 0x1f, 0x90,
    0x43, 0xdf, 0xe5, 0x3, 0xdf, 0xe1, 0x3, 0x75,
    0x5b, 0x95, 0x55, 0x7b, 0x55, 0x55, 0x59, 0x40,
    0x0, 0xdf, 0xff, 0xff, 0xff, 0xff, 0xff, 0xff,
    0xfd, 0x0, 0x0, 0x33, 0x33, 0x33, 0x3f, 0xe3,
    0x33, 0x33, 0x33, 0x0, 0x0, 0x0, 0xdb, 0x0,
    0xf, 0xe3, 0x33, 0x33, 0x10, 0x0, 0x0, 0x0,
    0xfd, 0x0, 0xf, 0xff, 0xff, 0xff, 0x60, 0x0,
    0x0, 0x0, 0xfd, 0x0, 0xf, 0xe3, 0x33, 0x33,
    0x10, 0x0, 0xa, 0xaa, 0xff, 0xaa, 0xaf, 0xfa,
    0xaa, 0xaa, 0xaa, 0xa1, 0x1f, 0xff, 0xff, 0xff,
    0xff, 0xff, 0xff, 0xff, 0xff, 0xf2, 0x1f, 0xff,
    0xff, 0xff, 0xff, 0xff, 0xff, 0xff, 0xff, 0xf2,

    /* U+6587 "文" */
    0x0, 0x0, 0x0, 0x0, 0x0, 0x10, 0x0, 0x0,
    0x0, 0x0, 0x0, 0x0, 0x0, 0x0, 0x5f, 0xc0,
    0x0, 0x0, 0x0, 0x0, 0x0, 0x0, 0x0, 0x0,
    0x1f, 0xf5, 0x0, 0x0, 0x0, 0x0, 0x0, 0x0,
    0x0, 0x0, 0x9, 0xfa, 0x0, 0x0, 0x0, 0x0,
    0xa, 0xaa, 0xaa, 0xaa, 0xac, 0xda, 0xaa, 0xaa,
    0xaa, 0xa1, 0xf, 0xff, 0xff, 0xff, 0xff, 0xff,
    0xff, 0xff, 0xff, 0xf2, 0x3, 0x33, 0xcf, 0x63,
    0x33, 0x33, 0x37, 0xfe, 0x33, 0x30, 0x0, 0x0,
    0x6f, 0xa0, 0x0, 0x0, 0xa, 0xf8, 0x0, 0x0,
    0x0, 0x0, 0xe, 0xf2, 0x0, 0x0, 0x2f, 0xf1,
    0x0, 0x0, 0x0, 0x0, 0x6, 0xfc, 0x0, 0x0,
    0xbf, 0x80, 0x0, 0x0, 0x0, 0x0, 0x0, 0xcf,
    0x70, 0x5, 0xfe, 0x10, 0x0, 0x0, 0x0, 0x0,
    0x0, 0x2f, 0xf4, 0x2f, 0xf5, 0x0, 0x0, 0x0,
    0x0, 0x0, 0x0, 0x6, 0xff, 0xef, 0x90, 0x0,
    0x0, 0x0, 0x0, 0x0, 0x0, 0x0, 0xaf, 0xfd,
    0x0, 0x0, 0x0, 0x0, 0x0, 0x0, 0x0, 0x6,
    0xff, 0xff, 0x80, 0x0, 0x0, 0x0, 0x0, 0x0,
    0x3, 0xbf, 0xf9, 0x7f, 0xfd, 0x40, 0x0, 0x0,
    0x0, 0x5, 0xbf, 0xfe, 0x40, 0x3, 0xdf, 0xfd,
    0x60, 0x0, 0x19, 0xef, 0xfe, 0x70, 0x0, 0x0,
    0x7, 0xef, 0xff, 0xb2, 0xb, 0xfd, 0x60, 0x0,
    0x0, 0x0, 0x0, 0x6, 0xcf, 0xa0, 0x2, 0x20,
    0x0, 0x0, 0x0, 0x0, 0x0, 0x0, 0x1, 0x10,

    /* U+65AD "断" */
    0x23, 0x0, 0xa, 0xa0, 0x0, 0x0, 0x0, 0x6,
    0xb1, 0xa, 0xf0, 0x30, 0xcc, 0x3, 0x0, 0x4,
    0xaf, 0xff, 0x90, 0xaf, 0x2f, 0x3c, 0xc1, 0xf8,
    0x9f, 0xff, 0xe8, 0x20, 0xa, 0xf0, 0xd8, 0xcc,
    0x6f, 0x1d, 0xf7, 0x30, 0x0, 0x0, 0xaf, 0xa,
    0xbc, 0xcb, 0xa0, 0xdf, 0x0, 0x0, 0x0, 0xa,
    0xf0, 0x43, 0xcc, 0x62, 0xd, 0xf0, 0x0, 0x0,
    0x0, 0xaf, 0x4c, 0xcf, 0xfc, 0xc8, 0xdf, 0x0,
    0x0, 0x0, 0xa, 0xf4, 0xdd, 0xff, 0xdd, 0x9d,
    0xff, 0xff, 0xff, 0xf0, 0xaf, 0x0, 0x4f, 0xf5,
    0x0, 0xdf, 0xcc, 0xef, 0xcc, 0xa, 0xf0, 0xd,
    0xff, 0xf4, 0xd, 0xf0, 0xb, 0xf1, 0x0, 0xaf,
    0x8, 0xfe, 0xcb, 0xf3, 0xde, 0x0, 0xbf, 0x10,
    0xa, 0xf5, 0xf9, 0xcc, 0x1d, 0x3e, 0xd0, 0xb,
    0xf1, 0x0, 0xaf, 0x9d, 0xc, 0xc0, 0x0, 0xfc,
    0x0, 0xbf, 0x10, 0xa, 0xf1, 0x20, 0xcc, 0x0,
    0x1f, 0xb0, 0xb, 0xf1, 0x0, 0xaf, 0x0, 0x6,
    0x60, 0x4, 0xf9, 0x0, 0xbf, 0x10, 0xa, 0xff,
    0xff, 0xff, 0xfe, 0x8f, 0x60, 0xb, 0xf1, 0x0,
    0x7b, 0xbb, 0xbb, 0xbb, 0xad, 0xf2, 0x0, 0xbf,
    0x10, 0x0, 0x0, 0x0, 0x0, 0x3, 0xfd, 0x0,
    0xb, 0xf1, 0x0, 0x0, 0x0, 0x0, 0x0, 0x7,
    0x60, 0x0, 0xbf, 0x10, 0x0, 0x0, 0x0, 0x0,
    0x0, 0x0, 0x0, 0x0, 0x0, 0x0,

    /* U+65B0 "新" */
    0x0, 0x0, 0x0, 0x0, 0x0, 0x0, 0x0, 0x0,
    0x0, 0x0, 0x0, 0x0, 0x9f, 0x20, 0x0, 0x0,
    0x0, 0x1, 0x75, 0x0, 0x0, 0x0, 0x5f, 0x90,
    0x0, 0x2, 0x59, 0xdf, 0xff, 0x30, 0xc, 0xff,
    0xff, 0xff, 0xff, 0xc, 0xff, 0xd9, 0x51, 0x0,
    0x8, 0xad, 0x99, 0x9c, 0xb9, 0xc, 0xf0, 0x0,
    0x0, 0x0, 0x0, 0x7f, 0x20, 0xe, 0xe0, 0xc,
    0xf0, 0x0, 0x0, 0x0, 0x0, 0x3f, 0x70, 0x3f,
    0x80, 0xc, 0xf0, 0x0, 0x0, 0x0, 0x1, 0x1f,
    0x71, 0x9f, 0x41, 0xc, 0xf0, 0x0, 0x0, 0x0,
    0x2f, 0xff, 0xff, 0xff, 0xff, 0x6c, 0xff, 0xff,
    0xff, 0xf1, 0x17, 0x77, 0x9f, 0xc7, 0x77, 0x2c,
    0xfc, 0xcf, 0xfc, 0xc1, 0x0, 0x0, 0x2f, 0x80,
    0x0, 0xc, 0xf0, 0xc, 0xf1, 0x0, 0xf, 0xff,
    0xff, 0xff, 0xff, 0x1c, 0xf0, 0xc, 0xf1, 0x0,
    0xa, 0xaa, 0xbf, 0xda, 0xaa, 0x1d, 0xe0, 0xc,
    0xf1, 0x0, 0x0, 0x44, 0x2f, 0x83, 0x60, 0xe,
    0xd0, 0xc, 0xf1, 0x0, 0x0, 0xdc, 0x2f, 0x8a,
    0xf1, 0xf, 0xb0, 0xc, 0xf1, 0x0, 0x5, 0xf6,
    0x2f, 0x82, 0xf8, 0x3f, 0x90, 0xc, 0xf1, 0x0,
    0xd, 0xe0, 0x2f, 0x80, 0xbe, 0x7f, 0x50, 0xc,
    0xf1, 0x0, 0x1b, 0x60, 0x2f, 0x80, 0x32, 0xdf,
    0x10, 0xc, 0xf1, 0x0, 0x0, 0x7, 0xaf, 0x80,
    0x6, 0xfb, 0x0, 0xc, 0xf1, 0x0, 0x0, 0x8,
    0xfd, 0x20, 0x2, 0xb3, 0x0, 0xc, 0xf1, 0x0,

    /* U+65B9 "方" */
    0x0, 0x0, 0x0, 0x0, 0x0, 0x20, 0x0, 0x0,
    0x0, 0x0, 0x0, 0x0, 0x0, 0x0, 0x1d, 0xf1,
    0x0, 0x0, 0x0, 0x0, 0x0, 0x0, 0x0, 0x0,
    0xb, 0xf9, 0x0, 0x0, 0x0, 0x0, 0x0, 0x0,
    0x0, 0x0, 0x3, 0xfd, 0x0, 0x0, 0x0, 0x0,
    0x7, 0xbb, 0xbb, 0xbb, 0xbb, 0xfb, 0xbb, 0xbb,
    0xbb, 0xb0, 0x9, 0xff, 0xff, 0xff, 0xff, 0xff,
    0xff, 0xff, 0xff, 0xf0, 0x0, 0x11, 0x11, 0x6f,
    0xc1, 0x11, 0x11, 0x11, 0x11, 0x10, 0x0, 0x0,
    0x0, 0x6f, 0xa0, 0x0, 0x0, 0x0, 0x0, 0x0,
    0x0, 0x0, 0x0, 0x7f, 0x90, 0x0, 0x0, 0x0,
    0x0, 0x0, 0x0, 0x0, 0x0, 0x9f, 0xed, 0xdd,
    0xdd, 0xdd, 0xd1, 0x0, 0x0, 0x0, 0x0, 0xbf,
    0xff, 0xff, 0xff, 0xff, 0xf0, 0x0, 0x0, 0x0,
    0x0, 0xef, 0x20, 0x0, 0x0, 0xf, 0xf0, 0x0,
    0x0, 0x0, 0x2, 0xfe, 0x0, 0x0, 0x0, 0x1f,
    0xe0, 0x0, 0x0, 0x0, 0x7, 0xfa, 0x0, 0x0,
    0x0, 0x2f, 0xc0, 0x0, 0x0, 0x0, 0xe, 0xf4,
    0x0, 0x0, 0x0, 0x4f, 0xb0, 0x0, 0x0, 0x0,
    0x7f, 0xd0, 0x0, 0x0, 0x0, 0x6f, 0x90, 0x0,
    0x0, 0x3, 0xff, 0x50, 0x0, 0x0, 0x0, 0x9f,
    0x60, 0x0, 0x0, 0x3f, 0xfa, 0x0, 0x0, 0x0,
    0x0, 0xef, 0x30, 0x0, 0x8, 0xff, 0xb0, 0x0,
    0x3, 0xdc, 0xcd, 0xfd, 0x0, 0x0, 0x4, 0xf8,
    0x0, 0x0, 0x0, 0xff, 0xff, 0xc3, 0x0, 0x0,
    0x0, 0x10, 0x0, 0x0, 0x0, 0x0, 0x0, 0x0,
    0x0, 0x0,

    /* U+65E0 "无" */
    0x0, 0x7b, 0xbb, 0xbb, 0xbb, 0xbb, 0xbb, 0xbb,
    0xbb, 0x10, 0x0, 0xaf, 0xff, 0xff, 0xff, 0xff,
    0xff, 0xff, 0xff, 0x20, 0x0, 0x12, 0x22, 0x22,
    0x5f, 0xc2, 0x22, 0x22, 0x22, 0x0, 0x0, 0x0,
    0x0, 0x0, 0x3f, 0xa0, 0x0, 0x0, 0x0, 0x0,
    0x0, 0x0, 0x0, 0x0, 0x4f, 0x90, 0x0, 0x0,
    0x0, 0x0, 0x0, 0x0, 0x0, 0x0, 0x5f, 0x80,
    0x0, 0x0, 0x0, 0x0, 0xd, 0xdd, 0xdd, 0xdd,
    0xef, 0xed, 0xdd, 0xdd, 0xdd, 0xd1, 0xf, 0xff,
    0xff, 0xff, 0xff, 0xff, 0xff, 0xff, 0xff, 0xf1,
    0x0, 0x0, 0x0, 0x0, 0xdf, 0xcf, 0x40, 0x0,
    0x0, 0x0, 0x0, 0x0, 0x0, 0x2, 0xfd, 0xbf,
    0x40, 0x0, 0x0, 0x0, 0x0, 0x0, 0x0, 0x8,
    0xf8, 0xbf, 0x40, 0x0, 0x0, 0x0, 0x0, 0x0,
    0x0, 0xe, 0xf3, 0xbf, 0x40, 0x0, 0x0, 0x0,
    0x0, 0x0, 0x0, 0x9f, 0xb0, 0xbf, 0x40, 0x0,
    0x1, 0x0, 0x0, 0x0, 0x5, 0xff, 0x20, 0xbf,
    0x40, 0x0, 0x6, 0xc2, 0x0, 0x0, 0x5f, 0xf7,
    0x0, 0xbf, 0x40, 0x0, 0x8, 0xf3, 0x0, 0x8,
    0xff, 0x80, 0x0, 0xaf, 0x50, 0x0, 0xb, 0xf0,
    0x7, 0xef, 0xf7, 0x0, 0x0, 0x8f, 0xfd, 0xdd,
    0xef, 0xd0, 0xa, 0xfc, 0x30, 0x0, 0x0, 0x1b,
    0xff, 0xff, 0xfd, 0x30, 0x0, 0x40, 0x0, 0x0,
    0x0, 0x0, 0x0, 0x0, 0x0, 0x0,

    /* U+65E2 "既" */
    0xa, 0xcb, 0xbb, 0xb9, 0x8, 0x88, 0x88, 0x88,
    0x86, 0x0, 0xef, 0xee, 0xef, 0xd0, 0xef, 0xff,
    0xff, 0xff, 0xb0, 0xe, 0xe0, 0x0, 0xed, 0x1,
    0x22, 0x3f, 0xa2, 0x21, 0x0, 0xee, 0x22, 0x2f,
    0xd0, 0x2d, 0x61, 0xf9, 0x0, 0x0, 0xe, 0xff,
    0xff, 0xfd, 0x5, 0xf4, 0x2f, 0x80, 0x0, 0x0,
    0xee, 0x55, 0x5f, 0xd0, 0x9f, 0x13, 0xf7, 0x0,
    0x0, 0xe, 0xe0, 0x0, 0xed, 0xd, 0xd0, 0x5f,
    0x50, 0x0, 0x0, 0xef, 0x99, 0x9f, 0xd3, 0xff,
    0xff, 0xff, 0xff, 0xf2, 0xe, 0xff, 0xff, 0xfd,
    0xb, 0xa9, 0xef, 0x99, 0x99, 0x10, 0xee, 0x0,
    0x0, 0x0, 0x0, 0xe, 0xd0, 0x0, 0x0, 0xe,
    0xe0, 0x0, 0x0, 0x0, 0x3, 0xfd, 0x50, 0x0,
    0x0, 0xee, 0x0, 0x9e, 0x0, 0x0, 0x9f, 0xfb,
    0x0, 0x0, 0xe, 0xe0, 0x5, 0xf6, 0x0, 0xe,
    0xed, 0xb0, 0x0, 0x0, 0xee, 0x2, 0x9f, 0xd0,
    0x7, 0xf8, 0xcb, 0x0, 0x10, 0xe, 0xfa, 0xff,
    0xef, 0x41, 0xff, 0x1c, 0xb0, 0xf, 0x43, 0xff,
    0xfc, 0x42, 0xd4, 0xbf, 0x70, 0xcb, 0x0, 0xf5,
    0x4f, 0xc4, 0x0, 0x0, 0x9f, 0xc0, 0xc, 0xfa,
    0xbf, 0x30, 0x60, 0x0, 0x0, 0x1d, 0xe1, 0x0,
    0x6f, 0xff, 0xa0, 0x0, 0x0, 0x0, 0x0, 0x12,
    0x0, 0x0, 0x0, 0x0, 0x0,

    /* U+65E5 "日" */
    0xbd, 0xdd, 0xdd, 0xdd, 0xdd, 0xdd, 0xd4, 0xef,
    0xff, 0xff, 0xff, 0xff, 0xff, 0xf6, 0xef, 0x21,
    0x11, 0x11, 0x11, 0x1b, 0xf6, 0xef, 0x10, 0x0,
    0x0, 0x0, 0xa, 0xf6, 0xef, 0x10, 0x0, 0x0,
    0x0, 0xa, 0xf6, 0xef, 0x10, 0x0, 0x0, 0x0,
    0xa, 0xf6, 0xef, 0x10, 0x0, 0x0, 0x0, 0xa,
    0xf6, 0xef, 0xdd, 0xdd, 0xdd, 0xdd, 0xdf, 0xf6,
    0xef, 0xff, 0xff, 0xff, 0xff, 0xff, 0xf6, 0xef,
    0x10, 0x0, 0x0, 0x0, 0xa, 0xf6, 0xef, 0x10,
    0x0, 0x0, 0x0, 0xa, 0xf6, 0xef, 0x10, 0x0,
    0x0, 0x0, 0xa, 0xf6, 0xef, 0x10, 0x0, 0x0,
    0x0, 0xa, 0xf6, 0xef, 0x10, 0x0, 0x0, 0x0,
    0xa, 0xf6, 0xef, 0xed, 0xdd, 0xdd, 0xdd, 0xdf,
    0xf6, 0xef, 0xff, 0xff, 0xff, 0xff, 0xff, 0xf6,
    0xef, 0x10, 0x0, 0x0, 0x0, 0xa, 0xf6, 0xef,
    0x10, 0x0, 0x0, 0x0, 0xa, 0xf6, 0x11, 0x0,
    0x0, 0x0, 0x0, 0x0, 0x0,

    /* U+65F6 "时" */
    0x0, 0x0, 0x0, 0x0, 0x0, 0x0, 0x0, 0xca,
    0x0, 0x3, 0x44, 0x44, 0x43, 0x0, 0x0, 0x0,
    0x1f, 0xd0, 0x0, 0xbf, 0xff, 0xff, 0xd0, 0x0,
    0x0, 0x1, 0xfd, 0x0, 0xb, 0xf7, 0x77, 0xfd,
    0x0, 0x0, 0x0, 0x1f, 0xd0, 0x0, 0xbf, 0x10,
    0xf, 0xd5, 0xff, 0xff, 0xff, 0xff, 0xff, 0x1b,
    0xf1, 0x0, 0xfd, 0x4d, 0xdd, 0xdd, 0xef, 0xfd,
    0xd1, 0xbf, 0x10, 0xf, 0xd0, 0x0, 0x0, 0x1,
    0xfd, 0x0, 0xb, 0xfa, 0x99, 0xfd, 0x1, 0x80,
    0x0, 0x1f, 0xd0, 0x0, 0xbf, 0xff, 0xff, 0xd0,
    0x9f, 0x80, 0x1, 0xfd, 0x0, 0xb, 0xf1, 0x0,
    0xfd, 0x1, 0xef, 0x30, 0x1f, 0xd0, 0x0, 0xbf,
    0x10, 0xf, 0xd0, 0x5, 0xfd, 0x1, 0xfd, 0x0,
    0xb, 0xf1, 0x0, 0xfd, 0x0, 0xb, 0xf8, 0x1f,
    0xd0, 0x0, 0xbf, 0x10, 0xf, 0xd0, 0x0, 0x2a,
    0x21, 0xfd, 0x0, 0xb, 0xfb, 0xbb, 0xfd, 0x0,
    0x0, 0x0, 0x1f, 0xd0, 0x0, 0xbf, 0xff, 0xff,
    0xd0, 0x0, 0x0, 0x1, 0xfd, 0x0, 0xb, 0xf1,
    0x0, 0x0, 0x0, 0x0, 0x0, 0x1f, 0xd0, 0x0,
    0x69, 0x0, 0x0, 0x0, 0x0, 0x0, 0x1, 0xfd,
    0x0, 0x0, 0x0, 0x0, 0x0, 0x0, 0xb, 0xdd,
    0xdf, 0xb0, 0x0, 0x0, 0x0, 0x0, 0x0, 0x0,
    0x8f, 0xff, 0xc3, 0x0, 0x0, 0x0, 0x0, 0x0,
    0x0, 0x0, 0x0, 0x0, 0x0, 0x0,

    /* U+661F "星" */
    0x0, 0x1, 0x22, 0x22, 0x22, 0x22, 0x22, 0x22,
    0x10, 0x0, 0x0, 0xcf, 0xff, 0xff, 0xff, 0xff,
    0xff, 0xfe, 0x0, 0x0, 0xc, 0xf6, 0x55, 0x55,
    0x55, 0x55, 0x6f, 0xe0, 0x0, 0x0, 0xcf, 0x43,
    0x33, 0x33, 0x33, 0x34, 0xfe, 0x0, 0x0, 0xc,
    0xff, 0xff, 0xff, 0xff, 0xff, 0xff, 0xe0, 0x0,
    0x0, 0xcf, 0x43, 0x33, 0x33, 0x33, 0x34, 0xfe,
    0x0, 0x0, 0xc, 0xf5, 0x55, 0x55, 0x55, 0x55,
    0x5f, 0xe0, 0x0, 0x0, 0xcf, 0xff, 0xff, 0xff,
    0xff, 0xff, 0xfe, 0x0, 0x0, 0x1, 0xdb, 0x32,
    0x29, 0x92, 0x22, 0x22, 0x20, 0x0, 0x0, 0x6f,
    0xc0, 0x0, 0xff, 0x0, 0x0, 0x0, 0x0, 0x0,
    0x3f, 0xff, 0xff, 0xff, 0xff, 0xff, 0xff, 0xf8,
    0x0, 0x2e, 0xfa, 0x99, 0x99, 0xff, 0x99, 0x99,
    0x99, 0x40, 0xc, 0xf8, 0x0, 0x0, 0xf, 0xf0,
    0x0, 0x0, 0x0, 0x0, 0x5, 0x5f, 0xff, 0xff,
    0xff, 0xff, 0xff, 0xfb, 0x0, 0x0, 0x3, 0x88,
    0x88, 0x8f, 0xf8, 0x88, 0x88, 0x60, 0x0, 0x0,
    0x0, 0x0, 0x0, 0xff, 0x0, 0x0, 0x0, 0x0,
    0x3, 0x44, 0x44, 0x44, 0x4f, 0xf4, 0x44, 0x44,
    0x44, 0x30, 0xdf, 0xff, 0xff, 0xff, 0xff, 0xff,
    0xff, 0xff, 0xfc, 0xd, 0xff, 0xff, 0xff, 0xff,
    0xff, 0xff, 0xff, 0xff, 0xc0,

    /* U+662F "是" */
    0x0, 0x1, 0x22, 0x22, 0x22, 0x22, 0x22, 0x22,
    0x10, 0x0, 0x0, 0xd, 0xff, 0xff, 0xff, 0xff,
    0xff, 0xff, 0xd0, 0x0, 0x0, 0xd, 0xf4, 0x44,
    0x44, 0x44, 0x44, 0x5f, 0xd0, 0x0, 0x0, 0xd,
    0xf5, 0x55, 0x55, 0x55, 0x55, 0x6f, 0xd0, 0x0,
    0x0, 0xd, 0xff, 0xff, 0xff, 0xff, 0xff, 0xff,
    0xd0, 0x0, 0x0, 0xd, 0xf0, 0x0, 0x0, 0x0,
    0x0, 0x1f, 0xd0, 0x0, 0x0, 0xd, 0xff, 0xff,
    0xff, 0xff, 0xff, 0xff, 0xd0, 0x0, 0x0, 0x5,
    0x77, 0x77, 0x77, 0x77, 0x77, 0x77, 0x50, 0x0,
    0x0, 0x0, 0x0, 0x0, 0x0, 0x0, 0x0, 0x0,
    0x0, 0x0, 0xd, 0xff, 0xff, 0xff, 0xff, 0xff,
    0xff, 0xff, 0xff, 0xd0, 0x9, 0xbb, 0xbb, 0xbb,
    0xbf, 0xfc, 0xbb, 0xbb, 0xbb, 0xa0, 0x0, 0x0,
    0x8a, 0x20, 0xc, 0xf2, 0x0, 0x0, 0x0, 0x0,
    0x0, 0x0, 0xef, 0x10, 0xc, 0xfa, 0x99, 0x99,
    0x95, 0x0, 0x0, 0x3, 0xff, 0x0, 0xc, 0xff,
    0xff, 0xff, 0xf9, 0x0, 0x0, 0xa, 0xff, 0x70,
    0xc, 0xf3, 0x0, 0x0, 0x0, 0x0, 0x0, 0x4f,
    0xfe, 0xf4, 0xc, 0xf2, 0x0, 0x0, 0x0, 0x0,
    0x3, 0xff, 0x84, 0xff, 0x9d, 0xf2, 0x0, 0x0,
    0x0, 0x0, 0x2f, 0xfd, 0x0, 0x4e, 0xff, 0xfd,
    0xcc, 0xcc, 0xcc, 0xc1, 0x9, 0xe1, 0x0, 0x0,
    0x6a, 0xdf, 0xff, 0xff, 0xff, 0xc0, 0x0, 0x10,
    0x0, 0x0, 0x0, 0x0, 0x0, 0x0, 0x0, 0x0,

    /* U+663E "显" */
    0x0, 0xc, 0xff, 0xff, 0xff, 0xff, 0xff, 0xff,
    0xc0, 0x0, 0x0, 0xc, 0xf9, 0x88, 0x88, 0x88,
    0x88, 0x9f, 0xd0, 0x0, 0x0, 0xc, 0xf1, 0x0,
    0x0, 0x0, 0x0, 0x1f, 0xd0, 0x0, 0x0, 0xc,
    0xff, 0xff, 0xff, 0xff, 0xff, 0xff, 0xd0, 0x0,
    0x0, 0xc, 0xf8, 0x77, 0x77, 0x77, 0x77, 0x8f,
    0xd0, 0x0, 0x0, 0xc, 0xf1, 0x0, 0x0, 0x0,
    0x0, 0x1f, 0xd0, 0x0, 0x0, 0xc, 0xf9, 0x88,
    0x88, 0x88, 0x88, 0x9f, 0xd0, 0x0, 0x0, 0xc,
    0xff, 0xff, 0xff, 0xff, 0xff, 0xff, 0xc0, 0x0,
    0x0, 0x0, 0x0, 0x5, 0x30, 0x4, 0x50, 0x0,
    0x0, 0x0, 0x0, 0x26, 0x0, 0x1f, 0xb0, 0xd,
    0xf0, 0x0, 0x93, 0x0, 0x0, 0x8f, 0x50, 0x1f,
    0xb0, 0xd, 0xf0, 0x7, 0xf9, 0x0, 0x0, 0xe,
    0xe0, 0x1f, 0xb0, 0xd, 0xf0, 0x2f, 0xe0, 0x0,
    0x0, 0x7, 0xf8, 0x1f, 0xb0, 0xd, 0xf0, 0xcf,
    0x40, 0x0, 0x0, 0x0, 0xd6, 0x1f, 0xb0, 0xd,
    0xf1, 0x98, 0x0, 0x0, 0x0, 0x0, 0x0, 0x2f,
    0xc0, 0xd, 0xf0, 0x0, 0x0, 0x0, 0x2f, 0xff,
    0xff, 0xff, 0xff, 0xff, 0xff, 0xff, 0xff, 0xf2,
    0x2c, 0xcc, 0xcc, 0xcc, 0xcc, 0xcc, 0xcc, 0xcc,
    0xcc, 0xc2,

    /* U+6682 "暂" */
    0x0, 0x7, 0x71, 0x0, 0x0, 0x0, 0x0, 0x2,
    0x50, 0x6, 0x77, 0xff, 0x77, 0x77, 0x25, 0x89,
    0xce, 0xff, 0x50, 0xff, 0xff, 0xff, 0xff, 0xf6,
    0xbf, 0xdb, 0x97, 0x40, 0x0, 0x6f, 0x82, 0x83,
    0x0, 0xb, 0xf0, 0x0, 0x0, 0x0, 0x4f, 0xd4,
    0x7f, 0x94, 0x41, 0xbf, 0x77, 0x77, 0x77, 0x9,
    0xff, 0xff, 0xff, 0xff, 0x7c, 0xff, 0xff, 0xff,
    0xf1, 0x24, 0x33, 0x7f, 0x93, 0x31, 0xdd, 0x11,
    0xbf, 0x21, 0x0, 0x13, 0x49, 0xfc, 0xab, 0x4f,
    0xa0, 0xa, 0xf1, 0x0, 0xef, 0xff, 0xff, 0xec,
    0xa8, 0xf6, 0x0, 0xaf, 0x10, 0x7, 0x64, 0x36,
    0xf7, 0x0, 0xef, 0x10, 0xa, 0xf1, 0x0, 0x0,
    0x0, 0x3a, 0x40, 0x3, 0x50, 0x0, 0x7a, 0x0,
    0x0, 0x9, 0xff, 0xff, 0xff, 0xff, 0xff, 0xff,
    0xd0, 0x0, 0x0, 0xaf, 0x97, 0x77, 0x77, 0x77,
    0x77, 0xfe, 0x0, 0x0, 0xa, 0xf4, 0x22, 0x22,
    0x22, 0x22, 0x2f, 0xe0, 0x0, 0x0, 0xaf, 0xff,
    0xff, 0xff, 0xff, 0xff, 0xfe, 0x0, 0x0, 0xa,
    0xf5, 0x33, 0x33, 0x33, 0x33, 0x3f, 0xe0, 0x0,
    0x0, 0xaf, 0x87, 0x77, 0x77, 0x77, 0x77, 0xfe,
    0x0, 0x0, 0xa, 0xff, 0xff, 0xff, 0xff, 0xff,
    0xff, 0xe0, 0x0, 0x0, 0xaf, 0x20, 0x0, 0x0,
    0x0, 0x0, 0xfe, 0x0, 0x0, 0x0, 0x0, 0x0,
    0x0, 0x0, 0x0, 0x0, 0x0, 0x0,

    /* U+66F4 "更" */
    0x9, 0xcc, 0xcc, 0xcc, 0xcc, 0xcc, 0xcc, 0xcc,
    0xcc, 0x80, 0xb, 0xee, 0xee, 0xee, 0xef, 0xff,
    0xee, 0xee, 0xee, 0xa0, 0x0, 0x0, 0x0, 0x0,
    0xe, 0xf1, 0x0, 0x0, 0x0, 0x0, 0x0, 0x9,
    0x99, 0x99, 0x9f, 0xfa, 0x99, 0x99, 0x97, 0x0,
    0x0, 0xf, 0xff, 0xff, 0xff, 0xff, 0xff, 0xff,
    0xfb, 0x0, 0x0, 0xf, 0xd0, 0x0, 0xe, 0xf1,
    0x0, 0x2, 0xfb, 0x0, 0x0, 0xf, 0xe7, 0x77,
    0x7f, 0xf8, 0x77, 0x79, 0xfb, 0x0, 0x0, 0xf,
    0xff, 0xff, 0xff, 0xff, 0xff, 0xff, 0xfb, 0x0,
    0x0, 0xf, 0xd0, 0x0, 0xe, 0xf1, 0x0, 0x2,
    0xfb, 0x0, 0x0, 0xf, 0xe8, 0x88, 0x8f, 0xf8,
    0x88, 0x89, 0xfb, 0x0, 0x0, 0xf, 0xff, 0xff,
    0xff, 0xff, 0xff, 0xff, 0xfb, 0x0, 0x0, 0x2,
    0x96, 0x0, 0x3f, 0xd0, 0x0, 0x0, 0x0, 0x0,
    0x0, 0x1, 0xff, 0x30, 0x9f, 0x80, 0x0, 0x0,
    0x0, 0x0, 0x0, 0x0, 0x5f, 0xf7, 0xff, 0x20,
    0x0, 0x0, 0x0, 0x0, 0x0, 0x0, 0x6, 0xff,
    0xf8, 0x0, 0x0, 0x0, 0x0, 0x0, 0x0, 0x1,
    0x6d, 0xff, 0xff, 0xd8, 0x52, 0x10, 0x0, 0x0,
    0x9, 0xdf, 0xff, 0xb3, 0x6c, 0xff, 0xff, 0xff,
    0xed, 0xd2, 0x7, 0xfc, 0x82, 0x0, 0x0, 0x14,
    0x8a, 0xcd, 0xef, 0xc0, 0x0, 0x10, 0x0, 0x0,
    0x0, 0x0, 0x0, 0x0, 0x0, 0x0,

    /* U+6700 "最" */
    0x0, 0x2, 0x33, 0x33, 0x33, 0x33, 0x33, 0x33,
    0x0, 0x0, 0x0, 0xc, 0xff, 0xff, 0xff, 0xff,
    0xff, 0xff, 0x30, 0x0, 0x0, 0xc, 0xf1, 0x0,
    0x0, 0x0, 0x0, 0xbf, 0x30, 0x0, 0x0, 0xc,
    0xff, 0xff, 0xff, 0xff, 0xff, 0xff, 0x30, 0x0,
    0x0, 0xc, 0xf5, 0x44, 0x44, 0x44, 0x44, 0xcf,
    0x30, 0x0, 0x0, 0xc, 0xf5, 0x44, 0x44, 0x44,
    0x44, 0xcf, 0x30, 0x0, 0x0, 0xb, 0xff, 0xff,
    0xff, 0xff, 0xff, 0xff, 0x20, 0x0, 0x16, 0x66,
    0x66, 0x66, 0x66, 0x66, 0x66, 0x66, 0x66, 0x60,
    0x4f, 0xff, 0xff, 0xff, 0xff, 0xff, 0xff, 0xff,
    0xff, 0xf1, 0x1, 0x7f, 0x61, 0x15, 0xf9, 0x11,
    0x11, 0x11, 0x11, 0x10, 0x0, 0x6f, 0xa7, 0x79,
    0xf8, 0x68, 0x88, 0x88, 0x97, 0x20, 0x0, 0x6f,
    0xfe, 0xee, 0xf8, 0xbf, 0xff, 0xff, 0xff, 0x40,
    0x0, 0x6f, 0x61, 0x15, 0xf8, 0xe, 0xd0, 0x3,
    0xfe, 0x0, 0x0, 0x6f, 0xff, 0xff, 0xf8, 0x6,
    0xf8, 0xc, 0xf6, 0x0, 0x0, 0x6f, 0x84, 0x47,
    0xf8, 0x0, 0xcf, 0xcf, 0xc0, 0x0, 0x1, 0x8f,
    0x97, 0x9c, 0xff, 0x80, 0x2f, 0xff, 0x20, 0x0,
    0x3f, 0xff, 0xff, 0xff, 0xfd, 0x54, 0xdf, 0xff,
    0xe7, 0x10, 0x2b, 0x97, 0x53, 0x14, 0xf8, 0xbf,
    0xf9, 0x2b, 0xff, 0xf1, 0x0, 0x0, 0x0, 0x4,
    0xf8, 0x4b, 0x30, 0x0, 0x4a, 0x60,

    /* U+6708 "月" */
    0x0, 0x0, 0xef, 0xee, 0xee, 0xee, 0xee, 0xef,
    0xb0, 0x0, 0xf, 0xff, 0xff, 0xff, 0xff, 0xff,
    0xfd, 0x0, 0x0, 0xfe, 0x0, 0x0, 0x0, 0x0,
    0x3f, 0xd0, 0x0, 0xf, 0xe0, 0x0, 0x0, 0x0,
    0x3, 0xfd, 0x0, 0x0, 0xfe, 0x0, 0x0, 0x0,
    0x0, 0x3f, 0xd0, 0x0, 0xf, 0xff, 0xff, 0xff,
    0xff, 0xff, 0xfd, 0x0, 0x0, 0xff, 0xcc, 0xcc,
    0xcc, 0xcc, 0xcf, 0xd0, 0x0, 0x1f, 0xe0, 0x0,
    0x0, 0x0, 0x3, 0xfd, 0x0, 0x1, 0xfd, 0x0,
    0x0, 0x0, 0x0, 0x3f, 0xd0, 0x0, 0x2f, 0xc1,
    0x11, 0x11, 0x11, 0x14, 0xfd, 0x0, 0x4, 0xff,
    0xff, 0xff, 0xff, 0xff, 0xff, 0xd0, 0x0, 0x8f,
    0xdc, 0xcc, 0xcc, 0xcc, 0xcd, 0xfd, 0x0, 0xc,
    0xf3, 0x0, 0x0, 0x0, 0x0, 0x3f, 0xd0, 0x2,
    0xfe, 0x0, 0x0, 0x0, 0x0, 0x3, 0xfd, 0x0,
    0xaf, 0x80, 0x0, 0x0, 0x0, 0x0, 0x3f, 0xd0,
    0x5f, 0xf1, 0x0, 0x0, 0x0, 0x0, 0x3, 0xfc,
    0x3f, 0xf7, 0x0, 0x0, 0x0, 0x4e, 0xee, 0xff,
    0xa0, 0x99, 0x0, 0x0, 0x0, 0x0, 0xef, 0xff,
    0xb2, 0x0, 0x0, 0x0, 0x0, 0x0, 0x0, 0x0,
    0x0, 0x0,

    /* U+6709 "有" */
    0x0, 0x0, 0x0, 0x5, 0x72, 0x0, 0x0, 0x0,
    0x0, 0x0, 0x0, 0x0, 0x0, 0xcf, 0x40, 0x0,
    0x0, 0x0, 0x0, 0x1, 0x22, 0x22, 0x3f, 0xf2,
    0x22, 0x22, 0x22, 0x22, 0x20, 0xbf, 0xff, 0xff,
    0xff, 0xff, 0xff, 0xff, 0xff, 0xfe, 0x7, 0xaa,
    0xab, 0xff, 0xaa, 0xaa, 0xaa, 0xaa, 0xaa, 0x90,
    0x0, 0x0, 0x8f, 0x90, 0x0, 0x0, 0x0, 0x0,
    0x0, 0x0, 0x0, 0x2f, 0xfb, 0xaa, 0xaa, 0xaa,
    0xaa, 0x50, 0x0, 0x0, 0xc, 0xff, 0xff, 0xff,
    0xff, 0xff, 0xf8, 0x0, 0x0, 0x9, 0xff, 0xc0,
    0x0, 0x0, 0x0, 0x5f, 0x80, 0x0, 0x8, 0xfe,
    0xfc, 0x0, 0x0, 0x0, 0x5, 0xf8, 0x0, 0xa,
    0xfe, 0x3f, 0xff, 0xff, 0xff, 0xff, 0xff, 0x80,
    0x0, 0xac, 0x11, 0xfe, 0x99, 0x99, 0x99, 0x9b,
    0xf8, 0x0, 0x0, 0x0, 0x1f, 0xc0, 0x0, 0x0,
    0x0, 0x5f, 0x80, 0x0, 0x0, 0x1, 0xff, 0xff,
    0xff, 0xff, 0xff, 0xf8, 0x0, 0x0, 0x0, 0x1f,
    0xfa, 0xaa, 0xaa, 0xaa, 0xcf, 0x80, 0x0, 0x0,
    0x1, 0xfc, 0x0, 0x0, 0x0, 0x5, 0xf8, 0x0,
    0x0, 0x0, 0x1f, 0xc0, 0x0, 0x0, 0x0, 0x5f,
    0x80, 0x0, 0x0, 0x1, 0xfc, 0x0, 0x0, 0x4c,
    0xce, 0xf7, 0x0, 0x0, 0x0, 0x1f, 0xc0, 0x0,
    0x0, 0xff, 0xeb, 0x10, 0x0,

    /* U+671F "期" */
    0x0, 0x9e, 0x10, 0xc, 0xb0, 0x1, 0x42, 0x22,
    0x23, 0x10, 0xa, 0xf1, 0x0, 0xed, 0x0, 0xcf,
    0xff, 0xff, 0xfa, 0x29, 0xdf, 0x99, 0x9f, 0xf9,
    0x2c, 0xf9, 0x99, 0xaf, 0xa4, 0xff, 0xff, 0xff,
    0xff, 0xf4, 0xcf, 0x0, 0x3, 0xfa, 0x1, 0xaf,
    0x21, 0x1f, 0xd1, 0xc, 0xf0, 0x0, 0x3f, 0xa0,
    0xa, 0xf7, 0x66, 0xfd, 0x0, 0xcf, 0x99, 0x9a,
    0xfa, 0x0, 0xaf, 0xff, 0xff, 0xd0, 0xc, 0xff,
    0xff, 0xff, 0xa0, 0xa, 0xf2, 0x11, 0xfd, 0x0,
    0xcf, 0x11, 0x14, 0xfa, 0x0, 0xaf, 0x20, 0xe,
    0xd0, 0xc, 0xf0, 0x0, 0x3f, 0xa0, 0xa, 0xff,
    0xff, 0xfd, 0x0, 0xcf, 0x0, 0x3, 0xfa, 0x0,
    0xaf, 0x87, 0x7f, 0xd0, 0xd, 0xfc, 0xcc, 0xcf,
    0xa0, 0xa, 0xf1, 0x0, 0xed, 0x0, 0xdf, 0xff,
    0xff, 0xfa, 0x6d, 0xff, 0xdd, 0xdf, 0xfd, 0x2e,
    0xd0, 0x0, 0x3f, 0xa6, 0xdd, 0xdd, 0xdd, 0xdd,
    0xd3, 0xfb, 0x0, 0x3, 0xfa, 0x0, 0x19, 0x40,
    0x58, 0x0, 0x3f, 0x90, 0x0, 0x3f, 0xa0, 0x8,
    0xf8, 0xb, 0xf5, 0x7, 0xf5, 0x0, 0x3, 0xfa,
    0x4, 0xfe, 0x0, 0x1f, 0xf1, 0xdf, 0x10, 0x0,
    0x3f, 0xa2, 0xef, 0x40, 0x0, 0x6f, 0x9f, 0xc0,
    0xa, 0xcd, 0xf8, 0x1b, 0x70, 0x0, 0x0, 0x12,
    0xb5, 0x0, 0x8f, 0xeb, 0x20, 0x0, 0x0, 0x0,
    0x0, 0x0, 0x0, 0x0, 0x0, 0x0,

    /* U+672A "未" */
    0x0, 0x0, 0x0, 0x0, 0xf, 0xf0, 0x0, 0x0,
    0x0, 0x0, 0x0, 0x0, 0x0, 0x0, 0xf, 0xf0,
    0x0, 0x0, 0x0, 0x0, 0x0, 0x0, 0x0, 0x0,
    0xf, 0xf0, 0x0, 0x0, 0x0, 0x0, 0x0, 0x5d,
    0xdd, 0xdd, 0xdf, 0xfd, 0xdd, 0xdd, 0xd6, 0x0,
    0x0, 0x6f, 0xff, 0xff, 0xff, 0xff, 0xff, 0xff,
    0xf8, 0x0, 0x0, 0x0, 0x0, 0x0, 0x1f, 0xf0,
    0x0, 0x0, 0x0, 0x0, 0x0, 0x0, 0x0, 0x0,
    0xf, 0xf0, 0x0, 0x0, 0x0, 0x0, 0x0, 0x0,
    0x0, 0x0, 0xf, 0xf0, 0x0, 0x0, 0x0, 0x0,
    0xb, 0xdd, 0xdd, 0xdd, 0xdf, 0xfd, 0xdd, 0xdd,
    0xdd, 0xc0, 0xd, 0xff, 0xff, 0xff, 0xff, 0xff,
    0xff, 0xff, 0xff, 0xe0, 0x0, 0x0, 0x0, 0x6,
    0xff, 0xff, 0x50, 0x0, 0x0, 0x0, 0x0, 0x0,
    0x0, 0x3f, 0xff, 0xff, 0xf2, 0x0, 0x0, 0x0,
    0x0, 0x0, 0x3, 0xef, 0x6f, 0xf5, 0xfe, 0x20,
    0x0, 0x0, 0x0, 0x0, 0x4f, 0xf8, 0xf, 0xf0,
    0x7f, 0xe4, 0x0, 0x0, 0x0, 0x7, 0xff, 0x80,
    0xf, 0xf0, 0x8, 0xff, 0x70, 0x0, 0x3, 0xcf,
    0xf7, 0x0, 0xf, 0xf0, 0x0, 0x7f, 0xfc, 0x30,
    0x2f, 0xfe, 0x40, 0x0, 0xf, 0xf0, 0x0, 0x4,
    0xef, 0xf2, 0x5, 0xa1, 0x0, 0x0, 0xf, 0xf0,
    0x0, 0x0, 0x1a, 0x50, 0x0, 0x0, 0x0, 0x0,
    0xf, 0xf0, 0x0, 0x0, 0x0, 0x0,

    /* U+672C "本" */
    0x0, 0x0, 0x0, 0x0, 0xf, 0xf0, 0x0, 0x0,
    0x0, 0x0, 0x0, 0x0, 0x0, 0x0, 0xf, 0xf0,
    0x0, 0x0, 0x0, 0x0, 0x0, 0x0, 0x0, 0x0,
    0xf, 0xf0, 0x0, 0x0, 0x0, 0x0, 0x0, 0x0,
    0x0, 0x0, 0xf, 0xf0, 0x0, 0x0, 0x0, 0x0,
    0xa, 0xee, 0xee, 0xee, 0xef, 0xfe, 0xee, 0xee,
    0xee, 0xb0, 0xc, 0xff, 0xff, 0xff, 0xff, 0xff,
    0xff, 0xff, 0xff, 0xc0, 0x0, 0x0, 0x0, 0x6f,
    0x9f, 0xfa, 0xf5, 0x0, 0x0, 0x0, 0x0, 0x0,
    0x0, 0xdf, 0x2f, 0xf3, 0xfc, 0x0, 0x0, 0x0,
    0x0, 0x0, 0x6, 0xfa, 0xf, 0xf0, 0xbf, 0x50,
    0x0, 0x0, 0x0, 0x0, 0x1f, 0xf2, 0xf, 0xf0,
    0x3f, 0xe1, 0x0, 0x0, 0x0, 0x0, 0xbf, 0x80,
    0xf, 0xf0, 0x9, 0xfb, 0x0, 0x0, 0x0, 0x8,
    0xfd, 0x0, 0xf, 0xf0, 0x1, 0xef, 0x90, 0x0,
    0x0, 0x8f, 0xf2, 0x0, 0xf, 0xf0, 0x0, 0x3f,
    0xf9, 0x0, 0x9, 0xff, 0xbd, 0xdd, 0xdf, 0xfd,
    0xdd, 0xdb, 0xff, 0xc1, 0x1c, 0xf5, 0x7f, 0xff,
    0xff, 0xff, 0xff, 0xf7, 0x6f, 0xa0, 0x1, 0x30,
    0x0, 0x0, 0x1f, 0xf0, 0x0, 0x0, 0x3, 0x0,
    0x0, 0x0, 0x0, 0x0, 0xf, 0xf0, 0x0, 0x0,
    0x0, 0x0, 0x0, 0x0, 0x0, 0x0, 0xf, 0xf0,
    0x0, 0x0, 0x0, 0x0, 0x0, 0x0, 0x0, 0x0,
    0xf, 0xf0, 0x0, 0x0, 0x0, 0x0,

    /* U+6765 "来" */
    0x0, 0x0, 0x0, 0x0, 0x1, 0x10, 0x0, 0x0,
    0x0, 0x0, 0x0, 0x0, 0x0, 0x0, 0xf, 0xf0,
    0x0, 0x0, 0x0, 0x0, 0x0, 0x0, 0x0, 0x0,
    0xf, 0xf0, 0x0, 0x0, 0x0, 0x0, 0x0, 0xbc,
    0xcc, 0xcc, 0xcf, 0xfc, 0xcc, 0xcc, 0xcc, 0x10,
    0x0, 0xff, 0xff, 0xff, 0xff, 0xff, 0xff, 0xff,
    0xff, 0x20, 0x0, 0x1, 0x75, 0x0, 0xf, 0xf0,
    0x0, 0x39, 0x40, 0x0, 0x0, 0x2, 0xfe, 0x0,
    0xf, 0xf0, 0x0, 0x8f, 0x90, 0x0, 0x0, 0x0,
    0xaf, 0x60, 0xf, 0xf0, 0x1, 0xff, 0x10, 0x0,
    0x0, 0x0, 0x3f, 0xd0, 0xf, 0xf0, 0x8, 0xf8,
    0x0, 0x0, 0x0, 0x0, 0xb, 0x60, 0xf, 0xf0,
    0x7, 0xc1, 0x0, 0x0, 0xe, 0xff, 0xff, 0xff,
    0xff, 0xff, 0xff, 0xff, 0xff, 0xf0, 0xb, 0xcc,
    0xcc, 0xcd, 0xff, 0xff, 0xdc, 0xcc, 0xcc, 0xb0,
    0x0, 0x0, 0x0, 0xc, 0xff, 0xff, 0xc0, 0x0,
    0x0, 0x0, 0x0, 0x0, 0x0, 0xbf, 0xaf, 0xf9,
    0xfb, 0x0, 0x0, 0x0, 0x0, 0x0, 0xb, 0xfc,
    0xf, 0xf0, 0xbf, 0xb0, 0x0, 0x0, 0x0, 0x2,
    0xdf, 0xc0, 0xf, 0xf0, 0xc, 0xfd, 0x20, 0x0,
    0x0, 0x7f, 0xfb, 0x0, 0xf, 0xf0, 0x0, 0xbf,
    0xf7, 0x0, 0x2e, 0xff, 0x80, 0x0, 0xf, 0xf0,
    0x0, 0x9, 0xff, 0xd2, 0x8, 0xd4, 0x0, 0x0,
    0xf, 0xf0, 0x0, 0x0, 0x4e, 0x90, 0x0, 0x0,
    0x0, 0x0, 0xf, 0xf0, 0x0, 0x0, 0x0, 0x0,

    /* U+677F "板" */
    0x0, 0x1, 0xe9, 0x0, 0x0, 0x0, 0x0, 0x0,
    0x27, 0x10, 0x0, 0x1, 0xfa, 0x0, 0x4, 0x45,
    0x79, 0xbe, 0xff, 0xd0, 0x0, 0x1, 0xfa, 0x0,
    0x1f, 0xff, 0xff, 0xfd, 0xa6, 0x20, 0x0, 0x12,
    0xfb, 0x10, 0x1f, 0xd5, 0x32, 0x0, 0x0, 0x0,
    0xb, 0xff, 0xff, 0xff, 0x1f, 0xc0, 0x0, 0x0,
    0x0, 0x0, 0x8, 0xcd, 0xfe, 0xcb, 0x1f, 0xc0,
    0x0, 0x0, 0x1, 0x0, 0x0, 0x6, 0xfd, 0x0,
    0x1f, 0xff, 0xff, 0xff, 0xff, 0xa0, 0x0, 0xa,
    0xff, 0x80, 0x1f, 0xef, 0xfa, 0xaa, 0xcf, 0x90,
    0x0, 0xf, 0xff, 0xf3, 0x1f, 0xbb, 0xf0, 0x0,
    0x7f, 0x50, 0x0, 0x5f, 0xfb, 0xec, 0x2f, 0xb6,
    0xf5, 0x0, 0xcf, 0x10, 0x0, 0xbb, 0xfa, 0x79,
    0x3f, 0x91, 0xfb, 0x2, 0xfc, 0x0, 0x3, 0xf6,
    0xfa, 0x10, 0x5f, 0x70, 0xcf, 0x2a, 0xf6, 0x0,
    0xc, 0xe1, 0xfa, 0x0, 0x7f, 0x50, 0x5f, 0xcf,
    0xe0, 0x0, 0x1f, 0x71, 0xfa, 0x0, 0xbf, 0x20,
    0xd, 0xff, 0x60, 0x0, 0x7, 0x11, 0xfa, 0x0,
    0xfe, 0x0, 0xb, 0xff, 0x10, 0x0, 0x0, 0x1,
    0xfa, 0x5, 0xfa, 0x0, 0x9f, 0xff, 0xd1, 0x0,
    0x0, 0x1, 0xfa, 0xc, 0xf4, 0x2c, 0xfe, 0x3c,
    0xfe, 0x40, 0x0, 0x1, 0xfa, 0x6f, 0xc5, 0xff,
    0xd2, 0x1, 0xcf, 0xf8, 0x0, 0x1, 0xfa, 0x2c,
    0x30, 0xc7, 0x0, 0x0, 0x7, 0xd1, 0x0, 0x0,
    0x0, 0x0, 0x0, 0x0, 0x0, 0x0, 0x0, 0x0,

    /* U+6790 "析" */
    0x0, 0x0, 0xfc, 0x0, 0x0, 0x0, 0x0, 0x1,
    0x50, 0x0, 0x0, 0x0, 0xfc, 0x0, 0x0, 0x0,
    0x37, 0xbf, 0xfb, 0x0, 0x0, 0x0, 0xfc, 0x0,
    0x5, 0xbf, 0xff, 0xfc, 0x83, 0x0, 0x0, 0x0,
    0xfc, 0x0, 0xa, 0xfa, 0x63, 0x0, 0x0, 0x0,
    0xb, 0xcc, 0xff, 0xcc, 0x7a, 0xf2, 0x0, 0x0,
    0x0, 0x0, 0xe, 0xff, 0xff, 0xff, 0xaa, 0xf2,
    0x0, 0x0, 0x0, 0x0, 0x0, 0x6, 0xfc, 0x0,
    0xa, 0xf2, 0x0, 0x0, 0x0, 0x0, 0x0, 0xa,
    0xfe, 0x10, 0xa, 0xfe, 0xdd, 0xdd, 0xdd, 0xd6,
    0x0, 0xe, 0xff, 0xb0, 0xa, 0xff, 0xff, 0xff,
    0xff, 0xf6, 0x0, 0x5f, 0xff, 0xf7, 0xa, 0xf2,
    0x0, 0x3f, 0xa0, 0x0, 0x0, 0xbd, 0xfc, 0xbf,
    0x3b, 0xf1, 0x0, 0x3f, 0xa0, 0x0, 0x3, 0xf7,
    0xfc, 0x2e, 0x2b, 0xf0, 0x0, 0x3f, 0xa0, 0x0,
    0xb, 0xf1, 0xfc, 0x1, 0xd, 0xf0, 0x0, 0x3f,
    0xa0, 0x0, 0x4f, 0x80, 0xfc, 0x0, 0xf, 0xd0,
    0x0, 0x3f, 0xa0, 0x0, 0xd, 0x10, 0xfc, 0x0,
    0x2f, 0xa0, 0x0, 0x3f, 0xa0, 0x0, 0x1, 0x0,
    0xfc, 0x0, 0x6f, 0x70, 0x0, 0x3f, 0xa0, 0x0,
    0x0, 0x0, 0xfc, 0x0, 0xbf, 0x20, 0x0, 0x3f,
    0xa0, 0x0, 0x0, 0x0, 0xfc, 0x2, 0xfc, 0x0,
    0x0, 0x3f, 0xa0, 0x0, 0x0, 0x0, 0xfc, 0x0,
    0x84, 0x0, 0x0, 0x3f, 0xa0, 0x0,

    /* U+679C "果" */
    0x0, 0xa, 0xbb, 0xbb, 0xbb, 0xbb, 0xbb, 0xbb,
    0xb0, 0x0, 0x0, 0xe, 0xfe, 0xee, 0xef, 0xfe,
    0xee, 0xef, 0xf0, 0x0, 0x0, 0xe, 0xf1, 0x0,
    0xf, 0xf0, 0x0, 0xf, 0xf0, 0x0, 0x0, 0xe,
    0xf9, 0x88, 0x8f, 0xf8, 0x88, 0x8f, 0xf0, 0x0,
    0x0, 0xe, 0xff, 0xff, 0xff, 0xff, 0xff, 0xff,
    0xf0, 0x0, 0x0, 0xe, 0xf1, 0x0, 0xf, 0xf0,
    0x0, 0xf, 0xf0, 0x0, 0x0, 0xe, 0xf9, 0x88,
    0x8f, 0xf8, 0x88, 0x8f, 0xf0, 0x0, 0x0, 0xe,
    0xff, 0xff, 0xff, 0xff, 0xff, 0xff, 0xf0, 0x0,
    0x0, 0x0, 0x0, 0x0, 0xf, 0xf1, 0x0, 0x0,
    0x0, 0x0, 0x1, 0x11, 0x11, 0x11, 0x1f, 0xf1,
    0x11, 0x11, 0x11, 0x10, 0xd, 0xff, 0xff, 0xff,
    0xff, 0xff, 0xff, 0xff, 0xff, 0xd0, 0x8, 0xaa,
    0xaa, 0xad, 0xff, 0xff, 0xea, 0xaa, 0xaa, 0x90,
    0x0, 0x0, 0x0, 0x6f, 0xef, 0xfd, 0xf7, 0x0,
    0x0, 0x0, 0x0, 0x0, 0x1a, 0xfe, 0x3f, 0xf1,
    0xcf, 0xc2, 0x0, 0x0, 0x0, 0x7, 0xef, 0xc1,
    0xf, 0xf0, 0xa, 0xff, 0x91, 0x0, 0x18, 0xef,
    0xf8, 0x0, 0xf, 0xf0, 0x0, 0x5e, 0xff, 0xa1,
    0xb, 0xfa, 0x20, 0x0, 0xf, 0xf0, 0x0, 0x0,
    0x8f, 0xa0, 0x1, 0x20, 0x0, 0x0, 0xf, 0xf0,
    0x0, 0x0, 0x0, 0x0,

    /* U+67E5 "查" */
    0x0, 0x0, 0x0, 0x0, 0x0, 0x0, 0x0, 0x0,
    0x0, 0x0, 0x0, 0x0, 0x0, 0x0, 0xc, 0xf1,
    0x0, 0x0, 0x0, 0x0, 0x0, 0x0, 0x0, 0x0,
    0xc, 0xf1, 0x0, 0x0, 0x0, 0x0, 0x9, 0xaa,
    0xaa, 0xaa, 0xae, 0xfa, 0xaa, 0xaa, 0xaa, 0x90,
    0xe, 0xff, 0xff, 0xff, 0xff, 0xff, 0xff, 0xff,
    0xff, 0xe0, 0x0, 0x0, 0x0, 0x5f, 0xfe, 0xfc,
    0xf7, 0x0, 0x0, 0x0, 0x0, 0x0, 0x7, 0xff,
    0x4c, 0xf2, 0xcf, 0x90, 0x0, 0x0, 0x0, 0x2,
    0xcf, 0xf4, 0xc, 0xf1, 0xb, 0xfe, 0x50, 0x0,
    0x3, 0xaf, 0xfd, 0x20, 0xb, 0xf1, 0x0, 0x8f,
    0xfd, 0x60, 0x1e, 0xff, 0xa4, 0x44, 0x44, 0x44,
    0x44, 0x46, 0xcf, 0xe0, 0x2, 0x81, 0x8f, 0xff,
    0xff, 0xff, 0xff, 0xfd, 0x3, 0x40, 0x0, 0x0,
    0x8f, 0x60, 0x0, 0x0, 0x1, 0xfd, 0x0, 0x0,
    0x0, 0x0, 0x8f, 0xed, 0xdd, 0xdd, 0xdd, 0xfd,
    0x0, 0x0, 0x0, 0x0, 0x8f, 0xa6, 0x66, 0x66,
    0x67, 0xfd, 0x0, 0x0, 0x0, 0x0, 0x8f, 0x60,
    0x0, 0x0, 0x1, 0xfd, 0x0, 0x0, 0x0, 0x0,
    0x8f, 0xff, 0xff, 0xff, 0xff, 0xfd, 0x0, 0x0,
    0x0, 0x0, 0x24, 0x44, 0x44, 0x44, 0x44, 0x44,
    0x0, 0x0, 0x4, 0xaa, 0xaa, 0xaa, 0xaa, 0xaa,
    0xaa, 0xaa, 0xaa, 0x90, 0x6, 0xff, 0xff, 0xff,
    0xff, 0xff, 0xff, 0xff, 0xff, 0xe0, 0x0, 0x0,
    0x0, 0x0, 0x0, 0x0, 0x0, 0x0, 0x0, 0x0,

    /* U+6807 "标" */
    0x0, 0x1, 0xea, 0x0, 0x0, 0x0, 0x0, 0x0,
    0x0, 0x0, 0x0, 0x1, 0xfc, 0x0, 0x5, 0x77,
    0x77, 0x77, 0x77, 0x0, 0x0, 0x1, 0xfc, 0x0,
    0xb, 0xff, 0xff, 0xff, 0xff, 0x10, 0x0, 0x1,
    0xfc, 0x0, 0x3, 0x44, 0x44, 0x44, 0x44, 0x0,
    0xc, 0xcc, 0xff, 0xcc, 0x30, 0x0, 0x0, 0x0,
    0x0, 0x0, 0xf, 0xff, 0xff, 0xff, 0x40, 0x0,
    0x0, 0x0, 0x0, 0x0, 0x0, 0x9, 0xfe, 0x0,
    0x6c, 0xcc, 0xcc, 0xcc, 0xcc, 0xc2, 0x0, 0xe,
    0xff, 0xa0, 0x9f, 0xff, 0xff, 0xff, 0xff, 0xf3,
    0x0, 0x4f, 0xff, 0xf6, 0x0, 0x0, 0x7f, 0x70,
    0x0, 0x0, 0x0, 0xaf, 0xfc, 0xaf, 0x20, 0x0,
    0x7f, 0x70, 0x0, 0x0, 0x1, 0xfa, 0xfc, 0x1d,
    0x5, 0x91, 0x7f, 0x73, 0xa3, 0x0, 0x9, 0xf4,
    0xfc, 0x1, 0xb, 0xf0, 0x7f, 0x72, 0xfa, 0x0,
    0x3f, 0xc1, 0xfc, 0x0, 0xf, 0xb0, 0x7f, 0x70,
    0xcf, 0x10, 0x1f, 0x41, 0xfc, 0x0, 0x5f, 0x60,
    0x7f, 0x70, 0x7f, 0x60, 0x4, 0x1, 0xfc, 0x0,
    0xcf, 0x10, 0x7f, 0x70, 0x2f, 0xb0, 0x0, 0x1,
    0xfc, 0x4, 0xf9, 0x0, 0x7f, 0x70, 0xd, 0xf0,
    0x0, 0x1, 0xfc, 0x5, 0xe1, 0x0, 0x7f, 0x70,
    0x9, 0xe2, 0x0, 0x1, 0xfc, 0x0, 0x0, 0xae,
    0xff, 0x60, 0x1, 0x0, 0x0, 0x1, 0xfc, 0x0,
    0x0, 0x7f, 0xfb, 0x10, 0x0, 0x0, 0x0, 0x0,
    0x11, 0x0, 0x0, 0x0, 0x0, 0x0, 0x0, 0x0,

    /* U+6837 "样" */
    0x0, 0x9, 0xd1, 0x0, 0x18, 0x50, 0x0, 0x2,
    0xb5, 0x0, 0x0, 0xbf, 0x10, 0x1, 0xfe, 0x10,
    0x0, 0x8f, 0x80, 0x0, 0xb, 0xf1, 0x0, 0x8,
    0xf8, 0x0, 0xe, 0xf1, 0x0, 0x0, 0xbf, 0x10,
    0x0, 0x2f, 0x80, 0x7, 0xf9, 0x0, 0x2f, 0xff,
    0xff, 0xf5, 0xff, 0xff, 0xff, 0xff, 0xff, 0x81,
    0xbb, 0xef, 0xcb, 0x3b, 0xbb, 0xbf, 0xfb, 0xbb,
    0xb5, 0x0, 0xd, 0xf3, 0x0, 0x0, 0x0, 0xdf,
    0x10, 0x0, 0x0, 0x2, 0xff, 0xc0, 0x0, 0x0,
    0xd, 0xf1, 0x0, 0x0, 0x0, 0x7f, 0xff, 0x70,
    0x9f, 0xff, 0xff, 0xff, 0xfd, 0x0, 0xd, 0xff,
    0xaf, 0x27, 0xcc, 0xcf, 0xfc, 0xcc, 0xa0, 0x4,
    0xff, 0xf2, 0xe2, 0x0, 0x0, 0xdf, 0x10, 0x0,
    0x0, 0xbe, 0xbf, 0x11, 0x0, 0x0, 0xd, 0xf1,
    0x0, 0x0, 0x5f, 0x8b, 0xf1, 0xb, 0xcc, 0xcc,
    0xff, 0xcc, 0xcc, 0xa4, 0xf2, 0xbf, 0x10, 0xef,
    0xff, 0xff, 0xff, 0xff, 0xfd, 0x6, 0xb, 0xf1,
    0x0, 0x0, 0x0, 0xdf, 0x10, 0x0, 0x0, 0x0,
    0xbf, 0x10, 0x0, 0x0, 0xd, 0xf1, 0x0, 0x0,
    0x0, 0xb, 0xf1, 0x0, 0x0, 0x0, 0xdf, 0x10,
    0x0, 0x0, 0x0, 0xbf, 0x10, 0x0, 0x0, 0xd,
    0xf1, 0x0, 0x0, 0x0, 0xb, 0xf1, 0x0, 0x0,
    0x0, 0xdf, 0x10, 0x0, 0x0,

    /* U+6838 "核" */
    0x0, 0x2, 0xd8, 0x0, 0x0, 0x0, 0x6d, 0x40,
    0x0, 0x0, 0x0, 0x3, 0xfa, 0x0, 0x0, 0x0,
    0x5f, 0xb0, 0x0, 0x0, 0x0, 0x3, 0xfa, 0x0,
    0x44, 0x44, 0x5f, 0xf5, 0x44, 0x41, 0x0, 0x3,
    0xfa, 0x0, 0xef, 0xff, 0xff, 0xff, 0xff, 0xf5,
    0xb, 0xff, 0xff, 0xfc, 0x67, 0x7b, 0xfc, 0x77,
    0x77, 0x72, 0x8, 0xbc, 0xfe, 0xb9, 0x0, 0xe,
    0xf1, 0x0, 0x0, 0x0, 0x0, 0x7, 0xfc, 0x0,
    0x0, 0x9f, 0x70, 0x9, 0xd4, 0x0, 0x0, 0xb,
    0xff, 0x50, 0x6, 0xfe, 0x34, 0x6f, 0xe1, 0x0,
    0x0, 0x1f, 0xff, 0xe1, 0x8f, 0xff, 0xff, 0xff,
    0x40, 0x0, 0x0, 0x6f, 0xfb, 0xf9, 0x4a, 0x86,
    0x7f, 0xf7, 0x3, 0x0, 0x0, 0xde, 0xfa, 0x88,
    0x0, 0x3, 0xef, 0x80, 0x6f, 0xc0, 0x4, 0xf9,
    0xfa, 0x10, 0x0, 0x7f, 0xf7, 0x2, 0xff, 0x50,
    0xd, 0xf3, 0xfa, 0x0, 0x5d, 0xfe, 0x40, 0x1d,
    0xf9, 0x0, 0xe, 0x83, 0xfa, 0x0, 0x8f, 0xa1,
    0x1, 0xdf, 0xb0, 0x0, 0x6, 0x13, 0xfa, 0x0,
    0x3, 0x0, 0x4e, 0xff, 0x40, 0x0, 0x0, 0x3,
    0xfa, 0x0, 0x0, 0x19, 0xff, 0xaf, 0xf6, 0x0,
    0x0, 0x3, 0xfa, 0x0, 0x28, 0xff, 0xe4, 0x4,
    0xff, 0x80, 0x0, 0x3, 0xfa, 0x9, 0xff, 0xf8,
    0x0, 0x0, 0x3f, 0xf4, 0x0, 0x3, 0xfa, 0x3,
    0xd7, 0x10, 0x0, 0x0, 0x3, 0x70, 0x0, 0x0,
    0x0, 0x0, 0x0, 0x0, 0x0, 0x0, 0x0, 0x0,

    /* U+683C "格" */
    0x0, 0x1, 0xea, 0x0, 0x0, 0x7, 0xb3, 0x0,
    0x0, 0x0, 0x0, 0x1, 0xfb, 0x0, 0x0, 0xe,
    0xf1, 0x0, 0x0, 0x0, 0x0, 0x1, 0xfb, 0x0,
    0x0, 0x8f, 0xfc, 0xcc, 0xd9, 0x0, 0x0, 0x1,
    0xfb, 0x0, 0x3, 0xff, 0xdd, 0xde, 0xfc, 0x0,
    0xa, 0xbb, 0xfe, 0xbb, 0x3e, 0xfd, 0x0, 0xa,
    0xf5, 0x0, 0xe, 0xff, 0xff, 0xff, 0xff, 0xdf,
    0x70, 0x4f, 0xc0, 0x0, 0x0, 0x6, 0xfc, 0x4,
    0xfb, 0xd, 0xf7, 0xef, 0x30, 0x0, 0x0, 0xa,
    0xff, 0x50, 0x20, 0x2, 0xff, 0xf6, 0x0, 0x0,
    0x0, 0xf, 0xff, 0xf3, 0x0, 0x4, 0xef, 0xf8,
    0x0, 0x0, 0x0, 0x5f, 0xfc, 0xee, 0x1, 0x9f,
    0xf8, 0xef, 0xd4, 0x0, 0x0, 0xbd, 0xfb, 0x4d,
    0x8e, 0xfd, 0x30, 0x1b, 0xff, 0xd4, 0x3, 0xf7,
    0xfb, 0xb, 0xff, 0xfa, 0xaa, 0xaa, 0xef, 0xe1,
    0xc, 0xe1, 0xfb, 0x2, 0x7b, 0xff, 0xff, 0xff,
    0xfe, 0x10, 0x3f, 0x71, 0xfb, 0x0, 0xb, 0xf1,
    0x0, 0x0, 0xfe, 0x0, 0x9, 0x1, 0xfb, 0x0,
    0xb, 0xf1, 0x0, 0x0, 0xfe, 0x0, 0x0, 0x1,
    0xfb, 0x0, 0xb, 0xf1, 0x0, 0x0, 0xfe, 0x0,
    0x0, 0x1, 0xfb, 0x0, 0xb, 0xfb, 0xbb, 0xbb,
    0xfe, 0x0, 0x0, 0x1, 0xfb, 0x0, 0xb, 0xff,
    0xff, 0xff, 0xfe, 0x0, 0x0, 0x1, 0xfb, 0x0,
    0xb, 0xf1, 0x0, 0x0, 0xfe, 0x0, 0x0, 0x0,
    0x0, 0x0, 0x0, 0x10, 0x0, 0x0, 0x0, 0x0,

    /* U+68C0 "检" */
    0x0, 0x0, 0x0, 0x0, 0x0, 0x0, 0x0, 0x0,
    0x0, 0x0, 0x0, 0x9, 0xe1, 0x0, 0x0, 0x0,
    0xd9, 0x0, 0x0, 0x0, 0x0, 0xa, 0xf1, 0x0,
    0x0, 0x9, 0xfd, 0x0, 0x0, 0x0, 0x0, 0xa,
    0xf1, 0x0, 0x0, 0x4f, 0xff, 0xa0, 0x0, 0x0,
    0x2, 0x2b, 0xf3, 0x10, 0x2, 0xff, 0x2a, 0xfa,
    0x0, 0x0, 0x2f, 0xff, 0xff, 0xf0, 0x2e, 0xf4,
    0x0, 0xbf, 0xc1, 0x0, 0x1a, 0xaf, 0xfa, 0x94,
    0xef, 0x60, 0x0, 0xa, 0xfe, 0x50, 0x0, 0xf,
    0xf3, 0x7f, 0xfd, 0xaa, 0xaa, 0xaa, 0xbf, 0xf4,
    0x0, 0x4f, 0xfd, 0x5e, 0x4a, 0xff, 0xff, 0xff,
    0x44, 0xb0, 0x0, 0x9f, 0xff, 0x81, 0x0, 0x0,
    0x0, 0x0, 0x0, 0x0, 0x0, 0xef, 0xf9, 0xf2,
    0x22, 0x1, 0xa4, 0x0, 0x49, 0x20, 0x5, 0xfc,
    0xf2, 0xc0, 0xea, 0x0, 0xf8, 0x0, 0xbf, 0x10,
    0xc, 0xda, 0xf1, 0x0, 0x9f, 0x0, 0xcb, 0x1,
    0xf9, 0x0, 0x4f, 0x7a, 0xf1, 0x0, 0x5f, 0x40,
    0xae, 0x7, 0xf2, 0x0, 0xc, 0xa, 0xf1, 0x0,
    0x1f, 0x80, 0x8f, 0x1e, 0xb0, 0x0, 0x1, 0xa,
    0xf1, 0x0, 0x9, 0x40, 0x0, 0x6f, 0x30, 0x0,
    0x0, 0xa, 0xf1, 0x0, 0x0, 0x0, 0x0, 0xdb,
    0x0, 0x0, 0x0, 0xa, 0xf1, 0x1f, 0xff, 0xff,
    0xff, 0xff, 0xff, 0xc0, 0x0, 0xa, 0xf1, 0xb,
    0xbb, 0xbb, 0xbb, 0xbb, 0xbb, 0x90, 0x0, 0xa,
    0xf1, 0x0, 0x0, 0x0, 0x0, 0x0, 0x0, 0x0,

    /* U+6982 "概" */
    0x0, 0xe, 0x80, 0x0, 0x0, 0x0, 0x0, 0x0,
    0x0, 0x0, 0x0, 0xf, 0xa0, 0x4b, 0xaa, 0xa6,
    0x6b, 0xbb, 0xbb, 0x90, 0x0, 0xf, 0xa0, 0x7f,
    0xee, 0xf9, 0x8f, 0xff, 0xff, 0xc0, 0x0, 0xf,
    0xa0, 0x7f, 0x0, 0xc9, 0x1, 0x18, 0xf0, 0x0,
    0xc, 0xcf, 0xec, 0xaf, 0x33, 0xd9, 0xf, 0x78,
    0xf0, 0x0, 0xf, 0xff, 0xff, 0xbf, 0xff, 0xf9,
    0x2f, 0x49, 0xe0, 0x0, 0x0, 0x3f, 0xa0, 0x7f,
    0x22, 0xc9, 0x5f, 0x1b, 0xd0, 0x0, 0x0, 0x5f,
    0xf1, 0x7f, 0x0, 0xc9, 0x8f, 0xd, 0xb0, 0x0,
    0x0, 0x9f, 0xf9, 0x7f, 0x99, 0xea, 0xdf, 0xdf,
    0xfd, 0xd1, 0x0, 0xdf, 0xff, 0x9f, 0xff, 0xf9,
    0xbc, 0xcf, 0xdc, 0xc0, 0x1, 0xff, 0xaf, 0xcf,
    0x0, 0x0, 0x0, 0x6f, 0x20, 0x0, 0x7, 0xff,
    0xa7, 0x7f, 0x3, 0x80, 0x0, 0xbf, 0x80, 0x0,
    0xd, 0xbf, 0xa0, 0x7f, 0x4, 0xf4, 0x1, 0xff,
    0xa0, 0x0, 0x4f, 0x5f, 0xa0, 0x7f, 0x1, 0xfb,
    0x7, 0xff, 0xa0, 0x0, 0x3e, 0x1f, 0xa0, 0x7f,
    0x8f, 0xff, 0x2e, 0xcc, 0xa0, 0x0, 0x3, 0xf,
    0xa0, 0xbf, 0xf9, 0x2b, 0x9f, 0x4c, 0xa0, 0xc2,
    0x0, 0xf, 0xa0, 0xdd, 0x30, 0x2, 0xfa, 0xc,
    0xa0, 0xe2, 0x0, 0xf, 0xa0, 0x21, 0x0, 0x1d,
    0xe1, 0xc, 0xd8, 0xf1, 0x0, 0xf, 0xa0, 0x0,
    0x0, 0x5e, 0x30, 0x7, 0xff, 0xa0, 0x0, 0x0,
    0x0, 0x0, 0x0, 0x0, 0x0, 0x0, 0x0, 0x0,

    /* U+6A21 "模" */
    0x0, 0x0, 0x0, 0x0, 0x0, 0x0, 0x0, 0x0,
    0x0, 0x0, 0x0, 0xb, 0xf1, 0x0, 0x0, 0xfc,
    0x0, 0x7f, 0x50, 0x0, 0x0, 0xb, 0xf1, 0x5,
    0x88, 0xfe, 0x88, 0xcf, 0xb8, 0x80, 0x0, 0xb,
    0xf1, 0xb, 0xff, 0xff, 0xff, 0xff, 0xff, 0xf0,
    0x4, 0x4c, 0xf4, 0x40, 0x0, 0xfc, 0x0, 0x8f,
    0x60, 0x0, 0x1f, 0xff, 0xff, 0xf0, 0x11, 0x76,
    0x11, 0x47, 0x30, 0x0, 0xa, 0xae, 0xfb, 0xa0,
    0xff, 0xff, 0xff, 0xff, 0xff, 0x0, 0x0, 0xd,
    0xf2, 0x0, 0xfd, 0x44, 0x44, 0x44, 0xef, 0x0,
    0x0, 0x1f, 0xfb, 0x0, 0xfd, 0x55, 0x55, 0x55,
    0xef, 0x0, 0x0, 0x6f, 0xff, 0x60, 0xff, 0xff,
    0xff, 0xff, 0xff, 0x0, 0x0, 0xcf, 0xfb, 0xf1,
    0xfc, 0x0, 0x0, 0x0, 0xef, 0x0, 0x2, 0xff,
    0xf3, 0xf4, 0xff, 0xff, 0xff, 0xff, 0xff, 0x0,
    0x9, 0xfc, 0xf1, 0x30, 0x45, 0x55, 0xfe, 0x55,
    0x54, 0x0, 0x2f, 0xbb, 0xf1, 0x0, 0x0, 0x3,
    0xfb, 0x0, 0x0, 0x0, 0x3f, 0x4b, 0xf1, 0x1f,
    0xff, 0xff, 0xff, 0xff, 0xff, 0xf0, 0x8, 0xb,
    0xf1, 0x8, 0x88, 0x8f, 0xff, 0xf8, 0x88, 0x70,
    0x0, 0xb, 0xf1, 0x0, 0x0, 0x8f, 0xb7, 0xfa,
    0x0, 0x0, 0x0, 0xb, 0xf1, 0x0, 0x3b, 0xfe,
    0x20, 0xbf, 0xd4, 0x0, 0x0, 0xb, 0xf1, 0x5d,
    0xff, 0xc2, 0x0, 0xa, 0xff, 0xe2, 0x0, 0xb,
    0xf1, 0x1e, 0xa4, 0x0, 0x0, 0x0, 0x4b, 0x90,
    0x0, 0x0, 0x0, 0x0, 0x0, 0x0, 0x0, 0x0,
    0x0, 0x0,

    /* U+6A2A "横" */
    0x0, 0x1, 0xc7, 0x0, 0x0, 0x8c, 0x10, 0xc,
    0x90, 0x0, 0x0, 0x2, 0xf9, 0x0, 0x0, 0xbf,
    0x20, 0x1f, 0xb0, 0x0, 0x0, 0x2, 0xf9, 0x0,
    0xff, 0xff, 0xff, 0xff, 0xff, 0xf1, 0x0, 0x2,
    0xf9, 0x0, 0x78, 0xdf, 0x88, 0x8f, 0xd8, 0x80,
    0x8, 0xab, 0xfe, 0xa8, 0x0, 0xbf, 0x10, 0x1f,
    0xb0, 0x0, 0xd, 0xff, 0xff, 0xff, 0xee, 0xff,
    0xee, 0xef, 0xfe, 0xe7, 0x1, 0x17, 0xfa, 0x15,
    0xbb, 0xbb, 0xdf, 0xdb, 0xbb, 0xb6, 0x0, 0xa,
    0xfc, 0x0, 0x0, 0x0, 0x7f, 0x50, 0x0, 0x0,
    0x0, 0xf, 0xff, 0x60, 0xbf, 0xff, 0xff, 0xff,
    0xff, 0xc0, 0x0, 0x5f, 0xff, 0xf2, 0xbf, 0x55,
    0xaf, 0x95, 0x5f, 0xc0, 0x0, 0xcd, 0xfa, 0xea,
    0xbf, 0x33, 0x9f, 0x73, 0x3f, 0xc0, 0x4, 0xf7,
    0xf9, 0x66, 0xbf, 0xff, 0xff, 0xff, 0xff, 0xc0,
    0xd, 0xd2, 0xf9, 0x0, 0xbf, 0x11, 0x8f, 0x61,
    0x1f, 0xc0, 0x1f, 0x62, 0xf9, 0x0, 0xbf, 0xaa,
    0xdf, 0xca, 0xaf, 0xc0, 0x5, 0x2, 0xf9, 0x0,
    0x7a, 0xaa, 0xaa, 0xaa, 0xaa, 0x80, 0x0, 0x2,
    0xf9, 0x0, 0x0, 0x88, 0x0, 0x9, 0x91, 0x0,
    0x0, 0x2, 0xf9, 0x0, 0x2c, 0xfe, 0x20, 0x2d,
    0xfe, 0x40, 0x0, 0x2, 0xf9, 0x8, 0xff, 0xb1,
    0x0, 0x0, 0x8f, 0xf6, 0x0, 0x2, 0xf9, 0x4,
    0xd5, 0x0, 0x0, 0x0, 0x5, 0xc1, 0x0, 0x0,
    0x0, 0x0, 0x0, 0x0, 0x0, 0x0, 0x0, 0x0,

    /* U+6B21 "次" */
    0x0, 0x0, 0x0, 0x0, 0x0, 0x0, 0x0, 0x0,
    0x0, 0x0, 0x0, 0x0, 0x0, 0x0, 0x3f, 0xb0,
    0x0, 0x0, 0x0, 0x0, 0x2, 0x80, 0x0, 0x0,
    0x7f, 0xa0, 0x0, 0x0, 0x0, 0x0, 0xb, 0xfe,
    0x50, 0x0, 0xbf, 0x60, 0x0, 0x0, 0x0, 0x0,
    0x0, 0x9f, 0xf9, 0x1, 0xff, 0xdd, 0xdd, 0xdd,
    0xde, 0x70, 0x0, 0x4, 0xea, 0x6, 0xff, 0xff,
    0xff, 0xff, 0xff, 0xd0, 0x0, 0x0, 0x20, 0xd,
    0xf6, 0x12, 0x31, 0x11, 0x8f, 0x80, 0x0, 0x0,
    0x0, 0x5f, 0xe0, 0xc, 0xf3, 0x0, 0xdf, 0x30,
    0x0, 0x0, 0x0, 0xef, 0x70, 0xc, 0xf3, 0x3,
    0xfd, 0x0, 0x0, 0x0, 0x1, 0xbe, 0x0, 0xd,
    0xf4, 0x8, 0xf6, 0x0, 0x0, 0x0, 0x65, 0x1,
    0x0, 0xf, 0xf8, 0x0, 0x40, 0x0, 0x0, 0x1,
    0xff, 0x10, 0x0, 0x3f, 0xfd, 0x0, 0x0, 0x0,
    0x0, 0xa, 0xf9, 0x0, 0x0, 0x8f, 0xff, 0x30,
    0x0, 0x0, 0x0, 0x5f, 0xe1, 0x0, 0x1, 0xff,
    0x8f, 0xc0, 0x0, 0x0, 0x1, 0xef, 0x60, 0x0,
    0xa, 0xfc, 0xc, 0xf6, 0x0, 0x0, 0xb, 0xfc,
    0x0, 0x0, 0x8f, 0xf3, 0x3, 0xff, 0x40, 0x0,
    0x1c, 0xf2, 0x0, 0x9, 0xff, 0x60, 0x0, 0x7f,
    0xf6, 0x0, 0x0, 0x40, 0x4, 0xdf, 0xf6, 0x0,
    0x0, 0x8, 0xff, 0xd3, 0x0, 0x0, 0xb, 0xfd,
    0x40, 0x0, 0x0, 0x0, 0x5e, 0xd0, 0x0, 0x0,
    0x0, 0x60, 0x0, 0x0, 0x0, 0x0, 0x0, 0x10,

    /* U+6B63 "正" */
    0xa, 0xaa, 0xaa, 0xaa, 0xaa, 0xaa, 0xaa, 0xaa,
    0xa8, 0x0, 0xff, 0xff, 0xff, 0xff, 0xff, 0xff,
    0xff, 0xff, 0xd0, 0x2, 0x33, 0x33, 0x33, 0x4f,
    0xf3, 0x33, 0x33, 0x32, 0x0, 0x0, 0x0, 0x0,
    0x1, 0xfe, 0x0, 0x0, 0x0, 0x0, 0x0, 0x0,
    0x0, 0x0, 0x1f, 0xe0, 0x0, 0x0, 0x0, 0x0,
    0x1, 0x54, 0x0, 0x1, 0xfe, 0x0, 0x0, 0x0,
    0x0, 0x0, 0x3f, 0xc0, 0x0, 0x1f, 0xe0, 0x0,
    0x0, 0x0, 0x0, 0x3, 0xfc, 0x0, 0x1, 0xff,
    0xcc, 0xcc, 0xcb, 0x0, 0x0, 0x3f, 0xc0, 0x0,
    0x1f, 0xff, 0xff, 0xff, 0xe0, 0x0, 0x3, 0xfc,
    0x0, 0x1, 0xfe, 0x0, 0x0, 0x0, 0x0, 0x0,
    0x3f, 0xc0, 0x0, 0x1f, 0xe0, 0x0, 0x0, 0x0,
    0x0, 0x3, 0xfc, 0x0, 0x1, 0xfe, 0x0, 0x0,
    0x0, 0x0, 0x0, 0x3f, 0xc0, 0x0, 0x1f, 0xe0,
    0x0, 0x0, 0x0, 0x0, 0x3, 0xfc, 0x0, 0x1,
    0xfe, 0x0, 0x0, 0x0, 0x0, 0x0, 0x3f, 0xc0,
    0x0, 0x1f, 0xe0, 0x0, 0x0, 0x0, 0xd, 0xff,
    0xff, 0xff, 0xff, 0xff, 0xff, 0xff, 0xff, 0xf7,
    0xbd, 0xdd, 0xdd, 0xdd, 0xdd, 0xdd, 0xdd, 0xdd,
    0xdd, 0x60,

    /* U+6B64 "此" */
    0x0, 0x0, 0x0, 0xed, 0x0, 0xb, 0xe2, 0x0,
    0x0, 0x0, 0x0, 0x0, 0x0, 0xff, 0x0, 0xc,
    0xf2, 0x0, 0x0, 0x0, 0x0, 0x0, 0x0, 0xff,
    0x0, 0xc, 0xf2, 0x0, 0x0, 0x0, 0x0, 0x0,
    0x0, 0xff, 0x0, 0xc, 0xf2, 0x0, 0x0, 0x0,
    0x0, 0x9c, 0x0, 0xff, 0x0, 0xc, 0xf2, 0x0,
    0x13, 0x0, 0x0, 0xcf, 0x10, 0xff, 0x0, 0xc,
    0xf2, 0x4, 0xef, 0x30, 0x0, 0xcf, 0x10, 0xff,
    0xdd, 0x6c, 0xf3, 0x9f, 0xfd, 0x30, 0x0, 0xcf,
    0x10, 0xff, 0xff, 0x8c, 0xff, 0xff, 0x70, 0x0,
    0x0, 0xcf, 0x10, 0xff, 0x0, 0xc, 0xff, 0x81,
    0x0, 0x0, 0x0, 0xcf, 0x10, 0xff, 0x0, 0xc,
    0xf3, 0x0, 0x0, 0x0, 0x0, 0xcf, 0x10, 0xff,
    0x0, 0xc, 0xf2, 0x0, 0x0, 0x0, 0x0, 0xcf,
    0x10, 0xff, 0x0, 0xc, 0xf2, 0x0, 0x0, 0x0,
    0x0, 0xcf, 0x10, 0xff, 0x0, 0xc, 0xf2, 0x0,
    0x0, 0x0, 0x0, 0xcf, 0x10, 0xff, 0x0, 0xc,
    0xf2, 0x0, 0x4, 0x10, 0x0, 0xcf, 0x10, 0xff,
    0x0, 0xc, 0xf2, 0x0, 0x8, 0xf3, 0x0, 0xcf,
    0x10, 0xff, 0x14, 0x3c, 0xf2, 0x0, 0x9, 0xf3,
    0x0, 0xcf, 0x78, 0xff, 0xff, 0x8c, 0xf3, 0x0,
    0xc, 0xf0, 0x3d, 0xff, 0xff, 0xff, 0xfc, 0x59,
    0xff, 0xdd, 0xdf, 0xc0, 0x2f, 0xfd, 0xa7, 0x41,
    0x0, 0x2, 0xcf, 0xff, 0xfd, 0x30, 0x3, 0x0,
    0x0, 0x0, 0x0, 0x0, 0x0, 0x0, 0x0, 0x0,

    /* U+6B65 "步" */
    0x0, 0x0, 0x0, 0x0, 0x9, 0xe4, 0x0, 0x0,
    0x0, 0x0, 0x0, 0x7, 0x60, 0x0, 0xbf, 0x40,
    0x0, 0x0, 0x0, 0x0, 0x0, 0xfe, 0x0, 0xb,
    0xff, 0xff, 0xff, 0xf2, 0x0, 0x0, 0xf, 0xe0,
    0x0, 0xbf, 0xdc, 0xcc, 0xcc, 0x20, 0x0, 0x0,
    0xfe, 0x0, 0xb, 0xf4, 0x0, 0x0, 0x0, 0x0,
    0x0, 0xf, 0xe0, 0x0, 0xbf, 0x40, 0x0, 0x0,
    0x0, 0xc, 0xee, 0xff, 0xee, 0xef, 0xff, 0xee,
    0xee, 0xee, 0xc0, 0xce, 0xee, 0xee, 0xee, 0xff,
    0xee, 0xee, 0xee, 0xeb, 0x0, 0x0, 0x3, 0x10,
    0xe, 0xf1, 0x0, 0x1, 0x0, 0x0, 0x0, 0x1,
    0xef, 0x20, 0xef, 0x10, 0x0, 0xbd, 0x30, 0x0,
    0x0, 0xcf, 0x80, 0xe, 0xf1, 0x0, 0x5f, 0xf1,
    0x0, 0x1, 0xcf, 0xb0, 0x0, 0xef, 0x10, 0x3f,
    0xf5, 0x0, 0x2, 0xef, 0xc0, 0x0, 0xe, 0xf1,
    0x4f, 0xf8, 0x0, 0x0, 0x9, 0xb0, 0x0, 0x0,
    0xef, 0x9f, 0xf9, 0x0, 0x0, 0x0, 0x0, 0x0,
    0x0, 0x6, 0xef, 0xf6, 0x0, 0x0, 0x0, 0x0,
    0x0, 0x5, 0xaf, 0xff, 0xb2, 0x0, 0x0, 0x0,
    0x4, 0x69, 0xcf, 0xff, 0xfa, 0x30, 0x0, 0x0,
    0x0, 0x0, 0x9f, 0xff, 0xea, 0x61, 0x0, 0x0,
    0x0, 0x0, 0x0, 0x1, 0x85, 0x20, 0x0, 0x0,
    0x0, 0x0, 0x0, 0x0, 0x0,

    /* U+6BCF "每" */
    0x0, 0x0, 0xd, 0xa0, 0x0, 0x0, 0x0, 0x0,
    0x0, 0x0, 0x0, 0x0, 0x6f, 0xb0, 0x0, 0x0,
    0x0, 0x0, 0x0, 0x0, 0x0, 0x0, 0xef, 0xff,
    0xff, 0xff, 0xff, 0xff, 0xff, 0x90, 0x0, 0x9,
    0xfd, 0xbb, 0xbb, 0xbb, 0xbb, 0xbb, 0xbb, 0x70,
    0x0, 0x5f, 0xe1, 0x0, 0x0, 0x0, 0x0, 0x0,
    0x0, 0x0, 0x4, 0xff, 0xab, 0xaa, 0xaa, 0xaa,
    0xaa, 0xaa, 0x50, 0x0, 0xd, 0xf7, 0xbf, 0xff,
    0xff, 0xff, 0xff, 0xff, 0x80, 0x0, 0x0, 0x50,
    0xdf, 0x11, 0xcd, 0x40, 0x0, 0x6f, 0x70, 0x0,
    0x0, 0x0, 0xfe, 0x0, 0x5e, 0xf9, 0x0, 0x6f,
    0x70, 0x0, 0x1, 0x12, 0xfc, 0x0, 0x1, 0xae,
    0x10, 0x7f, 0x71, 0x10, 0x2f, 0xff, 0xff, 0xff,
    0xff, 0xff, 0xff, 0xff, 0xff, 0xf4, 0x1a, 0xac,
    0xfc, 0x99, 0xfb, 0x99, 0x99, 0xcf, 0xca, 0xa2,
    0x0, 0x7, 0xf5, 0x3, 0xef, 0x80, 0x0, 0x9f,
    0x40, 0x0, 0x0, 0xa, 0xf3, 0x0, 0x9, 0xfc,
    0x0, 0xaf, 0x30, 0x0, 0x0, 0xc, 0xfa, 0xaa,
    0xaa, 0xed, 0xaa, 0xef, 0xba, 0x50, 0x0, 0xf,
    0xff, 0xff, 0xff, 0xff, 0xff, 0xff, 0xff, 0x80,
    0x0, 0x0, 0x10, 0x0, 0x0, 0x0, 0x1, 0xfe,
    0x0, 0x0, 0x0, 0x0, 0x0, 0x0, 0x0, 0x7,
    0x6a, 0xfa, 0x0, 0x0, 0x0, 0x0, 0x0, 0x0,
    0x0, 0xd, 0xff, 0xc1, 0x0, 0x0, 0x0, 0x0,
    0x0, 0x0, 0x0, 0x0, 0x0, 0x0, 0x0, 0x0,

    /* U+6C34 "水" */
    0x0, 0x0, 0x0, 0x0, 0xd, 0xe0, 0x0, 0x0,
    0x0, 0x0, 0x0, 0x0, 0x0, 0x0, 0xf, 0xf1,
    0x0, 0x0, 0x0, 0x0, 0x0, 0x0, 0x0, 0x0,
    0xf, 0xf1, 0x0, 0x0, 0x0, 0x0, 0x0, 0x0,
    0x0, 0x0, 0xf, 0xf1, 0x0, 0x0, 0x10, 0x0,
    0x0, 0x0, 0x0, 0x0, 0xf, 0xf1, 0x0, 0x5,
    0xe5, 0x0, 0x9, 0xee, 0xee, 0xfb, 0x1f, 0xf4,
    0x0, 0x3f, 0xf7, 0x0, 0xb, 0xff, 0xff, 0xff,
    0xf, 0xfb, 0x2, 0xff, 0x80, 0x0, 0x0, 0x0,
    0x3, 0xfc, 0xf, 0xff, 0x5e, 0xf8, 0x0, 0x0,
    0x0, 0x0, 0x7, 0xf8, 0xf, 0xff, 0xff, 0x70,
    0x0, 0x0, 0x0, 0x0, 0xd, 0xf3, 0xf, 0xfb,
    0xf9, 0x0, 0x0, 0x0, 0x0, 0x0, 0x4f, 0xd0,
    0xf, 0xf3, 0xfe, 0x10, 0x0, 0x0, 0x0, 0x0,
    0xcf, 0x60, 0xf, 0xf1, 0x7f, 0xc0, 0x0, 0x0,
    0x0, 0x6, 0xfe, 0x0, 0xf, 0xf1, 0xc, 0xfb,
    0x0, 0x0, 0x0, 0x2f, 0xf5, 0x0, 0xf, 0xf1,
    0x1, 0xef, 0xc1, 0x0, 0x2, 0xef, 0xa0, 0x0,
    0xf, 0xf1, 0x0, 0x2e, 0xfe, 0x60, 0x1e, 0xfd,
    0x0, 0x0, 0xf, 0xf1, 0x0, 0x2, 0xdf, 0xf3,
    0x5, 0xc1, 0x0, 0x10, 0x1f, 0xf0, 0x0, 0x0,
    0x9, 0x70, 0x0, 0x0, 0x0, 0xaf, 0xff, 0xe0,
    0x0, 0x0, 0x0, 0x0, 0x0, 0x0, 0x0, 0x5f,
    0xfc, 0x40, 0x0, 0x0, 0x0, 0x0,

    /* U+6C42 "求" */
    0x0, 0x0, 0x0, 0x0, 0xf, 0xe0, 0xb, 0x80,
    0x0, 0x0, 0x0, 0x0, 0x0, 0x0, 0xf, 0xe0,
    0x2c, 0xfe, 0x50, 0x0, 0x0, 0x0, 0x0, 0x0,
    0xf, 0xe0, 0x0, 0x6e, 0xf1, 0x0, 0x9, 0xcc,
    0xcc, 0xcc, 0xcf, 0xfc, 0xcc, 0xce, 0xec, 0xa0,
    0xc, 0xff, 0xff, 0xff, 0xff, 0xff, 0xff, 0xff,
    0xff, 0xd0, 0x0, 0x0, 0x0, 0x0, 0x1f, 0xf1,
    0x0, 0x0, 0x10, 0x0, 0x0, 0x3b, 0x20, 0x0,
    0xf, 0xf6, 0x0, 0x1, 0xd6, 0x0, 0x0, 0x7f,
    0xe2, 0x0, 0xf, 0xfd, 0x0, 0xc, 0xfb, 0x0,
    0x0, 0x8, 0xfd, 0x10, 0xf, 0xff, 0x50, 0xbf,
    0xc0, 0x0, 0x0, 0x0, 0xaf, 0xa0, 0xf, 0xff,
    0xea, 0xfc, 0x10, 0x0, 0x0, 0x0, 0x1c, 0x30,
    0x3f, 0xe7, 0xff, 0xc1, 0x0, 0x0, 0x0, 0x0,
    0x0, 0x1a, 0xff, 0xe0, 0xdf, 0x60, 0x0, 0x0,
    0x0, 0x0, 0x7, 0xff, 0xdf, 0xe0, 0x4f, 0xf4,
    0x0, 0x0, 0x0, 0x5, 0xdf, 0xf7, 0xf, 0xe0,
    0x7, 0xff, 0x40, 0x0, 0x3, 0xcf, 0xfb, 0x20,
    0xf, 0xe0, 0x0, 0x9f, 0xf8, 0x0, 0x1f, 0xfe,
    0x60, 0x0, 0xf, 0xe0, 0x0, 0x8, 0xff, 0xe1,
    0x6, 0xa1, 0x0, 0x0, 0xf, 0xe0, 0x0, 0x0,
    0x4e, 0x80, 0x0, 0x0, 0x4, 0xff, 0xff, 0xc0,
    0x0, 0x0, 0x0, 0x0, 0x0, 0x0, 0x0, 0xff,
    0xeb, 0x30, 0x0, 0x0, 0x0, 0x0,

    /* U+6C60 "池" */
    0x0, 0x37, 0x10, 0x0, 0x0, 0x0, 0xad, 0x10,
    0x0, 0x0, 0x0, 0xcf, 0xe7, 0x0, 0x0, 0x0,
    0xcf, 0x10, 0x0, 0x0, 0x0, 0x7, 0xff, 0x61,
    0xeb, 0x0, 0xcf, 0x10, 0x0, 0x0, 0x0, 0x0,
    0x29, 0x1, 0xfc, 0x0, 0xcf, 0x10, 0x17, 0x20,
    0x0, 0x0, 0x0, 0x1, 0xfc, 0x0, 0xcf, 0x5a,
    0xff, 0xa0, 0x0, 0x0, 0x0, 0x1, 0xfc, 0x1,
    0xdf, 0xff, 0xff, 0xa0, 0xa, 0xe7, 0x0, 0x1,
    0xfe, 0xbf, 0xff, 0xb4, 0x3f, 0xa0, 0x8, 0xff,
    0xd2, 0x29, 0xff, 0xfd, 0xef, 0x10, 0x3f, 0x90,
    0x0, 0x1a, 0xd3, 0xff, 0xfe, 0x40, 0xcf, 0x10,
    0x3f, 0x90, 0x0, 0x0, 0x10, 0x97, 0xfc, 0x0,
    0xcf, 0x10, 0x3f, 0x80, 0x0, 0x0, 0x1, 0x1,
    0xfc, 0x0, 0xcf, 0x10, 0x4f, 0x80, 0x0, 0x0,
    0x4d, 0x21, 0xfc, 0x0, 0xcf, 0x38, 0xcf, 0x60,
    0x0, 0x0, 0xcf, 0x41, 0xfc, 0x0, 0xcf, 0x2f,
    0xfd, 0x10, 0x0, 0x4, 0xfd, 0x1, 0xfc, 0x0,
    0xcf, 0x13, 0x20, 0x0, 0x0, 0xc, 0xf5, 0x1,
    0xfc, 0x0, 0x0, 0x0, 0x5, 0xb2, 0x0, 0x4f,
    0xd0, 0x1, 0xfc, 0x0, 0x0, 0x0, 0x7, 0xf6,
    0x0, 0xdf, 0x60, 0x0, 0xfe, 0x0, 0x0, 0x0,
    0xa, 0xf3, 0x4, 0xfd, 0x0, 0x0, 0xdf, 0xdb,
    0xbb, 0xbb, 0xcf, 0xe0, 0x0, 0x65, 0x0, 0x0,
    0x3c, 0xff, 0xff, 0xff, 0xfd, 0x30,

    /* U+6CA1 "没" */
    0x0, 0x31, 0x0, 0x0, 0x1, 0x10, 0x0, 0x10,
    0x0, 0x0, 0x1, 0xef, 0x70, 0x0, 0x5f, 0xff,
    0xff, 0xfd, 0x0, 0x0, 0x0, 0x6e, 0xfd, 0x20,
    0x5f, 0xdb, 0xbb, 0xfd, 0x0, 0x0, 0x0, 0x1,
    0xac, 0x0, 0x6f, 0x70, 0x0, 0xfd, 0x0, 0x0,
    0x0, 0x0, 0x0, 0x0, 0x8f, 0x50, 0x0, 0xfd,
    0x0, 0x0, 0x0, 0x0, 0x0, 0x0, 0xef, 0x10,
    0x0, 0xfe, 0x0, 0x10, 0xc, 0xa2, 0x0, 0x1b,
    0xfa, 0x0, 0x0, 0xdf, 0xff, 0xf2, 0x2c, 0xff,
    0x91, 0xcf, 0xc0, 0x0, 0x0, 0x4b, 0xcc, 0xc2,
    0x0, 0x5d, 0xe1, 0x28, 0x10, 0x0, 0x0, 0x0,
    0x10, 0x0, 0x0, 0x0, 0x20, 0x2f, 0xff, 0xff,
    0xff, 0xff, 0xfb, 0x0, 0x0, 0x0, 0x0, 0x1c,
    0xfd, 0xbb, 0xbb, 0xbe, 0xf8, 0x0, 0x0, 0x0,
    0x79, 0x3, 0xfd, 0x0, 0x0, 0x2f, 0xf1, 0x0,
    0x0, 0x0, 0xef, 0x10, 0x9f, 0xa0, 0x0, 0xdf,
    0x70, 0x0, 0x0, 0x8, 0xf8, 0x0, 0xc, 0xfa,
    0x1c, 0xfb, 0x0, 0x0, 0x0, 0x1f, 0xf1, 0x0,
    0x1, 0xdf, 0xff, 0xc0, 0x0, 0x0, 0x0, 0xaf,
    0x80, 0x0, 0x2, 0xbf, 0xff, 0xa2, 0x0, 0x0,
    0x4, 0xfe, 0x0, 0x37, 0xcf, 0xfe, 0x9f, 0xff,
    0xc7, 0x30, 0x6, 0xf6, 0x3, 0xff, 0xfc, 0x60,
    0x1, 0x8e, 0xff, 0xe1, 0x0, 0x30, 0x0, 0x87,
    0x20, 0x0, 0x0, 0x0, 0x49, 0x40,

    /* U+6CD5 "法" */
    0x0, 0x29, 0x20, 0x0, 0x0, 0x1, 0xfc, 0x0,
    0x0, 0x0, 0x0, 0xaf, 0xf9, 0x10, 0x0, 0x1,
    0xfd, 0x0, 0x0, 0x0, 0x0, 0x5, 0xef, 0xa0,
    0x0, 0x1, 0xfd, 0x0, 0x0, 0x0, 0x0, 0x0,
    0x9, 0x12, 0xbb, 0xbc, 0xff, 0xbb, 0xbb, 0x10,
    0x0, 0x0, 0x0, 0x3, 0xff, 0xff, 0xff, 0xff,
    0xff, 0x20, 0x0, 0x10, 0x0, 0x0, 0x0, 0x2,
    0xfd, 0x0, 0x0, 0x0, 0xa, 0xf8, 0x0, 0x0,
    0x0, 0x1, 0xfd, 0x0, 0x0, 0x0, 0x7, 0xff,
    0xe4, 0x0, 0x0, 0x1, 0xfd, 0x0, 0x0, 0x0,
    0x0, 0x1a, 0xf4, 0x5, 0x55, 0x56, 0xfe, 0x55,
    0x55, 0x50, 0x0, 0x0, 0x30, 0x1f, 0xff, 0xff,
    0xff, 0xff, 0xff, 0xe0, 0x0, 0x0, 0x0, 0x6,
    0x66, 0x7f, 0xf8, 0x66, 0x66, 0x60, 0x0, 0x0,
    0xb, 0x20, 0x0, 0x6f, 0xc0, 0x0, 0x0, 0x0,
    0x0, 0x0, 0x6f, 0x90, 0x0, 0xdf, 0x40, 0x28,
    0x0, 0x0, 0x0, 0x1, 0xef, 0x20, 0x6, 0xfb,
    0x0, 0x8f, 0x90, 0x0, 0x0, 0x9, 0xf9, 0x0,
    0x1e, 0xf2, 0x0, 0xd, 0xf4, 0x0, 0x0, 0x3f,
    0xf1, 0x0, 0xbf, 0x71, 0x35, 0x7b, 0xfd, 0x0,
    0x0, 0xcf, 0x70, 0x7, 0xff, 0xff, 0xff, 0xff,
    0xff, 0x60, 0x2, 0xfd, 0x0, 0x4, 0xfe, 0xca,
    0x86, 0x42, 0x2f, 0xe0, 0x0, 0x23, 0x0, 0x0,
    0x20, 0x0, 0x0, 0x0, 0x8, 0x50,

    /* U+6CF5 "泵" */
    0x7, 0xff, 0xff, 0xff, 0xff, 0xff, 0xff, 0xff,
    0xff, 0x10, 0x4, 0x99, 0x99, 0xff, 0xd9, 0x99,
    0x99, 0x99, 0x99, 0x0, 0x0, 0x0, 0x1b, 0xfc,
    0x10, 0x0, 0x0, 0x0, 0x0, 0x0, 0x0, 0x5,
    0xef, 0xff, 0xff, 0xff, 0xff, 0xff, 0x80, 0x0,
    0x5, 0xcf, 0xff, 0xd8, 0x88, 0x88, 0x88, 0xbf,
    0x90, 0x0, 0x3f, 0xfc, 0x5f, 0xa0, 0x0, 0x0,
    0x0, 0x5f, 0x90, 0x0, 0x5, 0x40, 0x2f, 0xd8,
    0x88, 0x88, 0x88, 0xbf, 0x90, 0x0, 0x0, 0x0,
    0x2f, 0xff, 0xff, 0xff, 0xff, 0xff, 0x80, 0x0,
    0x0, 0x0, 0x0, 0x0, 0x7, 0x60, 0x0, 0x0,
    0x0, 0x0, 0x0, 0x11, 0x11, 0x20, 0xf, 0xf0,
    0x0, 0x4, 0x50, 0x0, 0x8, 0xff, 0xff, 0xfe,
    0x1f, 0xf7, 0x0, 0x7f, 0xf4, 0x0, 0x5, 0xaa,
    0xac, 0xfd, 0xf, 0xff, 0x6b, 0xfe, 0x40, 0x0,
    0x0, 0x0, 0xc, 0xf5, 0xf, 0xff, 0xff, 0x90,
    0x0, 0x0, 0x0, 0x0, 0x9f, 0xb0, 0xf, 0xe3,
    0xff, 0x90, 0x0, 0x0, 0x0, 0x1a, 0xfe, 0x10,
    0xf, 0xe0, 0x3e, 0xfe, 0x70, 0x0, 0x18, 0xef,
    0xd2, 0x0, 0xf, 0xe0, 0x1, 0xbf, 0xff, 0x90,
    0xc, 0xf9, 0x0, 0x49, 0x9f, 0xd0, 0x0, 0x4,
    0xcf, 0x50, 0x2, 0x20, 0x0, 0x1f, 0xfe, 0x60,
    0x0, 0x0, 0x2, 0x0, 0x0, 0x0, 0x0, 0x0,
    0x0, 0x0, 0x0, 0x0, 0x0, 0x0,

    /* U+6D0B "洋" */
    0x0, 0x21, 0x0, 0x0, 0x3b, 0x30, 0x0, 0x5,
    0xa3, 0x0, 0x1, 0xef, 0x70, 0x0, 0x4f, 0xd0,
    0x0, 0xc, 0xf3, 0x0, 0x0, 0x5e, 0xfc, 0x20,
    0xb, 0xf6, 0x0, 0x4f, 0xb0, 0x0, 0x0, 0x1,
    0xbf, 0x32, 0x26, 0xf8, 0x22, 0xcf, 0x42, 0x20,
    0x0, 0x0, 0x3, 0xe, 0xff, 0xff, 0xff, 0xff,
    0xff, 0xe0, 0x1, 0x0, 0x0, 0x9, 0xaa, 0xaa,
    0xff, 0xaa, 0xaa, 0x90, 0xc, 0xe7, 0x0, 0x0,
    0x0, 0x1, 0xfd, 0x0, 0x0, 0x0, 0x7, 0xef,
    0xd3, 0x0, 0x0, 0x1, 0xfd, 0x0, 0x0, 0x0,
    0x0, 0x1a, 0xf4, 0x3, 0xff, 0xff, 0xff, 0xff,
    0xff, 0x30, 0x0, 0x0, 0x30, 0x3, 0xdd, 0xdd,
    0xff, 0xdd, 0xdd, 0x20, 0x0, 0x0, 0x30, 0x0,
    0x0, 0x1, 0xfd, 0x0, 0x0, 0x0, 0x0, 0x0,
    0xec, 0x0, 0x0, 0x1, 0xfd, 0x0, 0x0, 0x0,
    0x0, 0x6, 0xf9, 0x6c, 0xcc, 0xcc, 0xff, 0xcc,
    0xcc, 0xc4, 0x0, 0xd, 0xf3, 0x8f, 0xff, 0xff,
    0xff, 0xff, 0xff, 0xf5, 0x0, 0x5f, 0xb0, 0x0,
    0x0, 0x2, 0xfd, 0x0, 0x0, 0x0, 0x0, 0xdf,
    0x40, 0x0, 0x0, 0x1, 0xfd, 0x0, 0x0, 0x0,
    0x6, 0xfd, 0x0, 0x0, 0x0, 0x1, 0xfd, 0x0,
    0x0, 0x0, 0x6, 0xf5, 0x0, 0x0, 0x0, 0x1,
    0xfd, 0x0, 0x0, 0x0, 0x0, 0x20, 0x0, 0x0,
    0x0, 0x1, 0xfd, 0x0, 0x0, 0x0,

    /* U+6D3B "活" */
    0x0, 0x44, 0x0, 0x0, 0x0, 0x0, 0x0, 0x26,
    0xb4, 0x0, 0x1, 0xef, 0xc3, 0x0, 0x24, 0x69,
    0xbe, 0xff, 0xfe, 0x10, 0x0, 0x2b, 0xff, 0x47,
    0xff, 0xff, 0xff, 0xa7, 0x30, 0x0, 0x0, 0x0,
    0x5a, 0x1, 0x86, 0x52, 0xfe, 0x0, 0x0, 0x0,
    0x0, 0x0, 0x0, 0x0, 0x0, 0x0, 0xee, 0x0,
    0x0, 0x0, 0x0, 0x0, 0x0, 0x0, 0x0, 0x0,
    0xee, 0x0, 0x0, 0x0, 0xa, 0xc4, 0x0, 0x8f,
    0xff, 0xff, 0xff, 0xff, 0xff, 0xf3, 0xa, 0xff,
    0xc2, 0x6c, 0xcc, 0xcc, 0xff, 0xcc, 0xcc, 0xc2,
    0x0, 0x4d, 0xf2, 0x0, 0x0, 0x0, 0xee, 0x0,
    0x0, 0x0, 0x0, 0x0, 0x40, 0x0, 0x0, 0x0,
    0xee, 0x0, 0x0, 0x0, 0x0, 0x0, 0x0, 0x0,
    0x0, 0x0, 0xee, 0x0, 0x0, 0x0, 0x0, 0x0,
    0x49, 0x2, 0xff, 0xff, 0xff, 0xff, 0xff, 0x0,
    0x0, 0x0, 0xdf, 0x22, 0xfd, 0xaa, 0xaa, 0xaa,
    0xef, 0x0, 0x0, 0x6, 0xfb, 0x2, 0xf9, 0x0,
    0x0, 0x0, 0xcf, 0x0, 0x0, 0xe, 0xf3, 0x2,
    0xf9, 0x0, 0x0, 0x0, 0xcf, 0x0, 0x0, 0x8f,
    0xa0, 0x2, 0xf9, 0x0, 0x0, 0x0, 0xcf, 0x0,
    0x3, 0xff, 0x20, 0x2, 0xff, 0xff, 0xff, 0xff,
    0xff, 0x0, 0x9, 0xf8, 0x0, 0x2, 0xfe, 0xcc,
    0xcc, 0xcc, 0xff, 0x0, 0x0, 0x70, 0x0, 0x2,
    0xf9, 0x0, 0x0, 0x0, 0xcf, 0x0, 0x0, 0x0,
    0x0, 0x0, 0x10, 0x0, 0x0, 0x0, 0x0, 0x0,

    /* U+6D41 "流" */
    0x0, 0x64, 0x0, 0x0, 0x0, 0x8, 0xe1, 0x0,
    0x0, 0x0, 0x2, 0xff, 0xa1, 0x0, 0x0, 0x7,
    0xf7, 0x0, 0x0, 0x0, 0x0, 0x3d, 0xfe, 0x47,
    0x77, 0x78, 0xfe, 0x77, 0x77, 0x60, 0x0, 0x0,
    0x98, 0x9f, 0xff, 0xff, 0xff, 0xff, 0xff, 0xe0,
    0x0, 0x0, 0x0, 0x24, 0x46, 0xfe, 0x44, 0x5b,
    0x44, 0x30, 0x0, 0x0, 0x0, 0x0, 0xd, 0xf4,
    0x0, 0x7f, 0xa0, 0x0, 0xc, 0xd5, 0x0, 0x0,
    0xbf, 0x80, 0x1, 0x2d, 0xf7, 0x0, 0x1a, 0xff,
    0xc2, 0x3e, 0xff, 0xef, 0xff, 0xff, 0xff, 0x40,
    0x0, 0x3d, 0xf1, 0x1f, 0xfd, 0xca, 0x98, 0x76,
    0x6f, 0xd0, 0x0, 0x0, 0x40, 0x1, 0x0, 0x0,
    0x0, 0x0, 0x7, 0x20, 0x0, 0x0, 0x0, 0x0,
    0xfa, 0x9, 0xf1, 0x1f, 0xa0, 0x0, 0x0, 0x0,
    0x58, 0x0, 0xfa, 0x9, 0xf1, 0x1f, 0xa0, 0x0,
    0x0, 0x0, 0xcf, 0x30, 0xfa, 0x9, 0xf1, 0x1f,
    0xa0, 0x0, 0x0, 0x5, 0xfc, 0x2, 0xf9, 0x9,
    0xf1, 0x1f, 0xa0, 0x0, 0x0, 0xd, 0xf4, 0x5,
    0xf7, 0x9, 0xf1, 0x1f, 0xa0, 0x0, 0x0, 0x7f,
    0xc0, 0xb, 0xf3, 0x9, 0xf1, 0x1f, 0xa0, 0xd3,
    0x1, 0xff, 0x30, 0x5f, 0xd0, 0x9, 0xf1, 0x1f,
    0xa0, 0xf5, 0xa, 0xfa, 0x5, 0xff, 0x50, 0x8,
    0xf1, 0xf, 0xd9, 0xf3, 0x1, 0xc2, 0x1, 0xd7,
    0x0, 0x0, 0x0, 0x9, 0xff, 0xb0, 0x0, 0x0,
    0x0, 0x0, 0x0, 0x0, 0x0, 0x0, 0x0, 0x0,

    /* U+6D4B "测" */
    0x0, 0x72, 0x0, 0x0, 0x0, 0x0, 0x0, 0x0,
    0x9, 0x50, 0x5f, 0xf9, 0xb, 0xcc, 0xcc, 0xcc,
    0x0, 0x0, 0xf9, 0x0, 0x5e, 0xf9, 0xed, 0xaa,
    0xad, 0xf0, 0x8e, 0xf, 0x90, 0x0, 0x19, 0x1e,
    0x80, 0x10, 0x8f, 0x8, 0xe0, 0xf9, 0x0, 0x0,
    0x0, 0xe8, 0x4f, 0x28, 0xf0, 0x8e, 0xf, 0x90,
    0x10, 0x0, 0xe, 0x84, 0xf2, 0x8f, 0x8, 0xe0,
    0xf9, 0x1e, 0xd4, 0x0, 0xe8, 0x4f, 0x28, 0xf0,
    0x8e, 0xf, 0x91, 0x9f, 0xfa, 0xe, 0x84, 0xf2,
    0x8f, 0x8, 0xe0, 0xf9, 0x0, 0x3d, 0x50, 0xe8,
    0x4f, 0x28, 0xf0, 0x8e, 0xf, 0x90, 0x0, 0x0,
    0xe, 0x84, 0xf2, 0x8f, 0x8, 0xe0, 0xf9, 0x0,
    0x0, 0x0, 0xe8, 0x4f, 0x28, 0xf0, 0x8e, 0xf,
    0x90, 0x0, 0x86, 0xe, 0x84, 0xf1, 0x8f, 0x8,
    0xe0, 0xf9, 0x0, 0xe, 0xf0, 0xe8, 0x5f, 0x18,
    0xf0, 0x8e, 0xf, 0x90, 0x4, 0xfa, 0xe, 0x87,
    0xf0, 0x8f, 0x8, 0xe0, 0xf9, 0x0, 0xaf, 0x40,
    0x0, 0xbc, 0x20, 0x0, 0x0, 0xf, 0x90, 0x1f,
    0xe0, 0x0, 0x2f, 0x9f, 0x80, 0x0, 0x0, 0xf9,
    0x7, 0xf9, 0x0, 0x1d, 0xd0, 0x7f, 0x50, 0x0,
    0xf, 0x90, 0xef, 0x20, 0x5e, 0xe2, 0x0, 0xbf,
    0x23, 0x99, 0xf8, 0x2, 0x80, 0x6, 0xb2, 0x0,
    0x1, 0xa2, 0x1f, 0xfc, 0x20, 0x0, 0x0, 0x0,
    0x0, 0x0, 0x0, 0x0, 0x0, 0x0,

    /* U+6D88 "消" */
    0x0, 0x35, 0x0, 0x0, 0x10, 0x0, 0xce, 0x0,
    0x2, 0x0, 0xd, 0xfc, 0x20, 0x7f, 0x40, 0xd,
    0xf1, 0x3, 0xfa, 0x0, 0x1a, 0xff, 0x32, 0xfe,
    0x0, 0xdf, 0x10, 0xbf, 0x40, 0x0, 0x6, 0xc0,
    0xa, 0xf7, 0xd, 0xf1, 0x3f, 0xb0, 0x0, 0x0,
    0x0, 0x0, 0x2f, 0x70, 0xdf, 0x17, 0xe2, 0x0,
    0x1, 0x0, 0x0, 0x3, 0x43, 0x3e, 0xf4, 0x34,
    0x30, 0xb, 0xf8, 0x0, 0x3, 0xff, 0xff, 0xff,
    0xff, 0xff, 0x10, 0x4d, 0xfd, 0x30, 0x3f, 0xd9,
    0x99, 0x99, 0x9e, 0xf1, 0x0, 0x9, 0xf2, 0x3,
    0xfa, 0x0, 0x0, 0x0, 0xcf, 0x10, 0x0, 0x2,
    0x0, 0x3f, 0xea, 0xaa, 0xaa, 0xae, 0xf1, 0x0,
    0x0, 0x0, 0x3, 0xff, 0xff, 0xff, 0xff, 0xff,
    0x10, 0x0, 0x5, 0xa0, 0x3f, 0xa0, 0x0, 0x0,
    0xc, 0xf1, 0x0, 0x0, 0xdf, 0x23, 0xfa, 0x0,
    0x0, 0x0, 0xcf, 0x10, 0x0, 0x5f, 0xb0, 0x3f,
    0xff, 0xff, 0xff, 0xff, 0xf1, 0x0, 0xc, 0xf4,
    0x3, 0xfd, 0x99, 0x99, 0x99, 0xef, 0x10, 0x5,
    0xfc, 0x0, 0x3f, 0xa0, 0x0, 0x0, 0xc, 0xf1,
    0x0, 0xdf, 0x50, 0x3, 0xfa, 0x0, 0x0, 0x0,
    0xcf, 0x10, 0x4f, 0xd0, 0x0, 0x3f, 0xa0, 0x0,
    0x2d, 0xcf, 0xf0, 0x0, 0x54, 0x0, 0x3, 0xfa,
    0x0, 0x0, 0xde, 0xd6, 0x0,

    /* U+6DB2 "液" */
    0x0, 0x0, 0x0, 0x0, 0x0, 0x8, 0xd1, 0x0,
    0x0, 0x0, 0x1, 0xcc, 0x10, 0x0, 0x0, 0x7,
    0xf8, 0x0, 0x0, 0x0, 0x0, 0x8f, 0xd2, 0xcc,
    0xcc, 0xcd, 0xff, 0xcc, 0xcc, 0xc2, 0x0, 0x7,
    0xf9, 0xff, 0xff, 0xff, 0xff, 0xff, 0xff, 0xf3,
    0x0, 0x0, 0x50, 0x0, 0x99, 0x10, 0x7a, 0x20,
    0x0, 0x0, 0x0, 0x0, 0x0, 0x1, 0xfe, 0x0,
    0xdf, 0x0, 0x0, 0x0, 0x9, 0x80, 0x0, 0x7,
    0xf7, 0x4, 0xfd, 0x88, 0x89, 0x30, 0x1c, 0xfc,
    0x10, 0x1f, 0xf0, 0xb, 0xff, 0xff, 0xff, 0x80,
    0x0, 0xaf, 0x90, 0x9f, 0xf0, 0x4f, 0xa3, 0x10,
    0x7f, 0x40, 0x0, 0x7, 0x14, 0xff, 0xf0, 0xdf,
    0x5c, 0xd0, 0xcf, 0x0, 0x0, 0x0, 0xe, 0xfd,
    0xfb, 0xff, 0xb1, 0xe9, 0xfa, 0x0, 0x0, 0x7,
    0x95, 0x5b, 0xfa, 0xa7, 0xf3, 0x2a, 0xf4, 0x0,
    0x0, 0xd, 0xf0, 0xb, 0xf0, 0x0, 0xed, 0x3f,
    0xc0, 0x0, 0x0, 0x3f, 0xa0, 0xb, 0xf0, 0x0,
    0x6f, 0xff, 0x30, 0x0, 0x0, 0x9f, 0x40, 0xb,
    0xf0, 0x0, 0xe, 0xfb, 0x0, 0x0, 0x1, 0xfe,
    0x0, 0xb, 0xf0, 0x0, 0xaf, 0xff, 0x60, 0x0,
    0x7, 0xf8, 0x0, 0xb, 0xf0, 0x2d, 0xfc, 0x4f,
    0xfa, 0x10, 0x8, 0xf2, 0x0, 0xb, 0xf7, 0xff,
    0xa0, 0x2, 0xdf, 0xe2, 0x0, 0x20, 0x0, 0xb,
    0xf2, 0xd5, 0x0, 0x0, 0x9, 0x80, 0x0, 0x0,
    0x0, 0x0, 0x0, 0x0, 0x0, 0x0, 0x0, 0x0,

    /* U+6DFB "添" */
    0x0, 0x65, 0x0, 0x0, 0x0, 0x0, 0x0, 0x0,
    0x0, 0x0, 0x2, 0xff, 0xc2, 0x4d, 0xdd, 0xdd,
    0xdd, 0xdd, 0xdd, 0x60, 0x0, 0x2c, 0xfb, 0x5f,
    0xff, 0xff, 0xff, 0xff, 0xff, 0x70, 0x0, 0x0,
    0x72, 0x0, 0x0, 0x5f, 0xa0, 0x0, 0x0, 0x0,
    0x0, 0x0, 0x0, 0x0, 0x0, 0xaf, 0x50, 0x0,
    0x0, 0x0, 0x1, 0x0, 0x3, 0xbb, 0xbb, 0xff,
    0xcb, 0xbb, 0xbb, 0xb2, 0xd, 0xf8, 0x4, 0xff,
    0xff, 0xff, 0xff, 0xff, 0xff, 0xf3, 0x8, 0xff,
    0xd0, 0x0, 0x3f, 0xf1, 0x4, 0xfc, 0x0, 0x0,
    0x0, 0x1c, 0x60, 0x1, 0xdf, 0x60, 0x0, 0x8f,
    0xb1, 0x0, 0x0, 0x0, 0x0, 0x2d, 0xf9, 0x5c,
    0x40, 0xb, 0xfd, 0x40, 0x0, 0x0, 0x7, 0xff,
    0xa0, 0x7f, 0x50, 0x0, 0xaf, 0xf3, 0x0, 0x2,
    0x43, 0xe7, 0x60, 0x7f, 0x51, 0x5, 0xe8, 0x70,
    0x0, 0x9, 0xf3, 0x5, 0xf5, 0x7f, 0x6f, 0x83,
    0xfb, 0x0, 0x0, 0xf, 0xf0, 0xc, 0xe0, 0x7f,
    0x5c, 0xe0, 0x9f, 0x50, 0x0, 0x6f, 0x90, 0x6f,
    0x80, 0x7f, 0x56, 0xf3, 0x1f, 0xd0, 0x0, 0xdf,
    0x32, 0xfe, 0x0, 0x7f, 0x52, 0xf7, 0x9, 0xf4,
    0x5, 0xfc, 0x0, 0x63, 0x0, 0x7f, 0x50, 0x61,
    0x3, 0x80, 0xb, 0xf6, 0x0, 0x0, 0x6b, 0xdf,
    0x40, 0x0, 0x0, 0x0, 0x0, 0x80, 0x0, 0x0,
    0x5f, 0xea, 0x0, 0x0, 0x0, 0x0,

    /* U+6E20 "渠" */
    0x0, 0x3b, 0x50, 0x3, 0x33, 0x33, 0x33, 0x33,
    0x33, 0x0, 0x0, 0x5e, 0xfd, 0x1d, 0xff, 0xff,
    0xff, 0xff, 0xff, 0x20, 0x0, 0x0, 0x6b, 0xd,
    0xf3, 0x33, 0x33, 0x33, 0x33, 0x0, 0xb, 0xa3,
    0x0, 0xd, 0xf6, 0x66, 0x66, 0x66, 0x61, 0x0,
    0x7, 0xef, 0x90, 0xd, 0xfe, 0xee, 0xee, 0xef,
    0xf2, 0x0, 0x0, 0x6, 0x44, 0xd, 0xf0, 0x0,
    0x0, 0xb, 0xf2, 0x0, 0x0, 0x0, 0x9f, 0x4d,
    0xff, 0xff, 0xff, 0xff, 0xf2, 0x0, 0x0, 0x8,
    0xfa, 0xd, 0xf5, 0x55, 0x55, 0x55, 0x51, 0x0,
    0x0, 0x8f, 0xc0, 0xd, 0xf4, 0x44, 0x44, 0x44,
    0x44, 0x30, 0x7, 0xfd, 0x10, 0xd, 0xff, 0xff,
    0xff, 0xff, 0xff, 0xc0, 0x1, 0xa1, 0x0, 0x2,
    0x5f, 0xc3, 0x33, 0x33, 0x33, 0x20, 0x8, 0xaa,
    0xaa, 0xaa, 0xbf, 0xea, 0xaa, 0xaa, 0xaa, 0x90,
    0xe, 0xff, 0xff, 0xff, 0xff, 0xff, 0xff, 0xff,
    0xff, 0xe0, 0x0, 0x0, 0x0, 0x5f, 0xff, 0xff,
    0xd2, 0x0, 0x0, 0x0, 0x0, 0x0, 0x8, 0xff,
    0x6f, 0xba, 0xfe, 0x50, 0x0, 0x0, 0x0, 0x3,
    0xdf, 0xe3, 0x2f, 0xb0, 0x8f, 0xfc, 0x40, 0x0,
    0x4, 0xbf, 0xfb, 0x10, 0x2f, 0xb0, 0x4, 0xef,
    0xfd, 0x71, 0x1e, 0xfe, 0x60, 0x0, 0x2f, 0xb0,
    0x0, 0x8, 0xff, 0xa0, 0x3, 0x70, 0x0, 0x0,
    0x2f, 0xb0, 0x0, 0x0, 0x16, 0x0,

    /* U+6E29 "温" */
    0x0, 0x26, 0x0, 0x0, 0x0, 0x0, 0x0, 0x0,
    0x0, 0x0, 0x0, 0xcf, 0xe6, 0x6, 0xff, 0xff,
    0xff, 0xff, 0xf6, 0x0, 0x0, 0x7, 0xff, 0x66,
    0xfb, 0x88, 0x88, 0x8c, 0xf6, 0x0, 0x0, 0x0,
    0x19, 0x6, 0xf5, 0x0, 0x0, 0x8, 0xf6, 0x0,
    0x0, 0x0, 0x0, 0x6, 0xff, 0xff, 0xff, 0xff,
    0xf6, 0x0, 0x1, 0x0, 0x0, 0x6, 0xfa, 0x88,
    0x88, 0x8c, 0xf6, 0x0, 0xc, 0xe6, 0x0, 0x6,
    0xf5, 0x0, 0x0, 0x8, 0xf6, 0x0, 0x8, 0xff,
    0xc1, 0x6, 0xfb, 0xaa, 0xaa, 0xad, 0xf6, 0x0,
    0x0, 0x2b, 0xf2, 0x6, 0xff, 0xff, 0xff, 0xff,
    0xf6, 0x0, 0x0, 0x0, 0x30, 0x0, 0x0, 0x0,
    0x0, 0x0, 0x0, 0x0, 0x0, 0x0, 0x0, 0xa,
    0xaa, 0xaa, 0xaa, 0xaa, 0xaa, 0x0, 0x0, 0x0,
    0xa8, 0x1f, 0xff, 0xff, 0xff, 0xff, 0xff, 0x10,
    0x0, 0x3, 0xfd, 0x1f, 0xa0, 0xe8, 0xe, 0x80,
    0xbf, 0x10, 0x0, 0xb, 0xf5, 0x1f, 0xa0, 0xe8,
    0xe, 0x80, 0xbf, 0x10, 0x0, 0x4f, 0xc0, 0x1f,
    0xa0, 0xe8, 0xe, 0x80, 0xbf, 0x10, 0x0, 0xdf,
    0x40, 0x1f, 0xa0, 0xe8, 0xe, 0x80, 0xbf, 0x10,
    0x8, 0xfb, 0x9, 0xcf, 0xec, 0xfe, 0xcf, 0xec,
    0xff, 0xc4, 0x3, 0xd2, 0xa, 0xee, 0xee, 0xee,
    0xee, 0xee, 0xee, 0xe4, 0x0, 0x0, 0x0, 0x0,
    0x0, 0x0, 0x0, 0x0, 0x0, 0x0,

    /* U+6E7F "湿" */
    0x0, 0x45, 0x0, 0x0, 0x0, 0x0, 0x0, 0x0,
    0x0, 0x0, 0x0, 0xdf, 0xd4, 0xb, 0xff, 0xff,
    0xff, 0xff, 0xfd, 0x0, 0x0, 0x19, 0xff, 0x2b,
    0xf8, 0x88, 0x88, 0x88, 0xfd, 0x0, 0x0, 0x0,
    0x36, 0xb, 0xf0, 0x0, 0x0, 0x0, 0xfd, 0x0,
    0x0, 0x0, 0x0, 0xb, 0xff, 0xff, 0xff, 0xff,
    0xfd, 0x0, 0x4, 0x30, 0x0, 0xb, 0xf8, 0x88,
    0x88, 0x88, 0xfd, 0x0, 0x1e, 0xfa, 0x10, 0xb,
    0xf0, 0x0, 0x0, 0x0, 0xfd, 0x0, 0x4, 0xdf,
    0xe2, 0xb, 0xfa, 0xaa, 0xaa, 0xaa, 0xfd, 0x0,
    0x0, 0x9, 0xb0, 0xb, 0xff, 0xff, 0xff, 0xff,
    0xfd, 0x0, 0x0, 0x0, 0x0, 0x0, 0x0, 0x75,
    0x5, 0x70, 0x0, 0x0, 0x0, 0x0, 0x0, 0x16,
    0x0, 0xfa, 0xb, 0xf1, 0x7, 0x30, 0x0, 0x3,
    0xe3, 0x7f, 0x60, 0xfa, 0xb, 0xf1, 0x3f, 0xb0,
    0x0, 0x9, 0xf5, 0xe, 0xd0, 0xfa, 0xb, 0xf1,
    0x9f, 0x30, 0x0, 0x1f, 0xe0, 0x9, 0xf4, 0xfa,
    0xb, 0xf2, 0xfc, 0x0, 0x0, 0x9f, 0x70, 0x4,
    0xf8, 0xfa, 0xb, 0xf8, 0xf3, 0x0, 0x1, 0xff,
    0x10, 0x0, 0x41, 0xfa, 0xb, 0xf1, 0x40, 0x0,
    0x9, 0xf9, 0x8, 0xcc, 0xcc, 0xfe, 0xcf, 0xfc,
    0xcc, 0xc2, 0x3, 0xc1, 0x9, 0xee, 0xee, 0xee,
    0xee, 0xee, 0xee, 0xe3, 0x0, 0x0, 0x0, 0x0,
    0x0, 0x0, 0x0, 0x0, 0x0, 0x0,

    /* U+6E90 "源" */
    0x0, 0x83, 0x0, 0x0, 0x0, 0x0, 0x0, 0x0,
    0x0, 0x0, 0x4, 0xff, 0x91, 0x7f, 0xff, 0xff,
    0xff, 0xff, 0xff, 0xd0, 0x0, 0x4e, 0xfa, 0x8f,
    0xdc, 0xcc, 0xcc, 0xcc, 0xcc, 0xa0, 0x0, 0x0,
    0x91, 0x8f, 0x50, 0x0, 0x4f, 0xa0, 0x0, 0x0,
    0x0, 0x0, 0x0, 0x8f, 0x51, 0x22, 0xaf, 0x82,
    0x22, 0x0, 0x1, 0x0, 0x0, 0x8f, 0x5b, 0xff,
    0xff, 0xff, 0xff, 0x10, 0x2f, 0xc4, 0x0, 0x8f,
    0x5b, 0xf4, 0x44, 0x44, 0xcf, 0x10, 0x1a, 0xff,
    0x90, 0x8f, 0x5b, 0xf4, 0x44, 0x44, 0xcf, 0x10,
    0x0, 0x4d, 0x40, 0x8f, 0x4b, 0xff, 0xff, 0xff,
    0xff, 0x10, 0x0, 0x0, 0x0, 0x9f, 0x3b, 0xf1,
    0x11, 0x11, 0xbf, 0x10, 0x0, 0x0, 0x0, 0xaf,
    0x2b, 0xf7, 0x77, 0x77, 0xdf, 0x10, 0x0, 0x7,
    0x90, 0xcf, 0x1a, 0xff, 0xff, 0xff, 0xff, 0x10,
    0x0, 0xd, 0xf1, 0xee, 0x0, 0x0, 0x1f, 0xb0,
    0x0, 0x0, 0x0, 0x4f, 0xb2, 0xfc, 0x5, 0xc4,
    0x1f, 0xb5, 0xf7, 0x0, 0x0, 0xbf, 0x56, 0xf8,
    0xd, 0xf2, 0x1f, 0xb1, 0xfe, 0x10, 0x2, 0xfe,
    0xb, 0xf4, 0x6f, 0x90, 0x1f, 0xb0, 0x9f, 0x90,
    0x9, 0xf8, 0x2f, 0xe2, 0xff, 0x10, 0x1f, 0xb0,
    0x1f, 0xf1, 0xf, 0xf1, 0xaf, 0x70, 0x75, 0x39,
    0xaf, 0xb0, 0x7, 0x40, 0x2, 0x70, 0x4b, 0x0,
    0x0, 0x2f, 0xfd, 0x40, 0x0, 0x0, 0x0, 0x0,
    0x0, 0x0, 0x0, 0x0, 0x0, 0x0, 0x0, 0x0,

    /* U+6EDA "滚" */
    0x0, 0x20, 0x0, 0x0, 0x0, 0x1a, 0xb0, 0x0,
    0x0, 0x0, 0x2, 0xfc, 0x10, 0x0, 0x0, 0xe,
    0xf4, 0x0, 0x0, 0x0, 0x0, 0x7f, 0xe3, 0xff,
    0xff, 0xff, 0xff, 0xff, 0xff, 0xe0, 0x0, 0x5,
    0xf8, 0x99, 0x9e, 0xa9, 0x99, 0xdb, 0x99, 0x80,
    0x0, 0x0, 0x30, 0x0, 0xaf, 0x60, 0x1, 0xff,
    0x50, 0x0, 0x0, 0x0, 0x0, 0x2c, 0xf8, 0x29,
    0x20, 0x3e, 0xf9, 0x0, 0xb, 0x90, 0x7, 0xff,
    0x71, 0xdf, 0x60, 0x1, 0xcf, 0xb0, 0x1a, 0xfd,
    0x14, 0xd4, 0x1d, 0xf7, 0xc, 0xc0, 0xa, 0xa0,
    0x0, 0x8f, 0xb0, 0x2, 0xdf, 0x60, 0x29, 0xfc,
    0x0, 0x0, 0x0, 0x6, 0x10, 0x5f, 0xff, 0xef,
    0xff, 0xff, 0xb0, 0x0, 0x0, 0x0, 0x0, 0x4f,
    0xeb, 0xff, 0xf8, 0x19, 0xd1, 0x0, 0x0, 0x2,
    0x91, 0x1, 0xa, 0xfa, 0xfc, 0x0, 0x16, 0x0,
    0x0, 0x8, 0xf5, 0x2, 0xcf, 0xa0, 0x9f, 0x52,
    0xdf, 0x70, 0x0, 0xe, 0xe2, 0x9f, 0xff, 0x0,
    0x1f, 0xef, 0xf6, 0x0, 0x0, 0x6f, 0xaf, 0xfd,
    0xdf, 0x0, 0x6, 0xff, 0x20, 0x0, 0x0, 0xdf,
    0x24, 0x50, 0xbf, 0x0, 0x31, 0xaf, 0xd2, 0x0,
    0x5, 0xfb, 0x0, 0x0, 0xdf, 0xbf, 0xf3, 0xa,
    0xff, 0x91, 0x8, 0xf3, 0x0, 0x6, 0xff, 0xea,
    0x61, 0x0, 0x7f, 0xd0, 0x0, 0x30, 0x0, 0x0,
    0x93, 0x0, 0x0, 0x0, 0x1, 0x20,

    /* U+6EE1 "满" */
    0x0, 0x0, 0x0, 0x0, 0x1, 0x10, 0x0, 0x11,
    0x0, 0x0, 0x0, 0x44, 0x0, 0x0, 0xd, 0xe0,
    0x0, 0xfc, 0x0, 0x0, 0x1, 0xef, 0x90, 0x99,
    0x9f, 0xf9, 0x99, 0xfe, 0x99, 0x80, 0x0, 0x2d,
    0xfb, 0xff, 0xff, 0xff, 0xff, 0xff, 0xff, 0xf0,
    0x0, 0x0, 0x92, 0x0, 0xd, 0xe0, 0x1, 0xfc,
    0x0, 0x0, 0x0, 0x0, 0x0, 0x0, 0x5, 0x60,
    0x0, 0x75, 0x0, 0x0, 0x0, 0x0, 0x1, 0xcc,
    0xcc, 0xcc, 0xcc, 0xcc, 0xcc, 0xc1, 0x8, 0x91,
    0x1, 0xdd, 0xdd, 0xff, 0xde, 0xfd, 0xdd, 0xd1,
    0x1c, 0xff, 0x60, 0x0, 0x0, 0xe9, 0x5, 0xf2,
    0x0, 0x0, 0x0, 0x6f, 0x90, 0x7a, 0xaa, 0xfd,
    0xac, 0xfb, 0xab, 0x70, 0x0, 0x2, 0x0, 0xbf,
    0xff, 0xff, 0xff, 0xff, 0xff, 0xc0, 0x0, 0x0,
    0x0, 0xbf, 0x10, 0xf7, 0x8, 0xf0, 0xf, 0xc0,
    0x0, 0x0, 0xc3, 0xbf, 0x12, 0xf7, 0xa, 0xf0,
    0xf, 0xc0, 0x0, 0x5, 0xfa, 0xbf, 0x16, 0xff,
    0x3d, 0xfa, 0xf, 0xc0, 0x0, 0xd, 0xf3, 0xbf,
    0x1c, 0xed, 0xbf, 0xef, 0x4f, 0xc0, 0x0, 0x5f,
    0xc0, 0xbf, 0x6f, 0x82, 0x9f, 0x3f, 0xbf, 0xc0,
    0x0, 0xdf, 0x50, 0xbf, 0x9e, 0x12, 0xfa, 0x4,
    0x1f, 0xc0, 0x5, 0xfd, 0x0, 0xbf, 0x11, 0x0,
    0x71, 0x0, 0xf, 0xc0, 0x9, 0xf6, 0x0, 0xbf,
    0x10, 0x0, 0x0, 0x14, 0x4f, 0xb0, 0x0, 0x50,
    0x0, 0xbf, 0x10, 0x0, 0x0, 0xe, 0xfd, 0x50,

    /* U+706B "火" */
    0x0, 0x0, 0x0, 0x0, 0xb, 0xb0, 0x0, 0x0,
    0x0, 0x0, 0x0, 0x0, 0x0, 0x0, 0x1f, 0xf0,
    0x0, 0x0, 0x0, 0x0, 0x0, 0x0, 0x0, 0x0,
    0x1f, 0xf0, 0x0, 0x0, 0x0, 0x0, 0x0, 0x0,
    0x0, 0x0, 0x2f, 0xf0, 0x0, 0x0, 0x0, 0x0,
    0x0, 0x1, 0xb5, 0x0, 0x2f, 0xe0, 0x0, 0x0,
    0x96, 0x10, 0x0, 0x5, 0xfa, 0x0, 0x3f, 0xd0,
    0x0, 0x2, 0xff, 0x20, 0x0, 0xb, 0xf6, 0x0,
    0x4f, 0xc0, 0x0, 0x8, 0xfa, 0x0, 0x0, 0x2f,
    0xf1, 0x0, 0x6f, 0xb0, 0x0, 0xe, 0xf2, 0x0,
    0x0, 0xaf, 0xa0, 0x0, 0x9f, 0xd0, 0x0, 0x7f,
    0xa0, 0x0, 0x3, 0xff, 0x20, 0x0, 0xcf, 0xf2,
    0x0, 0xef, 0x10, 0x0, 0x0, 0x25, 0x0, 0x1,
    0xff, 0xf9, 0x0, 0x24, 0x0, 0x0, 0x0, 0x0,
    0x0, 0x8, 0xfb, 0xef, 0x10, 0x0, 0x0, 0x0,
    0x0, 0x0, 0x0, 0x1f, 0xf4, 0x7f, 0xb0, 0x0,
    0x0, 0x0, 0x0, 0x0, 0x0, 0xcf, 0xb0, 0xd,
    0xf7, 0x0, 0x0, 0x0, 0x0, 0x0, 0xa, 0xfe,
    0x10, 0x3, 0xff, 0x80, 0x0, 0x0, 0x0, 0x2,
    0xcf, 0xf3, 0x0, 0x0, 0x5f, 0xfc, 0x30, 0x0,
    0x2, 0x9f, 0xfe, 0x30, 0x0, 0x0, 0x4, 0xef,
    0xfc, 0x71, 0xb, 0xff, 0x91, 0x0, 0x0, 0x0,
    0x0, 0x18, 0xff, 0xb0, 0x0, 0x82, 0x0, 0x0,
    0x0, 0x0, 0x0, 0x0, 0x5, 0x20,

    /* U+70B9 "点" */
    0x0, 0x0, 0x0, 0x0, 0x1e, 0xc0, 0x0, 0x0,
    0x0, 0x0, 0x0, 0x0, 0x0, 0x0, 0x1f, 0xd0,
    0x0, 0x0, 0x0, 0x0, 0x0, 0x0, 0x0, 0x0,
    0x1f, 0xff, 0xff, 0xff, 0xff, 0x40, 0x0, 0x0,
    0x0, 0x0, 0x1f, 0xfd, 0xdd, 0xdd, 0xdd, 0x30,
    0x0, 0x0, 0x0, 0x0, 0x1f, 0xd0, 0x0, 0x0,
    0x0, 0x0, 0x0, 0x0, 0x0, 0x0, 0x1f, 0xd0,
    0x0, 0x0, 0x0, 0x0, 0x0, 0xb, 0xee, 0xee,
    0xef, 0xfe, 0xee, 0xee, 0xb0, 0x0, 0x0, 0xc,
    0xfe, 0xee, 0xee, 0xee, 0xee, 0xef, 0xd0, 0x0,
    0x0, 0xc, 0xf0, 0x0, 0x0, 0x0, 0x0, 0x1f,
    0xd0, 0x0, 0x0, 0xc, 0xf0, 0x0, 0x0, 0x0,
    0x0, 0x1f, 0xd0, 0x0, 0x0, 0xc, 0xf0, 0x0,
    0x0, 0x0, 0x0, 0x1f, 0xd0, 0x0, 0x0, 0xc,
    0xff, 0xff, 0xff, 0xff, 0xff, 0xff, 0xd0, 0x0,
    0x0, 0x9, 0xcc, 0xcc, 0xcc, 0xcc, 0xcc, 0xcc,
    0xa0, 0x0, 0x0, 0x1, 0x0, 0x0, 0x0, 0x0,
    0x0, 0x0, 0x20, 0x0, 0x0, 0xe, 0xd0, 0x3a,
    0x50, 0x1b, 0x90, 0xd, 0xf2, 0x0, 0x0, 0x7f,
    0x90, 0x3f, 0xa0, 0xc, 0xf1, 0x5, 0xfd, 0x0,
    0x2, 0xff, 0x10, 0x1f, 0xc0, 0x7, 0xf8, 0x0,
    0xbf, 0x70, 0xd, 0xf6, 0x0, 0xf, 0xe0, 0x1,
    0xfd, 0x0, 0x2f, 0xe0, 0x2, 0x60, 0x0, 0x7,
    0x50, 0x0, 0x51, 0x0, 0x5, 0x10,

    /* U+70ED "热" */
    0x0, 0x0, 0xba, 0x0, 0x0, 0xc, 0xb0, 0x0,
    0x0, 0x0, 0x0, 0x0, 0xed, 0x0, 0x0, 0xe,
    0xe0, 0x0, 0x0, 0x0, 0x0, 0x0, 0xed, 0x0,
    0x0, 0xf, 0xd0, 0x0, 0x0, 0x0, 0xc, 0xff,
    0xff, 0xff, 0x8f, 0xff, 0xff, 0xff, 0xd0, 0x0,
    0x8, 0xbb, 0xff, 0xbb, 0x5a, 0xaf, 0xea, 0xaf,
    0xd0, 0x0, 0x0, 0x0, 0xed, 0x0, 0x0, 0x1f,
    0xb0, 0xe, 0xd0, 0x0, 0x0, 0x0, 0xed, 0x48,
    0x0, 0x2f, 0x90, 0xe, 0xc0, 0x0, 0x0, 0x48,
    0xff, 0xff, 0x7e, 0xaf, 0x70, 0xe, 0xc0, 0x0,
    0x1f, 0xff, 0xff, 0x84, 0x4d, 0xff, 0x60, 0xe,
    0xc0, 0x0, 0xb, 0x94, 0xfd, 0x0, 0x1, 0xff,
    0xf9, 0xe, 0xc0, 0x0, 0x0, 0x0, 0xed, 0x0,
    0x8, 0xfa, 0xcf, 0x9c, 0xe0, 0xc3, 0x0, 0x0,
    0xed, 0x0, 0x7f, 0xe1, 0x8, 0x1a, 0xf3, 0xf6,
    0x0, 0xff, 0xfb, 0x6, 0xff, 0x30, 0x0, 0x4,
    0xff, 0xf2, 0x0, 0x79, 0x71, 0x0, 0x82, 0x0,
    0x0, 0x0, 0x6a, 0x60, 0x0, 0xb, 0x80, 0x4,
    0x30, 0x5, 0x60, 0x8, 0xd1, 0x0, 0x0, 0x6f,
    0xa0, 0x2f, 0xa0, 0xd, 0xf1, 0x7, 0xfb, 0x0,
    0x2, 0xff, 0x10, 0xf, 0xd0, 0x8, 0xf6, 0x0,
    0xcf, 0x60, 0xc, 0xf7, 0x0, 0xe, 0xe0, 0x4,
    0xfa, 0x0, 0x3f, 0xe1, 0x4, 0x80, 0x0, 0x7,
    0x50, 0x0, 0x62, 0x0, 0x7, 0x40,

    /* U+7247 "片" */
    0x0, 0x5, 0x71, 0x0, 0x0, 0x3e, 0xb0, 0x0,
    0x0, 0x0, 0x0, 0xcf, 0x30, 0x0, 0x3, 0xfc,
    0x0, 0x0, 0x0, 0x0, 0xc, 0xf3, 0x0, 0x0,
    0x3f, 0xc0, 0x0, 0x0, 0x0, 0x0, 0xcf, 0x30,
    0x0, 0x3, 0xfc, 0x0, 0x0, 0x0, 0x0, 0xc,
    0xf3, 0x0, 0x0, 0x3f, 0xc0, 0x0, 0x0, 0x0,
    0x0, 0xcf, 0xdd, 0xdd, 0xdd, 0xff, 0xdd, 0xdd,
    0xd0, 0x0, 0xc, 0xff, 0xff, 0xff, 0xff, 0xff,
    0xff, 0xff, 0x0, 0x0, 0xcf, 0x41, 0x11, 0x11,
    0x11, 0x11, 0x11, 0x10, 0x0, 0xc, 0xf2, 0x0,
    0x0, 0x0, 0x0, 0x0, 0x0, 0x0, 0x0, 0xdf,
    0x20, 0x0, 0x0, 0x0, 0x0, 0x0, 0x0, 0x0,
    0xe, 0xff, 0xee, 0xee, 0xee, 0xee, 0xe3, 0x0,
    0x0, 0x0, 0xff, 0xff, 0xff, 0xff, 0xff, 0xff,
    0x40, 0x0, 0x0, 0x3f, 0xd0, 0x0, 0x0, 0x0,
    0xc, 0xf4, 0x0, 0x0, 0x7, 0xfa, 0x0, 0x0,
    0x0, 0x0, 0xcf, 0x40, 0x0, 0x0, 0xcf, 0x60,
    0x0, 0x0, 0x0, 0xc, 0xf4, 0x0, 0x0, 0x3f,
    0xf1, 0x0, 0x0, 0x0, 0x0, 0xcf, 0x40, 0x0,
    0xc, 0xfa, 0x0, 0x0, 0x0, 0x0, 0xc, 0xf4,
    0x0, 0x5, 0xff, 0x10, 0x0, 0x0, 0x0, 0x0,
    0xcf, 0x40, 0x0, 0x8, 0x60, 0x0, 0x0, 0x0,
    0x0, 0xc, 0xf4, 0x0, 0x0, 0x0, 0x0, 0x0,
    0x0, 0x0, 0x0, 0x0, 0x0, 0x0,

    /* U+7269 "物" */
    0x0, 0x0, 0x9d, 0x0, 0x0, 0x7a, 0x10, 0x0,
    0x0, 0x0, 0x3, 0x92, 0xbf, 0x10, 0x0, 0xdf,
    0x0, 0x0, 0x0, 0x0, 0x6, 0xf4, 0xbf, 0x10,
    0x1, 0xfb, 0x0, 0x0, 0x0, 0x0, 0x7, 0xf1,
    0xbf, 0x10, 0x7, 0xfc, 0x99, 0x99, 0x9b, 0x90,
    0xa, 0xfd, 0xff, 0xdc, 0xd, 0xff, 0xff, 0xff,
    0xff, 0xf1, 0xd, 0xff, 0xff, 0xfe, 0x5f, 0xa2,
    0xfa, 0x3f, 0xad, 0xf0, 0xf, 0x90, 0xbf, 0x10,
    0xdf, 0x24, 0xf5, 0x4f, 0x6d, 0xf0, 0x5f, 0x50,
    0xbf, 0x19, 0xf9, 0xa, 0xf0, 0x8f, 0x2e, 0xe0,
    0x19, 0x0, 0xbf, 0x12, 0xb0, 0x1f, 0xa0, 0xce,
    0xe, 0xd0, 0x0, 0x0, 0xbf, 0x59, 0x20, 0x9f,
    0x32, 0xf9, 0xf, 0xc0, 0x0, 0x16, 0xef, 0xff,
    0x52, 0xfc, 0x7, 0xf4, 0xf, 0xb0, 0x2d, 0xff,
    0xff, 0x94, 0xc, 0xf3, 0xe, 0xe0, 0x2f, 0xa0,
    0x1f, 0xd8, 0xcf, 0x10, 0x9f, 0x90, 0x5f, 0x70,
    0x3f, 0x90, 0x2, 0x0, 0xbf, 0x13, 0xfd, 0x0,
    0xdf, 0x10, 0x5f, 0x70, 0x0, 0x0, 0xbf, 0x10,
    0x21, 0x7, 0xf8, 0x0, 0x7f, 0x60, 0x0, 0x0,
    0xbf, 0x10, 0x0, 0x2f, 0xe1, 0x0, 0xaf, 0x30,
    0x0, 0x0, 0xbf, 0x10, 0x1, 0xef, 0x50, 0x0,
    0xef, 0x0, 0x0, 0x0, 0xbf, 0x10, 0x1d, 0xf8,
    0x8, 0xde, 0xfb, 0x0, 0x0, 0x0, 0xbf, 0x10,
    0x3, 0x80, 0x5, 0xff, 0xc2, 0x0, 0x0, 0x0,
    0x0, 0x0, 0x0, 0x0, 0x0, 0x0, 0x0, 0x0,

    /* U+72B6 "状" */
    0x0, 0x0, 0x9, 0x70, 0x0, 0x0, 0x76, 0x0,
    0x0, 0x0, 0x0, 0x0, 0x1f, 0xc0, 0x0, 0x1,
    0xfc, 0x6, 0xc0, 0x0, 0x0, 0x0, 0x1f, 0xc0,
    0x0, 0x1, 0xfc, 0x6, 0xfa, 0x0, 0x7, 0xd1,
    0x1f, 0xc0, 0x0, 0x1, 0xfc, 0x0, 0xbf, 0x60,
    0x6, 0xfb, 0x1f, 0xc0, 0x0, 0x1, 0xfc, 0x0,
    0x1e, 0x70, 0x0, 0xbf, 0x7f, 0xc0, 0x0, 0x2,
    0xfc, 0x0, 0x1, 0x0, 0x0, 0x2f, 0xcf, 0xc8,
    0xff, 0xff, 0xff, 0xff, 0xff, 0xf5, 0x0, 0x3,
    0x1f, 0xc6, 0xdd, 0xdd, 0xff, 0xdd, 0xdd, 0xd4,
    0x0, 0x0, 0x1f, 0xc0, 0x0, 0x4, 0xff, 0x30,
    0x0, 0x0, 0x0, 0x0, 0x3f, 0xc0, 0x0, 0x6,
    0xff, 0x70, 0x0, 0x0, 0x0, 0x3, 0xef, 0xc0,
    0x0, 0xa, 0xff, 0xd0, 0x0, 0x0, 0x0, 0x5f,
    0xff, 0xc0, 0x0, 0xe, 0xfb, 0xf3, 0x0, 0x0,
    0x7, 0xff, 0x5f, 0xc0, 0x0, 0x4f, 0xc4, 0xfa,
    0x0, 0x0, 0xe, 0xf3, 0x1f, 0xc0, 0x0, 0xcf,
    0x60, 0xdf, 0x30, 0x0, 0x4, 0x20, 0x1f, 0xc0,
    0x5, 0xfe, 0x0, 0x5f, 0xc0, 0x0, 0x0, 0x0,
    0x1f, 0xc0, 0x1e, 0xf6, 0x0, 0xc, 0xf9, 0x0,
    0x0, 0x0, 0x1f, 0xc1, 0xdf, 0xb0, 0x0, 0x2,
    0xff, 0x90, 0x0, 0x0, 0x1f, 0xdd, 0xfd, 0x10,
    0x0, 0x0, 0x4f, 0xf8, 0x0, 0x0, 0x1f, 0xc5,
    0xc1, 0x0, 0x0, 0x0, 0x4, 0xb0, 0x0, 0x0,
    0x0, 0x0, 0x0, 0x0, 0x0, 0x0, 0x0, 0x0,

    /* U+72EC "独" */
    0x0, 0x50, 0x1, 0x30, 0x0, 0x0, 0xbd, 0x0,
    0x0, 0x0, 0xa, 0xf7, 0xb, 0xf5, 0x0, 0x0,
    0xdf, 0x10, 0x0, 0x0, 0x1, 0xdf, 0xaf, 0xc0,
    0x0, 0x0, 0xdf, 0x10, 0x0, 0x0, 0x0, 0x2f,
    0xff, 0x20, 0x0, 0x0, 0xdf, 0x10, 0x0, 0x0,
    0x0, 0x2f, 0xf9, 0x1, 0xff, 0xff, 0xff, 0xff,
    0xff, 0x20, 0x3, 0xef, 0xfd, 0x1, 0xfe, 0x99,
    0xff, 0xa9, 0xef, 0x20, 0xd, 0xf5, 0xbf, 0x21,
    0xfc, 0x0, 0xdf, 0x10, 0xcf, 0x20, 0x2, 0x40,
    0x7f, 0x51, 0xfc, 0x0, 0xdf, 0x10, 0xcf, 0x20,
    0x0, 0x0, 0x8f, 0x71, 0xfc, 0x0, 0xdf, 0x10,
    0xcf, 0x20, 0x0, 0x2, 0xff, 0x91, 0xfc, 0x0,
    0xdf, 0x10, 0xcf, 0x20, 0x0, 0x1e, 0xff, 0x91,
    0xff, 0xff, 0xff, 0xff, 0xff, 0x20, 0x1, 0xdf,
    0x9f, 0x90, 0xaa, 0xaa, 0xff, 0xaa, 0xaa, 0x10,
    0x1e, 0xf8, 0x3f, 0x90, 0x0, 0x0, 0xdf, 0x14,
    0xa2, 0x0, 0x6, 0x80, 0x3f, 0x80, 0x0, 0x0,
    0xdf, 0x17, 0xf8, 0x0, 0x0, 0x0, 0x4f, 0x70,
    0x0, 0x0, 0xdf, 0x11, 0xfe, 0x0, 0x0, 0x0,
    0x6f, 0x60, 0x0, 0x12, 0xef, 0x9a, 0xff, 0x50,
    0x0, 0x0, 0xaf, 0x4c, 0xdf, 0xff, 0xff, 0xff,
    0xff, 0xa0, 0x5, 0xcd, 0xfd, 0xf, 0xff, 0xff,
    0xed, 0xb9, 0x7e, 0xf0, 0x2, 0xff, 0xc3, 0x6,
    0x64, 0x20, 0x0, 0x0, 0x8, 0xa1,

    /* U+7387 "率" */
    0x0, 0x0, 0x0, 0x0, 0x3a, 0x90, 0x0, 0x0,
    0x0, 0x0, 0x0, 0x0, 0x0, 0x0, 0x1e, 0xf5,
    0x0, 0x0, 0x0, 0x0, 0x8, 0xff, 0xff, 0xff,
    0xff, 0xff, 0xff, 0xff, 0xff, 0xe0, 0x5, 0xbb,
    0xbb, 0xbb, 0xef, 0xdb, 0xbb, 0xbb, 0xbb, 0xa0,
    0x0, 0x65, 0x0, 0x2, 0xfc, 0x1, 0xb5, 0x0,
    0x94, 0x0, 0x1, 0xdf, 0xa1, 0x2d, 0xf7, 0x6c,
    0xf4, 0xb, 0xfb, 0x0, 0x0, 0x9, 0xf9, 0x7f,
    0xff, 0xff, 0x50, 0xcf, 0x80, 0x0, 0x0, 0x0,
    0x50, 0x25, 0x4d, 0xf6, 0x20, 0x24, 0x0, 0x0,
    0x0, 0x0, 0x6d, 0x11, 0xcf, 0x5a, 0xf3, 0xca,
    0x10, 0x0, 0x1, 0x7e, 0xfc, 0x6d, 0xfa, 0x8b,
    0xfd, 0x9f, 0xe5, 0x0, 0xa, 0xfd, 0x50, 0xef,
    0xff, 0xfd, 0xdf, 0x54, 0xef, 0x80, 0x2, 0x60,
    0x0, 0x54, 0x29, 0x80, 0x9, 0x30, 0x19, 0x10,
    0x0, 0x0, 0x0, 0x0, 0xf, 0xf1, 0x0, 0x0,
    0x0, 0x0, 0xf, 0xff, 0xff, 0xff, 0xff, 0xff,
    0xff, 0xff, 0xff, 0xf1, 0xb, 0xbb, 0xbb, 0xbb,
    0xbf, 0xfb, 0xbb, 0xbb, 0xbb, 0xb0, 0x0, 0x0,
    0x0, 0x0, 0xf, 0xf0, 0x0, 0x0, 0x0, 0x0,
    0x0, 0x0, 0x0, 0x0, 0xf, 0xf0, 0x0, 0x0,
    0x0, 0x0, 0x0, 0x0, 0x0, 0x0, 0xf, 0xf0,
    0x0, 0x0, 0x0, 0x0, 0x0, 0x0, 0x0, 0x0,
    0xf, 0xf0, 0x0, 0x0, 0x0, 0x0,

    /* U+73B0 "现" */
    0x0, 0x0, 0x0, 0x0, 0x0, 0x0, 0x0, 0x0,
    0x0, 0x0, 0x2b, 0xbb, 0xbb, 0xb6, 0xbf, 0xff,
    0xff, 0xff, 0xfc, 0x0, 0x3f, 0xff, 0xff, 0xf9,
    0xbf, 0xa9, 0x99, 0x9a, 0xfc, 0x0, 0x0, 0xa,
    0xf3, 0x0, 0xbf, 0x10, 0x0, 0x1, 0xfc, 0x0,
    0x0, 0xa, 0xf2, 0x0, 0xbf, 0x10, 0xcb, 0x1,
    0xfc, 0x0, 0x0, 0xa, 0xf2, 0x0, 0xbf, 0x10,
    0xed, 0x1, 0xfc, 0x0, 0x0, 0xa, 0xf2, 0x0,
    0xbf, 0x10, 0xed, 0x1, 0xfc, 0x0, 0xb, 0xcf,
    0xfd, 0xc2, 0xbf, 0x10, 0xed, 0x1, 0xfc, 0x0,
    0xe, 0xff, 0xff, 0xf2, 0xbf, 0x10, 0xfd, 0x1,
    0xfc, 0x0, 0x0, 0xa, 0xf2, 0x0, 0xbf, 0x10,
    0xfc, 0x1, 0xfc, 0x0, 0x0, 0xa, 0xf2, 0x0,
    0xbf, 0x11, 0xfa, 0x1, 0xfc, 0x0, 0x0, 0xa,
    0xf2, 0x0, 0x8b, 0x4, 0xf7, 0x0, 0xb8, 0x0,
    0x0, 0xa, 0xf2, 0x0, 0x0, 0x9, 0xfd, 0x80,
    0x0, 0x0, 0x0, 0xa, 0xf6, 0x99, 0x0, 0xe,
    0xff, 0xb0, 0x0, 0x0, 0x1, 0x5d, 0xff, 0xfc,
    0x0, 0x8f, 0x8f, 0xb0, 0x6, 0xa0, 0x6f, 0xff,
    0xfd, 0x72, 0x4, 0xfe, 0x1f, 0xb0, 0x7, 0xf0,
    0x4f, 0xd7, 0x20, 0x0, 0x4f, 0xf3, 0x1f, 0xb0,
    0x8, 0xf0, 0x2, 0x0, 0x0, 0x8, 0xff, 0x50,
    0xf, 0xe6, 0x6d, 0xc0, 0x0, 0x0, 0x0, 0x4f,
    0xe4, 0x0, 0x9, 0xff, 0xfe, 0x40, 0x0, 0x0,
    0x0, 0x4, 0x0, 0x0, 0x0, 0x0, 0x0, 0x0,

    /* U+7406 "理" */
    0x2a, 0xaa, 0xaa, 0xa2, 0xef, 0xff, 0xff, 0xff,
    0xff, 0xb0, 0x3f, 0xff, 0xff, 0xf3, 0xee, 0x99,
    0xdf, 0x99, 0xaf, 0xb0, 0x1, 0x1d, 0xf1, 0x10,
    0xec, 0x0, 0x9f, 0x0, 0x1f, 0xb0, 0x0, 0xc,
    0xf0, 0x0, 0xec, 0x0, 0x9f, 0x10, 0x2f, 0xb0,
    0x0, 0xc, 0xf0, 0x0, 0xef, 0xff, 0xff, 0xff,
    0xff, 0xb0, 0x0, 0xc, 0xf0, 0x0, 0xee, 0x77,
    0xcf, 0x77, 0x8f, 0xb0, 0xc, 0xcf, 0xfc, 0xb0,
    0xec, 0x0, 0x9f, 0x0, 0x1f, 0xb0, 0xc, 0xcf,
    0xfc, 0xb0, 0xee, 0x99, 0xdf, 0x99, 0x9f, 0xb0,
    0x0, 0xc, 0xf0, 0x0, 0xef, 0xff, 0xff, 0xff,
    0xff, 0xb0, 0x0, 0xc, 0xf0, 0x0, 0x0, 0x0,
    0xcf, 0x30, 0x0, 0x0, 0x0, 0xc, 0xf0, 0x0,
    0x0, 0x0, 0xcf, 0x20, 0x0, 0x0, 0x0, 0xc,
    0xf0, 0x2, 0xcc, 0xcc, 0xff, 0xcc, 0xcc, 0x80,
    0x0, 0xc, 0xfb, 0xf5, 0xff, 0xff, 0xff, 0xff,
    0xff, 0xa0, 0x17, 0xcf, 0xff, 0xd3, 0x0, 0x0,
    0xcf, 0x20, 0x0, 0x0, 0x3f, 0xfd, 0x83, 0x0,
    0x0, 0x0, 0xcf, 0x20, 0x0, 0x0, 0x7, 0x20,
    0x0, 0x7c, 0xcc, 0xcc, 0xff, 0xdc, 0xcc, 0xc4,
    0x0, 0x0, 0x0, 0x9f, 0xff, 0xff, 0xff, 0xff,
    0xff, 0xf5,

    /* U+751F "生" */
    0x0, 0x0, 0x45, 0x10, 0xc, 0xd0, 0x0, 0x0,
    0x0, 0x0, 0x0, 0x0, 0xcf, 0x40, 0xf, 0xf0,
    0x0, 0x0, 0x0, 0x0, 0x0, 0x2, 0xfe, 0x0,
    0xf, 0xf0, 0x0, 0x0, 0x0, 0x0, 0x0, 0x8,
    0xf9, 0x0, 0xf, 0xf1, 0x0, 0x0, 0x0, 0x0,
    0x0, 0xe, 0xff, 0xff, 0xff, 0xff, 0xff, 0xff,
    0xff, 0x0, 0x0, 0x7f, 0xec, 0xcc, 0xcf, 0xfc,
    0xcc, 0xcc, 0xcc, 0x0, 0x2, 0xff, 0x30, 0x0,
    0xf, 0xf0, 0x0, 0x0, 0x0, 0x0, 0xc, 0xfa,
    0x0, 0x0, 0xf, 0xf0, 0x0, 0x0, 0x0, 0x0,
    0x4, 0xc1, 0x0, 0x0, 0xf, 0xf0, 0x0, 0x0,
    0x0, 0x0, 0x0, 0x0, 0x0, 0x0, 0xf, 0xf1,
    0x0, 0x0, 0x0, 0x0, 0x0, 0xb, 0xff, 0xff,
    0xff, 0xff, 0xff, 0xff, 0xf4, 0x0, 0x0, 0x8,
    0xcc, 0xcc, 0xcf, 0xfc, 0xcc, 0xcc, 0xc3, 0x0,
    0x0, 0x0, 0x0, 0x0, 0xf, 0xf0, 0x0, 0x0,
    0x0, 0x0, 0x0, 0x0, 0x0, 0x0, 0xf, 0xf0,
    0x0, 0x0, 0x0, 0x0, 0x0, 0x0, 0x0, 0x0,
    0xf, 0xf0, 0x0, 0x0, 0x0, 0x0, 0x0, 0x0,
    0x0, 0x0, 0xf, 0xf0, 0x0, 0x0, 0x0, 0x0,
    0xd, 0xee, 0xee, 0xee, 0xef, 0xfe, 0xee, 0xee,
    0xee, 0xe0, 0xd, 0xee, 0xee, 0xee, 0xee, 0xee,
    0xee, 0xee, 0xee, 0xe0,

    /* U+7528 "用" */
    0x0, 0xa, 0xba, 0xaa, 0xaa, 0xaa, 0xaa, 0xaa,
    0xb9, 0x0, 0xf, 0xff, 0xff, 0xff, 0xff, 0xff,
    0xff, 0xfe, 0x0, 0xf, 0xe2, 0x22, 0x2d, 0xf3,
    0x22, 0x22, 0xfe, 0x0, 0xf, 0xd0, 0x0, 0xd,
    0xf1, 0x0, 0x0, 0xfe, 0x0, 0xf, 0xd0, 0x0,
    0xd, 0xf1, 0x0, 0x0, 0xfe, 0x0, 0xf, 0xfd,
    0xdd, 0xdf, 0xfd, 0xdd, 0xdd, 0xfe, 0x0, 0xf,
    0xff, 0xff, 0xff, 0xff, 0xff, 0xff, 0xfe, 0x0,
    0xf, 0xd0, 0x0, 0xd, 0xf1, 0x0, 0x0, 0xfe,
    0x0, 0xf, 0xd0, 0x0, 0xd, 0xf1, 0x0, 0x0,
    0xfe, 0x0, 0x1f, 0xc0, 0x0, 0xd, 0xf2, 0x0,
    0x0, 0xfe, 0x0, 0x2f, 0xff, 0xff, 0xff, 0xff,
    0xff, 0xff, 0xfe, 0x0, 0x4f, 0xec, 0xcc, 0xcf,
    0xfc, 0xcc, 0xcc, 0xfe, 0x0, 0x6f, 0x70, 0x0,
    0xd, 0xf1, 0x0, 0x0, 0xfe, 0x0, 0xaf, 0x40,
    0x0, 0xd, 0xf1, 0x0, 0x0, 0xfe, 0x0, 0xff,
    0x0, 0x0, 0xd, 0xf1, 0x0, 0x0, 0xfe, 0x6,
    0xfa, 0x0, 0x0, 0xd, 0xf1, 0x0, 0x0, 0xfe,
    0x1e, 0xf3, 0x0, 0x0, 0xd, 0xf1, 0x4c, 0xcc,
    0xfc, 0x1b, 0x90, 0x0, 0x0, 0xc, 0xf1, 0xf,
    0xff, 0xd4, 0x0, 0x0, 0x0, 0x0, 0x0, 0x0,
    0x0, 0x0, 0x0,

    /* U+7531 "由" */
    0x0, 0x0, 0x0, 0xe, 0xc0, 0x0, 0x0, 0x0,
    0x0, 0x0, 0x0, 0xf, 0xe0, 0x0, 0x0, 0x0,
    0x0, 0x0, 0x0, 0xf, 0xe0, 0x0, 0x0, 0x0,
    0x0, 0x0, 0x0, 0x1f, 0xe0, 0x0, 0x0, 0x0,
    0xdf, 0xff, 0xff, 0xff, 0xff, 0xff, 0xff, 0xff,
    0xdf, 0xdd, 0xdd, 0xdf, 0xfd, 0xdd, 0xdd, 0xff,
    0xdf, 0x10, 0x0, 0xf, 0xe0, 0x0, 0x0, 0xff,
    0xdf, 0x10, 0x0, 0xf, 0xe0, 0x0, 0x0, 0xff,
    0xdf, 0x10, 0x0, 0xf, 0xe0, 0x0, 0x0, 0xff,
    0xdf, 0x10, 0x0, 0x1f, 0xe0, 0x0, 0x0, 0xff,
    0xdf, 0xff, 0xff, 0xff, 0xff, 0xff, 0xff, 0xff,
    0xdf, 0xdc, 0xcc, 0xcf, 0xfc, 0xcc, 0xcc, 0xff,
    0xdf, 0x10, 0x0, 0xf, 0xe0, 0x0, 0x0, 0xff,
    0xdf, 0x10, 0x0, 0xf, 0xe0, 0x0, 0x0, 0xff,
    0xdf, 0x10, 0x0, 0xf, 0xe0, 0x0, 0x0, 0xff,
    0xdf, 0x32, 0x22, 0x3f, 0xe2, 0x22, 0x22, 0xff,
    0xdf, 0xff, 0xff, 0xff, 0xff, 0xff, 0xff, 0xff,
    0xdf, 0xcb, 0xbb, 0xbb, 0xbb, 0xbb, 0xbb, 0xff,
    0xdf, 0x10, 0x0, 0x0, 0x0, 0x0, 0x0, 0xff,
    0x1, 0x0, 0x0, 0x0, 0x0, 0x0, 0x0, 0x0,

    /* U+7535 "电" */
    0x0, 0x0, 0x0, 0x2d, 0xb0, 0x0, 0x0, 0x0,
    0x0, 0x0, 0x0, 0x2, 0xfd, 0x0, 0x0, 0x0,
    0x0, 0x0, 0x0, 0x0, 0x2f, 0xd0, 0x0, 0x0,
    0x0, 0xd, 0xff, 0xff, 0xff, 0xff, 0xff, 0xff,
    0xff, 0x0, 0xdf, 0xed, 0xdd, 0xef, 0xfd, 0xdd,
    0xdf, 0xf0, 0xd, 0xf2, 0x0, 0x2, 0xfd, 0x0,
    0x0, 0xef, 0x0, 0xdf, 0x20, 0x0, 0x2f, 0xd0,
    0x0, 0xe, 0xf0, 0xd, 0xfc, 0xbb, 0xbc, 0xff,
    0xbb, 0xbb, 0xff, 0x0, 0xdf, 0xff, 0xff, 0xff,
    0xff, 0xff, 0xff, 0xf0, 0xd, 0xf2, 0x0, 0x3,
    0xfd, 0x0, 0x0, 0xef, 0x0, 0xdf, 0x20, 0x0,
    0x2f, 0xd0, 0x0, 0xe, 0xf0, 0xd, 0xfb, 0xbb,
    0xbc, 0xff, 0xbb, 0xbb, 0xff, 0x0, 0xdf, 0xff,
    0xff, 0xff, 0xff, 0xff, 0xff, 0xf0, 0xd, 0xf4,
    0x22, 0x24, 0xfe, 0x22, 0x22, 0x22, 0x92, 0x45,
    0x0, 0x0, 0x2f, 0xd0, 0x0, 0x0, 0xf, 0xe0,
    0x0, 0x0, 0x2, 0xfd, 0x0, 0x0, 0x1, 0xfd,
    0x0, 0x0, 0x0, 0x1f, 0xf0, 0x0, 0x0, 0x5f,
    0xa0, 0x0, 0x0, 0x0, 0xef, 0xfe, 0xee, 0xef,
    0xf5, 0x0, 0x0, 0x0, 0x4, 0xdf, 0xff, 0xff,
    0xf9, 0x0,

    /* U+753B "画" */
    0x2b, 0xbb, 0xbb, 0xbb, 0xbb, 0xbb, 0xbb, 0xbb,
    0xb8, 0x3f, 0xff, 0xff, 0xff, 0xff, 0xff, 0xff,
    0xff, 0xfc, 0x0, 0x0, 0x0, 0x0, 0x0, 0x0,
    0x0, 0x0, 0x0, 0x0, 0x0, 0x0, 0x0, 0x0,
    0x0, 0x0, 0x0, 0x0, 0x0, 0x0, 0x7b, 0xbb,
    0xbb, 0xbb, 0xb9, 0x0, 0x0, 0x18, 0x60, 0xaf,
    0xee, 0xff, 0xee, 0xfe, 0x4, 0xa6, 0x2f, 0xc0,
    0xae, 0x0, 0xce, 0x0, 0xce, 0x7, 0xfa, 0x2f,
    0xc0, 0xae, 0x22, 0xce, 0x22, 0xce, 0x7, 0xfa,
    0x2f, 0xc0, 0xaf, 0xff, 0xff, 0xff, 0xfe, 0x7,
    0xfa, 0x2f, 0xc0, 0xaf, 0x55, 0xdf, 0x55, 0xde,
    0x7, 0xfa, 0x2f, 0xc0, 0xae, 0x0, 0xce, 0x0,
    0xce, 0x7, 0xfa, 0x2f, 0xc0, 0xae, 0x33, 0xce,
    0x33, 0xce, 0x7, 0xfa, 0x2f, 0xc0, 0xaf, 0xff,
    0xff, 0xff, 0xfe, 0x7, 0xfa, 0x2f, 0xc0, 0x36,
    0x66, 0x66, 0x66, 0x65, 0x7, 0xfa, 0x2f, 0xc0,
    0x0, 0x0, 0x0, 0x0, 0x0, 0x8, 0xfa, 0x2f,
    0xff, 0xff, 0xff, 0xff, 0xff, 0xff, 0xff, 0xfa,
    0x1b, 0xbb, 0xbb, 0xbb, 0xbb, 0xbb, 0xbb, 0xbd,
    0xfa, 0x0, 0x0, 0x0, 0x0, 0x0, 0x0, 0x0,
    0x7, 0xfa,

    /* U+7565 "略" */
    0x0, 0x0, 0x0, 0x0, 0x0, 0x0, 0x0, 0x0,
    0x0, 0x0, 0x0, 0x0, 0x0, 0x0, 0x2, 0xe7,
    0x0, 0x0, 0x0, 0x7e, 0xdd, 0xdd, 0xd6, 0x0,
    0xaf, 0x50, 0x0, 0x0, 0x8, 0xfc, 0xfd, 0xcf,
    0x70, 0x3f, 0xff, 0xff, 0xfd, 0x10, 0x8e, 0xe,
    0x50, 0xf7, 0xd, 0xfa, 0xaa, 0xbf, 0xe0, 0x8,
    0xe0, 0xe5, 0xf, 0x7b, 0xff, 0x60, 0x9, 0xf7,
    0x0, 0x8e, 0xe, 0x50, 0xff, 0xfd, 0xdf, 0x24,
    0xfd, 0x0, 0x8, 0xe0, 0xe5, 0xf, 0xbd, 0x13,
    0xfd, 0xff, 0x30, 0x0, 0x8f, 0xff, 0xff, 0xf7,
    0x0, 0x8, 0xff, 0x70, 0x0, 0x8, 0xf8, 0xfa,
    0x8f, 0x70, 0x4, 0xef, 0xfd, 0x20, 0x0, 0x8e,
    0xe, 0x50, 0xf7, 0x8, 0xff, 0x68, 0xff, 0x80,
    0x8, 0xe0, 0xe5, 0xf, 0xce, 0xfe, 0x30, 0x6,
    0xff, 0xf3, 0x8e, 0xe, 0x50, 0xfd, 0xff, 0xba,
    0xaa, 0xac, 0xfb, 0x8, 0xe0, 0xe5, 0xf, 0x74,
    0xff, 0xff, 0xff, 0xfe, 0x0, 0x8f, 0xff, 0xff,
    0xf7, 0x3f, 0x90, 0x0, 0xe, 0xe0, 0x8, 0xfa,
    0xaa, 0xaa, 0x43, 0xf9, 0x0, 0x0, 0xee, 0x0,
    0x8e, 0x0, 0x0, 0x0, 0x3f, 0x90, 0x0, 0xe,
    0xe0, 0x3, 0x50, 0x0, 0x0, 0x3, 0xfe, 0xbb,
    0xbb, 0xfe, 0x0, 0x0, 0x0, 0x0, 0x0, 0x3f,
    0xff, 0xff, 0xff, 0xe0, 0x0, 0x0, 0x0, 0x0,
    0x3, 0xf9, 0x0, 0x0, 0xee, 0x0, 0x0, 0x0,
    0x0, 0x0, 0x0, 0x0, 0x0, 0x0, 0x0, 0x0,

    /* U+767B "登" */
    0x0, 0x0, 0x0, 0x0, 0x10, 0x58, 0x0, 0x6,
    0x0, 0x0, 0x0, 0xff, 0xff, 0xff, 0xf6, 0xaf,
    0x41, 0xcf, 0x60, 0x0, 0x0, 0x88, 0x88, 0x8f,
    0xf3, 0x2f, 0xee, 0xf5, 0x2, 0x0, 0x0, 0x78,
    0x0, 0x7f, 0xb0, 0x8, 0xff, 0x20, 0x6f, 0x90,
    0x0, 0x8f, 0xd6, 0xfe, 0x10, 0x0, 0xdf, 0x89,
    0xfc, 0x10, 0x0, 0x3, 0xef, 0xfc, 0x99, 0x99,
    0xbf, 0xff, 0x70, 0x0, 0x0, 0x6, 0xff, 0xcf,
    0xff, 0xff, 0xfd, 0xef, 0xb1, 0x0, 0x2, 0xbf,
    0xe4, 0x0, 0x0, 0x0, 0x0, 0x2d, 0xff, 0x81,
    0x2f, 0xfb, 0x87, 0x77, 0x77, 0x77, 0x77, 0x76,
    0x9f, 0xf3, 0x6, 0x50, 0xff, 0xff, 0xff, 0xff,
    0xff, 0xfd, 0x2, 0x40, 0x0, 0x0, 0xff, 0x0,
    0x0, 0x0, 0x4, 0xfd, 0x0, 0x0, 0x0, 0x0,
    0xff, 0x0, 0x0, 0x0, 0x3, 0xfd, 0x0, 0x0,
    0x0, 0x0, 0xff, 0x99, 0x99, 0x99, 0x9a, 0xfd,
    0x0, 0x0, 0x0, 0x0, 0xef, 0xff, 0xff, 0xff,
    0xff, 0xfc, 0x0, 0x0, 0x0, 0x0, 0x3, 0xc7,
    0x0, 0x0, 0x4b, 0x50, 0x0, 0x0, 0x0, 0x0,
    0x2, 0xfd, 0x0, 0x0, 0xaf, 0x40, 0x0, 0x0,
    0x0, 0x0, 0x0, 0xcf, 0x30, 0x1, 0xfd, 0x0,
    0x0, 0x0, 0x7, 0x99, 0x99, 0xdd, 0x99, 0x9c,
    0xfd, 0x99, 0x99, 0x90, 0xb, 0xff, 0xff, 0xff,
    0xff, 0xff, 0xff, 0xff, 0xff, 0xe0,

    /* U+7684 "的" */
    0x0, 0x4, 0xc5, 0x0, 0x0, 0x1c, 0x80, 0x0,
    0x0, 0x0, 0x8, 0xf5, 0x0, 0x0, 0x6f, 0x90,
    0x0, 0x0, 0x0, 0xb, 0xf0, 0x0, 0x0, 0xbf,
    0x40, 0x0, 0x0, 0x1a, 0xbf, 0xea, 0xa9, 0x1,
    0xff, 0xcc, 0xcc, 0xcb, 0x2f, 0xff, 0xff, 0xfd,
    0x8, 0xff, 0xff, 0xff, 0xfe, 0x2f, 0x90, 0x0,
    0xed, 0x1f, 0xf1, 0x0, 0x0, 0xee, 0x2f, 0x90,
    0x0, 0xed, 0xaf, 0x90, 0x0, 0x0, 0xed, 0x2f,
    0x90, 0x0, 0xee, 0xcf, 0x10, 0x0, 0x0, 0xfc,
    0x2f, 0x90, 0x0, 0xed, 0x3, 0x6d, 0x10, 0x0,
    0xfc, 0x2f, 0xff, 0xff, 0xfd, 0x0, 0x6f, 0xb0,
    0x0, 0xfb, 0x2f, 0xd9, 0x99, 0xfd, 0x0, 0xb,
    0xf7, 0x1, 0xfa, 0x2f, 0x90, 0x0, 0xed, 0x0,
    0x1, 0xff, 0x22, 0xfa, 0x2f, 0x90, 0x0, 0xed,
    0x0, 0x0, 0x6f, 0x63, 0xf9, 0x2f, 0x90, 0x0,
    0xed, 0x0, 0x0, 0x2, 0x4, 0xf7, 0x2f, 0x90,
    0x0, 0xed, 0x0, 0x0, 0x0, 0x6, 0xf6, 0x2f,
    0xff, 0xff, 0xfd, 0x0, 0x0, 0x0, 0x8, 0xf4,
    0x2f, 0xda, 0xaa, 0xa8, 0x0, 0x2, 0x0, 0xd,
    0xf1, 0x2f, 0x90, 0x0, 0x0, 0x0, 0x8, 0xdc,
    0xdf, 0xc0, 0x2f, 0x90, 0x0, 0x0, 0x0, 0x4,
    0xff, 0xfc, 0x20, 0x0, 0x0, 0x0, 0x0, 0x0,
    0x0, 0x0, 0x0, 0x0,

    /* U+76D1 "监" */
    0x0, 0x34, 0x0, 0xcf, 0x0, 0x1, 0xd8, 0x0,
    0x0, 0x0, 0x0, 0xcf, 0x10, 0xdf, 0x10, 0x5,
    0xf9, 0x0, 0x0, 0x0, 0x0, 0xcf, 0x10, 0xdf,
    0x10, 0xa, 0xf7, 0x44, 0x44, 0x30, 0x0, 0xcf,
    0x10, 0xdf, 0x10, 0x1f, 0xff, 0xff, 0xff, 0xe0,
    0x0, 0xcf, 0x10, 0xdf, 0x10, 0x8f, 0xb7, 0x77,
    0x77, 0x60, 0x0, 0xcf, 0x10, 0xdf, 0x11, 0xff,
    0x12, 0x30, 0x0, 0x0, 0x0, 0xcf, 0x10, 0xdf,
    0x1b, 0xf7, 0x1f, 0xf7, 0x0, 0x0, 0x0, 0xcf,
    0x10, 0xdf, 0x4f, 0xd0, 0x3, 0xef, 0x90, 0x0,
    0x0, 0xcf, 0x10, 0xdf, 0x12, 0x20, 0x0, 0x2d,
    0xf9, 0x0, 0x0, 0x1, 0x0, 0x8a, 0x0, 0x0,
    0x0, 0x1, 0xa1, 0x0, 0x0, 0x0, 0x0, 0x0,
    0x0, 0x0, 0x0, 0x0, 0x0, 0x0, 0x0, 0xf,
    0xff, 0xff, 0xff, 0xff, 0xff, 0xff, 0xf1, 0x0,
    0x0, 0xf, 0xe8, 0x8f, 0xe8, 0x8f, 0xe8, 0x8e,
    0xf1, 0x0, 0x0, 0xf, 0xc0, 0xe, 0xd0, 0xe,
    0xd0, 0xc, 0xf1, 0x0, 0x0, 0xf, 0xc0, 0xe,
    0xd0, 0xe, 0xd0, 0xc, 0xf1, 0x0, 0x0, 0xf,
    0xc0, 0xe, 0xd0, 0xe, 0xd0, 0xc, 0xf1, 0x0,
    0x9, 0x9f, 0xe9, 0x9f, 0xe9, 0x9f, 0xe9, 0x9e,
    0xf9, 0x90, 0x1f, 0xff, 0xff, 0xff, 0xff, 0xff,
    0xff, 0xff, 0xff, 0xf1, 0x1f, 0xff, 0xff, 0xff,
    0xff, 0xff, 0xff, 0xff, 0xff, 0xf1,

    /* U+76D6 "盖" */
    0x0, 0x0, 0x0, 0x0, 0x0, 0x0, 0x0, 0x0,
    0x0, 0x0, 0x0, 0x0, 0xc, 0xe0, 0x0, 0x0,
    0xd, 0xd1, 0x0, 0x0, 0x0, 0x0, 0x8, 0xf8,
    0x0, 0x0, 0x5f, 0xa0, 0x0, 0x0, 0x0, 0x67,
    0x78, 0xfd, 0x77, 0x77, 0xdf, 0x97, 0x75, 0x0,
    0x0, 0xdf, 0xff, 0xff, 0xff, 0xff, 0xff, 0xff,
    0xfc, 0x0, 0x0, 0x0, 0x0, 0x0, 0xf, 0xf0,
    0x0, 0x0, 0x0, 0x0, 0x0, 0x4, 0x55, 0x55,
    0x5f, 0xf5, 0x55, 0x55, 0x40, 0x0, 0x0, 0xc,
    0xff, 0xff, 0xff, 0xff, 0xff, 0xff, 0xd0, 0x0,
    0x0, 0x1, 0x11, 0x11, 0x1f, 0xf1, 0x11, 0x11,
    0x10, 0x0, 0x1, 0x22, 0x22, 0x22, 0x2f, 0xf2,
    0x22, 0x22, 0x22, 0x10, 0xa, 0xff, 0xff, 0xff,
    0xff, 0xff, 0xff, 0xff, 0xff, 0xb0, 0x3, 0x66,
    0x66, 0x66, 0x66, 0x66, 0x66, 0x66, 0x66, 0x40,
    0x0, 0x8, 0x88, 0x88, 0x88, 0x88, 0x88, 0x88,
    0x80, 0x0, 0x0, 0xf, 0xff, 0xff, 0xff, 0xff,
    0xff, 0xff, 0xf1, 0x0, 0x0, 0xf, 0xc0, 0xe,
    0xc0, 0xd, 0xe0, 0xc, 0xf1, 0x0, 0x0, 0xf,
    0xc0, 0xe, 0xc0, 0xd, 0xe0, 0xc, 0xf1, 0x0,
    0x0, 0xf, 0xc0, 0xe, 0xc0, 0xd, 0xe0, 0xc,
    0xf1, 0x0, 0x1b, 0xbf, 0xfb, 0xbf, 0xfb, 0xbf,
    0xfb, 0xbe, 0xfc, 0xb1, 0x2f, 0xff, 0xff, 0xff,
    0xff, 0xff, 0xff, 0xff, 0xff, 0xf2, 0x2f, 0xff,
    0xff, 0xff, 0xff, 0xff, 0xff, 0xff, 0xff, 0xf2,

    /* U+76F8 "相" */
    0x0, 0x0, 0xdc, 0x0, 0x0, 0x0, 0x0, 0x0,
    0x0, 0x0, 0x0, 0xf, 0xe0, 0x0, 0x9c, 0xcc,
    0xcc, 0xcc, 0xc9, 0x0, 0x0, 0xfe, 0x0, 0xd,
    0xff, 0xff, 0xff, 0xff, 0xd0, 0x0, 0xf, 0xe0,
    0x0, 0xdf, 0x0, 0x0, 0x1, 0xfd, 0xa, 0xaa,
    0xff, 0xaa, 0x6d, 0xf0, 0x0, 0x0, 0x1f, 0xd0,
    0xff, 0xff, 0xff, 0xf9, 0xdf, 0x0, 0x0, 0x1,
    0xfd, 0x2, 0x26, 0xfe, 0x22, 0x1d, 0xff, 0xff,
    0xff, 0xff, 0xd0, 0x0, 0x9f, 0xe0, 0x0, 0xdf,
    0xbb, 0xbb, 0xbc, 0xfd, 0x0, 0xe, 0xff, 0x90,
    0xd, 0xf0, 0x0, 0x0, 0x1f, 0xd0, 0x4, 0xff,
    0xff, 0x60, 0xdf, 0x0, 0x0, 0x1, 0xfd, 0x0,
    0xcc, 0xfe, 0xbf, 0x3d, 0xf0, 0x0, 0x0, 0x2f,
    0xd0, 0x4f, 0x5f, 0xe1, 0xf7, 0xdf, 0xff, 0xff,
    0xff, 0xfd, 0xd, 0xe0, 0xfe, 0x4, 0xd, 0xfa,
    0xaa, 0xaa, 0xbf, 0xd5, 0xf6, 0xf, 0xe0, 0x0,
    0xdf, 0x0, 0x0, 0x1, 0xfd, 0x8, 0x0, 0xfe,
    0x0, 0xd, 0xf0, 0x0, 0x0, 0x1f, 0xd0, 0x0,
    0xf, 0xe0, 0x0, 0xdf, 0xaa, 0xaa, 0xaa, 0xfd,
    0x0, 0x0, 0xfe, 0x0, 0xd, 0xff, 0xff, 0xff,
    0xff, 0xd0, 0x0, 0xf, 0xe0, 0x0, 0xdf, 0x22,
    0x22, 0x23, 0xfd, 0x0, 0x0, 0xfe, 0x0, 0xd,
    0xf0, 0x0, 0x0, 0x1f, 0xd0, 0x0, 0x0, 0x0,
    0x0, 0x11, 0x0, 0x0, 0x0, 0x0,

    /* U+770B "看" */
    0x0, 0x0, 0x0, 0x0, 0x1, 0x23, 0x46, 0x79,
    0x80, 0x0, 0x8, 0xee, 0xef, 0xff, 0xff, 0xff,
    0xff, 0xec, 0x30, 0x0, 0x39, 0x98, 0x89, 0xff,
    0x54, 0x32, 0x0, 0x0, 0x0, 0x2, 0x55, 0x55,
    0x9f, 0xd5, 0x55, 0x55, 0x55, 0x40, 0x0, 0x7f,
    0xff, 0xff, 0xff, 0xff, 0xff, 0xff, 0xfb, 0x0,
    0x0, 0x11, 0x14, 0xfe, 0x11, 0x11, 0x11, 0x11,
    0x10, 0x8, 0x99, 0x99, 0xcf, 0xd9, 0x99, 0x99,
    0x99, 0x99, 0x70, 0xef, 0xff, 0xff, 0xff, 0xff,
    0xff, 0xff, 0xff, 0xfc, 0x0, 0x0, 0xc, 0xf7,
    0x0, 0x0, 0x0, 0x0, 0x0, 0x0, 0x0, 0x8,
    0xff, 0xff, 0xff, 0xff, 0xff, 0xfe, 0x0, 0x0,
    0x6, 0xff, 0xf7, 0x77, 0x77, 0x77, 0x7f, 0xe0,
    0x0, 0x7, 0xff, 0xff, 0x44, 0x44, 0x44, 0x44,
    0xfe, 0x0, 0x2b, 0xff, 0x4d, 0xff, 0xff, 0xff,
    0xff, 0xff, 0xe0, 0x1, 0xdd, 0x20, 0xdf, 0x0,
    0x0, 0x0, 0x0, 0xfe, 0x0, 0x1, 0x0, 0xd,
    0xff, 0xff, 0xff, 0xff, 0xff, 0xe0, 0x0, 0x0,
    0x0, 0xdf, 0x44, 0x44, 0x44, 0x44, 0xfe, 0x0,
    0x0, 0x0, 0xd, 0xf8, 0x88, 0x88, 0x88, 0x8f,
    0xe0, 0x0, 0x0, 0x0, 0xdf, 0xff, 0xff, 0xff,
    0xff, 0xfe, 0x0, 0x0, 0x0, 0xd, 0xf0, 0x0,
    0x0, 0x0, 0xf, 0xe0, 0x0,

    /* U+7740 "着" */
    0x0, 0x0, 0x8, 0xb0, 0x0, 0x0, 0x9, 0x82,
    0x0, 0x0, 0x0, 0x0, 0xbf, 0x90, 0x0, 0x4,
    0xfd, 0x0, 0x0, 0x0, 0x88, 0x8a, 0xfd, 0x88,
    0x88, 0xef, 0xb8, 0x87, 0x0, 0xe, 0xff, 0xff,
    0xff, 0xff, 0xff, 0xff, 0xff, 0xc0, 0x0, 0x0,
    0x0, 0x0, 0xef, 0x20, 0x0, 0x0, 0x0, 0x0,
    0x0, 0xff, 0xff, 0xff, 0xff, 0xff, 0xff, 0xfe,
    0x0, 0x0, 0x6, 0x66, 0x6f, 0xf8, 0x66, 0x66,
    0x66, 0x50, 0x0, 0x67, 0x77, 0x79, 0xff, 0x77,
    0x77, 0x77, 0x77, 0x74, 0xe, 0xff, 0xff, 0xff,
    0xff, 0xff, 0xff, 0xff, 0xff, 0x90, 0x0, 0x0,
    0xcf, 0xa1, 0x11, 0x11, 0x11, 0x11, 0x0, 0x0,
    0x0, 0x9f, 0xff, 0xff, 0xff, 0xff, 0xff, 0xe0,
    0x0, 0x0, 0x8f, 0xff, 0x64, 0x44, 0x44, 0x44,
    0xfe, 0x0, 0x0, 0xaf, 0xfe, 0xfd, 0xcc, 0xcc,
    0xcc, 0xcf, 0xe0, 0x3, 0xdf, 0xf4, 0xbf, 0x74,
    0x44, 0x44, 0x44, 0xfe, 0x0, 0x1d, 0xd2, 0xb,
    0xfb, 0xaa, 0xaa, 0xaa, 0xaf, 0xe0, 0x0, 0x10,
    0x0, 0xbf, 0xa8, 0x88, 0x88, 0x88, 0xfe, 0x0,
    0x0, 0x0, 0xb, 0xf8, 0x66, 0x66, 0x66, 0x6f,
    0xe0, 0x0, 0x0, 0x0, 0xbf, 0xff, 0xff, 0xff,
    0xff, 0xfe, 0x0, 0x0, 0x0, 0xb, 0xf3, 0x0,
    0x0, 0x0, 0xf, 0xe0, 0x0, 0x0, 0x0, 0x0,
    0x0, 0x0, 0x0, 0x0, 0x0, 0x0,

    /* U+77E5 "知" */
    0x0, 0x9, 0x50, 0x0, 0x0, 0x0, 0x0, 0x0,
    0x0, 0x0, 0x3, 0xfb, 0x0, 0x0, 0x0, 0x0,
    0x0, 0x0, 0x0, 0x0, 0x7f, 0x70, 0x0, 0x0,
    0xd, 0xff, 0xff, 0xff, 0x90, 0xd, 0xff, 0xff,
    0xff, 0xd0, 0xef, 0xdd, 0xde, 0xfa, 0x3, 0xfe,
    0xbf, 0xfb, 0xb9, 0xe, 0xe0, 0x0, 0x4f, 0xa0,
    0xbf, 0x41, 0xfd, 0x0, 0x0, 0xee, 0x0, 0x4,
    0xfa, 0x1e, 0xc0, 0x1f, 0xd0, 0x0, 0xe, 0xe0,
    0x0, 0x4f, 0xa0, 0x12, 0x1, 0xfd, 0x0, 0x0,
    0xee, 0x0, 0x4, 0xfa, 0xd, 0xdd, 0xdf, 0xfd,
    0xdd, 0x5e, 0xe0, 0x0, 0x4f, 0xa0, 0xff, 0xff,
    0xff, 0xff, 0xf6, 0xee, 0x0, 0x4, 0xfa, 0x0,
    0x0, 0x4f, 0xa0, 0x0, 0xe, 0xe0, 0x0, 0x4f,
    0xa0, 0x0, 0x7, 0xfd, 0x10, 0x0, 0xee, 0x0,
    0x4, 0xfa, 0x0, 0x0, 0xbf, 0xfc, 0x0, 0xe,
    0xe0, 0x0, 0x4f, 0xa0, 0x0, 0x1f, 0xe9, 0xfb,
    0x0, 0xee, 0x0, 0x4, 0xfa, 0x0, 0x9, 0xf8,
    0xc, 0xf9, 0xe, 0xe0, 0x0, 0x5f, 0xa0, 0x4,
    0xff, 0x10, 0x1e, 0xf3, 0xef, 0xff, 0xff, 0xfa,
    0x4, 0xff, 0x60, 0x0, 0x4a, 0xe, 0xfb, 0xbb,
    0xdf, 0xa1, 0xef, 0x80, 0x0, 0x0, 0x0, 0xee,
    0x0, 0x4, 0xfa, 0x3, 0x60, 0x0, 0x0, 0x0,
    0x3, 0x30, 0x0, 0x0, 0x0,

    /* U+7801 "码" */
    0xe, 0xee, 0xee, 0xed, 0x5c, 0xcc, 0xcc, 0xcc,
    0xc0, 0x0, 0xdd, 0xff, 0xdd, 0xc6, 0xff, 0xff,
    0xff, 0xff, 0x0, 0x0, 0xe, 0xe0, 0x0, 0x0,
    0x0, 0x0, 0xe, 0xe0, 0x0, 0x1, 0xfa, 0x0,
    0x0, 0x3d, 0x50, 0x0, 0xfc, 0x0, 0x0, 0x5f,
    0x60, 0x0, 0x5, 0xf6, 0x0, 0x1f, 0xb0, 0x0,
    0xa, 0xf1, 0x0, 0x0, 0x7f, 0x40, 0x3, 0xf9,
    0x0, 0x1, 0xff, 0x99, 0x94, 0x9, 0xf2, 0x0,
    0x4f, 0x70, 0x0, 0x7f, 0xff, 0xff, 0x70, 0xbf,
    0x20, 0x7, 0xf6, 0x10, 0x1f, 0xfd, 0x14, 0xf7,
    0xd, 0xff, 0xff, 0xff, 0xff, 0xd5, 0xff, 0xd0,
    0x3f, 0x70, 0x99, 0x99, 0x99, 0x99, 0xfc, 0xc,
    0xcd, 0x3, 0xf7, 0x0, 0x0, 0x0, 0x0, 0x2f,
    0xa0, 0xc, 0xd0, 0x3f, 0x73, 0x44, 0x44, 0x44,
    0x14, 0xf9, 0x0, 0xcd, 0x3, 0xf7, 0xdf, 0xff,
    0xff, 0xf7, 0x6f, 0x70, 0xc, 0xfa, 0xbf, 0x74,
    0x55, 0x55, 0x55, 0x28, 0xf5, 0x0, 0xcf, 0xff,
    0xf7, 0x0, 0x0, 0x0, 0x0, 0xbf, 0x20, 0xc,
    0xd0, 0x0, 0x0, 0x0, 0x0, 0x0, 0x1f, 0xf0,
    0x0, 0x78, 0x0, 0x0, 0x0, 0x0, 0x1b, 0xad,
    0xfa, 0x0, 0x0, 0x0, 0x0, 0x0, 0x0, 0x0,
    0xdf, 0xfb, 0x10, 0x0, 0x0, 0x0, 0x0, 0x0,
    0x0, 0x0, 0x0, 0x0, 0x0,

    /* U+786C "硬" */
    0x0, 0x0, 0x0, 0x0, 0x0, 0x0, 0x0, 0x0,
    0x0, 0x0, 0x1e, 0xee, 0xee, 0xec, 0x7f, 0xff,
    0xff, 0xff, 0xff, 0xf5, 0x1d, 0xdf, 0xfd, 0xdb,
    0x5b, 0xbb, 0xbf, 0xeb, 0xbb, 0xb3, 0x0, 0xd,
    0xf0, 0x0, 0x0, 0x0, 0x1f, 0xb0, 0x0, 0x0,
    0x0, 0xf, 0xb0, 0x0, 0x8, 0x88, 0x8f, 0xd8,
    0x88, 0x60, 0x0, 0x4f, 0x70, 0x0, 0x1f, 0xff,
    0xff, 0xff, 0xff, 0xb0, 0x0, 0x9f, 0x20, 0x0,
    0x1f, 0x90, 0x1f, 0xb0, 0xf, 0xb0, 0x0, 0xff,
    0x99, 0x97, 0x1f, 0xb6, 0x7f, 0xd6, 0x6f, 0xb0,
    0x6, 0xff, 0xff, 0xfc, 0x1f, 0xff, 0xff, 0xff,
    0xff, 0xb0, 0x1e, 0xfd, 0x11, 0xdc, 0x1f, 0x90,
    0x1f, 0xb0, 0xf, 0xb0, 0x4f, 0xfd, 0x0, 0xdc,
    0x1f, 0xc8, 0x8f, 0xd8, 0x8f, 0xb0, 0xc, 0xdd,
    0x0, 0xdc, 0x1f, 0xff, 0xff, 0xff, 0xff, 0xb0,
    0x0, 0xcd, 0x0, 0xdc, 0x6, 0x50, 0x5f, 0x70,
    0x0, 0x0, 0x0, 0xcd, 0x0, 0xdc, 0xc, 0xf2,
    0xaf, 0x30, 0x0, 0x0, 0x0, 0xcf, 0xaa, 0xfc,
    0x2, 0xfe, 0xfc, 0x0, 0x0, 0x0, 0x0, 0xcf,
    0xff, 0xfc, 0x0, 0x8f, 0xfb, 0x20, 0x0, 0x0,
    0x0, 0xcd, 0x0, 0x1, 0x4b, 0xff, 0xdf, 0xfd,
    0x95, 0x31, 0x0, 0x78, 0x0, 0x4, 0xff, 0xc2,
    0x4, 0xbf, 0xff, 0xf3, 0x0, 0x0, 0x0, 0x0,
    0x43, 0x0, 0x0, 0x0, 0x36, 0x40,

    /* U+786E "确" */
    0x0, 0x0, 0x0, 0x0, 0x0, 0x39, 0x30, 0x0,
    0x0, 0x0, 0xbb, 0xbb, 0xbb, 0xa0, 0xa, 0xf4,
    0x0, 0x10, 0x0, 0xf, 0xff, 0xff, 0xfe, 0x2,
    0xff, 0xff, 0xff, 0xc0, 0x0, 0x0, 0xcf, 0x0,
    0x0, 0xcf, 0x98, 0x8c, 0xfb, 0x0, 0x0, 0xf,
    0xc0, 0x0, 0x8f, 0x90, 0x1, 0xee, 0x10, 0x0,
    0x4, 0xf7, 0x0, 0x8f, 0xfd, 0xcc, 0xef, 0xec,
    0xc9, 0x0, 0x9f, 0x30, 0xc, 0xff, 0xfd, 0xef,
    0xfd, 0xdf, 0xc0, 0xe, 0xfb, 0xbb, 0x55, 0xf9,
    0x1, 0xf9, 0x0, 0xfc, 0x6, 0xff, 0xff, 0xf5,
    0x3f, 0xa4, 0x5f, 0xb4, 0x4f, 0xc1, 0xef, 0xe0,
    0x3f, 0x53, 0xff, 0xff, 0xff, 0xff, 0xfc, 0x3f,
    0xfe, 0x3, 0xf5, 0x3f, 0xa3, 0x4f, 0xb3, 0x3f,
    0xc0, 0xbc, 0xe0, 0x3f, 0x53, 0xf8, 0x1, 0xf9,
    0x0, 0xfc, 0x0, 0xbe, 0x3, 0xf5, 0x4f, 0xed,
    0xdf, 0xfd, 0xdf, 0xc0, 0xb, 0xe0, 0x3f, 0x56,
    0xfd, 0xcc, 0xfe, 0xcc, 0xfc, 0x0, 0xbf, 0xab,
    0xf5, 0xaf, 0x30, 0x1f, 0x90, 0xf, 0xc0, 0xb,
    0xff, 0xff, 0x5e, 0xf0, 0x1, 0xf9, 0x0, 0xfc,
    0x0, 0xbe, 0x0, 0x6, 0xfb, 0x0, 0x1f, 0x90,
    0xf, 0xc0, 0x6, 0x80, 0x1, 0xff, 0x40, 0x0,
    0xb6, 0x79, 0xfc, 0x0, 0x0, 0x0, 0x6, 0xb0,
    0x0, 0x0, 0x9, 0xfe, 0x50, 0x0, 0x0, 0x0,
    0x0, 0x0, 0x0, 0x0, 0x0, 0x0,

    /* U+793A "示" */
    0x0, 0xb, 0xbb, 0xbb, 0xbb, 0xbb, 0xbb, 0xbb,
    0xb0, 0x0, 0x1, 0xff, 0xff, 0xff, 0xff, 0xff,
    0xff, 0xff, 0x10, 0x0, 0x2, 0x22, 0x22, 0x22,
    0x22, 0x22, 0x22, 0x20, 0x0, 0x0, 0x0, 0x0,
    0x0, 0x0, 0x0, 0x0, 0x0, 0x0, 0x0, 0x0,
    0x0, 0x0, 0x0, 0x0, 0x0, 0x0, 0x0, 0x0,
    0xbd, 0xdd, 0xdd, 0xdd, 0xdd, 0xdd, 0xdd, 0xdd,
    0xdc, 0xd, 0xff, 0xff, 0xff, 0xff, 0xff, 0xff,
    0xff, 0xff, 0xe0, 0x0, 0x0, 0x0, 0x0, 0xff,
    0x10, 0x0, 0x0, 0x0, 0x0, 0x0, 0x0, 0x0,
    0xf, 0xf1, 0x0, 0x0, 0x0, 0x0, 0x0, 0xd,
    0xc2, 0x0, 0xff, 0x10, 0x2c, 0xc0, 0x0, 0x0,
    0x4, 0xfe, 0x0, 0xf, 0xf1, 0x0, 0xdf, 0x60,
    0x0, 0x0, 0xcf, 0x70, 0x0, 0xff, 0x10, 0x4,
    0xfe, 0x10, 0x0, 0x6f, 0xe0, 0x0, 0xf, 0xf1,
    0x0, 0xb, 0xf8, 0x0, 0x2f, 0xf5, 0x0, 0x0,
    0xff, 0x10, 0x0, 0x3f, 0xf1, 0x1d, 0xfb, 0x0,
    0x0, 0xf, 0xf1, 0x0, 0x0, 0xcf, 0x81, 0x9e,
    0x10, 0x0, 0x0, 0xff, 0x10, 0x0, 0x5, 0xf7,
    0x0, 0x0, 0x4, 0xee, 0xef, 0xf0, 0x0, 0x0,
    0x0, 0x0, 0x0, 0x0, 0xe, 0xff, 0xd6, 0x0,
    0x0, 0x0, 0x0, 0x0, 0x0, 0x0, 0x0, 0x0,
    0x0, 0x0, 0x0, 0x0, 0x0,

    /* U+79BB "离" */
    0x0, 0x0, 0x0, 0x4, 0xc5, 0x0, 0x0, 0x0,
    0x0, 0x0, 0x0, 0x0, 0x2, 0xfd, 0x0, 0x0,
    0x0, 0x0, 0xbf, 0xff, 0xff, 0xff, 0xff, 0xff,
    0xff, 0xff, 0xfe, 0x69, 0xab, 0x99, 0xb9, 0x99,
    0x9f, 0xb9, 0xba, 0x98, 0x0, 0x9f, 0x34, 0xfc,
    0x53, 0xcd, 0x31, 0xfc, 0x0, 0x0, 0x9f, 0x30,
    0x1a, 0xff, 0xd1, 0x1, 0xfc, 0x0, 0x0, 0x9f,
    0x35, 0xbf, 0xa7, 0xee, 0x71, 0xfc, 0x0, 0x0,
    0x9f, 0x37, 0xa2, 0x0, 0x7, 0x71, 0xfc, 0x0,
    0x0, 0x9f, 0xff, 0xff, 0xff, 0xff, 0xff, 0xfc,
    0x0, 0x0, 0x48, 0x88, 0x88, 0xff, 0x88, 0x88,
    0x86, 0x0, 0x0, 0x0, 0x0, 0x7, 0xfa, 0x0,
    0x0, 0x0, 0x0, 0xd, 0xff, 0xff, 0xff, 0xff,
    0xff, 0xff, 0xff, 0xf0, 0xd, 0xf9, 0x99, 0xef,
    0xa9, 0x9d, 0x99, 0x9e, 0xf0, 0xd, 0xf0, 0x5,
    0xfb, 0x0, 0x6f, 0x40, 0xd, 0xf0, 0xd, 0xf0,
    0x4f, 0xd2, 0x34, 0x6f, 0xe1, 0xd, 0xf0, 0xd,
    0xf0, 0x5f, 0xff, 0xff, 0xff, 0xfa, 0xd, 0xf0,
    0xd, 0xf0, 0x1e, 0xa8, 0x64, 0x20, 0x87, 0xd,
    0xf0, 0xd, 0xf0, 0x0, 0x0, 0x0, 0x0, 0x46,
    0x6e, 0xf0, 0xd, 0xf0, 0x0, 0x0, 0x0, 0x0,
    0x5f, 0xfe, 0x80, 0x0, 0x0, 0x0, 0x0, 0x0,
    0x0, 0x0, 0x0, 0x0,

    /* U+79D2 "秒" */
    0x0, 0x0, 0x0, 0x55, 0x0, 0x0, 0xaf, 0x20,
    0x0, 0x0, 0x1, 0x48, 0xbf, 0xff, 0x20, 0x0,
    0xaf, 0x20, 0x0, 0x0, 0xd, 0xff, 0xff, 0x73,
    0x0, 0x0, 0xaf, 0x20, 0x0, 0x0, 0x3, 0x42,
    0xfd, 0x0, 0x2, 0x50, 0xaf, 0x25, 0xb1, 0x0,
    0x0, 0x0, 0xfd, 0x0, 0x8, 0xf3, 0xaf, 0x26,
    0xf7, 0x0, 0x14, 0x44, 0xfd, 0x44, 0x2a, 0xf0,
    0xaf, 0x20, 0xee, 0x0, 0x3f, 0xff, 0xff, 0xff,
    0x8d, 0xd0, 0xaf, 0x20, 0x9f, 0x50, 0x17, 0x7a,
    0xff, 0x77, 0x5f, 0x90, 0xaf, 0x20, 0x3f, 0xb0,
    0x0, 0xa, 0xff, 0x60, 0x6f, 0x50, 0xaf, 0x20,
    0xe, 0xb0, 0x0, 0x1f, 0xff, 0xf4, 0x6e, 0x0,
    0xaf, 0x20, 0x1, 0x0, 0x0, 0x9f, 0xfd, 0xcf,
    0x20, 0x0, 0xaf, 0x20, 0xbc, 0x10, 0x2, 0xf9,
    0xfd, 0x3e, 0x10, 0x0, 0xaf, 0x23, 0xfc, 0x0,
    0xc, 0xf2, 0xfd, 0x1, 0x0, 0x0, 0x46, 0x1c,
    0xf5, 0x0, 0x5f, 0x90, 0xfd, 0x0, 0x0, 0x0,
    0x0, 0xaf, 0xb0, 0x0, 0xd, 0x10, 0xfd, 0x0,
    0x0, 0x0, 0xa, 0xfe, 0x10, 0x0, 0x0, 0x0,
    0xfd, 0x0, 0x0, 0x5, 0xdf, 0xe2, 0x0, 0x0,
    0x0, 0x0, 0xfd, 0x0, 0x38, 0xdf, 0xfb, 0x10,
    0x0, 0x0, 0x0, 0x0, 0xfd, 0x8, 0xff, 0xfc,
    0x40, 0x0, 0x0, 0x0, 0x0, 0x0, 0xfd, 0x1,
    0xd9, 0x30, 0x0, 0x0, 0x0, 0x0,

    /* U+7A0B "程" */
    0x0, 0x0, 0x0, 0x42, 0x0, 0x0, 0x0, 0x0,
    0x0, 0x0, 0x0, 0x36, 0xae, 0xfe, 0x1c, 0xff,
    0xff, 0xff, 0xff, 0x10, 0x1f, 0xff, 0xff, 0x84,
    0xc, 0xf8, 0x88, 0x88, 0xef, 0x10, 0x5, 0x52,
    0xfd, 0x0, 0xc, 0xf0, 0x0, 0x0, 0xcf, 0x10,
    0x0, 0x0, 0xfd, 0x0, 0xc, 0xf0, 0x0, 0x0,
    0xcf, 0x10, 0x2, 0x22, 0xfe, 0x22, 0xc, 0xf0,
    0x0, 0x0, 0xcf, 0x10, 0x1f, 0xff, 0xff, 0xff,
    0x3c, 0xff, 0xff, 0xff, 0xff, 0x10, 0x1a, 0xac,
    0xff, 0xaa, 0x27, 0x99, 0x99, 0x99, 0x99, 0x0,
    0x0, 0x9, 0xfe, 0x0, 0x0, 0x0, 0x0, 0x0,
    0x0, 0x0, 0x0, 0x1f, 0xff, 0xb0, 0x3d, 0xdd,
    0xdd, 0xdd, 0xdd, 0xd1, 0x0, 0x9f, 0xfe, 0xed,
    0x5c, 0xcc, 0xdf, 0xfc, 0xcc, 0xc1, 0x3, 0xf9,
    0xfd, 0x3f, 0x60, 0x0, 0x1f, 0xc0, 0x0, 0x0,
    0xd, 0xf2, 0xfd, 0x2, 0x7, 0x99, 0x9f, 0xe9,
    0x99, 0x50, 0x5f, 0x90, 0xfd, 0x0, 0xd, 0xff,
    0xff, 0xff, 0xff, 0xa0, 0xb, 0x0, 0xfd, 0x0,
    0x0, 0x11, 0x2f, 0xd1, 0x11, 0x0, 0x0, 0x0,
    0xfd, 0x0, 0x0, 0x0, 0x1f, 0xc0, 0x0, 0x0,
    0x0, 0x0, 0xfd, 0x0, 0x44, 0x44, 0x5f, 0xd4,
    0x44, 0x42, 0x0, 0x0, 0xfd, 0x1, 0xff, 0xff,
    0xff, 0xff, 0xff, 0xf8, 0x0, 0x0, 0xfd, 0x1,
    0xff, 0xff, 0xff, 0xff, 0xff, 0xf8,

    /* U+7A0D "稍" */
    0x0, 0x0, 0x2, 0x60, 0x0, 0x0, 0xb, 0x90,
    0x0, 0x0, 0x1, 0x48, 0xcf, 0xf5, 0x3d, 0x60,
    0xf, 0xc0, 0x8, 0xe3, 0x9, 0xff, 0xfd, 0x50,
    0xe, 0xf1, 0xf, 0xc0, 0x1f, 0xe0, 0x2, 0x43,
    0xfa, 0x0, 0x6, 0xf8, 0xf, 0xc0, 0x8f, 0x60,
    0x0, 0x1, 0xfa, 0x0, 0x0, 0xea, 0xf, 0xc0,
    0xdc, 0x0, 0x0, 0x2, 0xfa, 0x0, 0x1, 0x31,
    0x1f, 0xc1, 0x13, 0x10, 0xf, 0xff, 0xff, 0xfe,
    0xf, 0xff, 0xff, 0xff, 0xff, 0xb0, 0xb, 0xbe,
    0xfe, 0xba, 0xf, 0xeb, 0xbb, 0xbb, 0xbf, 0xb0,
    0x0, 0xc, 0xfe, 0x10, 0xf, 0xb0, 0x0, 0x0,
    0xf, 0xb0, 0x0, 0x2f, 0xff, 0xc0, 0xf, 0xea,
    0xaa, 0xaa, 0xaf, 0xb0, 0x0, 0x9f, 0xfb, 0xfa,
    0xf, 0xff, 0xff, 0xff, 0xff, 0xb0, 0x1, 0xfb,
    0xfa, 0x77, 0xf, 0xb0, 0x0, 0x0, 0xf, 0xb0,
    0x9, 0xf4, 0xfa, 0x0, 0xf, 0xb0, 0x0, 0x0,
    0xf, 0xb0, 0xf, 0xc1, 0xfa, 0x0, 0xf, 0xff,
    0xff, 0xff, 0xff, 0xb0, 0x8, 0x41, 0xfa, 0x0,
    0xf, 0xe9, 0x99, 0x99, 0x9f, 0xb0, 0x0, 0x1,
    0xfa, 0x0, 0xf, 0xb0, 0x0, 0x0, 0xf, 0xb0,
    0x0, 0x1, 0xfa, 0x0, 0xf, 0xb0, 0x0, 0x0,
    0xf, 0xb0, 0x0, 0x1, 0xfa, 0x0, 0xf, 0xb0,
    0x0, 0x7d, 0xef, 0xa0, 0x0, 0x1, 0xfa, 0x0,
    0xf, 0xa0, 0x0, 0x3e, 0xdb, 0x20,

    /* U+7A7A "空" */
    0x0, 0x0, 0x0, 0x0, 0x0, 0x0, 0x0, 0x0,
    0x0, 0x0, 0x0, 0x0, 0x7, 0xf9, 0x0, 0x0,
    0x0, 0x0, 0x0, 0x0, 0x0, 0x3, 0xff, 0x10,
    0x0, 0x0, 0x0, 0x8a, 0xaa, 0xaa, 0xaa, 0xff,
    0xca, 0xaa, 0xaa, 0xa2, 0xcf, 0xff, 0xff, 0xff,
    0xff, 0xff, 0xff, 0xff, 0xf3, 0xcf, 0x10, 0x0,
    0x0, 0x0, 0x0, 0x0, 0xb, 0xf3, 0xcf, 0x10,
    0x2, 0xb2, 0x0, 0x3b, 0x30, 0xb, 0xf3, 0xcf,
    0x10, 0x8f, 0xf8, 0x0, 0x9f, 0xfa, 0x26, 0x92,
    0x0, 0x6e, 0xfe, 0x50, 0x0, 0x3, 0xcf, 0xf8,
    0x0, 0x5e, 0xff, 0xa1, 0x0, 0x0, 0x0, 0x6,
    0xff, 0xc0, 0x1e, 0xc4, 0x0, 0x0, 0x0, 0x0,
    0x0, 0x2b, 0x40, 0x1, 0x4f, 0xff, 0xff, 0xff,
    0xff, 0xff, 0xf6, 0x0, 0x0, 0x3b, 0xbb, 0xbc,
    0xff, 0xbb, 0xbb, 0xb4, 0x0, 0x0, 0x0, 0x0,
    0x1, 0xfe, 0x0, 0x0, 0x0, 0x0, 0x0, 0x0,
    0x0, 0x1, 0xfe, 0x0, 0x0, 0x0, 0x0, 0x0,
    0x0, 0x0, 0x1, 0xfe, 0x0, 0x0, 0x0, 0x0,
    0x0, 0x0, 0x0, 0x1, 0xfe, 0x0, 0x0, 0x0,
    0x0, 0x9d, 0xdd, 0xdd, 0xdd, 0xff, 0xdd, 0xdd,
    0xdd, 0xd2, 0xae, 0xee, 0xee, 0xee, 0xee, 0xee,
    0xee, 0xee, 0xe2,

    /* U+7ACB "立" */
    0x0, 0x0, 0x0, 0x4, 0xb5, 0x0, 0x0, 0x0,
    0x0, 0x0, 0x0, 0x0, 0x0, 0x4f, 0xc0, 0x0,
    0x0, 0x0, 0x0, 0x0, 0x0, 0x0, 0x0, 0xff,
    0x10, 0x0, 0x0, 0x0, 0x0, 0x0, 0x0, 0x0,
    0xa, 0x92, 0x0, 0x0, 0x0, 0x0, 0x2f, 0xff,
    0xff, 0xff, 0xff, 0xff, 0xff, 0xff, 0xf3, 0x1,
    0xdd, 0xdd, 0xdd, 0xdd, 0xdd, 0xdd, 0xdd, 0xdd,
    0x20, 0x0, 0x0, 0x11, 0x0, 0x0, 0x0, 0x11,
    0x0, 0x0, 0x0, 0x0, 0x5f, 0xa0, 0x0, 0x0,
    0x8, 0xf9, 0x0, 0x0, 0x0, 0x1, 0xfe, 0x0,
    0x0, 0x0, 0xcf, 0x50, 0x0, 0x0, 0x0, 0xd,
    0xf3, 0x0, 0x0, 0x1f, 0xf1, 0x0, 0x0, 0x0,
    0x0, 0x9f, 0x70, 0x0, 0x5, 0xfc, 0x0, 0x0,
    0x0, 0x0, 0x5, 0xfb, 0x0, 0x0, 0xaf, 0x70,
    0x0, 0x0, 0x0, 0x0, 0x2f, 0xe0, 0x0, 0xe,
    0xf1, 0x0, 0x0, 0x0, 0x0, 0x0, 0xef, 0x20,
    0x4, 0xfc, 0x0, 0x0, 0x0, 0x0, 0x0, 0xc,
    0xf3, 0x0, 0xaf, 0x60, 0x0, 0x0, 0x0, 0x0,
    0x0, 0x21, 0x0, 0x1f, 0xf1, 0x0, 0x0, 0x0,
    0xff, 0xff, 0xff, 0xff, 0xff, 0xff, 0xff, 0xff,
    0xff, 0xe, 0xee, 0xee, 0xee, 0xee, 0xee, 0xee,
    0xee, 0xee, 0xe0,

    /* U+7AD6 "竖" */
    0x0, 0x0, 0x9, 0x60, 0x33, 0x33, 0x33, 0x34,
    0x10, 0x0, 0xca, 0x1, 0xfa, 0xf, 0xff, 0xff,
    0xff, 0xfe, 0x0, 0xf, 0xc0, 0x1f, 0xa0, 0xaf,
    0x96, 0x66, 0xaf, 0x80, 0x0, 0xfc, 0x1, 0xfa,
    0x2, 0xfa, 0x0, 0xd, 0xf2, 0x0, 0xf, 0xc0,
    0x1f, 0xa0, 0x9, 0xf5, 0x9, 0xf9, 0x0, 0x0,
    0xfc, 0x1, 0xfa, 0x0, 0x1e, 0xf9, 0xfd, 0x10,
    0x0, 0xf, 0xc0, 0x1f, 0xa0, 0x0, 0x4f, 0xff,
    0x20, 0x0, 0x0, 0xfc, 0x1, 0xfa, 0x0, 0x5d,
    0xff, 0xfc, 0x40, 0x0, 0xf, 0xc0, 0x1f, 0xa6,
    0xef, 0xf9, 0x3c, 0xff, 0xe9, 0x0, 0x76, 0x1,
    0xfa, 0x3f, 0xc2, 0x0, 0x5, 0xcf, 0x70, 0x0,
    0x0, 0x1, 0x1, 0xfd, 0x0, 0x0, 0x0, 0x10,
    0x0, 0x99, 0x99, 0x99, 0x9e, 0xfa, 0x99, 0x99,
    0x99, 0x10, 0xf, 0xff, 0xff, 0xff, 0xff, 0xff,
    0xff, 0xff, 0xf1, 0x0, 0x11, 0x1a, 0xd1, 0x11,
    0x11, 0x1a, 0xb2, 0x11, 0x0, 0x0, 0x0, 0xcf,
    0x30, 0x0, 0x0, 0xfe, 0x0, 0x0, 0x0, 0x0,
    0x7, 0xf8, 0x0, 0x0, 0x4f, 0xa0, 0x0, 0x0,
    0x0, 0x0, 0x3f, 0x90, 0x0, 0x9, 0xf4, 0x0,
    0x0, 0xa, 0xbb, 0xbb, 0xcb, 0xbb, 0xbb, 0xff,
    0xbb, 0xbb, 0xa0, 0xef, 0xff, 0xff, 0xff, 0xff,
    0xff, 0xff, 0xff, 0xff, 0x0,

    /* U+7AEF "端" */
    0x0, 0x6, 0x60, 0x0, 0x0, 0x0, 0x9d, 0x10,
    0x0, 0x0, 0x0, 0xd, 0xf1, 0x0, 0xad, 0x0,
    0xbf, 0x20, 0x1e, 0xa0, 0x0, 0x6, 0xf7, 0x0,
    0xcf, 0x0, 0xbf, 0x20, 0x1f, 0xb0, 0x0, 0x1,
    0xd6, 0x0, 0xcf, 0x0, 0xbf, 0x20, 0x1f, 0xb0,
    0x1f, 0xff, 0xff, 0xfa, 0xcf, 0x77, 0xdf, 0x87,
    0x7f, 0xb0, 0xb, 0xbb, 0xbb, 0xb7, 0xcf, 0xff,
    0xff, 0xff, 0xff, 0xb0, 0x2, 0x60, 0x5, 0x80,
    0x12, 0x22, 0x22, 0x22, 0x22, 0x10, 0x6, 0xf1,
    0x9, 0xf6, 0xbb, 0xbb, 0xbb, 0xbb, 0xbb, 0xb4,
    0x3, 0xf4, 0xb, 0xd8, 0xff, 0xff, 0xff, 0xff,
    0xff, 0xf6, 0x1, 0xf6, 0xd, 0xb0, 0x0, 0x0,
    0xff, 0x10, 0x0, 0x0, 0x0, 0xf8, 0xf, 0x80,
    0x88, 0x8a, 0xfe, 0x88, 0x89, 0x80, 0x0, 0xe9,
    0x1f, 0x50, 0xff, 0xff, 0xff, 0xff, 0xff, 0xf0,
    0x0, 0xcb, 0x3f, 0x20, 0xfa, 0xe, 0x80, 0xe9,
    0xb, 0xf0, 0x0, 0x64, 0x6f, 0x65, 0xfa, 0xe,
    0x80, 0xe8, 0xb, 0xf0, 0x2, 0x6a, 0xef, 0xfb,
    0xfa, 0xe, 0x80, 0xe8, 0xb, 0xf0, 0x2f, 0xff,
    0xfd, 0x94, 0xfa, 0xe, 0x80, 0xe8, 0xb, 0xf0,
    0xd, 0xa6, 0x10, 0x0, 0xfa, 0xe, 0x80, 0xe8,
    0xb, 0xf0, 0x0, 0x0, 0x0, 0x0, 0xfa, 0xe,
    0x80, 0xe9, 0x7d, 0xf0, 0x0, 0x0, 0x0, 0x0,
    0xfa, 0xe, 0x80, 0xe8, 0xcf, 0x80, 0x0, 0x0,
    0x0, 0x0, 0x21, 0x0, 0x0, 0x0, 0x0, 0x0,

    /* U+7B49 "等" */
    0x0, 0x0, 0x0, 0x0, 0x0, 0x1, 0x0, 0x0,
    0x0, 0x0, 0x0, 0x9, 0xf5, 0x0, 0x0, 0x9,
    0xf4, 0x0, 0x0, 0x0, 0x0, 0x1f, 0xf9, 0x88,
    0x87, 0x1f, 0xf8, 0x88, 0x88, 0x80, 0x0, 0xbf,
    0xff, 0xff, 0xfe, 0xaf, 0xff, 0xff, 0xff, 0xf1,
    0x7, 0xfd, 0x3f, 0xb0, 0x8, 0xfd, 0x19, 0xf6,
    0x0, 0x0, 0x2f, 0xf2, 0xb, 0xf1, 0xc, 0xf3,
    0x1, 0xee, 0x0, 0x0, 0x3, 0x40, 0x3, 0x20,
    0xd, 0xf1, 0x0, 0x42, 0x0, 0x0, 0x0, 0x1f,
    0xff, 0xff, 0xff, 0xff, 0xff, 0xff, 0xf4, 0x0,
    0x0, 0x9, 0x99, 0x99, 0x9f, 0xf9, 0x99, 0x99,
    0x92, 0x0, 0x0, 0x0, 0x0, 0x0, 0xd, 0xf1,
    0x0, 0x0, 0x0, 0x0, 0x1f, 0xff, 0xff, 0xff,
    0xff, 0xff, 0xff, 0xff, 0xff, 0xf2, 0xb, 0xbb,
    0xbb, 0xbb, 0xbb, 0xbb, 0xbf, 0xfb, 0xbb, 0xb1,
    0x0, 0x0, 0x0, 0x0, 0x0, 0x0, 0xe, 0xf0,
    0x0, 0x0, 0x4, 0xbb, 0xbb, 0xbb, 0xbb, 0xbb,
    0xbf, 0xfb, 0xbb, 0x60, 0x6, 0xff, 0xff, 0xff,
    0xff, 0xff, 0xff, 0xff, 0xff, 0x80, 0x0, 0x0,
    0x2d, 0xc1, 0x0, 0x0, 0xe, 0xf0, 0x0, 0x0,
    0x0, 0x0, 0xa, 0xfe, 0x20, 0x0, 0xe, 0xf0,
    0x0, 0x0, 0x0, 0x0, 0x0, 0x9f, 0xe0, 0x0,
    0xe, 0xf0, 0x0, 0x0, 0x0, 0x0, 0x0, 0xa,
    0x70, 0x9b, 0xbf, 0xf0, 0x0, 0x0, 0x0, 0x0,
    0x0, 0x0, 0x0, 0x8f, 0xfd, 0x60, 0x0, 0x0,
    0x0, 0x0, 0x0, 0x0, 0x0, 0x0, 0x0, 0x0,
    0x0, 0x0,

    /* U+7BA1 "管" */
    0x0, 0xc, 0xb0, 0x0, 0x0, 0x3, 0xd7, 0x0,
    0x0, 0x0, 0x0, 0x3f, 0xd5, 0x55, 0x54, 0x9,
    0xf9, 0x55, 0x55, 0x50, 0x0, 0xbf, 0xff, 0xff,
    0xfe, 0x2f, 0xff, 0xff, 0xff, 0xf0, 0x5, 0xfc,
    0x9, 0xf5, 0x0, 0xcf, 0x50, 0xdf, 0x20, 0x0,
    0xb, 0xf2, 0x1, 0xe8, 0x1b, 0xb6, 0x0, 0x3f,
    0x60, 0x0, 0x0, 0x76, 0x66, 0x66, 0x6e, 0xf7,
    0x66, 0x66, 0x66, 0x30, 0x1, 0xff, 0xff, 0xff,
    0xff, 0xff, 0xff, 0xff, 0xff, 0x90, 0x1, 0xfb,
    0x0, 0x0, 0x0, 0x0, 0x0, 0x0, 0x7f, 0x90,
    0x1, 0xfb, 0xef, 0xff, 0xff, 0xff, 0xff, 0xff,
    0x7f, 0x90, 0x0, 0x21, 0xef, 0x77, 0x77, 0x77,
    0x77, 0xef, 0x12, 0x10, 0x0, 0x0, 0xef, 0x0,
    0x0, 0x0, 0x0, 0xcf, 0x0, 0x0, 0x0, 0x0,
    0xef, 0xff, 0xff, 0xff, 0xff, 0xff, 0x0, 0x0,
    0x0, 0x0, 0xef, 0x77, 0x77, 0x77, 0x77, 0x77,
    0x0, 0x0, 0x0, 0x0, 0xef, 0x55, 0x55, 0x55,
    0x55, 0x55, 0x50, 0x0, 0x0, 0x0, 0xef, 0xff,
    0xff, 0xff, 0xff, 0xff, 0xf0, 0x0, 0x0, 0x0,
    0xef, 0x11, 0x11, 0x11, 0x11, 0x1c, 0xf0, 0x0,
    0x0, 0x0, 0xef, 0x55, 0x55, 0x55, 0x55, 0x5d,
    0xf0, 0x0, 0x0, 0x0, 0xef, 0xff, 0xff, 0xff,
    0xff, 0xff, 0xf0, 0x0, 0x0, 0x0, 0xef, 0x11,
    0x11, 0x11, 0x11, 0x1c, 0xf0, 0x0, 0x0, 0x0,
    0x0, 0x0, 0x0, 0x0, 0x0, 0x0, 0x0, 0x0,

    /* U+7C7B "类" */
    0x0, 0x2, 0x30, 0x0, 0xad, 0x10, 0x1, 0x61,
    0x0, 0x0, 0x1, 0xef, 0x30, 0xc, 0xf2, 0x0,
    0xbf, 0x90, 0x0, 0x0, 0x4, 0xfe, 0x10, 0xcf,
    0x20, 0x5f, 0xc0, 0x0, 0x0, 0x0, 0x9, 0xb2,
    0xc, 0xf3, 0x8, 0xc2, 0x0, 0x0, 0x6f, 0xff,
    0xff, 0xff, 0xff, 0xff, 0xff, 0xff, 0xfe, 0x4,
    0xbb, 0xbb, 0xbd, 0xff, 0xff, 0xeb, 0xbb, 0xbb,
    0xa0, 0x0, 0x0, 0x5, 0xef, 0xef, 0xff, 0xc4,
    0x0, 0x0, 0x0, 0x0, 0x3b, 0xff, 0x4c, 0xf4,
    0xaf, 0xfc, 0x50, 0x0, 0x16, 0xcf, 0xfc, 0x20,
    0xcf, 0x20, 0x2a, 0xff, 0xc4, 0x6, 0xff, 0xd5,
    0x0, 0x5, 0x71, 0x0, 0x2, 0xbf, 0x90, 0x7,
    0x40, 0x0, 0x0, 0xdf, 0x20, 0x0, 0x0, 0x41,
    0x0, 0x0, 0x0, 0x0, 0x1f, 0xf1, 0x0, 0x0,
    0x0, 0x0, 0x8f, 0xff, 0xff, 0xff, 0xff, 0xff,
    0xff, 0xff, 0xff, 0x6, 0xbb, 0xbb, 0xbb, 0xff,
    0xff, 0xbb, 0xbb, 0xbb, 0xb0, 0x0, 0x0, 0x0,
    0x6f, 0xfa, 0xfb, 0x0, 0x0, 0x0, 0x0, 0x0,
    0x1, 0x9f, 0xf5, 0xb, 0xfd, 0x40, 0x0, 0x0,
    0x3, 0x6b, 0xff, 0xf5, 0x0, 0xa, 0xff, 0xd8,
    0x41, 0xa, 0xff, 0xfe, 0x81, 0x0, 0x0, 0x4,
    0xbf, 0xff, 0xf3, 0x2b, 0x84, 0x0, 0x0, 0x0,
    0x0, 0x0, 0x16, 0xa7, 0x0,

    /* U+7CFB "系" */
    0x0, 0x0, 0x0, 0x0, 0x0, 0x24, 0x69, 0xd4,
    0x0, 0x5, 0x67, 0x8a, 0xbc, 0xef, 0xff, 0xff,
    0xfc, 0x0, 0xb, 0xff, 0xff, 0xff, 0xfc, 0xa8,
    0x53, 0x0, 0x0, 0x2, 0x43, 0x23, 0xdf, 0x60,
    0x0, 0x20, 0x0, 0x0, 0x0, 0x0, 0x2e, 0xf5,
    0x0, 0x4, 0xfc, 0x0, 0x0, 0x0, 0x6, 0xfe,
    0x30, 0x1, 0x8f, 0xf7, 0x0, 0x0, 0x0, 0xaf,
    0xff, 0xff, 0xff, 0xfe, 0x40, 0x0, 0x0, 0x0,
    0x8d, 0xb9, 0x8d, 0xff, 0xb1, 0x16, 0x0, 0x0,
    0x0, 0x0, 0x1, 0xbf, 0xe6, 0x0, 0x9f, 0x80,
    0x0, 0x0, 0x0, 0x7f, 0xf9, 0x10, 0x0, 0xb,
    0xf6, 0x0, 0x1, 0x7e, 0xff, 0xa8, 0x9a, 0xbc,
    0xde, 0xff, 0x30, 0xc, 0xff, 0xff, 0xff, 0xff,
    0xdc, 0xb9, 0x8f, 0xe0, 0x5, 0x96, 0x53, 0x21,
    0xdf, 0x10, 0x0, 0x7, 0xf4, 0x0, 0x1, 0xb7,
    0x0, 0xdf, 0x11, 0x9a, 0x10, 0x10, 0x0, 0x1c,
    0xfa, 0x0, 0xdf, 0x11, 0xbf, 0xd2, 0x0, 0x2,
    0xdf, 0xb0, 0x0, 0xdf, 0x10, 0x8, 0xff, 0x40,
    0x6f, 0xfa, 0x0, 0x0, 0xdf, 0x10, 0x0, 0x7f,
    0xf5, 0x2c, 0x80, 0x8, 0xcc, 0xff, 0x0, 0x0,
    0x6, 0xd2, 0x0, 0x0, 0x4, 0xff, 0xe7, 0x0,
    0x0, 0x0, 0x0, 0x0, 0x0, 0x0, 0x0, 0x0,
    0x0, 0x0, 0x0, 0x0,

    /* U+7EBF "线" */
    0x0, 0x2, 0x20, 0x0, 0x0, 0x29, 0x50, 0x10,
    0x0, 0x0, 0x0, 0x8f, 0x50, 0x0, 0x4, 0xf9,
    0x6f, 0x91, 0x0, 0x0, 0xe, 0xf1, 0x0, 0x0,
    0x3f, 0x90, 0x8f, 0xc0, 0x0, 0x7, 0xf8, 0x0,
    0x0, 0x3, 0xfa, 0x0, 0x44, 0x0, 0x0, 0xee,
    0x11, 0x10, 0x0, 0x5f, 0xda, 0xcf, 0xf6, 0x0,
    0x8f, 0x60, 0xae, 0x4e, 0xff, 0xff, 0xfe, 0xc9,
    0x40, 0x3f, 0xc1, 0x5f, 0xd0, 0xca, 0x8f, 0xd1,
    0x0, 0x0, 0xd, 0xff, 0xff, 0xf3, 0x0, 0x0,
    0xfe, 0x0, 0x2, 0x40, 0x8b, 0x9d, 0xf8, 0x0,
    0x0, 0x1e, 0xfa, 0xcf, 0xff, 0x0, 0x3, 0xfc,
    0x0, 0x5b, 0xef, 0xff, 0xfe, 0xb8, 0x50, 0x1,
    0xee, 0x20, 0x26, 0xfd, 0xac, 0xf5, 0x0, 0x54,
    0x1, 0xdf, 0xdc, 0xfe, 0x0, 0x0, 0x6f, 0x70,
    0x3f, 0xe0, 0xaf, 0xff, 0xda, 0x60, 0x0, 0x3,
    0xfa, 0x2e, 0xf4, 0x5, 0x84, 0x10, 0x0, 0x0,
    0x0, 0xf, 0xfe, 0xf5, 0x0, 0x0, 0x0, 0x15,
    0xa0, 0x0, 0x0, 0xdf, 0xf5, 0x0, 0x0, 0x38,
    0xcf, 0xff, 0x10, 0x5, 0xdf, 0xfa, 0x0, 0x91,
    0xbf, 0xff, 0xa5, 0x1, 0x7d, 0xff, 0x8e, 0xf4,
    0xf, 0x77, 0xa5, 0x0, 0x0, 0xdf, 0xfa, 0x20,
    0x5f, 0xfe, 0xf3, 0x0, 0x0, 0x0, 0x3, 0x71,
    0x0, 0x0, 0x5e, 0xf9, 0x0,

    /* U+7ED3 "结" */
    0x0, 0x0, 0x61, 0x0, 0x0, 0x0, 0x1b, 0x80,
    0x0, 0x0, 0x0, 0x2, 0xff, 0x10, 0x0, 0x0,
    0x2f, 0xd0, 0x0, 0x0, 0x0, 0x9, 0xf9, 0x0,
    0x1, 0x11, 0x3f, 0xd1, 0x11, 0x10, 0x0, 0x1f,
    0xf2, 0x0, 0x9f, 0xff, 0xff, 0xff, 0xff, 0xf2,
    0x0, 0x9f, 0x80, 0x42, 0x7b, 0xbb, 0xcf, 0xfb,
    0xbb, 0xb2, 0x3, 0xfd, 0x1, 0xef, 0x30, 0x0,
    0x2f, 0xd0, 0x0, 0x0, 0x2d, 0xfc, 0xad, 0xfb,
    0x0, 0x0, 0x2f, 0xd0, 0x0, 0x0, 0x4f, 0xff,
    0xff, 0xe1, 0x1f, 0xff, 0xff, 0xff, 0xff, 0xb0,
    0x5, 0x11, 0xef, 0x30, 0x1e, 0xee, 0xee, 0xee,
    0xee, 0xb0, 0x0, 0xc, 0xf6, 0x0, 0x0, 0x0,
    0x0, 0x0, 0x0, 0x0, 0x0, 0xbf, 0x92, 0x58,
    0x20, 0x0, 0x0, 0x0, 0x0, 0x0, 0x1b, 0xff,
    0xff, 0xff, 0x4d, 0xff, 0xff, 0xff, 0xff, 0x0,
    0xf, 0xff, 0xc9, 0x63, 0xd, 0xfb, 0xbb, 0xbb,
    0xff, 0x0, 0x5, 0x20, 0x0, 0x0, 0xd, 0xf0,
    0x0, 0x0, 0xef, 0x0, 0x0, 0x0, 0x1, 0x47,
    0x3d, 0xf0, 0x0, 0x0, 0xef, 0x0, 0x16, 0x8b,
    0xef, 0xff, 0x7d, 0xf0, 0x0, 0x0, 0xef, 0x0,
    0x4f, 0xff, 0xeb, 0x74, 0xd, 0xff, 0xff, 0xff,
    0xff, 0x0, 0x18, 0x51, 0x0, 0x0, 0xd, 0xfc,
    0xcc, 0xcc, 0xff, 0x0, 0x0, 0x0, 0x0, 0x0,
    0xd, 0xf0, 0x0, 0x0, 0xef, 0x0, 0x0, 0x0,
    0x0, 0x0, 0x1, 0x10, 0x0, 0x0, 0x0, 0x0,

    /* U+7EDC "络" */
    0x0, 0x0, 0x0, 0x0, 0x0, 0x0, 0x0, 0x0,
    0x0, 0x0, 0x0, 0x0, 0x94, 0x0, 0x0, 0x1f,
    0xa0, 0x0, 0x0, 0x0, 0x0, 0x2, 0xfe, 0x0,
    0x0, 0x8f, 0x60, 0x0, 0x0, 0x0, 0x0, 0x9,
    0xf7, 0x0, 0x2, 0xff, 0xff, 0xff, 0xfe, 0x30,
    0x0, 0x1f, 0xe0, 0x0, 0xc, 0xfc, 0xbb, 0xbb,
    0xff, 0x10, 0x0, 0xaf, 0x50, 0x60, 0xaf, 0xf8,
    0x0, 0x8, 0xf8, 0x0, 0x4, 0xfb, 0x5, 0xfe,
    0xfd, 0xcf, 0x40, 0x6f, 0xc0, 0x0, 0x2e, 0xf9,
    0x9e, 0xf5, 0xc2, 0x1e, 0xfa, 0xfe, 0x10, 0x0,
    0x4f, 0xff, 0xff, 0x90, 0x0, 0x4, 0xff, 0xf2,
    0x0, 0x0, 0x7, 0x46, 0xfd, 0x0, 0x2, 0x9f,
    0xfe, 0xfe, 0x71, 0x0, 0x0, 0x1e, 0xf2, 0x5,
    0xcf, 0xfe, 0x50, 0x7f, 0xff, 0xb1, 0x0, 0xdf,
    0x98, 0xb9, 0xfd, 0x60, 0x0, 0x1, 0x7e, 0xd0,
    0x1c, 0xff, 0xff, 0xf4, 0x3e, 0xff, 0xff, 0xff,
    0xfc, 0x10, 0x1f, 0xfb, 0x73, 0x0, 0xe, 0xfb,
    0xbb, 0xbb, 0xfc, 0x0, 0x4, 0x0, 0x0, 0x0,
    0xe, 0xd0, 0x0, 0x0, 0xfc, 0x0, 0x0, 0x0,
    0x27, 0xd9, 0xe, 0xd0, 0x0, 0x0, 0xfc, 0x0,
    0x3, 0x8d, 0xff, 0xf8, 0xe, 0xd0, 0x0, 0x1,
    0xfc, 0x0, 0x3f, 0xff, 0xb6, 0x0, 0xe, 0xff,
    0xff, 0xff, 0xfc, 0x0, 0xc, 0x71, 0x0, 0x0,
    0xe, 0xfa, 0xaa, 0xaa, 0xfc, 0x0, 0x0, 0x0,
    0x0, 0x0, 0xe, 0xd0, 0x0, 0x0, 0xfc, 0x0,
    0x0, 0x0, 0x0, 0x0, 0x0, 0x0, 0x0, 0x0,
    0x0, 0x0,

    /* U+7EDF "统" */
    0x0, 0x0, 0x93, 0x0, 0x0, 0x1, 0x76, 0x0,
    0x0, 0x0, 0x0, 0x3, 0xff, 0x0, 0x0, 0x0,
    0xff, 0x10, 0x0, 0x0, 0x0, 0xa, 0xf8, 0x0,
    0x0, 0x0, 0x9f, 0x50, 0x0, 0x0, 0x0, 0x2f,
    0xf1, 0x0, 0xee, 0xee, 0xfe, 0xee, 0xee, 0xc0,
    0x0, 0xaf, 0x70, 0x50, 0xdd, 0xdf, 0xfe, 0xdd,
    0xdd, 0xb0, 0x4, 0xfd, 0x5, 0xf9, 0x0, 0x3f,
    0xf2, 0x2, 0x20, 0x0, 0x2e, 0xf4, 0x3e, 0xf4,
    0x1, 0xdf, 0x50, 0x2f, 0xc0, 0x0, 0x5f, 0xff,
    0xff, 0xa0, 0xb, 0xf9, 0x0, 0x9, 0xf6, 0x0,
    0xf, 0xdd, 0xfe, 0x13, 0xcf, 0xf7, 0x8a, 0xbd,
    0xff, 0x10, 0x0, 0x1d, 0xf4, 0x2, 0xff, 0xff,
    0xff, 0xfd, 0xdf, 0x90, 0x0, 0xbf, 0x70, 0x0,
    0xb9, 0xb8, 0x32, 0x42, 0xe, 0xa0, 0xa, 0xfe,
    0x9c, 0xf4, 0x1, 0xfc, 0x4, 0xf9, 0x1, 0x0,
    0x2f, 0xff, 0xff, 0xb2, 0x2, 0xfb, 0x4, 0xf9,
    0x0, 0x0, 0xd, 0xa6, 0x30, 0x0, 0x4, 0xf9,
    0x4, 0xf9, 0x0, 0x0, 0x0, 0x0, 0x0, 0x52,
    0x8, 0xf6, 0x4, 0xf9, 0x2, 0x0, 0x0, 0x15,
    0xaf, 0xf7, 0xe, 0xf2, 0x4, 0xf9, 0x7, 0xf1,
    0x2c, 0xff, 0xfc, 0x71, 0xaf, 0xb0, 0x4, 0xf9,
    0x8, 0xf1, 0x1f, 0xd8, 0x20, 0x3c, 0xfe, 0x20,
    0x3, 0xfd, 0x9e, 0xe0, 0x3, 0x0, 0x0, 0x2f,
    0xc2, 0x0, 0x0, 0xcf, 0xff, 0x70, 0x0, 0x0,
    0x0, 0x3, 0x0, 0x0, 0x0, 0x0, 0x0, 0x0,

    /* U+7EE7 "继" */
    0x0, 0x3, 0xb3, 0x0, 0x21, 0x0, 0x5, 0xb0,
    0x0, 0x0, 0x0, 0x8, 0xf7, 0x0, 0xfa, 0x23,
    0x8, 0xf1, 0x5, 0x10, 0x0, 0xe, 0xf0, 0x0,
    0xfa, 0x7e, 0x8, 0xf1, 0x5f, 0x30, 0x0, 0x6f,
    0x80, 0x0, 0xfa, 0x2f, 0x38, 0xf1, 0xac, 0x0,
    0x0, 0xdf, 0x11, 0x71, 0xfa, 0xd, 0x88, 0xf2,
    0xf5, 0x0, 0x6, 0xf7, 0x8, 0xf6, 0xfa, 0x5,
    0x48, 0xf2, 0x80, 0x0, 0x3f, 0xf6, 0x8f, 0xd1,
    0xfa, 0x9a, 0xad, 0xfa, 0xaa, 0x70, 0x5f, 0xff,
    0xff, 0x30, 0xfa, 0xef, 0xff, 0xff, 0xff, 0xa0,
    0x7, 0x48, 0xf8, 0x0, 0xfa, 0x0, 0x4f, 0xfb,
    0x0, 0x0, 0x0, 0x2f, 0xd0, 0x0, 0xfa, 0x0,
    0xcf, 0xff, 0x80, 0x0, 0x1, 0xdf, 0x33, 0x62,
    0xfa, 0x6, 0xfa, 0xf6, 0xf5, 0x0, 0x1c, 0xff,
    0xff, 0xf2, 0xfa, 0x2f, 0xa8, 0xf1, 0xaf, 0x30,
    0x3f, 0xfc, 0x95, 0x20, 0xfa, 0xcf, 0x18, 0xf1,
    0x1e, 0x60, 0x4, 0x0, 0x0, 0x0, 0xfa, 0x65,
    0x8, 0xf1, 0x2, 0x0, 0x0, 0x0, 0x25, 0x93,
    0xfa, 0x0, 0x8, 0xf1, 0x0, 0x0, 0x28, 0xbe,
    0xff, 0xf5, 0xfa, 0x0, 0x3, 0x70, 0x0, 0x0,
    0x4f, 0xfc, 0x84, 0x0, 0xff, 0xff, 0xff, 0xff,
    0xff, 0xf0, 0x14, 0x0, 0x0, 0x0, 0xbb, 0xbb,
    0xbb, 0xbb, 0xbb, 0xb0,

    /* U+7EED "续" */
    0x0, 0x0, 0x83, 0x0, 0x0, 0x0, 0x9c, 0x10,
    0x0, 0x0, 0x0, 0x2, 0xfc, 0x0, 0x0, 0x0,
    0xcf, 0x20, 0x0, 0x0, 0x0, 0x9, 0xf5, 0x0,
    0x4f, 0xff, 0xff, 0xff, 0xfc, 0x0, 0x0, 0x1f,
    0xc0, 0x0, 0x28, 0x88, 0xef, 0x98, 0x87, 0x0,
    0x0, 0x8f, 0x40, 0x60, 0x0, 0x0, 0xcf, 0x10,
    0x0, 0x0, 0x2, 0xfa, 0x7, 0xf7, 0xff, 0xff,
    0xff, 0xff, 0xff, 0xc0, 0xc, 0xf6, 0x7f, 0xd0,
    0x99, 0x99, 0x99, 0x99, 0xbf, 0x90, 0x4f, 0xff,
    0xff, 0x40, 0x1, 0x70, 0x29, 0x40, 0x7f, 0x40,
    0xa, 0x78, 0xfa, 0x0, 0x3, 0xee, 0x6f, 0x80,
    0xce, 0x0, 0x0, 0xd, 0xe0, 0x0, 0x97, 0x1a,
    0x7f, 0x80, 0x23, 0x0, 0x0, 0xaf, 0x66, 0xa0,
    0x6f, 0xc1, 0x4f, 0x70, 0x0, 0x0, 0x8, 0xff,
    0xff, 0xf1, 0x2, 0xa1, 0x6f, 0x60, 0x0, 0x0,
    0xf, 0xfc, 0x83, 0x4, 0xff, 0xff, 0xff, 0xff,
    0xff, 0xe0, 0x5, 0x10, 0x0, 0x23, 0x99, 0x9a,
    0xff, 0x99, 0x99, 0x80, 0x0, 0x1, 0x7d, 0xf3,
    0x0, 0xa, 0xf7, 0x76, 0x0, 0x0, 0x17, 0xcf,
    0xfe, 0x81, 0x0, 0x8f, 0xd1, 0xbf, 0xb1, 0x0,
    0x2f, 0xfa, 0x40, 0x0, 0x2b, 0xfd, 0x10, 0x8,
    0xfe, 0x20, 0x6, 0x10, 0x0, 0x6, 0xff, 0xb1,
    0x0, 0x0, 0x5f, 0xf1, 0x0, 0x0, 0x0, 0x1,
    0xa4, 0x0, 0x0, 0x0, 0x5, 0x70,

    /* U+7EF4 "维" */
    0x0, 0x0, 0x0, 0x0, 0x0, 0x0, 0x0, 0x0,
    0x0, 0x0, 0x0, 0x0, 0xe7, 0x0, 0x0, 0x5d,
    0x55, 0xd2, 0x0, 0x0, 0x0, 0x6, 0xf8, 0x0,
    0x0, 0xbf, 0x44, 0xfb, 0x0, 0x0, 0x0, 0xc,
    0xf1, 0x0, 0x2, 0xfd, 0x0, 0xcf, 0x10, 0x0,
    0x0, 0x4f, 0x90, 0x0, 0x9, 0xfb, 0x88, 0xba,
    0x88, 0x70, 0x0, 0xcf, 0x10, 0xc4, 0x1f, 0xff,
    0xff, 0xff, 0xff, 0xf0, 0x5, 0xf7, 0x8, 0xf7,
    0xaf, 0xe3, 0x34, 0xfb, 0x33, 0x30, 0x3f, 0xf9,
    0xaf, 0xd6, 0xff, 0xe0, 0x1, 0xfa, 0x0, 0x0,
    0x3f, 0xff, 0xff, 0x3a, 0xef, 0xf9, 0x9a, 0xfe,
    0x99, 0x40, 0x4, 0x16, 0xf8, 0x2, 0x4e, 0xff,
    0xff, 0xff, 0xff, 0x70, 0x0, 0x2f, 0xc0, 0x0,
    0xe, 0xe1, 0x12, 0xfb, 0x11, 0x0, 0x1, 0xef,
    0x56, 0x94, 0xe, 0xe0, 0x1, 0xfa, 0x0, 0x0,
    0x1d, 0xff, 0xff, 0xf4, 0xe, 0xfa, 0xab, 0xfe,
    0xaa, 0x50, 0xf, 0xeb, 0x74, 0x10, 0xe, 0xff,
    0xff, 0xff, 0xff, 0x80, 0x2, 0x0, 0x0, 0x0,
    0xe, 0xe0, 0x2, 0xfb, 0x0, 0x0, 0x0, 0x0,
    0x3, 0x77, 0xe, 0xe0, 0x1, 0xfa, 0x0, 0x0,
    0x4, 0x7b, 0xff, 0xfd, 0xe, 0xe3, 0x34, 0xfb,
    0x33, 0x30, 0x3f, 0xff, 0xea, 0x62, 0xe, 0xff,
    0xff, 0xff, 0xff, 0xf3, 0xb, 0x73, 0x0, 0x0,
    0xe, 0xf8, 0x88, 0x88, 0x88, 0x82, 0x0, 0x0,
    0x0, 0x0, 0xe, 0xe0, 0x0, 0x0, 0x0, 0x0,

    /* U+7F13 "缓" */
    0x0, 0x1, 0xb5, 0x0, 0x0, 0x0, 0x13, 0x46,
    0x99, 0x0, 0x0, 0x6, 0xfa, 0x6, 0xde, 0xff,
    0xff, 0xff, 0xfd, 0x50, 0x0, 0xd, 0xf3, 0x2,
    0x9a, 0x87, 0xb8, 0x32, 0x68, 0x10, 0x0, 0x5f,
    0xb0, 0x0, 0x7f, 0x20, 0xeb, 0x0, 0xee, 0x10,
    0x0, 0xdf, 0x20, 0x70, 0x1f, 0x90, 0xbe, 0x7,
    0xf5, 0x0, 0x6, 0xf9, 0x8, 0xfa, 0x8e, 0xb8,
    0xba, 0x8f, 0xe8, 0x60, 0x3f, 0xf9, 0x9f, 0xe5,
    0xff, 0xff, 0xff, 0xff, 0xff, 0xd0, 0x5f, 0xff,
    0xff, 0x40, 0x0, 0xee, 0x0, 0x0, 0x0, 0x0,
    0x17, 0x49, 0xf9, 0xa, 0xaa, 0xff, 0xaa, 0xaa,
    0xaa, 0x90, 0x0, 0x2f, 0xd0, 0x1f, 0xff, 0xff,
    0xff, 0xff, 0xff, 0xe0, 0x1, 0xee, 0x45, 0x72,
    0x5, 0xf8, 0x0, 0x0, 0x0, 0x0, 0x2d, 0xff,
    0xff, 0xf3, 0x9, 0xff, 0xff, 0xff, 0xfa, 0x0,
    0x2f, 0xfc, 0x85, 0x20, 0xd, 0xfd, 0x77, 0x79,
    0xf9, 0x0, 0x4, 0x0, 0x0, 0x10, 0x4f, 0xff,
    0x50, 0xc, 0xf2, 0x0, 0x0, 0x1, 0x6c, 0xf3,
    0xcf, 0x5d, 0xf5, 0x8f, 0x80, 0x0, 0x27, 0xcf,
    0xfe, 0x98, 0xfb, 0x1, 0xdf, 0xfb, 0x0, 0x0,
    0x5f, 0xfb, 0x50, 0x6f, 0xe2, 0x28, 0xff, 0xff,
    0xa5, 0x10, 0x17, 0x10, 0x2, 0xef, 0x4c, 0xff,
    0xc4, 0x4c, 0xff, 0xf2, 0x0, 0x0, 0x0, 0x32,
    0x4, 0x83, 0x0, 0x0, 0x27, 0x70,

    /* U+7F16 "编" */
    0x0, 0x2, 0x82, 0x0, 0x0, 0x1, 0x99, 0x0,
    0x0, 0x0, 0x0, 0x7f, 0x70, 0x0, 0x0, 0xe,
    0xf3, 0x0, 0x0, 0x0, 0xd, 0xf1, 0x0, 0x9b,
    0x99, 0xef, 0xd9, 0x99, 0x30, 0x3, 0xf9, 0x0,
    0xe, 0xff, 0xff, 0xff, 0xff, 0xf6, 0x0, 0xaf,
    0x24, 0x50, 0xec, 0x0, 0x0, 0x0, 0x6f, 0x60,
    0x3f, 0x90, 0xdf, 0x1e, 0xe8, 0x88, 0x88, 0x8b,
    0xf6, 0xc, 0xfa, 0xbf, 0x80, 0xef, 0xff, 0xff,
    0xff, 0xff, 0x65, 0xff, 0xff, 0xe0, 0xe, 0xc0,
    0x0, 0x0, 0x0, 0x0, 0x6, 0x18, 0xf5, 0x0,
    0xfe, 0x88, 0x88, 0x88, 0x89, 0x50, 0x3, 0xfa,
    0x0, 0xf, 0xff, 0xff, 0xff, 0xff, 0xf9, 0x1,
    0xdf, 0x58, 0x61, 0xff, 0xf0, 0xd6, 0x4f, 0xd,
    0x91, 0xcf, 0xff, 0xf9, 0x2f, 0xff, 0xd, 0x64,
    0xf0, 0xd9, 0x1f, 0xfb, 0x62, 0x4, 0xfd, 0xf3,
    0xd8, 0x6f, 0x3e, 0x90, 0x40, 0x0, 0x13, 0x7f,
    0xaf, 0xff, 0xff, 0xff, 0xf9, 0x0, 0x3, 0xaf,
    0xab, 0xf7, 0xf4, 0xe8, 0x7f, 0x4e, 0x90, 0x6c,
    0xff, 0xc5, 0xfc, 0x6f, 0xd, 0x64, 0xf0, 0xd9,
    0x4f, 0xfb, 0x30, 0x5f, 0x76, 0xf0, 0xd6, 0x4f,
    0xd, 0x90, 0x92, 0x0, 0xc, 0xf1, 0x6f, 0xd,
    0x64, 0xf4, 0xe9, 0x0, 0x0, 0x0, 0x16, 0x6,
    0xe0, 0x0, 0x0, 0x8e, 0x40,

    /* U+7F29 "缩" */
    0x0, 0x0, 0xa3, 0x0, 0x0, 0x1, 0xb9, 0x0,
    0x0, 0x0, 0x0, 0x5f, 0x80, 0x0, 0x0, 0xc,
    0xf2, 0x0, 0x0, 0x0, 0xb, 0xf1, 0xc, 0xff,
    0xff, 0xff, 0xff, 0xff, 0xf0, 0x3, 0xfa, 0x0,
    0xcf, 0x99, 0x99, 0x99, 0x99, 0xef, 0x0, 0xaf,
    0x23, 0x1c, 0xf1, 0x0, 0x0, 0x0, 0xb, 0xf0,
    0x3f, 0x90, 0xce, 0x57, 0xfb, 0x88, 0x88, 0x88,
    0x98, 0x1d, 0xf8, 0xaf, 0x80, 0x4f, 0x7f, 0xff,
    0xff, 0xff, 0xb3, 0xff, 0xff, 0xe0, 0xa, 0xf1,
    0x0, 0x4f, 0x90, 0x0, 0x7, 0x49, 0xf5, 0x2,
    0xfc, 0x0, 0x7, 0xf5, 0x0, 0x0, 0x2, 0xfb,
    0x0, 0xaf, 0xc0, 0xaf, 0xff, 0xff, 0xf9, 0x0,
    0xce, 0x35, 0x7f, 0xfc, 0xa, 0xf7, 0x77, 0x8f,
    0x90, 0xbf, 0xff, 0xfc, 0xcc, 0xc0, 0xaf, 0x0,
    0x2, 0xf9, 0x1f, 0xfb, 0x72, 0x1, 0xcc, 0xa,
    0xf7, 0x77, 0x8f, 0x90, 0x40, 0x0, 0x2, 0xc,
    0xc0, 0xaf, 0xff, 0xff, 0xf9, 0x0, 0x1, 0x7d,
    0xe0, 0xcc, 0xa, 0xf0, 0x0, 0x2f, 0x90, 0x6b,
    0xff, 0xe8, 0xc, 0xc0, 0xaf, 0x0, 0x2, 0xf9,
    0x3f, 0xfc, 0x50, 0x0, 0xcc, 0xa, 0xf8, 0x88,
    0x9f, 0x90, 0x93, 0x0, 0x0, 0xc, 0xc0, 0xaf,
    0xff, 0xff, 0xf9, 0x0, 0x0, 0x0, 0x0, 0xcc,
    0xa, 0xf0, 0x0, 0x2f, 0x90, 0x0, 0x0, 0x0,
    0x1, 0x10, 0x11, 0x0, 0x0, 0x0,

    /* U+7F51 "网" */
    0x1c, 0xcc, 0xcc, 0xcc, 0xcc, 0xcc, 0xcc, 0xcc,
    0xc8, 0x2f, 0xff, 0xff, 0xff, 0xff, 0xff, 0xff,
    0xff, 0xfa, 0x2f, 0xc0, 0x0, 0x0, 0x0, 0x0,
    0x0, 0x4, 0xfa, 0x2f, 0xc0, 0x0, 0xb, 0x70,
    0x0, 0x3a, 0x33, 0xfa, 0x2f, 0xc0, 0x20, 0x1f,
    0x91, 0x0, 0x7f, 0x33, 0xfa, 0x2f, 0xca, 0xe1,
    0x4f, 0x7d, 0xa0, 0xaf, 0x13, 0xfa, 0x2f, 0xc4,
    0xfc, 0x8f, 0x38, 0xf7, 0xdd, 0x3, 0xfa, 0x2f,
    0xc0, 0x7f, 0xff, 0x0, 0xcf, 0xfa, 0x3, 0xfa,
    0x2f, 0xc0, 0xb, 0xfb, 0x0, 0x2f, 0xf6, 0x3,
    0xfa, 0x2f, 0xc0, 0x5, 0xfe, 0x10, 0xb, 0xf9,
    0x3, 0xfa, 0x2f, 0xc0, 0xb, 0xff, 0xb0, 0x1f,
    0xff, 0x33, 0xfa, 0x2f, 0xc0, 0x2f, 0xba, 0xf5,
    0x8f, 0x8f, 0xc3, 0xfa, 0x2f, 0xc0, 0xbf, 0x31,
    0xc2, 0xfe, 0x9, 0xf5, 0xfa, 0x2f, 0xc6, 0xfa,
    0x0, 0xb, 0xf5, 0x1, 0x43, 0xfa, 0x2f, 0xde,
    0xe1, 0x0, 0x8f, 0xb0, 0x0, 0x3, 0xfa, 0x2f,
    0xc2, 0x30, 0x0, 0x8, 0x10, 0x0, 0x3, 0xfa,
    0x2f, 0xc0, 0x0, 0x0, 0x0, 0x0, 0x9d, 0xde,
    0xf9, 0x2f, 0xc0, 0x0, 0x0, 0x0, 0x0, 0x4f,
    0xfe, 0xa1,

    /* U+7F6E "置" */
    0x2, 0x22, 0x22, 0x22, 0x22, 0x22, 0x22, 0x22,
    0x10, 0xe, 0xff, 0xff, 0xff, 0xff, 0xff, 0xff,
    0xff, 0xc0, 0xe, 0xf3, 0x24, 0xfa, 0x22, 0xaf,
    0x42, 0x2f, 0xc0, 0xe, 0xf5, 0x56, 0xfb, 0x55,
    0xbf, 0x65, 0x5f, 0xc0, 0xe, 0xff, 0xff, 0xff,
    0xff, 0xff, 0xff, 0xff, 0xc0, 0x0, 0x0, 0x0,
    0x2, 0xfc, 0x0, 0x0, 0x0, 0x0, 0xdf, 0xff,
    0xff, 0xff, 0xff, 0xff, 0xff, 0xff, 0xf3, 0x67,
    0x77, 0x77, 0x7b, 0xfa, 0x77, 0x77, 0x77, 0x71,
    0x0, 0x38, 0x88, 0x8c, 0xfa, 0x88, 0x88, 0x83,
    0x0, 0x0, 0x6f, 0xca, 0xaa, 0xaa, 0xaa, 0xad,
    0xf5, 0x0, 0x0, 0x6f, 0x82, 0x22, 0x22, 0x22,
    0x29, 0xf5, 0x0, 0x0, 0x6f, 0xfe, 0xee, 0xee,
    0xee, 0xef, 0xf5, 0x0, 0x0, 0x6f, 0x82, 0x22,
    0x22, 0x22, 0x29, 0xf5, 0x0, 0x0, 0x6f, 0xfe,
    0xee, 0xee, 0xee, 0xef, 0xf5, 0x0, 0x0, 0x6f,
    0x71, 0x11, 0x11, 0x11, 0x19, 0xf5, 0x0, 0x0,
    0x6f, 0xff, 0xff, 0xff, 0xff, 0xff, 0xf5, 0x0,
    0x1, 0x6f, 0x71, 0x11, 0x11, 0x11, 0x18, 0xf6,
    0x11, 0xef, 0xff, 0xff, 0xff, 0xff, 0xff, 0xff,
    0xff, 0xff, 0xef, 0xff, 0xff, 0xff, 0xff, 0xff,
    0xff, 0xff, 0xff,

    /* U+7FFB "翻" */
    0x0, 0x1, 0x24, 0x69, 0xb2, 0x0, 0x1, 0x0,
    0x0, 0x0, 0xaf, 0xff, 0xff, 0xdb, 0x59, 0xff,
    0xfc, 0xff, 0xfc, 0x3, 0xb5, 0x4f, 0x81, 0x91,
    0x58, 0x9f, 0xa9, 0x9e, 0xc0, 0xe, 0x81, 0xf8,
    0x6e, 0x0, 0x1, 0xf7, 0x0, 0xcc, 0x1, 0xab,
    0x3f, 0x9c, 0xa1, 0x35, 0x1f, 0x98, 0xc, 0xc0,
    0xef, 0xff, 0xff, 0xff, 0xd7, 0xe1, 0xf9, 0xf4,
    0xcc, 0x4, 0x45, 0xff, 0xf9, 0x43, 0x1f, 0x5f,
    0x7c, 0x9c, 0xc0, 0x0, 0xce, 0xfe, 0xf9, 0x0,
    0xca, 0xf7, 0x7e, 0xcc, 0x1, 0xcf, 0x4f, 0x88,
    0xfd, 0x6, 0x6f, 0x72, 0x6c, 0xc0, 0xef, 0x41,
    0xf8, 0x7, 0x60, 0x2, 0xf7, 0x0, 0xdc, 0xb,
    0xa7, 0x7b, 0x97, 0x73, 0x0, 0xbf, 0x70, 0x9f,
    0xc0, 0x7f, 0xff, 0xff, 0xff, 0x80, 0xaf, 0xf7,
    0x8f, 0xfc, 0x7, 0xf0, 0xf, 0x60, 0xf8, 0x9f,
    0x7f, 0xdf, 0x8c, 0xc0, 0x7f, 0x55, 0xf9, 0x5f,
    0x8a, 0x81, 0xfa, 0x90, 0xcc, 0x7, 0xff, 0xff,
    0xff, 0xf8, 0x10, 0x1f, 0x70, 0xc, 0xc0, 0x7f,
    0x0, 0xf6, 0xf, 0x80, 0x1, 0xf7, 0x0, 0xcc,
    0x7, 0xfd, 0xdf, 0xed, 0xf8, 0x0, 0x1f, 0x70,
    0xc, 0xc0, 0x7f, 0x99, 0x99, 0x9f, 0x80, 0x9a,
    0xf6, 0x8a, 0xfc, 0x7, 0xf0, 0x0, 0x0, 0xf8,
    0x9, 0xeb, 0x17, 0xfd, 0x40,

    /* U+8017 "耗" */
    0x0, 0x0, 0xab, 0x0, 0x0, 0x0, 0x0, 0x2,
    0x70, 0x0, 0x0, 0x0, 0xde, 0x0, 0x0, 0x0,
    0x1, 0x9f, 0xf9, 0x0, 0x9, 0xaa, 0xff, 0xaa,
    0x50, 0x3, 0xaf, 0xfc, 0x50, 0x0, 0xd, 0xff,
    0xff, 0xff, 0x76, 0xcf, 0xfb, 0x30, 0x0, 0x0,
    0x0, 0x0, 0xde, 0x0, 0x7, 0x72, 0xcf, 0x10,
    0x0, 0x0, 0x4, 0x99, 0xff, 0x99, 0x10, 0x0,
    0xcf, 0x10, 0x36, 0x10, 0x7, 0xff, 0xff, 0xff,
    0x20, 0x36, 0xef, 0xef, 0xff, 0x40, 0x0, 0x0,
    0xde, 0x0, 0xb, 0xff, 0xff, 0xeb, 0x85, 0x10,
    0x0, 0x0, 0xde, 0x0, 0x6, 0x96, 0xdf, 0x10,
    0x0, 0x0, 0x2f, 0xff, 0xff, 0xff, 0xe0, 0x0,
    0xcf, 0x10, 0x0, 0x0, 0x19, 0x9c, 0xff, 0xb9,
    0x80, 0x0, 0xcf, 0x56, 0x9b, 0xd0, 0x0, 0xc,
    0xff, 0xe1, 0x6, 0x9b, 0xff, 0xff, 0xff, 0xe0,
    0x0, 0x6f, 0xff, 0xfb, 0x1f, 0xff, 0xff, 0xa7,
    0x41, 0x0, 0x2, 0xfd, 0xde, 0x9f, 0x86, 0x41,
    0xcf, 0x10, 0x0, 0x0, 0xc, 0xf4, 0xde, 0xd,
    0x70, 0x0, 0xcf, 0x10, 0x3, 0x30, 0x3f, 0x90,
    0xde, 0x2, 0x0, 0x0, 0xcf, 0x10, 0x6, 0xf3,
    0x8, 0x0, 0xde, 0x0, 0x0, 0x0, 0xcf, 0x10,
    0x8, 0xf1, 0x0, 0x0, 0xde, 0x0, 0x0, 0x0,
    0xaf, 0xba, 0xae, 0xe0, 0x0, 0x0, 0xde, 0x0,
    0x0, 0x0, 0x3d, 0xff, 0xfe, 0x50,

    /* U+8054 "联" */
    0x0, 0x0, 0x0, 0x0, 0x0, 0x2, 0x0, 0x0,
    0x30, 0x0, 0xe, 0xee, 0xee, 0xee, 0x80, 0xdf,
    0x20, 0x1, 0xfe, 0x0, 0xd, 0xff, 0xdd, 0xff,
    0x70, 0x4f, 0xd0, 0x9, 0xf6, 0x0, 0x0, 0xfa,
    0x0, 0xdc, 0x0, 0x9, 0xe3, 0x3f, 0xc0, 0x0,
    0x0, 0xfa, 0x0, 0xdc, 0x7, 0xbc, 0xcb, 0xef,
    0xdb, 0x90, 0x0, 0xff, 0xff, 0xfc, 0x8, 0xee,
    0xef, 0xfe, 0xee, 0xb0, 0x0, 0xfe, 0x99, 0xfc,
    0x0, 0x0, 0x1f, 0xd0, 0x0, 0x0, 0x0, 0xfa,
    0x0, 0xdc, 0x0, 0x0, 0x1f, 0xd0, 0x0, 0x0,
    0x0, 0xfa, 0x0, 0xdc, 0x0, 0x0, 0x1f, 0xc0,
    0x0, 0x0, 0x0, 0xfe, 0xbb, 0xfc, 0xb, 0xbb,
    0xcf, 0xfb, 0xbb, 0xb5, 0x0, 0xff, 0xdd, 0xfc,
    0xf, 0xff, 0xff, 0xff, 0xff, 0xf7, 0x0, 0xfa,
    0x0, 0xdc, 0x0, 0x0, 0x5f, 0xe0, 0x0, 0x0,
    0x0, 0xfa, 0x0, 0xdc, 0x0, 0x0, 0xaf, 0xf4,
    0x0, 0x0, 0x0, 0xfb, 0x47, 0xef, 0xe5, 0x1,
    0xff, 0xfc, 0x0, 0x0, 0x1d, 0xff, 0xff, 0xff,
    0xc3, 0x9, 0xf9, 0xaf, 0x60, 0x0, 0xf, 0xdb,
    0x85, 0xec, 0x0, 0x5f, 0xf1, 0x2f, 0xf3, 0x0,
    0x0, 0x0, 0x0, 0xdc, 0x5, 0xff, 0x50, 0x6,
    0xff, 0x50, 0x0, 0x0, 0x0, 0xdc, 0x8f, 0xf7,
    0x0, 0x0, 0x8f, 0xf6, 0x0, 0x0, 0x0, 0xdc,
    0x4e, 0x50, 0x0, 0x0, 0x5, 0xb0, 0x0, 0x0,
    0x0, 0x0, 0x0, 0x0, 0x0, 0x0, 0x0, 0x0,

    /* U+80FD "能" */
    0x0, 0x2b, 0x70, 0x0, 0x0, 0xac, 0x0, 0x0,
    0x0, 0x0, 0x9, 0xfa, 0x16, 0x10, 0xd, 0xf0,
    0x0, 0x12, 0x0, 0x2, 0xfe, 0x16, 0xf9, 0x0,
    0xdf, 0x2, 0x8f, 0xe1, 0x0, 0xcf, 0x50, 0xc,
    0xf3, 0xd, 0xfc, 0xff, 0xc6, 0x0, 0x9f, 0xfc,
    0xde, 0xff, 0xb0, 0xdf, 0xc7, 0x20, 0x0, 0x5,
    0xfe, 0xcb, 0x98, 0xcf, 0x2d, 0xf0, 0x0, 0x3,
    0x60, 0x0, 0x0, 0x0, 0x3, 0x20, 0xdf, 0x0,
    0x0, 0x6f, 0x40, 0xaa, 0xaa, 0xab, 0xa2, 0xc,
    0xfb, 0x99, 0x9e, 0xf1, 0x1f, 0xff, 0xff, 0xff,
    0x30, 0x5f, 0xff, 0xff, 0xf8, 0x1, 0xfb, 0x0,
    0x7, 0xf3, 0x2, 0x21, 0x11, 0x10, 0x0, 0x1f,
    0xd7, 0x77, 0xbf, 0x30, 0xdf, 0x0, 0x0, 0x20,
    0x1, 0xff, 0xff, 0xff, 0xf3, 0xd, 0xf0, 0x5,
    0xcf, 0x30, 0x1f, 0xb0, 0x0, 0x7f, 0x30, 0xdf,
    0xae, 0xfe, 0x82, 0x1, 0xff, 0xff, 0xff, 0xf3,
    0xd, 0xfc, 0x73, 0x0, 0x0, 0x1f, 0xd8, 0x88,
    0xbf, 0x30, 0xdf, 0x0, 0x0, 0x28, 0x11, 0xfb,
    0x0, 0x7, 0xf3, 0xd, 0xf0, 0x0, 0x3, 0xf7,
    0x1f, 0xb0, 0x0, 0x7f, 0x30, 0xdf, 0x0, 0x0,
    0x5f, 0x51, 0xfb, 0x7, 0xbd, 0xf3, 0xb, 0xfd,
    0xcc, 0xcf, 0xf1, 0x1f, 0xb0, 0x4f, 0xe9, 0x0,
    0x3b, 0xdd, 0xdd, 0xd6, 0x0,

    /* U+81EA "自" */
    0x0, 0x0, 0x2, 0xa8, 0x0, 0x0, 0x0, 0x0,
    0x0, 0x0, 0x6f, 0xb0, 0x0, 0x0, 0x0, 0x0,
    0x0, 0xb, 0xf6, 0x0, 0x0, 0x0, 0xe, 0xff,
    0xff, 0xff, 0xff, 0xff, 0xff, 0xf3, 0xef, 0xcc,
    0xcc, 0xcc, 0xcc, 0xcc, 0xff, 0x3e, 0xf0, 0x0,
    0x0, 0x0, 0x0, 0xc, 0xf3, 0xef, 0x0, 0x0,
    0x0, 0x0, 0x0, 0xcf, 0x3e, 0xfd, 0xdd, 0xdd,
    0xdd, 0xdd, 0xdf, 0xf3, 0xef, 0xff, 0xff, 0xff,
    0xff, 0xff, 0xff, 0x3e, 0xf0, 0x0, 0x0, 0x0,
    0x0, 0xc, 0xf3, 0xef, 0x0, 0x0, 0x0, 0x0,
    0x0, 0xcf, 0x3e, 0xfb, 0xbb, 0xbb, 0xbb, 0xbb,
    0xbf, 0xf3, 0xef, 0xff, 0xff, 0xff, 0xff, 0xff,
    0xff, 0x3e, 0xf0, 0x0, 0x0, 0x0, 0x0, 0xc,
    0xf3, 0xef, 0x0, 0x0, 0x0, 0x0, 0x0, 0xcf,
    0x3e, 0xf0, 0x0, 0x0, 0x0, 0x0, 0xc, 0xf3,
    0xef, 0xff, 0xff, 0xff, 0xff, 0xff, 0xff, 0x3e,
    0xfb, 0xbb, 0xbb, 0xbb, 0xbb, 0xbf, 0xf3, 0xef,
    0x0, 0x0, 0x0, 0x0, 0x0, 0xcf, 0x30, 0x10,
    0x0, 0x0, 0x0, 0x0, 0x0, 0x0,

    /* U+821F "舟" */
    0x0, 0x0, 0x0, 0x0, 0x0, 0x0, 0x0, 0x0,
    0x0, 0x0, 0x0, 0x0, 0x0, 0x4, 0xfd, 0x0,
    0x0, 0x0, 0x0, 0x0, 0x0, 0x0, 0x0, 0x9f,
    0x70, 0x0, 0x0, 0x0, 0x0, 0x0, 0xb, 0xcb,
    0xbf, 0xfc, 0xbb, 0xbc, 0xb0, 0x0, 0x0, 0x0,
    0xff, 0xff, 0xff, 0xff, 0xff, 0xff, 0x0, 0x0,
    0x0, 0xf, 0xe0, 0x3, 0x20, 0x0, 0xe, 0xf0,
    0x0, 0x0, 0x0, 0xfe, 0x1, 0xee, 0x40, 0x0,
    0xef, 0x0, 0x0, 0x0, 0xf, 0xe0, 0x3, 0xef,
    0x50, 0xe, 0xf0, 0x0, 0x0, 0x0, 0xfe, 0x0,
    0x2, 0xed, 0x0, 0xef, 0x0, 0x0, 0x0, 0xf,
    0xe0, 0x0, 0x4, 0x20, 0xe, 0xf0, 0x0, 0xf,
    0xff, 0xff, 0xff, 0xff, 0xff, 0xff, 0xff, 0xff,
    0xe0, 0xbb, 0xbf, 0xfb, 0xbb, 0xbb, 0xbb, 0xbf,
    0xfb, 0xba, 0x0, 0x2, 0xfb, 0x0, 0x41, 0x0,
    0x0, 0xef, 0x0, 0x0, 0x0, 0x5f, 0x90, 0x2f,
    0xe4, 0x0, 0xe, 0xf0, 0x0, 0x0, 0x8, 0xf6,
    0x0, 0x4f, 0xf5, 0x0, 0xef, 0x0, 0x0, 0x0,
    0xef, 0x10, 0x0, 0x3e, 0xf0, 0xe, 0xf0, 0x0,
    0x0, 0x5f, 0xb0, 0x0, 0x0, 0x44, 0x0, 0xef,
    0x0, 0x0, 0x1e, 0xf4, 0x0, 0x0, 0x0, 0x0,
    0xe, 0xf0, 0x0, 0xc, 0xfa, 0x0, 0x0, 0x0,
    0x8, 0xcd, 0xfe, 0x0, 0x0, 0x8c, 0x0, 0x0,
    0x0, 0x0, 0x5f, 0xfd, 0x50, 0x0, 0x0, 0x0,
    0x0, 0x0, 0x0, 0x0, 0x0, 0x0, 0x0, 0x0,

    /* U+8272 "色" */
    0x0, 0x0, 0x0, 0x59, 0x20, 0x0, 0x0, 0x0,
    0x0, 0x0, 0x0, 0x0, 0x1, 0xef, 0x30, 0x0,
    0x10, 0x0, 0x0, 0x0, 0x0, 0x0, 0xc, 0xff,
    0xff, 0xff, 0xfe, 0x20, 0x0, 0x0, 0x0, 0x0,
    0xbf, 0xda, 0xaa, 0xad, 0xfc, 0x0, 0x0, 0x0,
    0x0, 0x1c, 0xfc, 0x0, 0x0, 0x4f, 0xd1, 0x0,
    0x0, 0x0, 0x4, 0xef, 0xf9, 0x88, 0x89, 0xff,
    0xa8, 0x88, 0x80, 0x0, 0x2f, 0xff, 0xff, 0xff,
    0xff, 0xff, 0xff, 0xff, 0xf0, 0x0, 0xa, 0x8d,
    0xf3, 0x33, 0x3d, 0xf4, 0x33, 0x3e, 0xf0, 0x0,
    0x0, 0xd, 0xf0, 0x0, 0xc, 0xf1, 0x0, 0xd,
    0xf0, 0x0, 0x0, 0xd, 0xf0, 0x0, 0xc, 0xf1,
    0x0, 0xd, 0xf0, 0x0, 0x0, 0xd, 0xf5, 0x55,
    0x5d, 0xf6, 0x55, 0x5e, 0xf0, 0x0, 0x0, 0xd,
    0xff, 0xff, 0xff, 0xff, 0xff, 0xff, 0xf0, 0x0,
    0x0, 0xd, 0xf7, 0x77, 0x77, 0x77, 0x77, 0x7e,
    0xf0, 0x0, 0x0, 0xd, 0xf0, 0x0, 0x0, 0x0,
    0x0, 0x3, 0x30, 0x0, 0x0, 0xd, 0xf0, 0x0,
    0x0, 0x0, 0x0, 0x0, 0xc, 0x90, 0x0, 0xd,
    0xf0, 0x0, 0x0, 0x0, 0x0, 0x0, 0xf, 0xe0,
    0x0, 0xc, 0xf2, 0x0, 0x0, 0x0, 0x0, 0x0,
    0x5f, 0xb0, 0x0, 0x7, 0xff, 0xcc, 0xcc, 0xcc,
    0xcc, 0xcc, 0xff, 0x50, 0x0, 0x0, 0x8d, 0xff,
    0xff, 0xff, 0xff, 0xff, 0xd6, 0x0,

    /* U+82AF "芯" */
    0x0, 0x0, 0x7, 0xb1, 0x0, 0x0, 0x8a, 0x0,
    0x0, 0x0, 0x0, 0x0, 0xbf, 0x20, 0x0, 0xc,
    0xf1, 0x0, 0x0, 0x2, 0x22, 0x2c, 0xf4, 0x22,
    0x22, 0xdf, 0x32, 0x22, 0x0, 0xff, 0xff, 0xff,
    0xff, 0xff, 0xff, 0xff, 0xff, 0xf6, 0xa, 0xaa,
    0xae, 0xfb, 0xaa, 0xaa, 0xff, 0xba, 0xaa, 0x40,
    0x0, 0x0, 0xbf, 0x20, 0x0, 0xc, 0xf1, 0x0,
    0x0, 0x0, 0x0, 0x8, 0xc1, 0x3b, 0x10, 0x9c,
    0x0, 0x0, 0x0, 0x0, 0x0, 0x0, 0x8, 0xf9,
    0x0, 0x0, 0x0, 0x0, 0x0, 0x0, 0x0, 0x0,
    0xe, 0xf2, 0x0, 0x0, 0x0, 0x0, 0x0, 0x0,
    0x13, 0x10, 0x7f, 0x90, 0x0, 0x0, 0x0, 0x0,
    0x33, 0x8, 0xf5, 0x0, 0xff, 0x10, 0x5, 0x60,
    0x0, 0x9, 0xf4, 0x8f, 0x50, 0x9, 0xf5, 0x0,
    0xff, 0x10, 0x0, 0xdf, 0x18, 0xf5, 0x0, 0x34,
    0x0, 0x9, 0xf7, 0x0, 0x2f, 0xc0, 0x8f, 0x50,
    0x0, 0x0, 0x0, 0x3f, 0xd0, 0x9, 0xf7, 0x8,
    0xf5, 0x0, 0x0, 0x6, 0x20, 0xdf, 0x31, 0xff,
    0x10, 0x8f, 0x50, 0x0, 0x0, 0xdf, 0x8, 0xf8,
    0x4e, 0xa0, 0x8, 0xf6, 0x0, 0x0, 0xf, 0xd0,
    0x4e, 0x70, 0x1, 0x0, 0x6f, 0xfd, 0xdd, 0xde,
    0xf9, 0x0, 0x0, 0x0, 0x0, 0x0, 0xaf, 0xff,
    0xff, 0xfc, 0x10, 0x0, 0x0,

    /* U+83B7 "获" */
    0x0, 0x0, 0x0, 0x10, 0x0, 0x0, 0x1, 0x0,
    0x0, 0x0, 0x0, 0x0, 0x4, 0xfa, 0x0, 0x0,
    0x8f, 0x60, 0x0, 0x0, 0x7, 0x99, 0x9b, 0xfd,
    0x99, 0x99, 0xcf, 0xc9, 0x99, 0x80, 0xd, 0xff,
    0xff, 0xff, 0xff, 0xff, 0xff, 0xff, 0xff, 0xe0,
    0x1, 0x11, 0x15, 0xfa, 0x11, 0x11, 0x8f, 0x71,
    0x11, 0x10, 0x0, 0x12, 0x2, 0xa6, 0x0, 0x0,
    0x59, 0x20, 0x0, 0x0, 0x0, 0xef, 0x45, 0xe6,
    0x0, 0x0, 0xfd, 0x5f, 0x70, 0x0, 0x0, 0x3e,
    0xff, 0xe2, 0x0, 0x0, 0xfd, 0x1c, 0xf8, 0x0,
    0x0, 0x3d, 0xff, 0x20, 0x0, 0x0, 0xfd, 0x0,
    0xcb, 0x0, 0xa, 0xff, 0xcf, 0x74, 0xbb, 0xbb,
    0xff, 0xbb, 0xcb, 0x90, 0x8, 0xa1, 0x1f, 0xc6,
    0xff, 0xff, 0xff, 0xff, 0xff, 0xd0, 0x0, 0x0,
    0x3f, 0xf0, 0x11, 0x13, 0xff, 0x21, 0x11, 0x0,
    0x0, 0x3, 0xef, 0xf2, 0x0, 0x5, 0xff, 0x60,
    0x0, 0x0, 0x0, 0x5f, 0xec, 0xf3, 0x0, 0xa,
    0xff, 0xc0, 0x0, 0x0, 0x1a, 0xfe, 0x39, 0xf3,
    0x0, 0x1f, 0xf9, 0xf4, 0x0, 0x0, 0xb, 0xd2,
    0x9, 0xf2, 0x0, 0x9f, 0x82, 0xfd, 0x0, 0x0,
    0x1, 0x0, 0xb, 0xf0, 0x4, 0xfe, 0x10, 0x9f,
    0x80, 0x0, 0x0, 0x0, 0xe, 0xe0, 0x4f, 0xf5,
    0x0, 0xd, 0xf8, 0x0, 0x0, 0x79, 0xcf, 0x86,
    0xff, 0x70, 0x0, 0x2, 0xef, 0xc0, 0x0, 0x7f,
    0xfa, 0x5, 0xe5, 0x0, 0x0, 0x0, 0x2c, 0x50,
    0x0, 0x0, 0x0, 0x0, 0x0, 0x0, 0x0, 0x0,
    0x0, 0x0,

    /* U+843D "落" */
    0x0, 0x0, 0x9, 0xe2, 0x0, 0x0, 0xae, 0x10,
    0x0, 0x0, 0xa, 0xaa, 0xae, 0xfb, 0xaa, 0xaa,
    0xef, 0xaa, 0xaa, 0x60, 0xf, 0xff, 0xff, 0xff,
    0xff, 0xff, 0xff, 0xff, 0xff, 0xa0, 0x0, 0x0,
    0xa, 0xf3, 0x0, 0x0, 0xcf, 0x20, 0x0, 0x0,
    0x0, 0x46, 0x6, 0x91, 0x5, 0xe7, 0x69, 0x0,
    0x0, 0x0, 0x0, 0xdf, 0xc3, 0x0, 0x2e, 0xf9,
    0x77, 0x77, 0x71, 0x0, 0x0, 0x19, 0xff, 0x11,
    0xdf, 0xff, 0xff, 0xff, 0xf8, 0x0, 0x0, 0x0,
    0x46, 0x1d, 0xff, 0xa0, 0x0, 0x8f, 0xc0, 0x0,
    0x8, 0x50, 0x2, 0xef, 0x78, 0xfd, 0x5b, 0xfc,
    0x10, 0x0, 0x3f, 0xfc, 0x30, 0x85, 0x0, 0x5f,
    0xff, 0xc0, 0x0, 0x0, 0x1, 0xaf, 0xc0, 0x0,
    0x29, 0xff, 0xdf, 0xfd, 0x71, 0x0, 0x0, 0x5,
    0x12, 0x9d, 0xff, 0xc5, 0x2, 0x9f, 0xff, 0xc1,
    0x0, 0x0, 0x32, 0xdf, 0xfa, 0x77, 0x77, 0x78,
    0xdc, 0x70, 0x0, 0x0, 0xdc, 0x14, 0xff, 0xff,
    0xff, 0xff, 0xf2, 0x0, 0x0, 0xa, 0xf8, 0x4,
    0xf8, 0x0, 0x0, 0xb, 0xf2, 0x0, 0x0, 0x7f,
    0xc0, 0x4, 0xf8, 0x0, 0x0, 0xb, 0xf2, 0x0,
    0x4, 0xff, 0x20, 0x4, 0xfc, 0x88, 0x88, 0x8e,
    0xf2, 0x0, 0xd, 0xf6, 0x0, 0x4, 0xff, 0xff,
    0xff, 0xff, 0xf2, 0x0, 0x3, 0x90, 0x0, 0x4,
    0xf8, 0x0, 0x0, 0xb, 0xf2, 0x0,

    /* U+8457 "著" */
    0x0, 0x0, 0x9, 0xe2, 0x0, 0x0, 0xce, 0x0,
    0x0, 0x0, 0x99, 0x99, 0xef, 0xb9, 0x99, 0x9e,
    0xfa, 0x99, 0x95, 0x1f, 0xff, 0xff, 0xff, 0xff,
    0xff, 0xff, 0xff, 0xff, 0x90, 0x0, 0x0, 0xaf,
    0x55, 0x20, 0xd, 0xf1, 0x0, 0x0, 0x0, 0x0,
    0x4, 0x68, 0xf6, 0x0, 0x56, 0x4, 0xb3, 0x0,
    0x3, 0xff, 0xff, 0xff, 0xff, 0xff, 0xf5, 0xff,
    0x40, 0x0, 0x2a, 0xaa, 0xac, 0xfc, 0xaa, 0xae,
    0xff, 0x40, 0x0, 0x0, 0x0, 0x0, 0x7f, 0x60,
    0x1a, 0xfe, 0x30, 0x0, 0x1f, 0xff, 0xff, 0xff,
    0xff, 0xff, 0xff, 0xff, 0xff, 0xa1, 0xbb, 0xbb,
    0xbb, 0xbf, 0xff, 0xfb, 0xbb, 0xbb, 0xb7, 0x0,
    0x0, 0x1, 0x7d, 0xff, 0x91, 0x0, 0x0, 0x0,
    0x0, 0x1, 0x6b, 0xff, 0xff, 0xff, 0xff, 0xff,
    0xfd, 0x0, 0x4c, 0xff, 0xff, 0xd8, 0x88, 0x88,
    0x88, 0x8f, 0xe0, 0x1, 0xff, 0xa7, 0xfa, 0x0,
    0x0, 0x0, 0x0, 0xfe, 0x0, 0x2, 0x0, 0x3f,
    0xff, 0xff, 0xff, 0xff, 0xff, 0xe0, 0x0, 0x0,
    0x3, 0xfb, 0x33, 0x33, 0x33, 0x33, 0xfe, 0x0,
    0x0, 0x0, 0x3f, 0xc6, 0x66, 0x66, 0x66, 0x6f,
    0xe0, 0x0, 0x0, 0x3, 0xff, 0xff, 0xff, 0xff,
    0xff, 0xfe, 0x0, 0x0, 0x0, 0x3f, 0xa1, 0x11,
    0x11, 0x11, 0x1f, 0xd0, 0x0,

    /* U+865A "虚" */
    0x0, 0x0, 0x0, 0x0, 0x5e, 0x80, 0x0, 0x0,
    0x0, 0x0, 0x0, 0x0, 0x0, 0x5, 0xfc, 0x77,
    0x77, 0x77, 0x0, 0x0, 0x0, 0x0, 0x0, 0x5f,
    0xff, 0xff, 0xff, 0xf0, 0x0, 0x0, 0x0, 0x0,
    0x5, 0xfa, 0x0, 0x0, 0x0, 0x0, 0x0, 0x9d,
    0xdd, 0xdd, 0xef, 0xfd, 0xdd, 0xdd, 0xed, 0x70,
    0xb, 0xfc, 0xbb, 0xbd, 0xfd, 0xbb, 0xbb, 0xbf,
    0xf7, 0x0, 0xbf, 0x20, 0x0, 0x5f, 0x94, 0x56,
    0x71, 0xfe, 0x0, 0xb, 0xf2, 0xcd, 0xef, 0xff,
    0xfe, 0xdb, 0x16, 0x50, 0x0, 0xbf, 0x27, 0x65,
    0x8f, 0x90, 0x0, 0x0, 0x5e, 0x70, 0xb, 0xf2,
    0x0, 0x2, 0xff, 0xff, 0xff, 0xff, 0xf6, 0x0,
    0xcf, 0x10, 0x0, 0x2, 0x56, 0x77, 0x77, 0x64,
    0x0, 0xc, 0xf1, 0x0, 0xf, 0xb0, 0x2f, 0x90,
    0x0, 0x0, 0x0, 0xef, 0x4e, 0x40, 0xfb, 0x2,
    0xfa, 0x9, 0xe2, 0x0, 0xf, 0xe1, 0xfc, 0xf,
    0xb0, 0x2f, 0xa1, 0xfc, 0x0, 0x2, 0xfb, 0xa,
    0xf3, 0xfb, 0x2, 0xfa, 0x7f, 0x30, 0x0, 0x7f,
    0x80, 0x4f, 0x5f, 0xb0, 0x2f, 0xac, 0x80, 0x0,
    0xc, 0xf5, 0x11, 0x21, 0xfc, 0x13, 0xfa, 0x11,
    0x11, 0x3, 0xff, 0x7f, 0xff, 0xff, 0xff, 0xff,
    0xff, 0xff, 0xfb, 0xa, 0x97, 0xff, 0xff, 0xff,
    0xff, 0xff, 0xff, 0xff, 0xb0, 0x1, 0x0, 0x0,
    0x0, 0x0, 0x0, 0x0, 0x0, 0x0,

    /* U+884C "行" */
    0x0, 0x0, 0x1c, 0x70, 0x0, 0x0, 0x0, 0x0,
    0x0, 0x0, 0x0, 0x0, 0xcf, 0x90, 0xc, 0xcc,
    0xcc, 0xcc, 0xcc, 0x90, 0x0, 0xc, 0xfb, 0x0,
    0xf, 0xff, 0xff, 0xff, 0xff, 0xc0, 0x1, 0xcf,
    0xc0, 0x0, 0x0, 0x0, 0x0, 0x0, 0x0, 0x0,
    0xe, 0xfc, 0x0, 0x50, 0x0, 0x0, 0x0, 0x0,
    0x0, 0x0, 0x7, 0xa0, 0x8, 0xf9, 0x0, 0x0,
    0x0, 0x0, 0x0, 0x0, 0x0, 0x0, 0x4f, 0xe1,
    0x0, 0x0, 0x0, 0x0, 0x0, 0x0, 0x0, 0x1,
    0xef, 0x51, 0xff, 0xff, 0xff, 0xff, 0xff, 0xf2,
    0x0, 0x1d, 0xfd, 0x0, 0xdd, 0xdd, 0xdd, 0xef,
    0xed, 0xd2, 0x1, 0xdf, 0xfd, 0x0, 0x0, 0x0,
    0x0, 0x7f, 0x70, 0x0, 0x1e, 0xfd, 0xfd, 0x0,
    0x0, 0x0, 0x0, 0x7f, 0x70, 0x0, 0xb, 0xd2,
    0xfd, 0x0, 0x0, 0x0, 0x0, 0x7f, 0x70, 0x0,
    0x1, 0x11, 0xfd, 0x0, 0x0, 0x0, 0x0, 0x7f,
    0x70, 0x0, 0x0, 0x1, 0xfd, 0x0, 0x0, 0x0,
    0x0, 0x7f, 0x70, 0x0, 0x0, 0x1, 0xfd, 0x0,
    0x0, 0x0, 0x0, 0x7f, 0x70, 0x0, 0x0, 0x1,
    0xfd, 0x0, 0x0, 0x0, 0x0, 0x7f, 0x70, 0x0,
    0x0, 0x1, 0xfd, 0x0, 0x0, 0x0, 0x0, 0x7f,
    0x70, 0x0, 0x0, 0x1, 0xfd, 0x0, 0x0, 0xa,
    0xcc, 0xef, 0x50, 0x0, 0x0, 0x1, 0xfd, 0x0,
    0x0, 0x8, 0xff, 0xfa, 0x0, 0x0, 0x0, 0x0,
    0x21, 0x0, 0x0, 0x0, 0x0, 0x0, 0x0, 0x0,

    /* U+8865 "补" */
    0x0, 0x1, 0x40, 0x0, 0x0, 0x6, 0x82, 0x0,
    0x0, 0x0, 0x0, 0xc, 0xf6, 0x0, 0x0, 0xc,
    0xf4, 0x0, 0x0, 0x0, 0x0, 0x1, 0xdf, 0x20,
    0x0, 0xc, 0xf4, 0x0, 0x0, 0x0, 0x1a, 0xaa,
    0xbc, 0xab, 0x40, 0xc, 0xf4, 0x0, 0x0, 0x0,
    0x2f, 0xff, 0xff, 0xff, 0xc0, 0xc, 0xf4, 0x0,
    0x0, 0x0, 0x1, 0x11, 0x11, 0xbf, 0x40, 0xc,
    0xf4, 0x0, 0x0, 0x0, 0x0, 0x0, 0x4, 0xfc,
    0x0, 0xc, 0xfd, 0xa0, 0x0, 0x0, 0x0, 0x0,
    0x1e, 0xf2, 0x33, 0xc, 0xff, 0xfd, 0x10, 0x0,
    0x0, 0x0, 0xcf, 0x80, 0xde, 0x1c, 0xf5, 0xcf,
    0xe3, 0x0, 0x0, 0xb, 0xff, 0xdb, 0xf5, 0xc,
    0xf4, 0xb, 0xff, 0x40, 0x0, 0xbf, 0xff, 0xff,
    0x70, 0xc, 0xf4, 0x0, 0xaf, 0xb0, 0x3d, 0xfd,
    0xdf, 0x5f, 0xd1, 0xc, 0xf4, 0x0, 0x8, 0x0,
    0x6f, 0xd1, 0xcf, 0x16, 0xfa, 0xc, 0xf4, 0x0,
    0x0, 0x0, 0x9, 0x0, 0xcf, 0x10, 0x94, 0xc,
    0xf4, 0x0, 0x0, 0x0, 0x0, 0x0, 0xcf, 0x10,
    0x0, 0xc, 0xf4, 0x0, 0x0, 0x0, 0x0, 0x0,
    0xcf, 0x10, 0x0, 0xc, 0xf4, 0x0, 0x0, 0x0,
    0x0, 0x0, 0xcf, 0x10, 0x0, 0xc, 0xf4, 0x0,
    0x0, 0x0, 0x0, 0x0, 0xcf, 0x10, 0x0, 0xc,
    0xf4, 0x0, 0x0, 0x0, 0x0, 0x0, 0xcf, 0x10,
    0x0, 0xb, 0xf4, 0x0, 0x0, 0x0,

    /* U+88C5 "装" */
    0x0, 0x0, 0x1, 0x10, 0x0, 0x0, 0x11, 0x0,
    0x0, 0x0, 0x0, 0x0, 0xc, 0xf0, 0x0, 0x0,
    0xaf, 0x30, 0x0, 0x0, 0x5, 0xd3, 0xc, 0xf0,
    0x0, 0x0, 0xaf, 0x30, 0x0, 0x0, 0x3, 0xef,
    0x5c, 0xf1, 0x88, 0x88, 0xdf, 0xa8, 0x88, 0x60,
    0x0, 0x2d, 0x4c, 0xf3, 0xff, 0xff, 0xff, 0xff,
    0xff, 0xc0, 0x0, 0x0, 0xc, 0xf0, 0x11, 0x11,
    0xbf, 0x41, 0x11, 0x10, 0x0, 0x3, 0xbf, 0xf0,
    0x0, 0x0, 0xaf, 0x30, 0x0, 0x0, 0x6, 0xcf,
    0xff, 0xf0, 0x0, 0x0, 0xaf, 0x30, 0x0, 0x0,
    0x2f, 0xf8, 0x1c, 0xf0, 0x9f, 0xff, 0xff, 0xff,
    0xff, 0x60, 0x5, 0x10, 0xc, 0xf0, 0x7b, 0xbb,
    0xbb, 0xbb, 0xbb, 0x40, 0x0, 0x0, 0x6, 0x80,
    0x2d, 0xc0, 0x0, 0x0, 0x0, 0x0, 0x7, 0x77,
    0x77, 0x77, 0x7f, 0xf9, 0x77, 0x77, 0x77, 0x70,
    0xf, 0xff, 0xff, 0xff, 0xff, 0xff, 0xff, 0xff,
    0xff, 0xf0, 0x0, 0x0, 0x1, 0x6e, 0xf6, 0xde,
    0x20, 0x2, 0xa4, 0x0, 0x0, 0x2, 0x7d, 0xfc,
    0x20, 0x4f, 0xb0, 0x6e, 0xf8, 0x0, 0x19, 0xdf,
    0xff, 0xe0, 0x0, 0x8, 0xff, 0xfa, 0x20, 0x0,
    0x9, 0xc8, 0x2f, 0xe0, 0x2, 0x54, 0x9f, 0xf7,
    0x0, 0x0, 0x0, 0x0, 0x3f, 0xfb, 0xff, 0xf7,
    0x6, 0xef, 0xfa, 0x50, 0x0, 0x0, 0xdf, 0xfd,
    0x95, 0x20, 0x0, 0x17, 0xef, 0xc0, 0x0, 0x0,
    0x44, 0x0, 0x0, 0x0, 0x0, 0x0, 0x3, 0x20,

    /* U+8986 "覆" */
    0x2, 0x44, 0x44, 0x44, 0x44, 0x44, 0x44, 0x44,
    0x44, 0x20, 0x8, 0xff, 0xff, 0xff, 0xff, 0xff,
    0xff, 0xff, 0xff, 0xb0, 0x0, 0x23, 0x33, 0x4f,
    0xb3, 0x3c, 0xf4, 0x33, 0x33, 0x0, 0x0, 0xcf,
    0xff, 0xff, 0xff, 0xff, 0xff, 0xff, 0xff, 0x0,
    0x0, 0xcf, 0x11, 0x2f, 0xa1, 0x1b, 0xf2, 0x11,
    0xbf, 0x0, 0x0, 0xcf, 0xee, 0xef, 0xfe, 0xef,
    0xfe, 0xee, 0xff, 0x0, 0x0, 0x34, 0xbb, 0x54,
    0x8f, 0x84, 0x44, 0x44, 0x44, 0x0, 0x0, 0x6,
    0xfc, 0x0, 0xcf, 0xff, 0xff, 0xff, 0xff, 0x60,
    0x0, 0x7f, 0xd1, 0x7, 0xfa, 0x44, 0x44, 0x44,
    0x44, 0x20, 0xb, 0xfc, 0x3b, 0x8f, 0xff, 0xff,
    0xff, 0xff, 0xf8, 0x0, 0x6, 0xa1, 0xcf, 0xbf,
    0xce, 0x33, 0x33, 0x34, 0xf9, 0x0, 0x0, 0xb,
    0xf5, 0x2, 0x9f, 0xdd, 0xdd, 0xdd, 0xf9, 0x0,
    0x1, 0xcf, 0xf0, 0x0, 0x9f, 0x77, 0x77, 0x78,
    0xf9, 0x0, 0xd, 0xfe, 0xf0, 0x0, 0x37, 0xff,
    0x65, 0x55, 0x63, 0x0, 0x3, 0x2c, 0xf0, 0x1,
    0x8f, 0xff, 0xff, 0xff, 0xf5, 0x0, 0x0, 0xc,
    0xf0, 0x5f, 0xfe, 0xd4, 0x12, 0x9f, 0xb0, 0x0,
    0x0, 0xc, 0xf0, 0x5, 0x11, 0xaf, 0xde, 0xf8,
    0x0, 0x0, 0x0, 0xc, 0xf0, 0x47, 0x9c, 0xff,
    0xef, 0xff, 0xca, 0x80, 0x0, 0xc, 0xf0, 0x5f,
    0xda, 0x73, 0x0, 0x47, 0xad, 0x90, 0x0, 0x0,
    0x0, 0x0, 0x0, 0x0, 0x0, 0x0, 0x0, 0x0,

    /* U+89C2 "观" */
    0x2, 0x22, 0x22, 0x31, 0xa, 0xbb, 0xbb, 0xbb,
    0xbb, 0x0, 0x1f, 0xff, 0xff, 0xff, 0x2f, 0xff,
    0xff, 0xff, 0xff, 0x10, 0xa, 0xaa, 0xaa, 0xff,
    0xf, 0xd0, 0x0, 0x0, 0xcf, 0x10, 0x0, 0x0,
    0x0, 0xee, 0xf, 0xd0, 0x18, 0x50, 0xcf, 0x10,
    0x1, 0x40, 0x1, 0xfc, 0xf, 0xd0, 0x2f, 0xa0,
    0xcf, 0x10, 0xc, 0xf3, 0x5, 0xf8, 0xf, 0xd0,
    0x2f, 0xa0, 0xcf, 0x10, 0x4, 0xfd, 0x9, 0xf5,
    0xf, 0xd0, 0x2f, 0xa0, 0xcf, 0x10, 0x0, 0x9f,
    0x9d, 0xf1, 0xf, 0xd0, 0x2f, 0x90, 0xcf, 0x10,
    0x0, 0xe, 0xff, 0xd0, 0xf, 0xd0, 0x3f, 0x80,
    0xcf, 0x10, 0x0, 0x5, 0xff, 0x80, 0xf, 0xd0,
    0x5f, 0x70, 0xcf, 0x10, 0x0, 0x0, 0xff, 0x70,
    0xa, 0x90, 0x8f, 0x40, 0x8b, 0x0, 0x0, 0x5,
    0xff, 0xf1, 0x0, 0x0, 0xdf, 0xc4, 0x0, 0x0,
    0x0, 0xd, 0xfd, 0xf8, 0x0, 0x4, 0xfe, 0xf5,
    0x0, 0x0, 0x0, 0x6f, 0xd2, 0xff, 0x0, 0xd,
    0xf7, 0xf5, 0x5, 0x91, 0x2, 0xff, 0x40, 0xa9,
    0x0, 0xaf, 0x94, 0xf5, 0x6, 0xf2, 0x1d, 0xf9,
    0x0, 0x10, 0xb, 0xfc, 0x4, 0xf5, 0x7, 0xf1,
    0x2e, 0xd0, 0x0, 0x5, 0xef, 0xc1, 0x3, 0xfa,
    0x6c, 0xe0, 0x3, 0x10, 0x0, 0x8, 0xf8, 0x0,
    0x0, 0xcf, 0xff, 0x60, 0x0, 0x0, 0x0, 0x0,
    0x20, 0x0, 0x0, 0x0, 0x0, 0x0,

    /* U+89C6 "视" */
    0x0, 0x0, 0x0, 0x0, 0x0, 0x0, 0x0, 0x0,
    0x0, 0x0, 0x0, 0x1a, 0x90, 0x0, 0x2, 0x22,
    0x22, 0x22, 0x22, 0x0, 0x0, 0xc, 0xf6, 0x0,
    0x2f, 0xff, 0xff, 0xff, 0xff, 0x10, 0x0, 0x2,
    0xfc, 0x0, 0x2f, 0xd8, 0x88, 0x88, 0xef, 0x10,
    0xa, 0xaa, 0xeb, 0xb1, 0x2f, 0xb0, 0x0, 0x0,
    0xdf, 0x10, 0xf, 0xff, 0xff, 0xfb, 0x2f, 0xb0,
    0x35, 0x0, 0xdf, 0x10, 0x0, 0x0, 0x8, 0xf9,
    0x2f, 0xb0, 0xcf, 0x10, 0xdf, 0x10, 0x0, 0x0,
    0x1e, 0xf2, 0x2f, 0xb0, 0xcf, 0x10, 0xdf, 0x10,
    0x0, 0x0, 0xaf, 0x90, 0x2f, 0xb0, 0xcf, 0x10,
    0xdf, 0x10, 0x0, 0x5, 0xfe, 0x0, 0x2f, 0xb0,
    0xcf, 0x10, 0xdf, 0x10, 0x0, 0x3f, 0xff, 0x40,
    0x2f, 0xb0, 0xcf, 0x0, 0xdf, 0x10, 0x4, 0xff,
    0xff, 0xe2, 0x2f, 0xb0, 0xee, 0x0, 0xdf, 0x10,
    0x4f, 0xff, 0xf5, 0xfd, 0x2b, 0x71, 0xfb, 0x0,
    0x9b, 0x0, 0x1f, 0x7a, 0xf2, 0x77, 0x0, 0x5,
    0xff, 0xb0, 0x0, 0x0, 0x2, 0xa, 0xf2, 0x0,
    0x0, 0xc, 0xff, 0xc0, 0x0, 0x0, 0x0, 0xa,
    0xf2, 0x0, 0x0, 0x5f, 0xaf, 0xc0, 0x6, 0x80,
    0x0, 0xa, 0xf2, 0x0, 0x2, 0xff, 0x2f, 0xc0,
    0x7, 0xf0, 0x0, 0xa, 0xf2, 0x0, 0x3e, 0xf5,
    0xf, 0xc0, 0x8, 0xf0, 0x0, 0xa, 0xf2, 0x8,
    0xff, 0x50, 0xf, 0xe6, 0x6d, 0xc0, 0x0, 0xa,
    0xf2, 0x7, 0xc2, 0x0, 0x8, 0xff, 0xfe, 0x40,
    0x0, 0x0, 0x0, 0x0, 0x0, 0x0, 0x0, 0x0,
    0x0, 0x0,

    /* U+89C8 "览" */
    0x0, 0x0, 0x8, 0xa0, 0x0, 0x9a, 0x10, 0x0,
    0x0, 0xa, 0xc0, 0xc, 0xf1, 0x0, 0xfe, 0x0,
    0x0, 0x0, 0xd, 0xf0, 0xc, 0xf1, 0x5, 0xff,
    0xff, 0xff, 0xfc, 0xd, 0xf0, 0xc, 0xf1, 0xb,
    0xfb, 0xbb, 0xbb, 0xb8, 0xd, 0xf0, 0xc, 0xf1,
    0x3f, 0xc0, 0x8d, 0x20, 0x0, 0xd, 0xf0, 0xc,
    0xf1, 0xcf, 0x40, 0x5f, 0xd1, 0x0, 0xd, 0xf0,
    0xc, 0xf1, 0x8b, 0x0, 0x9, 0xfa, 0x0, 0x0,
    0x0, 0x8, 0xb0, 0x0, 0x0, 0x0, 0xa4, 0x0,
    0x0, 0x3b, 0xbb, 0xbb, 0xbb, 0xbb, 0xbb, 0xb6,
    0x0, 0x0, 0x4f, 0xff, 0xff, 0xff, 0xff, 0xff,
    0xf8, 0x0, 0x0, 0x4f, 0x80, 0x0, 0x11, 0x0,
    0x8, 0xf8, 0x0, 0x0, 0x4f, 0x80, 0x4, 0xfa,
    0x0, 0x8, 0xf8, 0x0, 0x0, 0x4f, 0x80, 0x4,
    0xfa, 0x0, 0x8, 0xf8, 0x0, 0x0, 0x4f, 0x80,
    0x6, 0xf9, 0x10, 0x8, 0xf8, 0x0, 0x0, 0x3b,
    0x50, 0xc, 0xff, 0xf2, 0x4, 0x84, 0x0, 0x0,
    0x0, 0x1, 0xbf, 0xcc, 0xf2, 0x0, 0x0, 0x94,
    0x0, 0x1, 0x8e, 0xfc, 0x1c, 0xf2, 0x0, 0x0,
    0xec, 0x38, 0xcf, 0xfe, 0x60, 0xb, 0xfb, 0x99,
    0x9a, 0xf9, 0x2f, 0xfb, 0x50, 0x0, 0x3, 0xdf,
    0xff, 0xff, 0xd2, 0x2, 0x0, 0x0, 0x0, 0x0,
    0x0, 0x0, 0x0, 0x0,

    /* U+89E3 "解" */
    0x0, 0x6, 0xb1, 0x0, 0x0, 0x0, 0x0, 0x0,
    0x0, 0x0, 0x0, 0xb, 0xf1, 0x11, 0x0, 0xad,
    0xdd, 0xdd, 0xde, 0xa0, 0x0, 0x1f, 0xff, 0xff,
    0xa0, 0x8b, 0xcf, 0xdb, 0xbf, 0xb0, 0x0, 0x7f,
    0x86, 0xbf, 0x90, 0x0, 0x7f, 0x40, 0xf, 0xa0,
    0x0, 0xed, 0x0, 0xcf, 0x10, 0x0, 0xcf, 0x0,
    0x1f, 0x90, 0x9, 0xfe, 0xcc, 0xff, 0xc9, 0x7,
    0xf8, 0x0, 0x4f, 0x70, 0x1e, 0xff, 0xaf, 0xda,
    0xfc, 0x9f, 0xb0, 0x5f, 0xff, 0x30, 0x1, 0xdd,
    0xe, 0x70, 0xdc, 0x69, 0x30, 0x5d, 0x84, 0x0,
    0x0, 0xbe, 0x6f, 0xa6, 0xec, 0x9, 0xf0, 0xbf,
    0x10, 0x0, 0x0, 0xbf, 0xff, 0xff, 0xfc, 0xd,
    0xf9, 0xef, 0x99, 0x70, 0x0, 0xbd, 0xe, 0x70,
    0xdc, 0x3f, 0xff, 0xff, 0xff, 0xc0, 0x0, 0xbd,
    0xe, 0x70, 0xdc, 0xaf, 0x20, 0xbf, 0x20, 0x0,
    0x0, 0xce, 0x8f, 0xb8, 0xec, 0x77, 0x0, 0xbf,
    0x10, 0x0, 0x0, 0xdf, 0xff, 0xff, 0xfc, 0x6a,
    0xaa, 0xef, 0xaa, 0xa3, 0x0, 0xfa, 0xe, 0x70,
    0xdc, 0xaf, 0xff, 0xff, 0xff, 0xf5, 0x2, 0xf7,
    0xe, 0x70, 0xdc, 0x0, 0x0, 0xbf, 0x20, 0x0,
    0x7, 0xf3, 0xe, 0x70, 0xdc, 0x0, 0x0, 0xbf,
    0x10, 0x0, 0xd, 0xe0, 0x7, 0x79, 0xfb, 0x0,
    0x0, 0xbf, 0x10, 0x0, 0x8, 0x70, 0x0, 0x2f,
    0xe4, 0x0, 0x0, 0xbf, 0x10, 0x0, 0x0, 0x0,
    0x0, 0x0, 0x0, 0x0, 0x0, 0x0, 0x0, 0x0,

    /* U+89E6 "触" */
    0x0, 0x4, 0xb3, 0x0, 0x0, 0x0, 0x9, 0xc2,
    0x0, 0x0, 0x0, 0xa, 0xf3, 0x1, 0x0, 0x0,
    0xc, 0xf3, 0x0, 0x0, 0x0, 0xf, 0xff, 0xff,
    0x70, 0x0, 0xc, 0xf3, 0x0, 0x0, 0x0, 0x6f,
    0xa7, 0xcf, 0x60, 0x12, 0x2d, 0xf5, 0x22, 0x10,
    0x0, 0xdf, 0x0, 0xde, 0x0, 0x9f, 0xff, 0xff,
    0xff, 0xa0, 0x8, 0xfe, 0xbc, 0xfe, 0xb5, 0x9f,
    0x6c, 0xf6, 0x6f, 0xa0, 0xe, 0xff, 0xbf, 0xdb,
    0xf8, 0x9e, 0x9, 0xf0, 0xf, 0xa0, 0x1, 0xec,
    0xe, 0x70, 0xf8, 0x9e, 0x9, 0xf0, 0xf, 0xa0,
    0x0, 0xcd, 0x3f, 0x93, 0xf8, 0x9e, 0x9, 0xf0,
    0xf, 0xa0, 0x0, 0xcf, 0xff, 0xff, 0xf8, 0x9e,
    0x9, 0xf0, 0xf, 0xa0, 0x0, 0xcc, 0x2f, 0x82,
    0xf8, 0x9f, 0xff, 0xff, 0xff, 0xa0, 0x0, 0xcc,
    0xe, 0x70, 0xf8, 0x7b, 0xbe, 0xfc, 0xbb, 0x70,
    0x0, 0xdd, 0x7f, 0xb7, 0xf8, 0x0, 0xb, 0xf2,
    0x1, 0x0, 0x0, 0xef, 0xff, 0xff, 0xf8, 0x0,
    0xb, 0xf2, 0xbe, 0x0, 0x0, 0xf9, 0xe, 0x70,
    0xf8, 0x0, 0xb, 0xf2, 0x6f, 0x60, 0x2, 0xf7,
    0xe, 0x70, 0xf8, 0x1, 0x3c, 0xfa, 0xbf, 0xd0,
    0x6, 0xf3, 0xe, 0x70, 0xfb, 0xff, 0xff, 0xff,
    0xff, 0xf2, 0xc, 0xf0, 0xe, 0x88, 0xf8, 0xfd,
    0xb9, 0x64, 0x15, 0xf7, 0x9, 0xa0, 0x3, 0x1e,
    0xd2, 0x0, 0x0, 0x0, 0x1, 0xc3, 0x0, 0x0,
    0x0, 0x0, 0x0, 0x0, 0x0, 0x0, 0x0, 0x0,

    /* U+8BA1 "计" */
    0x0, 0x2, 0x0, 0x0, 0x0, 0x0, 0x89, 0x10,
    0x0, 0x0, 0x0, 0x2e, 0xb0, 0x0, 0x0, 0x0,
    0xdf, 0x20, 0x0, 0x0, 0x0, 0xa, 0xfc, 0x10,
    0x0, 0x0, 0xdf, 0x20, 0x0, 0x0, 0x0, 0x0,
    0x9f, 0xa0, 0x0, 0x0, 0xdf, 0x20, 0x0, 0x0,
    0x0, 0x0, 0x9, 0x30, 0x0, 0x0, 0xdf, 0x20,
    0x0, 0x0, 0x0, 0x0, 0x0, 0x0, 0x0, 0x0,
    0xdf, 0x20, 0x0, 0x0, 0x17, 0x77, 0x86, 0x2,
    0x33, 0x33, 0xef, 0x43, 0x33, 0x30, 0x2f, 0xff,
    0xfd, 0xd, 0xff, 0xff, 0xff, 0xff, 0xff, 0xf0,
    0x17, 0x77, 0xfd, 0xa, 0xcc, 0xcc, 0xff, 0xdc,
    0xcc, 0xc0, 0x0, 0x1, 0xfd, 0x0, 0x0, 0x0,
    0xdf, 0x20, 0x0, 0x0, 0x0, 0x1, 0xfd, 0x0,
    0x0, 0x0, 0xdf, 0x20, 0x0, 0x0, 0x0, 0x1,
    0xfd, 0x0, 0x0, 0x0, 0xdf, 0x20, 0x0, 0x0,
    0x0, 0x1, 0xfd, 0x0, 0x0, 0x0, 0xdf, 0x20,
    0x0, 0x0, 0x0, 0x1, 0xfd, 0x6, 0x0, 0x0,
    0xdf, 0x20, 0x0, 0x0, 0x0, 0x1, 0xfe, 0xbf,
    0x50, 0x0, 0xdf, 0x20, 0x0, 0x0, 0x0, 0x2,
    0xff, 0xfb, 0x10, 0x0, 0xdf, 0x20, 0x0, 0x0,
    0x0, 0xa, 0xff, 0x70, 0x0, 0x0, 0xdf, 0x20,
    0x0, 0x0, 0x0, 0xc, 0xe4, 0x0, 0x0, 0x0,
    0xdf, 0x20, 0x0, 0x0, 0x0, 0x3, 0x20, 0x0,
    0x0, 0x0, 0xdf, 0x20, 0x0, 0x0,

    /* U+8BA4 "认" */
    0x0, 0x5, 0x30, 0x0, 0x0, 0x0, 0xbf, 0x20,
    0x0, 0x0, 0x0, 0x2f, 0xf4, 0x0, 0x0, 0x0,
    0xcf, 0x20, 0x0, 0x0, 0x0, 0x5, 0xff, 0x50,
    0x0, 0x0, 0xcf, 0x20, 0x0, 0x0, 0x0, 0x0,
    0x4f, 0xb0, 0x0, 0x0, 0xcf, 0x20, 0x0, 0x0,
    0x0, 0x0, 0x4, 0x0, 0x0, 0x0, 0xcf, 0x10,
    0x0, 0x0, 0x0, 0x0, 0x0, 0x0, 0x0, 0x0,
    0xdf, 0x0, 0x0, 0x0, 0x1c, 0xcc, 0xcb, 0x0,
    0x0, 0x0, 0xef, 0x10, 0x0, 0x0, 0x2f, 0xff,
    0xfe, 0x0, 0x0, 0x0, 0xff, 0x30, 0x0, 0x0,
    0x0, 0x0, 0xee, 0x0, 0x0, 0x1, 0xff, 0x60,
    0x0, 0x0, 0x0, 0x0, 0xee, 0x0, 0x0, 0x4,
    0xff, 0xa0, 0x0, 0x0, 0x0, 0x0, 0xee, 0x0,
    0x0, 0x8, 0xff, 0xe0, 0x0, 0x0, 0x0, 0x0,
    0xee, 0x0, 0x0, 0xc, 0xfb, 0xf4, 0x0, 0x0,
    0x0, 0x0, 0xee, 0x0, 0x0, 0x2f, 0xe2, 0xfb,
    0x0, 0x0, 0x0, 0x0, 0xee, 0x2d, 0x50, 0x9f,
    0x80, 0xcf, 0x30, 0x0, 0x0, 0x0, 0xef, 0xff,
    0x52, 0xff, 0x10, 0x5f, 0xc0, 0x0, 0x0, 0x2,
    0xff, 0xd3, 0xd, 0xf8, 0x0, 0xb, 0xf9, 0x0,
    0x0, 0xc, 0xfa, 0x1, 0xcf, 0xc0, 0x0, 0x2,
    0xef, 0x90, 0x0, 0x5, 0x70, 0x4, 0xfd, 0x10,
    0x0, 0x0, 0x3f, 0xe2, 0x0, 0x0, 0x0, 0x0,
    0x41, 0x0, 0x0, 0x0, 0x2, 0x20,

    /* U+8BAF "讯" */
    0x0, 0x12, 0x0, 0x0, 0x0, 0x0, 0x0, 0x0,
    0x0, 0x0, 0x0, 0xde, 0x20, 0x4d, 0xdd, 0xdd,
    0xdd, 0xdf, 0xb0, 0x0, 0x0, 0x5f, 0xe1, 0x4e,
    0xef, 0xff, 0xee, 0xff, 0xc0, 0x0, 0x0, 0x6,
    0xfa, 0x0, 0xa, 0xf2, 0x0, 0x1f, 0xc0, 0x0,
    0x0, 0x0, 0x71, 0x0, 0xa, 0xf2, 0x0, 0x1f,
    0xc0, 0x0, 0x0, 0x0, 0x0, 0x0, 0xa, 0xf2,
    0x0, 0x1f, 0xc0, 0x0, 0x4a, 0xab, 0xb0, 0x0,
    0xa, 0xf2, 0x0, 0x1f, 0xc0, 0x0, 0x7f, 0xff,
    0xf0, 0x0, 0xa, 0xf2, 0x0, 0x1f, 0xc0, 0x0,
    0x12, 0x2d, 0xf0, 0x5b, 0xbe, 0xfc, 0xbb, 0xf,
    0xc0, 0x0, 0x0, 0xd, 0xf0, 0x7f, 0xff, 0xff,
    0xff, 0xf, 0xc0, 0x0, 0x0, 0xd, 0xf0, 0x0,
    0xa, 0xf3, 0x0, 0xf, 0xd0, 0x0, 0x0, 0xd,
    0xf0, 0x0, 0xa, 0xf2, 0x0, 0xf, 0xd0, 0x0,
    0x0, 0xd, 0xf0, 0x0, 0xa, 0xf2, 0x0, 0xe,
    0xe0, 0x0, 0x0, 0xd, 0xf3, 0xd0, 0xa, 0xf2,
    0x0, 0xd, 0xf0, 0x0, 0x0, 0xd, 0xff, 0xf3,
    0xa, 0xf2, 0x0, 0xc, 0xf0, 0x50, 0x0, 0xe,
    0xff, 0x50, 0xa, 0xf2, 0x0, 0x9, 0xf3, 0xd3,
    0x0, 0x6f, 0xf4, 0x0, 0xa, 0xf2, 0x0, 0x6,
    0xf7, 0xf3, 0x0, 0x7f, 0x30, 0x0, 0xa, 0xf2,
    0x0, 0x1, 0xff, 0xf0, 0x0, 0x4, 0x0, 0x0,
    0xa, 0xf2, 0x0, 0x0, 0x7f, 0x80, 0x0, 0x0,
    0x0, 0x0, 0x0, 0x0, 0x0, 0x0, 0x0, 0x0,

    /* U+8BB0 "记" */
    0x0, 0x7, 0x10, 0x0, 0x0, 0x0, 0x0, 0x0,
    0x0, 0x0, 0x0, 0x6f, 0xd1, 0x0, 0x5b, 0xbb,
    0xbb, 0xbb, 0xbb, 0x0, 0x0, 0xa, 0xfe, 0x20,
    0x7f, 0xff, 0xff, 0xff, 0xff, 0x0, 0x0, 0x0,
    0xaf, 0xb0, 0x12, 0x22, 0x22, 0x22, 0xef, 0x0,
    0x0, 0x0, 0x9, 0x10, 0x0, 0x0, 0x0, 0x0,
    0xef, 0x0, 0x0, 0x0, 0x0, 0x0, 0x0, 0x0,
    0x0, 0x0, 0xef, 0x0, 0x1b, 0xbb, 0xc9, 0x0,
    0x0, 0x0, 0x0, 0x0, 0xef, 0x0, 0x2f, 0xff,
    0xfc, 0x0, 0x0, 0x0, 0x0, 0x0, 0xef, 0x0,
    0x2, 0x23, 0xfc, 0x0, 0x1f, 0xff, 0xff, 0xff,
    0xff, 0x0, 0x0, 0x1, 0xfc, 0x0, 0x1f, 0xfc,
    0xcc, 0xcc, 0xff, 0x0, 0x0, 0x1, 0xfc, 0x0,
    0x1f, 0xe0, 0x0, 0x0, 0xbc, 0x0, 0x0, 0x1,
    0xfc, 0x0, 0x1f, 0xe0, 0x0, 0x0, 0x0, 0x0,
    0x0, 0x1, 0xfc, 0x0, 0x1f, 0xe0, 0x0, 0x0,
    0x0, 0x0, 0x0, 0x1, 0xfc, 0x1, 0x1f, 0xe0,
    0x0, 0x0, 0x2, 0x0, 0x0, 0x1, 0xfc, 0x5e,
    0x1f, 0xe0, 0x0, 0x0, 0x8, 0xd2, 0x0, 0x1,
    0xff, 0xff, 0x4f, 0xe0, 0x0, 0x0, 0xa, 0xf3,
    0x0, 0x4, 0xff, 0xd3, 0xf, 0xf0, 0x0, 0x0,
    0xd, 0xf0, 0x0, 0xd, 0xfa, 0x0, 0xe, 0xfe,
    0xdd, 0xdd, 0xef, 0xc0, 0x0, 0x5, 0x70, 0x0,
    0x4, 0xdf, 0xff, 0xff, 0xfc, 0x20,

    /* U+8BBE "设" */
    0x0, 0x2, 0x0, 0x0, 0x0, 0x10, 0x0, 0x10,
    0x0, 0x0, 0x0, 0xaf, 0x50, 0x0, 0x9, 0xff,
    0xff, 0xfe, 0x0, 0x0, 0x0, 0x2e, 0xf6, 0x0,
    0x9, 0xfc, 0xbb, 0xfe, 0x0, 0x0, 0x0, 0x2,
    0xef, 0x20, 0x9, 0xf2, 0x0, 0xee, 0x0, 0x0,
    0x0, 0x0, 0x26, 0x0, 0xd, 0xf0, 0x0, 0xee,
    0x0, 0x0, 0x0, 0x0, 0x0, 0x0, 0x5f, 0xc0,
    0x0, 0xdf, 0x0, 0x0, 0x4b, 0xbc, 0xb0, 0x7,
    0xff, 0x40, 0x0, 0xbf, 0xff, 0xc0, 0x6f, 0xff,
    0xf0, 0x3f, 0xf5, 0x0, 0x0, 0x29, 0xaa, 0x80,
    0x2, 0x2d, 0xf0, 0x4, 0x30, 0x0, 0x0, 0x0,
    0x10, 0x0, 0x0, 0xc, 0xf0, 0x9, 0xff, 0xff,
    0xff, 0xff, 0xfa, 0x0, 0x0, 0xc, 0xf0, 0x6,
    0xef, 0xbb, 0xbb, 0xbe, 0xf8, 0x0, 0x0, 0xc,
    0xf0, 0x0, 0x9f, 0x50, 0x0, 0xd, 0xf1, 0x0,
    0x0, 0xc, 0xf0, 0x0, 0x1e, 0xe1, 0x0, 0x9f,
    0x80, 0x0, 0x0, 0xc, 0xf0, 0x83, 0x5, 0xfd,
    0x17, 0xfd, 0x0, 0x0, 0x0, 0xc, 0xfc, 0xf8,
    0x0, 0x8f, 0xff, 0xe2, 0x0, 0x0, 0x0, 0xe,
    0xff, 0x90, 0x0, 0x5f, 0xff, 0xa1, 0x0, 0x0,
    0x0, 0x7f, 0xf6, 0x2, 0x7d, 0xff, 0xae, 0xff,
    0xa4, 0x0, 0x0, 0x4e, 0x30, 0x5f, 0xff, 0xa2,
    0x1, 0x8f, 0xff, 0xc0, 0x0, 0x2, 0x0, 0x9,
    0x61, 0x0, 0x0, 0x0, 0x5a, 0x20,

    /* U+8BC1 "证" */
    0x0, 0x30, 0x0, 0x0, 0x0, 0x0, 0x0, 0x0,
    0x0, 0x0, 0x9f, 0x70, 0x0, 0x77, 0x77, 0x77,
    0x77, 0x77, 0x71, 0x2, 0xdf, 0x80, 0x1f, 0xff,
    0xff, 0xff, 0xff, 0xff, 0x20, 0x1, 0xdf, 0x40,
    0x44, 0x44, 0x4e, 0xf5, 0x44, 0x40, 0x0, 0x2,
    0x70, 0x0, 0x0, 0x0, 0xdf, 0x10, 0x0, 0x0,
    0x0, 0x0, 0x0, 0x0, 0x0, 0xd, 0xf1, 0x0,
    0x0, 0x9b, 0xbc, 0x60, 0x0, 0x54, 0x0, 0xdf,
    0x10, 0x0, 0xe, 0xff, 0xf9, 0x0, 0x1f, 0xc0,
    0xd, 0xf1, 0x0, 0x0, 0x22, 0x6f, 0x90, 0x1,
    0xfc, 0x0, 0xdf, 0xcc, 0xc9, 0x0, 0x4, 0xf9,
    0x0, 0x1f, 0xc0, 0xd, 0xff, 0xff, 0xb0, 0x0,
    0x4f, 0x90, 0x1, 0xfc, 0x0, 0xdf, 0x10, 0x0,
    0x0, 0x4, 0xf9, 0x0, 0x1f, 0xc0, 0xd, 0xf1,
    0x0, 0x0, 0x0, 0x4f, 0x90, 0x11, 0xfc, 0x0,
    0xdf, 0x10, 0x0, 0x0, 0x4, 0xf9, 0x8c, 0x1f,
    0xc0, 0xd, 0xf1, 0x0, 0x0, 0x0, 0x4f, 0xff,
    0xd1, 0xfc, 0x0, 0xdf, 0x10, 0x0, 0x0, 0x7,
    0xff, 0xb0, 0x1f, 0xc0, 0xd, 0xf1, 0x0, 0x0,
    0x2, 0xef, 0x80, 0xae, 0xff, 0xee, 0xff, 0xee,
    0xee, 0x70, 0xc, 0x60, 0x9, 0xdd, 0xdd, 0xdd,
    0xdd, 0xdd, 0xd7, 0x0, 0x0, 0x0, 0x0, 0x0,
    0x0, 0x0, 0x0, 0x0, 0x0,

    /* U+8BD1 "译" */
    0x0, 0x40, 0x0, 0x0, 0x0, 0x0, 0x0, 0x0,
    0x0, 0x0, 0xbf, 0x40, 0xb, 0xff, 0xff, 0xff,
    0xff, 0xfd, 0x40, 0x3, 0xfe, 0x10, 0x8b, 0xff,
    0xbb, 0xbb, 0xdf, 0xf1, 0x0, 0x8, 0xf9, 0x0,
    0x9, 0xf7, 0x0, 0x2e, 0xf6, 0x0, 0x0, 0xb,
    0x20, 0x0, 0xc, 0xf8, 0x3e, 0xf8, 0x0, 0x0,
    0x0, 0x0, 0x0, 0x0, 0x1c, 0xff, 0xf8, 0x0,
    0x0, 0xbc, 0xdd, 0x60, 0x0, 0x6, 0xef, 0xff,
    0x92, 0x0, 0xe, 0xff, 0xf8, 0x4, 0x9e, 0xff,
    0x96, 0xef, 0xfd, 0x83, 0x0, 0x6f, 0x85, 0xff,
    0xf9, 0x24, 0x50, 0x6c, 0xff, 0x30, 0x5, 0xf8,
    0x9, 0x50, 0x0, 0xdf, 0x0, 0x2, 0x40, 0x0,
    0x5f, 0x80, 0x6, 0xaa, 0xaf, 0xfa, 0xaa, 0x90,
    0x0, 0x5, 0xf8, 0x0, 0xaf, 0xff, 0xff, 0xff,
    0xff, 0x0, 0x0, 0x5f, 0x80, 0x0, 0x0, 0xd,
    0xf1, 0x0, 0x0, 0x0, 0x5, 0xf8, 0x50, 0x0,
    0x0, 0xdf, 0x10, 0x0, 0x0, 0x0, 0x5f, 0xdf,
    0xff, 0xff, 0xff, 0xff, 0xff, 0xff, 0x40, 0x6,
    0xff, 0xb8, 0xaa, 0xaa, 0xff, 0xaa, 0xaa, 0xa2,
    0x0, 0xdf, 0xa0, 0x0, 0x0, 0xd, 0xf0, 0x0,
    0x0, 0x0, 0x1e, 0x90, 0x0, 0x0, 0x0, 0xdf,
    0x0, 0x0, 0x0, 0x0, 0x30, 0x0, 0x0, 0x0,
    0xd, 0xf0, 0x0, 0x0, 0x0,

    /* U+8BD5 "试" */
    0x0, 0x40, 0x0, 0x0, 0x0, 0x0, 0x4c, 0x63,
    0x50, 0x0, 0x4f, 0xd1, 0x0, 0x0, 0x0, 0x5,
    0xf8, 0xbf, 0x30, 0x0, 0x8f, 0xe2, 0x0, 0x0,
    0x0, 0x5f, 0x81, 0xee, 0x10, 0x0, 0x8f, 0x70,
    0x0, 0x0, 0x4, 0xf9, 0x4, 0x90, 0x0, 0x0,
    0x50, 0xae, 0xee, 0xee, 0xff, 0xfe, 0xee, 0x80,
    0x0, 0x0, 0xa, 0xdd, 0xdd, 0xde, 0xff, 0xdd,
    0xd7, 0x9c, 0xcc, 0x70, 0x0, 0x0, 0x0, 0x2f,
    0xb0, 0x0, 0xc, 0xff, 0xf9, 0x0, 0x0, 0x0,
    0x2, 0xfb, 0x0, 0x0, 0x0, 0x4f, 0x90, 0x9,
    0xaa, 0xaa, 0x4f, 0xd0, 0x0, 0x0, 0x3, 0xf9,
    0x0, 0xff, 0xff, 0xf6, 0xfe, 0x0, 0x0, 0x0,
    0x3f, 0x90, 0x2, 0x3f, 0xb2, 0xe, 0xf0, 0x0,
    0x0, 0x3, 0xf9, 0x0, 0x1, 0xfa, 0x0, 0xcf,
    0x10, 0x0, 0x0, 0x3f, 0x90, 0x0, 0x1f, 0xa0,
    0xa, 0xf3, 0x0, 0x0, 0x3, 0xf9, 0x1, 0x1,
    0xfa, 0x0, 0x8f, 0x60, 0x50, 0x0, 0x3f, 0x97,
    0xf0, 0x1f, 0xc7, 0x95, 0xf9, 0xd, 0x90, 0x3,
    0xff, 0xff, 0x7a, 0xff, 0xfe, 0x1f, 0xd0, 0xf9,
    0x0, 0xbf, 0xfa, 0x4f, 0xff, 0xc7, 0x20, 0xcf,
    0xbf, 0x60, 0xd, 0xe4, 0x0, 0x96, 0x10, 0x0,
    0x5, 0xff, 0xf1, 0x0, 0x41, 0x0, 0x0, 0x0,
    0x0, 0x0, 0x9, 0xf7, 0x0,

    /* U+8BDD "话" */
    0x0, 0x20, 0x0, 0x0, 0x0, 0x0, 0x0, 0x36,
    0xa2, 0x0, 0x2, 0xfc, 0x10, 0x2, 0x46, 0x8a,
    0xdf, 0xff, 0xfc, 0x0, 0x0, 0x8f, 0xd1, 0xb,
    0xff, 0xff, 0xff, 0x85, 0x20, 0x0, 0x0, 0x9,
    0xf9, 0x3, 0x53, 0x20, 0xfe, 0x0, 0x0, 0x0,
    0x0, 0x0, 0x70, 0x0, 0x0, 0x0, 0xfe, 0x0,
    0x0, 0x0, 0x0, 0x0, 0x0, 0x0, 0x0, 0x0,
    0xfe, 0x0, 0x0, 0x0, 0x4a, 0xab, 0xa0, 0xc,
    0xcc, 0xcc, 0xff, 0xcc, 0xcc, 0xc0, 0x6f, 0xff,
    0xf0, 0xf, 0xff, 0xff, 0xff, 0xff, 0xff, 0xf0,
    0x12, 0x2e, 0xf0, 0x0, 0x0, 0x0, 0xfe, 0x0,
    0x0, 0x0, 0x0, 0xd, 0xf0, 0x0, 0x0, 0x0,
    0xfe, 0x0, 0x0, 0x0, 0x0, 0xd, 0xf0, 0x0,
    0x0, 0x0, 0xfe, 0x0, 0x0, 0x0, 0x0, 0xd,
    0xf0, 0x0, 0xde, 0xee, 0xff, 0xee, 0xee, 0x0,
    0x0, 0xd, 0xf0, 0x0, 0xef, 0xcc, 0xcc, 0xcc,
    0xff, 0x0, 0x0, 0xd, 0xf3, 0xe2, 0xef, 0x0,
    0x0, 0x0, 0xff, 0x0, 0x0, 0xd, 0xff, 0xf5,
    0xef, 0x0, 0x0, 0x0, 0xff, 0x0, 0x0, 0xf,
    0xff, 0x40, 0xef, 0x0, 0x0, 0x0, 0xff, 0x0,
    0x0, 0xaf, 0xe3, 0x0, 0xef, 0xcc, 0xcc, 0xcc,
    0xff, 0x0, 0x0, 0x6e, 0x20, 0x0, 0xef, 0xff,
    0xff, 0xff, 0xff, 0x0, 0x0, 0x1, 0x0, 0x0,
    0xef, 0x0, 0x0, 0x0, 0xff, 0x0, 0x0, 0x0,
    0x0, 0x0, 0x11, 0x0, 0x0, 0x0, 0x0, 0x0,

    /* U+8BE5 "该" */
    0x0, 0x0, 0x0, 0x0, 0x0, 0x0, 0x1, 0x0,
    0x0, 0x0, 0x0, 0x3b, 0x10, 0x0, 0x0, 0x1,
    0xee, 0x0, 0x0, 0x0, 0x0, 0x8f, 0xb0, 0x0,
    0x0, 0x0, 0xbf, 0x60, 0x0, 0x0, 0x0, 0xb,
    0xf8, 0x8, 0xaa, 0xaa, 0xdf, 0xea, 0xaa, 0xa0,
    0x0, 0x1, 0xee, 0x1c, 0xff, 0xff, 0xff, 0xff,
    0xff, 0xf0, 0x0, 0x0, 0x42, 0x0, 0x11, 0x2e,
    0xf3, 0x11, 0x11, 0x0, 0x0, 0x0, 0x0, 0x0,
    0x0, 0xbf, 0x70, 0x2, 0x20, 0x0, 0x1c, 0xcc,
    0xd9, 0x0, 0x7, 0xfb, 0x0, 0xd, 0xf4, 0x0,
    0x2f, 0xff, 0xfb, 0x2, 0xaf, 0xf9, 0x89, 0xcf,
    0xa0, 0x0, 0x0, 0x2, 0xfb, 0x1, 0xff, 0xff,
    0xff, 0xfd, 0x0, 0x0, 0x0, 0x1, 0xfb, 0x0,
    0x65, 0x32, 0x9f, 0xe2, 0x17, 0x10, 0x0, 0x1,
    0xfb, 0x0, 0x0, 0x1b, 0xfd, 0x20, 0xbf, 0xa0,
    0x0, 0x1, 0xfb, 0x0, 0x6, 0xef, 0xb1, 0x9,
    0xfe, 0x10, 0x0, 0x1, 0xfb, 0x5, 0xdf, 0xf7,
    0x0, 0x9f, 0xe2, 0x0, 0x0, 0x1, 0xfb, 0x5,
    0xfa, 0x20, 0x1b, 0xfe, 0x30, 0x0, 0x0, 0x1,
    0xfd, 0xcc, 0x0, 0x4, 0xef, 0xfc, 0x10, 0x0,
    0x0, 0x2, 0xff, 0xf8, 0x3, 0xbf, 0xfa, 0x9f,
    0xe3, 0x0, 0x0, 0xa, 0xfe, 0x55, 0xbf, 0xfd,
    0x40, 0x7, 0xff, 0x50, 0x0, 0xb, 0xc2, 0x3f,
    0xfd, 0x60, 0x0, 0x0, 0x5f, 0x90, 0x0, 0x1,
    0x0, 0x6, 0x40, 0x0, 0x0, 0x0, 0x2, 0x0,

    /* U+8BE6 "详" */
    0x0, 0x1, 0x0, 0x0, 0x3, 0x50, 0x0, 0x0,
    0x94, 0x0, 0x9, 0xe3, 0x0, 0x0, 0xdf, 0x20,
    0x0, 0x5f, 0xb0, 0x0, 0x6f, 0xf4, 0x0, 0x5,
    0xfb, 0x0, 0xc, 0xf3, 0x0, 0x0, 0x5f, 0xf1,
    0x0, 0xd, 0xc0, 0x4, 0xfb, 0x0, 0x0, 0x0,
    0x59, 0x3, 0xee, 0xfe, 0xee, 0xff, 0xfe, 0x70,
    0x0, 0x0, 0x0, 0x3d, 0xdd, 0xdf, 0xfe, 0xdd,
    0xd7, 0x27, 0x77, 0x83, 0x0, 0x0, 0x0, 0xbf,
    0x30, 0x0, 0x4, 0xff, 0xff, 0x70, 0x0, 0x0,
    0xb, 0xf3, 0x0, 0x0, 0x3, 0x37, 0xf7, 0x0,
    0x9f, 0xff, 0xff, 0xff, 0xfe, 0x0, 0x0, 0x5f,
    0x70, 0x7, 0xcc, 0xcf, 0xfd, 0xcc, 0xb0, 0x0,
    0x5, 0xf7, 0x0, 0x0, 0x0, 0xbf, 0x30, 0x0,
    0x0, 0x0, 0x5f, 0x70, 0x0, 0x0, 0xb, 0xf3,
    0x0, 0x0, 0x0, 0x5, 0xf7, 0x8, 0xcc, 0xcc,
    0xff, 0xdc, 0xcc, 0xb0, 0x0, 0x5f, 0x74, 0xdf,
    0xff, 0xff, 0xff, 0xff, 0xfe, 0x0, 0x5, 0xfc,
    0xf7, 0x0, 0x0, 0xbf, 0x30, 0x0, 0x0, 0x0,
    0x6f, 0xfd, 0x20, 0x0, 0xb, 0xf3, 0x0, 0x0,
    0x0, 0xb, 0xfc, 0x10, 0x0, 0x0, 0xbf, 0x30,
    0x0, 0x0, 0x1, 0xfb, 0x0, 0x0, 0x0, 0xb,
    0xf3, 0x0, 0x0, 0x0, 0x5, 0x0, 0x0, 0x0,
    0x0, 0xbf, 0x30, 0x0, 0x0,

    /* U+8BEF "误" */
    0x0, 0x21, 0x0, 0x0, 0x0, 0x0, 0x0, 0x0,
    0x0, 0x0, 0x1, 0xee, 0x20, 0x0, 0x9f, 0xff,
    0xff, 0xff, 0xff, 0x0, 0x0, 0x7f, 0xf3, 0x0,
    0x9f, 0xba, 0xaa, 0xaa, 0xff, 0x0, 0x0, 0x7,
    0xfd, 0x0, 0x9f, 0x20, 0x0, 0x0, 0xdf, 0x0,
    0x0, 0x0, 0x83, 0x0, 0x9f, 0x20, 0x0, 0x0,
    0xdf, 0x0, 0x0, 0x0, 0x0, 0x0, 0x9f, 0xff,
    0xff, 0xff, 0xff, 0x0, 0x5c, 0xcc, 0xc1, 0x0,
    0x59, 0x99, 0x99, 0x99, 0x99, 0x0, 0x7f, 0xff,
    0xf2, 0x0, 0x0, 0x0, 0x0, 0x0, 0x0, 0x0,
    0x0, 0xb, 0xf2, 0x1, 0xcc, 0xcc, 0xcc, 0xcc,
    0xcc, 0x70, 0x0, 0xb, 0xf2, 0x1, 0xee, 0xee,
    0xff, 0xee, 0xee, 0x70, 0x0, 0xb, 0xf2, 0x0,
    0x0, 0x0, 0xdf, 0x0, 0x0, 0x0, 0x0, 0xb,
    0xf2, 0x0, 0x0, 0x0, 0xfd, 0x0, 0x0, 0x0,
    0x0, 0xb, 0xf2, 0xf, 0xff, 0xff, 0xff, 0xff,
    0xff, 0xf1, 0x0, 0xb, 0xf2, 0x9, 0xaa, 0xad,
    0xff, 0xca, 0xaa, 0xa0, 0x0, 0xb, 0xf5, 0xd4,
    0x0, 0xe, 0xff, 0xd0, 0x0, 0x0, 0x0, 0xc,
    0xff, 0xf6, 0x0, 0xbf, 0xa6, 0xfb, 0x0, 0x0,
    0x0, 0x4f, 0xfd, 0x20, 0x5d, 0xfd, 0x10, 0xaf,
    0xd5, 0x0, 0x0, 0x1f, 0x80, 0x2e, 0xff, 0xa1,
    0x0, 0x8, 0xff, 0xd0, 0x0, 0x2, 0x0, 0x7,
    0xa3, 0x0, 0x0, 0x0, 0x2a, 0x60,

    /* U+8BF7 "请" */
    0x0, 0x4, 0x0, 0x0, 0x0, 0x0, 0xae, 0x10,
    0x0, 0x0, 0x0, 0x9f, 0x70, 0x2, 0x66, 0x66,
    0xef, 0x76, 0x66, 0x40, 0x0, 0x1d, 0xf8, 0x4,
    0xff, 0xff, 0xff, 0xff, 0xff, 0xb0, 0x0, 0x1,
    0xdf, 0x20, 0x0, 0x0, 0xcf, 0x10, 0x0, 0x0,
    0x0, 0x0, 0x26, 0x0, 0xbf, 0xff, 0xff, 0xff,
    0xff, 0x20, 0x0, 0x0, 0x0, 0x0, 0x45, 0x55,
    0xdf, 0x65, 0x55, 0x0, 0xa, 0xaa, 0xb5, 0x6,
    0x77, 0x77, 0xef, 0x87, 0x77, 0x72, 0xf, 0xff,
    0xf9, 0xd, 0xff, 0xff, 0xff, 0xff, 0xff, 0xf5,
    0x2, 0x26, 0xf9, 0x0, 0x1, 0x11, 0x11, 0x11,
    0x11, 0x0, 0x0, 0x4, 0xf9, 0x0, 0x6f, 0xff,
    0xff, 0xff, 0xff, 0x0, 0x0, 0x4, 0xf9, 0x0,
    0x6f, 0x95, 0x55, 0x55, 0xef, 0x0, 0x0, 0x4,
    0xf9, 0x0, 0x6f, 0x95, 0x55, 0x55, 0xef, 0x0,
    0x0, 0x4, 0xf9, 0x0, 0x6f, 0xff, 0xff, 0xff,
    0xff, 0x0, 0x0, 0x4, 0xf9, 0x25, 0x6f, 0x60,
    0x0, 0x0, 0xdf, 0x0, 0x0, 0x4, 0xfc, 0xfc,
    0x6f, 0xa7, 0x77, 0x77, 0xef, 0x0, 0x0, 0x4,
    0xff, 0xf5, 0x6f, 0xfe, 0xee, 0xee, 0xff, 0x0,
    0x0, 0xb, 0xfe, 0x30, 0x6f, 0x60, 0x0, 0x0,
    0xdf, 0x0, 0x0, 0xe, 0xd1, 0x0, 0x6f, 0x60,
    0x3, 0xaa, 0xff, 0x0, 0x0, 0x4, 0x10, 0x0,
    0x6f, 0x60, 0x0, 0xfe, 0xd6, 0x0,

    /* U+8BFB "读" */
    0x0, 0x2, 0x0, 0x0, 0x0, 0x0, 0xba, 0x0,
    0x0, 0x0, 0x0, 0x9f, 0x60, 0x0, 0x0, 0x0,
    0xfe, 0x0, 0x0, 0x0, 0x0, 0x2e, 0xf8, 0x0,
    0xff, 0xff, 0xff, 0xff, 0xff, 0x0, 0x0, 0x1,
    0xdf, 0x40, 0x88, 0x88, 0xff, 0x88, 0x88, 0x0,
    0x0, 0x0, 0x17, 0x0, 0x0, 0x0, 0xfe, 0x0,
    0x1, 0x0, 0x0, 0x0, 0x0, 0xb, 0xff, 0xff,
    0xff, 0xff, 0xff, 0xd0, 0xc, 0xcd, 0xd5, 0x7,
    0x99, 0x99, 0x99, 0x99, 0xbf, 0x90, 0x1f, 0xff,
    0xf6, 0x0, 0x8, 0x40, 0x39, 0x30, 0x8f, 0x40,
    0x0, 0x6, 0xf6, 0x0, 0x19, 0xfb, 0x8f, 0x60,
    0xcd, 0x0, 0x0, 0x5, 0xf6, 0x6, 0xe5, 0x3c,
    0x9f, 0x60, 0x1, 0x0, 0x0, 0x5, 0xf6, 0x1,
    0xaf, 0x90, 0x7f, 0x50, 0x0, 0x0, 0x0, 0x5,
    0xf6, 0x0, 0x7, 0xb0, 0x9f, 0x40, 0x0, 0x0,
    0x0, 0x5, 0xf6, 0xf, 0xff, 0xff, 0xff, 0xff,
    0xff, 0xf2, 0x0, 0x5, 0xf6, 0x49, 0x99, 0x9c,
    0xfd, 0x99, 0x99, 0x91, 0x0, 0x5, 0xfc, 0xf5,
    0x0, 0x1d, 0xf4, 0x96, 0x0, 0x0, 0x0, 0x6,
    0xff, 0xc1, 0x1, 0xcf, 0x91, 0xcf, 0xb1, 0x0,
    0x0, 0xb, 0xfa, 0x0, 0x5e, 0xfa, 0x0, 0x9,
    0xfe, 0x40, 0x0, 0x1e, 0xa0, 0x1d, 0xff, 0x70,
    0x0, 0x0, 0x5f, 0xf3, 0x0, 0x3, 0x0, 0x9,
    0x91, 0x0, 0x0, 0x0, 0x4, 0x80,

    /* U+8D1F "负" */
    0x0, 0x0, 0x4, 0xc7, 0x0, 0x0, 0x0, 0x0,
    0x0, 0x0, 0x0, 0xd, 0xf6, 0x0, 0x0, 0x0,
    0x0, 0x0, 0x0, 0x0, 0x8f, 0xff, 0xff, 0xff,
    0xd3, 0x0, 0x0, 0x0, 0x4, 0xff, 0x88, 0x88,
    0xaf, 0xf2, 0x0, 0x0, 0x0, 0x3f, 0xf5, 0x0,
    0x0, 0xbf, 0x70, 0x0, 0x0, 0x4, 0xff, 0x70,
    0x0, 0x6, 0xfc, 0x0, 0x0, 0x0, 0x7f, 0xff,
    0xff, 0xff, 0xff, 0xff, 0xff, 0xfe, 0x0, 0x4f,
    0x7f, 0xe9, 0x99, 0x99, 0x99, 0x9a, 0xfe, 0x0,
    0x0, 0x1f, 0xd0, 0x0, 0x0, 0x0, 0x1, 0xfe,
    0x0, 0x0, 0x1f, 0xd0, 0x0, 0x9f, 0x30, 0x1,
    0xfe, 0x0, 0x0, 0x1f, 0xd0, 0x0, 0xbf, 0x10,
    0x1, 0xfe, 0x0, 0x0, 0x1f, 0xd0, 0x0, 0xdf,
    0x0, 0x1, 0xfe, 0x0, 0x0, 0x1f, 0xd0, 0x1,
    0xfc, 0x0, 0x1, 0xfe, 0x0, 0x0, 0x1f, 0xd0,
    0x7, 0xf7, 0x0, 0x1, 0xfe, 0x0, 0x0, 0xa,
    0x80, 0x3f, 0xe1, 0xa6, 0x0, 0xa9, 0x0, 0x0,
    0x0, 0x6, 0xff, 0x54, 0xdf, 0xf9, 0x20, 0x0,
    0x1, 0x48, 0xef, 0xf5, 0x0, 0x5, 0xcf, 0xfa,
    0x30, 0x7f, 0xff, 0xe8, 0x10, 0x0, 0x0, 0x4,
    0xcf, 0xf7, 0x1a, 0x73, 0x0, 0x0, 0x0, 0x0,
    0x0, 0x4, 0x90,

    /* U+8D25 "败" */
    0x0, 0x0, 0x0, 0x0, 0x0, 0x0, 0x96, 0x0,
    0x0, 0x0, 0x6, 0xff, 0xff, 0xff, 0xe0, 0x1,
    0xfb, 0x0, 0x0, 0x0, 0x7, 0xfc, 0xcc, 0xce,
    0xf0, 0x5, 0xf7, 0x0, 0x0, 0x0, 0x7, 0xf1,
    0x23, 0xa, 0xf0, 0xa, 0xfa, 0x99, 0x99, 0x70,
    0x7, 0xf1, 0x9f, 0x1a, 0xf0, 0xf, 0xff, 0xff,
    0xff, 0xd0, 0x7, 0xf1, 0x9f, 0x1a, 0xf0, 0x6f,
    0x82, 0x23, 0xf9, 0x10, 0x7, 0xf1, 0x9f, 0x1a,
    0xf0, 0xdf, 0x10, 0x3, 0xf6, 0x0, 0x7, 0xf1,
    0x9f, 0x1a, 0xf7, 0xff, 0x20, 0x6, 0xf3, 0x0,
    0x7, 0xf1, 0x9f, 0x1a, 0xfa, 0xff, 0x70, 0x9,
    0xf0, 0x0, 0x7, 0xf1, 0x9f, 0xa, 0xf1, 0x5d,
    0xd0, 0xd, 0xc0, 0x0, 0x7, 0xf1, 0xaf, 0xa,
    0xf0, 0x7, 0xf3, 0x2f, 0x80, 0x0, 0x7, 0xf1,
    0xbe, 0xa, 0xf0, 0x1, 0xfb, 0x8f, 0x30, 0x0,
    0x7, 0xf1, 0xec, 0xa, 0xf0, 0x0, 0x9f, 0xfc,
    0x0, 0x0, 0x2, 0x43, 0xf8, 0x12, 0x30, 0x0,
    0x1f, 0xf5, 0x0, 0x0, 0x0, 0x9, 0xf5, 0xe8,
    0x0, 0x0, 0x4f, 0xfc, 0x0, 0x0, 0x0, 0x3f,
    0xb0, 0xaf, 0x40, 0x3, 0xff, 0xbf, 0xb0, 0x0,
    0x3, 0xef, 0x20, 0x1e, 0xe0, 0x6f, 0xf4, 0xb,
    0xfd, 0x30, 0x2f, 0xf3, 0x0, 0x5, 0xc5, 0xfe,
    0x40, 0x0, 0x9f, 0xd0, 0x5, 0x20, 0x0, 0x0,
    0x0, 0x51, 0x0, 0x0, 0x4, 0x20,

    /* U+8D26 "账" */
    0x0, 0x0, 0x0, 0x0, 0x0, 0x34, 0x0, 0x0,
    0x0, 0x0, 0x6, 0xff, 0xff, 0xff, 0x10, 0xde,
    0x0, 0x0, 0x9c, 0x30, 0x6, 0xf8, 0x88, 0xbf,
    0x10, 0xde, 0x0, 0x3, 0xfe, 0x0, 0x6, 0xf0,
    0x42, 0x5f, 0x10, 0xde, 0x0, 0x1d, 0xf4, 0x0,
    0x6, 0xf0, 0xe8, 0x5f, 0x10, 0xde, 0x0, 0xcf,
    0x90, 0x0, 0x6, 0xf0, 0xe8, 0x5f, 0x10, 0xde,
    0x1c, 0xfc, 0x0, 0x0, 0x6, 0xf0, 0xe8, 0x5f,
    0x10, 0xde, 0x2e, 0xc1, 0x0, 0x0, 0x6, 0xf0,
    0xe8, 0x5f, 0x10, 0xde, 0x3, 0x10, 0x0, 0x0,
    0x6, 0xf0, 0xe8, 0x5f, 0x8f, 0xff, 0xff, 0xff,
    0xff, 0xf0, 0x6, 0xf0, 0xe8, 0x5f, 0x6b, 0xff,
    0xbe, 0xfc, 0xbb, 0xb0, 0x6, 0xf0, 0xf8, 0x5f,
    0x10, 0xde, 0x6, 0xf5, 0x0, 0x0, 0x6, 0xf0,
    0xf6, 0x5f, 0x10, 0xde, 0x1, 0xfb, 0x0, 0x0,
    0x6, 0xf2, 0xf4, 0x5f, 0x10, 0xde, 0x0, 0xbf,
    0x10, 0x0, 0x2, 0x76, 0xf2, 0x36, 0x0, 0xde,
    0x0, 0x5f, 0x90, 0x0, 0x0, 0xc, 0xdd, 0xb0,
    0x0, 0xde, 0x0, 0xd, 0xf3, 0x0, 0x0, 0x4f,
    0x55, 0xf7, 0x0, 0xde, 0x39, 0x94, 0xfe, 0x10,
    0x3, 0xec, 0x0, 0xaf, 0x30, 0xef, 0xff, 0xa0,
    0x9f, 0xe2, 0x1f, 0xd1, 0x0, 0x1c, 0x28, 0xff,
    0x93, 0x0, 0xa, 0xb0, 0x3, 0x0, 0x0, 0x0,
    0x2, 0x70, 0x0, 0x0, 0x0, 0x0,

    /* U+8D85 "超" */
    0x0, 0x0, 0x9e, 0x10, 0x0, 0x11, 0x11, 0x11,
    0x12, 0x0, 0x0, 0x0, 0xaf, 0x10, 0x4, 0xff,
    0xff, 0xff, 0xff, 0x80, 0x7, 0xaa, 0xef, 0xaa,
    0xa3, 0x88, 0xef, 0x88, 0xaf, 0x70, 0xb, 0xff,
    0xff, 0xff, 0xf2, 0x0, 0xfd, 0x0, 0x6f, 0x60,
    0x0, 0x0, 0xaf, 0x10, 0x0, 0x5, 0xf8, 0x0,
    0x7f, 0x50, 0x0, 0x0, 0xaf, 0x10, 0x0, 0x1d,
    0xf1, 0x0, 0xaf, 0x30, 0x1c, 0xcc, 0xef, 0xcc,
    0xc8, 0xcf, 0x70, 0xdd, 0xff, 0x0, 0x2e, 0xee,
    0xef, 0xfe, 0xed, 0xf8, 0x0, 0x8b, 0xa3, 0x0,
    0x0, 0x0, 0x3f, 0x50, 0x0, 0x66, 0x66, 0x66,
    0x66, 0x0, 0x4, 0xd4, 0x3f, 0x50, 0x0, 0xbf,
    0xff, 0xff, 0xff, 0x10, 0x5, 0xf5, 0x3f, 0xca,
    0xa4, 0xbf, 0x21, 0x11, 0xdf, 0x10, 0x5, 0xf4,
    0x3f, 0xff, 0xf6, 0xbf, 0x10, 0x0, 0xcf, 0x10,
    0x6, 0xf6, 0x3f, 0x60, 0x0, 0xbf, 0x10, 0x0,
    0xcf, 0x10, 0x7, 0xfb, 0x3f, 0x50, 0x0, 0xbf,
    0x99, 0x99, 0xef, 0x10, 0x9, 0xff, 0x7f, 0x50,
    0x0, 0xaf, 0xff, 0xff, 0xff, 0x10, 0xb, 0xfe,
    0xff, 0x50, 0x0, 0x0, 0x0, 0x0, 0x0, 0x0,
    0xe, 0xd5, 0xff, 0x82, 0x0, 0x0, 0x0, 0x0,
    0x0, 0x0, 0x3f, 0x90, 0x6f, 0xff, 0xfd, 0xdd,
    0xdd, 0xdd, 0xdd, 0xd1, 0x7f, 0x40, 0x1, 0x7b,
    0xef, 0xff, 0xff, 0xff, 0xff, 0xb0, 0x3, 0x0,
    0x0, 0x0, 0x0, 0x0, 0x0, 0x0, 0x0, 0x0,

    /* U+8DB3 "足" */
    0x0, 0xc, 0xff, 0xff, 0xff, 0xff, 0xff, 0xff,
    0xf1, 0x0, 0x0, 0xc, 0xfd, 0xdd, 0xdd, 0xdd,
    0xdd, 0xdf, 0xf1, 0x0, 0x0, 0xc, 0xf1, 0x0,
    0x0, 0x0, 0x0, 0xe, 0xf1, 0x0, 0x0, 0xc,
    0xf1, 0x0, 0x0, 0x0, 0x0, 0xe, 0xf1, 0x0,
    0x0, 0xc, 0xf1, 0x0, 0x0, 0x0, 0x0, 0xe,
    0xf1, 0x0, 0x0, 0xc, 0xfd, 0xcc, 0xcc, 0xcc,
    0xcc, 0xcf, 0xf1, 0x0, 0x0, 0xc, 0xff, 0xff,
    0xff, 0xff, 0xff, 0xff, 0xf1, 0x0, 0x0, 0x0,
    0x0, 0x0, 0xe, 0xf0, 0x0, 0x0, 0x0, 0x0,
    0x0, 0x0, 0x66, 0x10, 0xe, 0xf0, 0x0, 0x0,
    0x0, 0x0, 0x0, 0x0, 0xef, 0x10, 0xe, 0xf1,
    0x0, 0x0, 0x0, 0x0, 0x0, 0x1, 0xfe, 0x0,
    0xe, 0xff, 0xff, 0xff, 0xfb, 0x0, 0x0, 0x5,
    0xfd, 0x0, 0xe, 0xfb, 0xbb, 0xbb, 0xb7, 0x0,
    0x0, 0x9, 0xff, 0x40, 0xe, 0xf0, 0x0, 0x0,
    0x0, 0x0, 0x0, 0xe, 0xff, 0xe1, 0xe, 0xf0,
    0x0, 0x0, 0x0, 0x0, 0x0, 0x6f, 0xa7, 0xfd,
    0x2e, 0xf0, 0x0, 0x0, 0x0, 0x0, 0x1, 0xef,
    0x30, 0x9f, 0xff, 0xf0, 0x0, 0x0, 0x0, 0x0,
    0xc, 0xf9, 0x0, 0x6, 0xff, 0xff, 0xed, 0xdd,
    0xdd, 0xc1, 0x9, 0xb0, 0x0, 0x0, 0x6, 0xad,
    0xef, 0xff, 0xff, 0xb0, 0x0, 0x0, 0x0, 0x0,
    0x0, 0x0, 0x0, 0x0, 0x0, 0x0,

    /* U+8DDD "距" */
    0x0, 0x0, 0x0, 0x0, 0x0, 0x0, 0x0, 0x0,
    0x0, 0x0, 0x9, 0xff, 0xff, 0xff, 0x4b, 0xee,
    0xee, 0xee, 0xee, 0x90, 0x9, 0xfa, 0x99, 0xcf,
    0x4c, 0xff, 0xff, 0xff, 0xff, 0xa0, 0x9, 0xf1,
    0x0, 0x7f, 0x4c, 0xf1, 0x0, 0x0, 0x0, 0x0,
    0x9, 0xf1, 0x0, 0x7f, 0x4c, 0xf1, 0x0, 0x0,
    0x0, 0x0, 0x9, 0xf3, 0x22, 0x8f, 0x4c, 0xf3,
    0x11, 0x11, 0x10, 0x0, 0x9, 0xff, 0xff, 0xff,
    0x4c, 0xff, 0xff, 0xff, 0xfb, 0x0, 0x4, 0x88,
    0xdf, 0x88, 0x2c, 0xfb, 0xaa, 0xaa, 0xfb, 0x0,
    0x0, 0x0, 0xbf, 0x0, 0xc, 0xf1, 0x0, 0x0,
    0xfb, 0x0, 0x6, 0xb0, 0xbf, 0x0, 0xc, 0xf1,
    0x0, 0x0, 0xfb, 0x0, 0x9, 0xf0, 0xbf, 0xff,
    0x7c, 0xf1, 0x0, 0x0, 0xfb, 0x0, 0x9, 0xf0,
    0xbf, 0x99, 0x4c, 0xfd, 0xdd, 0xdd, 0xfb, 0x0,
    0x9, 0xf0, 0xbf, 0x0, 0xc, 0xff, 0xff, 0xff,
    0xfb, 0x0, 0x9, 0xf0, 0xbf, 0x0, 0xc, 0xf1,
    0x0, 0x0, 0x0, 0x0, 0x9, 0xf0, 0xbf, 0x6a,
    0x7c, 0xf1, 0x0, 0x0, 0x0, 0x0, 0x9, 0xfa,
    0xff, 0xff, 0x7c, 0xf1, 0x0, 0x0, 0x0, 0x0,
    0x7f, 0xff, 0xd9, 0x40, 0xc, 0xff, 0xff, 0xff,
    0xff, 0xf0, 0x3b, 0x62, 0x0, 0x0, 0xb, 0xee,
    0xee, 0xee, 0xee, 0xe0,

    /* U+8DDF "跟" */
    0x0, 0x0, 0x0, 0x0, 0x0, 0x0, 0x0, 0x0,
    0x0, 0x0, 0x9, 0xff, 0xff, 0xff, 0x4e, 0xff,
    0xff, 0xff, 0xff, 0x0, 0x9, 0xf9, 0x99, 0xcf,
    0x4e, 0xfa, 0xaa, 0xaa, 0xef, 0x0, 0x9, 0xf1,
    0x0, 0x7f, 0x4e, 0xe0, 0x0, 0x0, 0xcf, 0x0,
    0x9, 0xf1, 0x0, 0x7f, 0x4e, 0xf8, 0x88, 0x88,
    0xef, 0x0, 0x9, 0xf9, 0x99, 0xcf, 0x4e, 0xff,
    0xff, 0xff, 0xff, 0x0, 0x9, 0xff, 0xff, 0xff,
    0x4e, 0xe0, 0x0, 0x0, 0xcf, 0x0, 0x0, 0x11,
    0xbf, 0x11, 0xe, 0xe0, 0x0, 0x0, 0xcf, 0x0,
    0x0, 0x0, 0xbf, 0x0, 0xe, 0xfc, 0xcc, 0xcc,
    0xff, 0x0, 0x9, 0xf0, 0xbf, 0x33, 0xe, 0xff,
    0xff, 0xff, 0xfe, 0x0, 0x9, 0xf0, 0xbf, 0xff,
    0x4e, 0xe0, 0x5f, 0x40, 0x4, 0x10, 0x9, 0xf0,
    0xbf, 0x77, 0x1e, 0xe0, 0x1f, 0x90, 0x7f, 0xb0,
    0x9, 0xf0, 0xbf, 0x0, 0xe, 0xe0, 0xb, 0xfb,
    0xfd, 0x20, 0x9, 0xf0, 0xbf, 0x0, 0xe, 0xe0,
    0x4, 0xff, 0x80, 0x0, 0x9, 0xf0, 0xbf, 0x59,
    0x3e, 0xe0, 0x0, 0xdf, 0x40, 0x0, 0x9, 0xf9,
    0xff, 0xff, 0x5e, 0xe0, 0x37, 0x5f, 0xe3, 0x0,
    0x7f, 0xff, 0xea, 0x51, 0x2f, 0xff, 0xff, 0x27,
    0xff, 0x70, 0x3b, 0x72, 0x0, 0x0, 0x8f, 0xfd,
    0x94, 0x0, 0x7f, 0xc0, 0x0, 0x0, 0x0, 0x0,
    0x7, 0x20, 0x0, 0x0, 0x3, 0x20,

    /* U+8DF3 "跳" */
    0x0, 0x0, 0x0, 0x0, 0x0, 0x35, 0x0, 0x53,
    0x0, 0x0, 0x7, 0xff, 0xff, 0xf6, 0x0, 0xaf,
    0x11, 0xfb, 0x0, 0x0, 0x7, 0xfa, 0xaa, 0xf7,
    0x10, 0xaf, 0x11, 0xfb, 0x2, 0x0, 0x7, 0xf1,
    0x0, 0xfc, 0xf4, 0xaf, 0x11, 0xfb, 0xe, 0xd0,
    0x7, 0xf1, 0x0, 0xf8, 0xfb, 0xaf, 0x11, 0xfb,
    0x4f, 0x90, 0x7, 0xf1, 0x0, 0xf7, 0x9f, 0xcf,
    0x11, 0xfb, 0xbf, 0x10, 0x7, 0xff, 0xff, 0xf7,
    0x4f, 0xff, 0x11, 0xfd, 0xf8, 0x0, 0x4, 0x99,
    0xfe, 0x94, 0xa, 0xcf, 0x11, 0xfd, 0xb1, 0x0,
    0x0, 0x10, 0xea, 0x0, 0x0, 0xaf, 0x11, 0xfb,
    0x0, 0x0, 0x7, 0xe0, 0xec, 0x52, 0x0, 0xaf,
    0x11, 0xff, 0x90, 0x0, 0x7, 0xe0, 0xef, 0xf9,
    0x1a, 0xff, 0x1, 0xff, 0xfa, 0x0, 0x7, 0xe0,
    0xec, 0x59, 0xef, 0xff, 0x1, 0xfb, 0xbf, 0xb0,
    0x7, 0xe0, 0xea, 0xc, 0xf6, 0xde, 0x1, 0xfb,
    0xb, 0xe1, 0x7, 0xe0, 0xea, 0x3, 0x40, 0xfc,
    0x1, 0xfb, 0x0, 0x20, 0x7, 0xe0, 0xed, 0xac,
    0x3, 0xf8, 0x1, 0xfb, 0x1, 0x20, 0x8, 0xfc,
    0xff, 0xfb, 0xa, 0xf3, 0x1, 0xfb, 0x3, 0xf4,
    0x6f, 0xff, 0xd7, 0x20, 0x4f, 0xb0, 0x1, 0xfb,
    0x4, 0xf3, 0x3e, 0x82, 0x0, 0x5, 0xff, 0x20,
    0x0, 0xff, 0xbd, 0xf1, 0x0, 0x0, 0x0, 0x6,
    0xf4, 0x0, 0x0, 0x8f, 0xff, 0x80, 0x0, 0x0,
    0x0, 0x0, 0x10, 0x0, 0x0, 0x0, 0x0, 0x0,

    /* U+8E2A "踪" */
    0x0, 0x0, 0x0, 0x0, 0x0, 0x0, 0x0, 0x0,
    0x0, 0x0, 0x1, 0x22, 0x22, 0x22, 0x0, 0x0,
    0xbe, 0x0, 0x0, 0x0, 0x8, 0xff, 0xff, 0xfc,
    0x0, 0x0, 0x9f, 0x60, 0x0, 0x0, 0x8, 0xf7,
    0x77, 0xfc, 0x69, 0x99, 0xbf, 0xd9, 0x99, 0x80,
    0x8, 0xf1, 0x0, 0xfc, 0xaf, 0xff, 0xff, 0xff,
    0xff, 0xf0, 0x8, 0xf1, 0x0, 0xfc, 0xaf, 0x10,
    0x0, 0x0, 0xd, 0xf0, 0x8, 0xf7, 0x77, 0xfc,
    0xaf, 0x10, 0x0, 0x0, 0xd, 0xf0, 0x8, 0xff,
    0xff, 0xfc, 0x0, 0xcf, 0xff, 0xff, 0xf3, 0x0,
    0x1, 0x22, 0xbe, 0x22, 0x0, 0x9b, 0xbb, 0xbb,
    0xb2, 0x0, 0x0, 0x0, 0xae, 0x0, 0x0, 0x0,
    0x0, 0x0, 0x0, 0x0, 0x8, 0xf0, 0xae, 0x44,
    0x23, 0x33, 0x33, 0x33, 0x33, 0x30, 0x8, 0xf0,
    0xaf, 0xff, 0xbf, 0xff, 0xff, 0xff, 0xff, 0xf3,
    0x8, 0xf0, 0xaf, 0x66, 0x57, 0x77, 0x8f, 0xd7,
    0x77, 0x71, 0x8, 0xf0, 0xae, 0x0, 0x0, 0x40,
    0x1f, 0xb0, 0x21, 0x0, 0x8, 0xf0, 0xae, 0x0,
    0x4, 0xf8, 0x1f, 0xb3, 0xfa, 0x0, 0x8, 0xf0,
    0xaf, 0x9e, 0xd, 0xf1, 0x1f, 0xb0, 0xbf, 0x40,
    0x9, 0xfb, 0xff, 0xfc, 0x9f, 0x70, 0x1f, 0xb0,
    0x3f, 0xd0, 0x6f, 0xff, 0xd7, 0x23, 0xfc, 0x0,
    0x1f, 0xb0, 0xa, 0xf5, 0x2e, 0x83, 0x0, 0x0,
    0x92, 0x2a, 0xaf, 0xa0, 0x3, 0x70, 0x0, 0x0,
    0x0, 0x0, 0x0, 0xe, 0xfd, 0x40, 0x0, 0x0,

    /* U+8F6C "转" */
    0x0, 0x2, 0xd8, 0x0, 0x0, 0x0, 0x8, 0xc4,
    0x0, 0x0, 0x0, 0x5, 0xf9, 0x0, 0x0, 0x0,
    0xd, 0xf2, 0x0, 0x0, 0xb, 0xbd, 0xfd, 0xbb,
    0x57, 0xbb, 0xbf, 0xfb, 0xbb, 0x90, 0x1f, 0xff,
    0xff, 0xff, 0x8a, 0xff, 0xff, 0xff, 0xff, 0xd0,
    0x0, 0x1f, 0xa0, 0x0, 0x0, 0x0, 0xaf, 0x60,
    0x0, 0x0, 0x0, 0x5f, 0x66, 0x30, 0x0, 0x0,
    0xef, 0x10, 0x0, 0x0, 0x0, 0xae, 0x4f, 0x90,
    0x4c, 0xcd, 0xff, 0xcc, 0xcc, 0xc6, 0x1, 0xf8,
    0x4f, 0x90, 0x5f, 0xff, 0xff, 0xff, 0xff, 0xf7,
    0x9, 0xf7, 0x8f, 0xc5, 0x20, 0xc, 0xf4, 0x0,
    0x0, 0x0, 0xc, 0xff, 0xff, 0xff, 0x60, 0x1f,
    0xf1, 0x0, 0x1, 0x0, 0x4, 0x55, 0x7f, 0xb5,
    0x20, 0x6f, 0xff, 0xff, 0xff, 0x90, 0x0, 0x0,
    0x4f, 0x90, 0x0, 0x8b, 0xbb, 0xbc, 0xff, 0x40,
    0x0, 0x0, 0x4f, 0xb6, 0x90, 0x0, 0x0, 0x9,
    0xf9, 0x0, 0x17, 0x9c, 0xef, 0xff, 0xf0, 0x4,
    0x30, 0x5f, 0xd0, 0x0, 0x1f, 0xff, 0xff, 0xc5,
    0x20, 0x1f, 0xf9, 0xff, 0x20, 0x0, 0x7, 0x51,
    0x4f, 0x90, 0x0, 0x3, 0xdf, 0xf8, 0x0, 0x0,
    0x0, 0x0, 0x4f, 0x90, 0x0, 0x0, 0xa, 0xff,
    0x60, 0x0, 0x0, 0x0, 0x4f, 0x90, 0x0, 0x0,
    0x0, 0x6f, 0xf6, 0x0, 0x0, 0x0, 0x4f, 0x90,
    0x0, 0x0, 0x0, 0x4, 0xc1, 0x0, 0x0, 0x0,
    0x0, 0x0, 0x0, 0x0, 0x0, 0x0, 0x0, 0x0,

    /* U+8F7D "载" */
    0x0, 0x0, 0x5e, 0x60, 0x0, 0x2d, 0xa0, 0x42,
    0x0, 0x0, 0x56, 0x69, 0xfa, 0x66, 0x52, 0xfc,
    0x1e, 0xf3, 0x0, 0xf, 0xff, 0xff, 0xff, 0xfe,
    0x2f, 0xc0, 0x2e, 0xf2, 0x0, 0x11, 0x16, 0xf8,
    0x11, 0x11, 0xfc, 0x0, 0x4a, 0x10, 0xaa, 0xaa,
    0xcf, 0xda, 0xaa, 0xbf, 0xfa, 0xaa, 0xaa, 0xd,
    0xdd, 0xee, 0xdd, 0xdd, 0xdd, 0xff, 0xdd, 0xdd,
    0xd0, 0x0, 0x7, 0xf5, 0x0, 0x0, 0xf, 0xe0,
    0x0, 0x0, 0x0, 0x0, 0xdf, 0x20, 0x0, 0x0,
    0xef, 0x0, 0x7a, 0x10, 0xef, 0xff, 0xff, 0xff,
    0xff, 0x5d, 0xf0, 0xd, 0xf0, 0x6, 0x7f, 0xf7,
    0x78, 0x77, 0x72, 0xbf, 0x22, 0xfa, 0x0, 0x6,
    0xf7, 0x9, 0xf3, 0x0, 0x9, 0xf4, 0x8f, 0x40,
    0x2, 0xff, 0xaa, 0xdf, 0xba, 0xa2, 0x7f, 0x7f,
    0xd0, 0x0, 0xe, 0xff, 0xff, 0xff, 0xff, 0x34,
    0xff, 0xf6, 0x0, 0x0, 0x10, 0x0, 0x9f, 0x30,
    0x0, 0x1f, 0xfe, 0x0, 0x0, 0x0, 0x0, 0x1a,
    0xf8, 0x78, 0x30, 0xef, 0x60, 0x3a, 0x1a, 0xce,
    0xff, 0xff, 0xff, 0xf6, 0x6f, 0xf7, 0x4, 0xf4,
    0xdf, 0xfd, 0xcd, 0xf8, 0x53, 0x5f, 0xef, 0xe1,
    0x7f, 0x12, 0x10, 0x0, 0x9f, 0x30, 0x6f, 0xf3,
    0x8f, 0xff, 0xd0, 0x0, 0x0, 0x9, 0xf3, 0x6,
    0xe3, 0x0, 0x8f, 0xe4, 0x0, 0x0, 0x0, 0x1,
    0x0, 0x1, 0x0, 0x0, 0x0, 0x0,

    /* U+8F93 "输" */
    0x0, 0xb, 0x90, 0x0, 0x0, 0x0, 0x2d, 0x50,
    0x0, 0x0, 0x0, 0xf, 0xb0, 0x0, 0x0, 0x1,
    0xdf, 0x90, 0x0, 0x0, 0x9, 0x9f, 0xd9, 0x93,
    0x0, 0x2e, 0xfc, 0xf8, 0x0, 0x0, 0x1f, 0xff,
    0xff, 0xf7, 0x6, 0xff, 0x60, 0xaf, 0xc3, 0x0,
    0x2, 0x9f, 0x32, 0x25, 0xcf, 0xf5, 0x0, 0x8,
    0xff, 0xa2, 0x0, 0xcd, 0x34, 0x9, 0xfe, 0xff,
    0xff, 0xff, 0xfd, 0xd1, 0x0, 0xf8, 0xbe, 0x0,
    0x44, 0x77, 0x77, 0x77, 0x70, 0x10, 0x5, 0xf3,
    0xbe, 0x0, 0x46, 0x66, 0x74, 0x0, 0x9, 0x60,
    0xb, 0xf7, 0xdf, 0x72, 0xbf, 0xff, 0xfb, 0x5f,
    0x1e, 0x90, 0xf, 0xff, 0xff, 0xf6, 0xbc, 0x11,
    0xdb, 0x5f, 0x1e, 0x90, 0x5, 0x44, 0xcf, 0x41,
    0xbe, 0x99, 0xeb, 0x5f, 0x1e, 0x90, 0x0, 0x0,
    0xbe, 0x0, 0xbf, 0xdd, 0xfb, 0x5f, 0x1e, 0x90,
    0x0, 0x1, 0xcf, 0xb5, 0xbc, 0x0, 0xcb, 0x5f,
    0x1e, 0x90, 0x1a, 0xdf, 0xff, 0xe5, 0xbf, 0xdd,
    0xfb, 0x5f, 0x1e, 0x90, 0xf, 0xeb, 0xdf, 0x0,
    0xbe, 0x99, 0xeb, 0x5f, 0x1e, 0x90, 0x1, 0x0,
    0xbe, 0x0, 0xbc, 0x0, 0xcb, 0x15, 0xe, 0x90,
    0x0, 0x0, 0xbe, 0x0, 0xbc, 0x0, 0xcb, 0x0,
    0xe, 0x90, 0x0, 0x0, 0xbe, 0x0, 0xbc, 0x19,
    0xeb, 0x9, 0xaf, 0x80, 0x0, 0x0, 0xbe, 0x0,
    0xac, 0xd, 0xd4, 0x9, 0xda, 0x20,

    /* U+8FA8 "辨" */
    0x0, 0x0, 0x0, 0x0, 0x0, 0x0, 0x0, 0x0,
    0x0, 0x0, 0x0, 0x2b, 0x50, 0x0, 0x0, 0xad,
    0x0, 0x7e, 0x20, 0x0, 0x0, 0xf, 0xd0, 0x0,
    0x0, 0xae, 0x0, 0x3f, 0x90, 0x0, 0x8, 0x8d,
    0xf9, 0x81, 0x0, 0xae, 0x48, 0x8f, 0xf8, 0x80,
    0xf, 0xff, 0xff, 0xf3, 0x10, 0xae, 0x7f, 0xff,
    0xff, 0xf0, 0x3, 0xa2, 0x18, 0x70, 0xe7, 0xae,
    0x7, 0x60, 0xb, 0x50, 0x2, 0xf5, 0xd, 0xb0,
    0xf7, 0xae, 0xa, 0xc0, 0x2f, 0x60, 0x0, 0xe8,
    0xf, 0x70, 0xf6, 0xae, 0x7, 0xf0, 0x5f, 0x20,
    0x0, 0xda, 0x4f, 0x21, 0xf5, 0xae, 0x5, 0xf2,
    0x9d, 0x0, 0x2b, 0xeb, 0xdf, 0xb7, 0xf3, 0xae,
    0x7b, 0xca, 0xfe, 0xa2, 0x2d, 0xdf, 0xfd, 0xdb,
    0xf1, 0xbe, 0xae, 0xef, 0xfe, 0xe3, 0x0, 0xb,
    0xf0, 0x6, 0xc0, 0xcd, 0x0, 0x1f, 0xb0, 0x0,
    0x1, 0x1c, 0xf1, 0x10, 0x0, 0xeb, 0x0, 0x1f,
    0xb0, 0x0, 0xf, 0xff, 0xff, 0xf3, 0x1, 0xf9,
    0x4a, 0xaf, 0xea, 0xa0, 0x6, 0x7e, 0xf7, 0x71,
    0x6, 0xf5, 0x6f, 0xff, 0xff, 0xf0, 0x0, 0xe,
    0xd0, 0x0, 0xc, 0xf1, 0x0, 0x1f, 0xb0, 0x0,
    0x0, 0x3f, 0x90, 0x0, 0x5f, 0xa0, 0x0, 0x1f,
    0xb0, 0x0, 0x0, 0xcf, 0x30, 0x2, 0xef, 0x10,
    0x0, 0x1f, 0xb0, 0x0, 0xa, 0xf9, 0x0, 0x1e,
    0xf5, 0x0, 0x0, 0x1f, 0xb0, 0x0, 0x4, 0xb0,
    0x0, 0x8, 0x50, 0x0, 0x0, 0x1f, 0xb0, 0x0,
    0x0, 0x0, 0x0, 0x0, 0x0, 0x0, 0x0, 0x0,
    0x0, 0x0,

    /* U+8FBE "达" */
    0x0, 0x50, 0x0, 0x0, 0x0, 0x9, 0xd2, 0x0,
    0x0, 0x0, 0x8, 0xf9, 0x0, 0x0, 0x0, 0xb,
    0xf3, 0x0, 0x0, 0x0, 0x1, 0xef, 0x50, 0x0,
    0x0, 0xc, 0xf2, 0x0, 0x0, 0x0, 0x0, 0x5f,
    0xe0, 0x0, 0x0, 0xd, 0xf2, 0x0, 0x0, 0x0,
    0x0, 0xb, 0xc1, 0xbf, 0xff, 0xff, 0xff, 0xff,
    0xff, 0xa0, 0x0, 0x1, 0x0, 0x8c, 0xcc, 0xcf,
    0xfc, 0xcc, 0xcc, 0x80, 0x0, 0x0, 0x0, 0x0,
    0x0, 0x2f, 0xc0, 0x0, 0x0, 0x0, 0x4b, 0xbb,
    0xb1, 0x0, 0x0, 0x5f, 0xf4, 0x0, 0x0, 0x0,
    0x5f, 0xff, 0xf2, 0x0, 0x0, 0x9f, 0xff, 0x40,
    0x0, 0x0, 0x1, 0x1c, 0xf2, 0x0, 0x1, 0xff,
    0x7f, 0xf3, 0x0, 0x0, 0x0, 0xc, 0xf2, 0x0,
    0x8, 0xfa, 0x7, 0xfe, 0x20, 0x0, 0x0, 0xc,
    0xf2, 0x0, 0x5f, 0xf2, 0x0, 0x9f, 0xe1, 0x0,
    0x0, 0xc, 0xf2, 0x6, 0xff, 0x70, 0x0, 0xb,
    0xfc, 0x0, 0x0, 0xc, 0xf2, 0x9f, 0xf7, 0x0,
    0x0, 0x1, 0xdf, 0x70, 0x0, 0x3e, 0xf5, 0x2d,
    0x40, 0x0, 0x0, 0x0, 0x39, 0x0, 0x7, 0xff,
    0xff, 0x92, 0x0, 0x0, 0x0, 0x0, 0x0, 0x0,
    0x6f, 0xf3, 0xa, 0xff, 0xec, 0xba, 0xab, 0xbc,
    0xde, 0xe0, 0x1e, 0x50, 0x0, 0x4a, 0xef, 0xff,
    0xff, 0xff, 0xff, 0xa0, 0x2, 0x0, 0x0, 0x0,
    0x0, 0x12, 0x22, 0x11, 0x0, 0x0,

    /* U+8FC7 "过" */
    0x0, 0x0, 0x0, 0x0, 0x0, 0x0, 0x0, 0x89,
    0x0, 0x0, 0x5, 0xd4, 0x0, 0x0, 0x0, 0x0,
    0x0, 0xff, 0x0, 0x0, 0x4, 0xff, 0x40, 0x0,
    0x0, 0x0, 0x0, 0xff, 0x0, 0x0, 0x0, 0x5f,
    0xf2, 0x12, 0x22, 0x22, 0x22, 0xff, 0x22, 0x10,
    0x0, 0x7, 0xf5, 0x9f, 0xff, 0xff, 0xff, 0xff,
    0xff, 0xa0, 0x0, 0x0, 0x20, 0x5a, 0xaa, 0xaa,
    0xaa, 0xff, 0xaa, 0x60, 0x0, 0x0, 0x0, 0x0,
    0x20, 0x0, 0x0, 0xff, 0x0, 0x0, 0x2a, 0xaa,
    0xa1, 0x7, 0xf7, 0x0, 0x0, 0xff, 0x0, 0x0,
    0x4f, 0xff, 0xf2, 0x1, 0xef, 0x40, 0x0, 0xff,
    0x0, 0x0, 0x2, 0x2b, 0xf2, 0x0, 0x4f, 0xe1,
    0x0, 0xff, 0x0, 0x0, 0x0, 0xb, 0xf2, 0x0,
    0x9, 0xf5, 0x0, 0xff, 0x0, 0x0, 0x0, 0xb,
    0xf2, 0x0, 0x1, 0x30, 0x0, 0xff, 0x0, 0x0,
    0x0, 0xb, 0xf2, 0x0, 0x0, 0x0, 0x0, 0xff,
    0x0, 0x0, 0x0, 0xb, 0xf2, 0x0, 0x0, 0x6c,
    0xbc, 0xfe, 0x0, 0x0, 0x0, 0x5e, 0xf7, 0x0,
    0x0, 0x3f, 0xff, 0xe6, 0x0, 0x0, 0x9, 0xff,
    0xef, 0xb4, 0x0, 0x2, 0x10, 0x0, 0x0, 0x20,
    0x6f, 0xf3, 0x9, 0xff, 0xfe, 0xdc, 0xcd, 0xde,
    0xff, 0xe0, 0xd, 0x50, 0x0, 0x39, 0xdf, 0xff,
    0xff, 0xff, 0xfe, 0x90, 0x1, 0x0, 0x0, 0x0,
    0x0, 0x0, 0x0, 0x0, 0x0, 0x0,

    /* U+8FD0 "运" */
    0x3, 0xc2, 0x0, 0x6, 0xbb, 0xbb, 0xbb, 0xbb,
    0xb7, 0x0, 0x8, 0xff, 0x70, 0x8, 0xff, 0xff,
    0xff, 0xff, 0xf9, 0x0, 0x0, 0x4e, 0xf9, 0x0,
    0x0, 0x0, 0x0, 0x0, 0x0, 0x0, 0x0, 0x2,
    0xc2, 0x0, 0x0, 0x0, 0x0, 0x0, 0x0, 0x0,
    0x0, 0x0, 0x0, 0x33, 0x33, 0x33, 0x33, 0x33,
    0x33, 0x30, 0x0, 0x0, 0x0, 0xef, 0xff, 0xff,
    0xff, 0xff, 0xff, 0xf0, 0x5f, 0xff, 0xf1, 0x78,
    0x89, 0xff, 0x98, 0x88, 0x88, 0x80, 0x5c, 0xcf,
    0xf1, 0x0, 0x7, 0xfc, 0x1, 0x74, 0x0, 0x0,
    0x0, 0xc, 0xf1, 0x0, 0xe, 0xf4, 0x2, 0xfd,
    0x0, 0x0, 0x0, 0xc, 0xf1, 0x0, 0x7f, 0xb0,
    0x0, 0x8f, 0x80, 0x0, 0x0, 0xc, 0xf1, 0x1,
    0xef, 0x20, 0x0, 0x1e, 0xf2, 0x0, 0x0, 0xc,
    0xf1, 0xb, 0xfe, 0xcd, 0xef, 0xff, 0xfc, 0x0,
    0x0, 0xc, 0xf1, 0xf, 0xff, 0xfe, 0xcb, 0x98,
    0xdf, 0x50, 0x0, 0xc, 0xf2, 0x5, 0x31, 0x0,
    0x0, 0x0, 0x4a, 0x20, 0x0, 0xbf, 0xfe, 0x30,
    0x0, 0x0, 0x0, 0x0, 0x0, 0x0, 0xa, 0xfb,
    0x3d, 0xf7, 0x10, 0x0, 0x0, 0x0, 0x3, 0x92,
    0x5f, 0xe1, 0x1, 0xcf, 0xfe, 0xcc, 0xcc, 0xdd,
    0xff, 0xe0, 0xd, 0x50, 0x0, 0x5, 0xbe, 0xff,
    0xff, 0xff, 0xff, 0xb0, 0x1, 0x0, 0x0, 0x0,
    0x0, 0x1, 0x11, 0x0, 0x0, 0x0,

    /* U+8FD1 "近" */
    0x0, 0x40, 0x0, 0x0, 0x0, 0x0, 0x13, 0x58,
    0xc3, 0x0, 0x7f, 0xa0, 0x0, 0xc, 0xcd, 0xff,
    0xff, 0xff, 0xb0, 0x0, 0xcf, 0x90, 0x0, 0xff,
    0xcb, 0x97, 0x53, 0x0, 0x0, 0x1, 0xdf, 0x60,
    0xf, 0xe0, 0x0, 0x0, 0x0, 0x0, 0x0, 0x2,
    0xc2, 0x0, 0xfe, 0x0, 0x0, 0x0, 0x0, 0x0,
    0x0, 0x0, 0x0, 0xf, 0xe2, 0x22, 0x22, 0x22,
    0x21, 0x0, 0x0, 0x0, 0x0, 0xff, 0xff, 0xff,
    0xff, 0xff, 0xa2, 0xdd, 0xdd, 0x10, 0x1f, 0xe8,
    0x88, 0xef, 0x98, 0x85, 0x3f, 0xff, 0xf2, 0x2,
    0xfc, 0x0, 0xc, 0xf1, 0x0, 0x0, 0x0, 0xbf,
    0x20, 0x3f, 0xa0, 0x0, 0xcf, 0x10, 0x0, 0x0,
    0xb, 0xf2, 0x6, 0xf8, 0x0, 0xc, 0xf1, 0x0,
    0x0, 0x0, 0xbf, 0x20, 0xaf, 0x50, 0x0, 0xcf,
    0x10, 0x0, 0x0, 0xb, 0xf2, 0xe, 0xf1, 0x0,
    0xc, 0xf1, 0x0, 0x0, 0x0, 0xbf, 0x26, 0xfb,
    0x0, 0x0, 0xcf, 0x10, 0x0, 0x0, 0x2d, 0xf4,
    0x7f, 0x40, 0x0, 0xc, 0xf1, 0x0, 0x0, 0x6f,
    0xff, 0xf7, 0x30, 0x0, 0x0, 0x35, 0x0, 0x0,
    0x5f, 0xf4, 0x1b, 0xff, 0xca, 0x99, 0x9a, 0xab,
    0xcd, 0xb1, 0xe6, 0x0, 0x4, 0xbf, 0xff, 0xff,
    0xff, 0xff, 0xf7, 0x2, 0x0, 0x0, 0x0, 0x1,
    0x23, 0x22, 0x21, 0x10, 0x0,

    /* U+8FD4 "返" */
    0x0, 0x10, 0x0, 0x0, 0x0, 0x0, 0x0, 0x14,
    0x74, 0x0, 0x6, 0xf6, 0x0, 0x6, 0x89, 0xbc,
    0xdf, 0xff, 0xff, 0x40, 0x2, 0xef, 0x50, 0xb,
    0xff, 0xff, 0xec, 0xa8, 0x52, 0x0, 0x0, 0x3f,
    0xf3, 0xb, 0xf4, 0x0, 0x0, 0x0, 0x0, 0x0,
    0x0, 0x5, 0x80, 0xb, 0xf2, 0x0, 0x0, 0x0,
    0x0, 0x0, 0x0, 0x0, 0x0, 0xb, 0xff, 0xff,
    0xff, 0xff, 0xfc, 0x0, 0x0, 0x0, 0x0, 0xb,
    0xfb, 0xaa, 0xaa, 0xac, 0xfa, 0x0, 0x2b, 0xbb,
    0xb0, 0xc, 0xf1, 0x30, 0x0, 0xa, 0xf4, 0x0,
    0x4f, 0xff, 0xf1, 0xd, 0xf4, 0xfc, 0x10, 0x3f,
    0xd0, 0x0, 0x0, 0xd, 0xf1, 0xf, 0xe0, 0x9f,
    0xe4, 0xdf, 0x40, 0x0, 0x0, 0xd, 0xf1, 0x2f,
    0xb0, 0x6, 0xff, 0xf9, 0x0, 0x0, 0x0, 0xd,
    0xf1, 0x6f, 0x70, 0x1, 0xdf, 0xf9, 0x0, 0x0,
    0x0, 0xd, 0xf1, 0xdf, 0x20, 0x6e, 0xfb, 0xef,
    0xb0, 0x0, 0x0, 0xd, 0xf7, 0xfb, 0x4d, 0xff,
    0x70, 0x1d, 0xfc, 0x0, 0x0, 0x1e, 0xf2, 0x82,
    0x1e, 0xa2, 0x0, 0x1, 0xc7, 0x0, 0x2, 0xef,
    0xfb, 0x10, 0x0, 0x0, 0x0, 0x0, 0x0, 0x0,
    0xd, 0xf4, 0x3f, 0xd5, 0x0, 0x0, 0x0, 0x0,
    0x0, 0x80, 0x6f, 0xa0, 0x2, 0xdf, 0xfd, 0xcb,
    0xbc, 0xcd, 0xef, 0xd0, 0xd, 0x20, 0x0, 0x6,
    0xbe, 0xff, 0xff, 0xff, 0xfe, 0x90, 0x1, 0x0,
    0x0, 0x0, 0x0, 0x1, 0x10, 0x0, 0x0, 0x0,

    /* U+8FDB "进" */
    0x0, 0x10, 0x0, 0x0, 0x2, 0x30, 0x0, 0x32,
    0x0, 0x0, 0x6, 0xf6, 0x0, 0x0, 0xc, 0xf1,
    0x0, 0xfd, 0x0, 0x0, 0x2, 0xef, 0x60, 0x0,
    0xc, 0xf1, 0x0, 0xfd, 0x0, 0x0, 0x0, 0x2e,
    0xf5, 0x12, 0x2d, 0xf3, 0x22, 0xfe, 0x22, 0x0,
    0x0, 0x3, 0xd3, 0x7f, 0xff, 0xff, 0xff, 0xff,
    0xff, 0x50, 0x0, 0x0, 0x0, 0x5b, 0xbf, 0xfb,
    0xbb, 0xff, 0xbb, 0x30, 0x0, 0x0, 0x0, 0x0,
    0xc, 0xf1, 0x0, 0xfd, 0x0, 0x0, 0x16, 0x66,
    0x60, 0x0, 0xc, 0xf1, 0x0, 0xfd, 0x0, 0x0,
    0x4f, 0xff, 0xf2, 0x1, 0x1d, 0xf1, 0x11, 0xfe,
    0x11, 0x0, 0x15, 0x5c, 0xf2, 0x9f, 0xff, 0xff,
    0xff, 0xff, 0xff, 0xb0, 0x0, 0xb, 0xf2, 0x7c,
    0xdf, 0xfc, 0xcc, 0xff, 0xcc, 0x80, 0x0, 0xb,
    0xf2, 0x0, 0x6f, 0xa0, 0x0, 0xfd, 0x0, 0x0,
    0x0, 0xb, 0xf2, 0x0, 0xef, 0x50, 0x0, 0xfd,
    0x0, 0x0, 0x0, 0xb, 0xf2, 0xb, 0xfd, 0x0,
    0x0, 0xfd, 0x0, 0x0, 0x0, 0x1d, 0xf3, 0x1c,
    0xf3, 0x0, 0x0, 0xfd, 0x0, 0x0, 0x1, 0xdf,
    0xee, 0x21, 0x40, 0x0, 0x0, 0x98, 0x0, 0x0,
    0xc, 0xf4, 0x1d, 0xe6, 0x0, 0x0, 0x0, 0x0,
    0x3, 0xa0, 0x6f, 0xa0, 0x1, 0xcf, 0xfd, 0xbb,
    0xbb, 0xcc, 0xef, 0xc0, 0xd, 0x20, 0x0, 0x5,
    0xbe, 0xff, 0xff, 0xff, 0xfe, 0x80, 0x1, 0x0,
    0x0, 0x0, 0x0, 0x1, 0x10, 0x0, 0x0, 0x0,

    /* U+8FDE "连" */
    0x0, 0x0, 0x0, 0x0, 0x0, 0x0, 0x0, 0x0,
    0x0, 0x0, 0x0, 0x73, 0x0, 0x0, 0x0, 0xda,
    0x10, 0x0, 0x0, 0x0, 0x3, 0xff, 0x20, 0x0,
    0x2, 0xfe, 0x0, 0x0, 0x0, 0x0, 0x0, 0x7f,
    0xd0, 0xbf, 0xff, 0xff, 0xff, 0xff, 0xff, 0x40,
    0x0, 0xb, 0xf9, 0x8b, 0xbf, 0xfb, 0xbb, 0xbb,
    0xbb, 0x30, 0x0, 0x1, 0xc1, 0x0, 0x5f, 0xa0,
    0x23, 0x0, 0x0, 0x0, 0x0, 0x0, 0x0, 0x0,
    0xdf, 0x20, 0xaf, 0x40, 0x0, 0x0, 0x0, 0x0,
    0x0, 0x7, 0xfa, 0x0, 0xaf, 0x40, 0x0, 0x0,
    0x3f, 0xff, 0xf1, 0xe, 0xff, 0xff, 0xff, 0xff,
    0xfe, 0x0, 0x2b, 0xbe, 0xf1, 0x9, 0xdd, 0xdd,
    0xff, 0xdd, 0xdc, 0x0, 0x0, 0xc, 0xf1, 0x0,
    0x0, 0x0, 0xaf, 0x40, 0x0, 0x0, 0x0, 0xc,
    0xf1, 0x0, 0x0, 0x0, 0xaf, 0x40, 0x0, 0x0,
    0x0, 0xc, 0xf1, 0xaf, 0xff, 0xff, 0xff, 0xff,
    0xff, 0xd0, 0x0, 0xc, 0xf1, 0x8c, 0xcc, 0xcc,
    0xff, 0xdc, 0xcc, 0xb0, 0x0, 0xc, 0xf1, 0x0,
    0x0, 0x0, 0xaf, 0x40, 0x0, 0x0, 0x0, 0x2e,
    0xf2, 0x0, 0x0, 0x0, 0xaf, 0x40, 0x0, 0x0,
    0x2, 0xef, 0xfe, 0x20, 0x0, 0x0, 0x9e, 0x30,
    0x0, 0x0, 0xd, 0xf5, 0x2e, 0xf7, 0x10, 0x0,
    0x0, 0x0, 0x3, 0x95, 0x7f, 0xb0, 0x2, 0xdf,
    0xff, 0xdd, 0xdd, 0xde, 0xff, 0xf3, 0xd, 0x30,
    0x0, 0x6, 0xbe, 0xff, 0xff, 0xff, 0xfe, 0xe0,
    0x1, 0x0, 0x0, 0x0, 0x0, 0x1, 0x10, 0x0,
    0x0, 0x0,

    /* U+8FDF "迟" */
    0x0, 0x70, 0x0, 0x0, 0x0, 0x0, 0x0, 0x0,
    0x0, 0x0, 0x8, 0xfc, 0x0, 0x0, 0xff, 0xff,
    0xff, 0xff, 0xfc, 0x0, 0x0, 0xaf, 0xb0, 0x1,
    0xff, 0xdd, 0xdd, 0xdd, 0xfd, 0x0, 0x0, 0xc,
    0xf7, 0x1, 0xff, 0x0, 0x0, 0x1, 0xfd, 0x0,
    0x0, 0x1, 0xa1, 0x1, 0xff, 0x0, 0x0, 0x1,
    0xfd, 0x0, 0x0, 0x0, 0x0, 0x1, 0xff, 0x0,
    0x0, 0x1, 0xfd, 0x0, 0x0, 0x0, 0x0, 0x1,
    0xff, 0xff, 0xff, 0xff, 0xfd, 0x0, 0x3b, 0xbb,
    0xb1, 0x1, 0xff, 0xee, 0xee, 0xee, 0xeb, 0x0,
    0x4f, 0xff, 0xf2, 0x3, 0xfc, 0x0, 0x58, 0x0,
    0x0, 0x0, 0x0, 0xb, 0xf2, 0x5, 0xfa, 0x1,
    0xef, 0x90, 0x0, 0x0, 0x0, 0xb, 0xf2, 0x9,
    0xf8, 0x0, 0x2e, 0xf9, 0x0, 0x0, 0x0, 0xb,
    0xf2, 0xd, 0xf4, 0x0, 0x2, 0xff, 0x80, 0x0,
    0x0, 0xb, 0xf2, 0x4f, 0xe0, 0x0, 0x0, 0x3f,
    0xf7, 0x0, 0x0, 0xb, 0xf2, 0xdf, 0x70, 0x0,
    0x0, 0x5, 0xff, 0x30, 0x0, 0x3e, 0xf5, 0x5c,
    0x0, 0x0, 0x0, 0x0, 0x88, 0x0, 0x7, 0xff,
    0xff, 0xa2, 0x0, 0x0, 0x0, 0x0, 0x0, 0x0,
    0x5f, 0xf4, 0x1a, 0xff, 0xec, 0xbb, 0xbb, 0xbc,
    0xde, 0xe0, 0x1e, 0x50, 0x0, 0x3a, 0xef, 0xff,
    0xff, 0xff, 0xff, 0xa0, 0x2, 0x0, 0x0, 0x0,
    0x0, 0x12, 0x21, 0x10, 0x0, 0x0,

    /* U+8FFD "追" */
    0x0, 0x0, 0x0, 0x0, 0x0, 0x0, 0x0, 0x0,
    0x0, 0x0, 0x11, 0x0, 0x0, 0x0, 0x3, 0xfd,
    0x0, 0x0, 0x0, 0x2e, 0xd1, 0x0, 0x0, 0x0,
    0x7f, 0x90, 0x0, 0x0, 0x0, 0x8f, 0xd1, 0x0,
    0xef, 0xff, 0xff, 0xff, 0xfa, 0x0, 0x0, 0xaf,
    0xc0, 0xe, 0xf9, 0x99, 0x99, 0xaf, 0xa0, 0x0,
    0x0, 0xa2, 0x0, 0xee, 0x0, 0x0, 0x2, 0xfa,
    0x0, 0x0, 0x0, 0x0, 0xe, 0xe0, 0x0, 0x0,
    0x2f, 0xa0, 0x0, 0x0, 0x0, 0x0, 0xef, 0xff,
    0xff, 0xff, 0xfa, 0x0, 0xcd, 0xdd, 0x90, 0xe,
    0xf9, 0x99, 0x99, 0x99, 0x60, 0xe, 0xff, 0xfa,
    0x0, 0xee, 0x0, 0x0, 0x0, 0x0, 0x0, 0x0,
    0x2f, 0xa0, 0xe, 0xfa, 0xaa, 0xaa, 0xaa, 0xa3,
    0x0, 0x2, 0xfa, 0x0, 0xef, 0xff, 0xff, 0xff,
    0xff, 0x60, 0x0, 0x2f, 0xa0, 0xe, 0xe0, 0x0,
    0x0, 0x7, 0xf6, 0x0, 0x2, 0xfa, 0x0, 0xee,
    0x0, 0x0, 0x0, 0x7f, 0x60, 0x0, 0x2f, 0xa0,
    0xe, 0xe4, 0x44, 0x44, 0x49, 0xf6, 0x0, 0x2,
    0xfa, 0x0, 0xef, 0xff, 0xff, 0xff, 0xff, 0x60,
    0x0, 0x8f, 0xd1, 0x4, 0x55, 0x55, 0x55, 0x55,
    0x51, 0x0, 0xbf, 0xce, 0xd4, 0x0, 0x0, 0x0,
    0x0, 0x0, 0x15, 0xaf, 0x90, 0x1c, 0xfe, 0xba,
    0x99, 0x9a, 0xab, 0xdf, 0xa5, 0xc0, 0x0, 0x7,
    0xcf, 0xff, 0xff, 0xff, 0xff, 0xe6, 0x1, 0x0,
    0x0, 0x0, 0x1, 0x11, 0x11, 0x0, 0x0, 0x0,

    /* U+9001 "送" */
    0x0, 0x31, 0x0, 0x0, 0x36, 0x0, 0x0, 0x7,
    0x50, 0x0, 0x5, 0xfb, 0x0, 0x0, 0xcf, 0x30,
    0x0, 0x3f, 0xe0, 0x0, 0x0, 0xbf, 0x80, 0x0,
    0x4f, 0xc0, 0x0, 0xbf, 0x50, 0x0, 0x0, 0x1e,
    0xf4, 0x1, 0x1c, 0xb1, 0x14, 0xfc, 0x11, 0x0,
    0x0, 0x4, 0xe3, 0x3f, 0xff, 0xff, 0xff, 0xff,
    0xff, 0x10, 0x0, 0x0, 0x0, 0x2a, 0xaa, 0xae,
    0xfb, 0xaa, 0xaa, 0x0, 0x1, 0x11, 0x10, 0x0,
    0x0, 0xc, 0xf3, 0x0, 0x0, 0x0, 0x2f, 0xff,
    0xf1, 0x0, 0x0, 0xc, 0xf3, 0x0, 0x0, 0x0,
    0x19, 0x9e, 0xf1, 0xdf, 0xff, 0xff, 0xff, 0xff,
    0xff, 0xa0, 0x0, 0xc, 0xf1, 0xbc, 0xcc, 0xcf,
    0xfd, 0xcc, 0xcc, 0x80, 0x0, 0xc, 0xf1, 0x0,
    0x0, 0x2f, 0xfd, 0x10, 0x0, 0x0, 0x0, 0xc,
    0xf1, 0x0, 0x0, 0xaf, 0xdf, 0xd2, 0x0, 0x0,
    0x0, 0xc, 0xf1, 0x0, 0x6, 0xfe, 0x7, 0xfe,
    0x20, 0x0, 0x0, 0xc, 0xf1, 0x1, 0x9f, 0xf3,
    0x0, 0x7f, 0xe2, 0x0, 0x0, 0xc, 0xf1, 0x6f,
    0xfd, 0x20, 0x0, 0x7, 0xfc, 0x0, 0x1, 0xcf,
    0xf8, 0x1c, 0x70, 0x0, 0x0, 0x0, 0x72, 0x0,
    0x1d, 0xf9, 0xaf, 0xc4, 0x0, 0x0, 0x0, 0x0,
    0x2, 0x61, 0x9f, 0xb0, 0x7, 0xff, 0xfe, 0xdc,
    0xcc, 0xde, 0xff, 0xe0, 0x1e, 0x20, 0x0, 0x29,
    0xdf, 0xff, 0xff, 0xff, 0xfe, 0x90, 0x1, 0x0,
    0x0, 0x0, 0x0, 0x1, 0x10, 0x0, 0x0, 0x0,

    /* U+9002 "适" */
    0x0, 0x0, 0x0, 0x0, 0x0, 0x0, 0x1, 0x36,
    0xa3, 0x0, 0x8, 0xf4, 0x0, 0x5, 0x79, 0xbc,
    0xef, 0xff, 0xfa, 0x0, 0x4, 0xff, 0x40, 0x7,
    0xff, 0xed, 0xfe, 0x75, 0x20, 0x0, 0x0, 0x5f,
    0xf3, 0x0, 0x0, 0x1, 0xfd, 0x0, 0x0, 0x0,
    0x0, 0x8, 0xc1, 0x0, 0x0, 0x2, 0xfd, 0x0,
    0x0, 0x0, 0x0, 0x0, 0x0, 0xaf, 0xff, 0xff,
    0xff, 0xff, 0xff, 0xf4, 0x0, 0x0, 0x0, 0x69,
    0x99, 0x9a, 0xff, 0x99, 0x99, 0x92, 0x3a, 0xaa,
    0xa0, 0x0, 0x0, 0x1, 0xfd, 0x0, 0x0, 0x0,
    0x5f, 0xff, 0xf1, 0x0, 0x0, 0x2, 0xfd, 0x0,
    0x0, 0x0, 0x2, 0x2c, 0xf1, 0x1, 0xff, 0xff,
    0xff, 0xff, 0xfd, 0x0, 0x0, 0xc, 0xf1, 0x1,
    0xfd, 0x77, 0x77, 0x78, 0xfd, 0x0, 0x0, 0xc,
    0xf1, 0x1, 0xfb, 0x0, 0x0, 0x1, 0xfd, 0x0,
    0x0, 0xc, 0xf1, 0x1, 0xfb, 0x0, 0x0, 0x1,
    0xfd, 0x0, 0x0, 0xc, 0xf1, 0x1, 0xff, 0xdd,
    0xdd, 0xdd, 0xfd, 0x0, 0x0, 0xd, 0xf5, 0x0,
    0x99, 0x99, 0x99, 0x99, 0x97, 0x0, 0x2, 0xdf,
    0xff, 0xa2, 0x0, 0x0, 0x0, 0x0, 0x0, 0x0,
    0x2e, 0xf7, 0x6, 0xff, 0xda, 0x98, 0x88, 0x99,
    0xbc, 0xf3, 0xd, 0x80, 0x0, 0x18, 0xdf, 0xff,
    0xff, 0xff, 0xff, 0xf0, 0x2, 0x0, 0x0, 0x0,
    0x0, 0x12, 0x22, 0x21, 0x10, 0x0,

    /* U+9009 "选" */
    0x0, 0x0, 0x0, 0x0, 0x0, 0x0, 0xa8, 0x0,
    0x0, 0x0, 0x6, 0xd2, 0x0, 0x0, 0x8e, 0x41,
    0xfd, 0x0, 0x0, 0x0, 0x7, 0xff, 0x30, 0x0,
    0xdf, 0x22, 0xfd, 0x0, 0x0, 0x0, 0x0, 0x6f,
    0xe2, 0x5, 0xff, 0xff, 0xff, 0xff, 0xff, 0x30,
    0x0, 0x8, 0xd3, 0xd, 0xf9, 0x89, 0xfe, 0x88,
    0x88, 0x20, 0x0, 0x0, 0x10, 0x6f, 0x90, 0x1,
    0xfd, 0x0, 0x0, 0x0, 0x0, 0x0, 0x0, 0x4,
    0x0, 0x1, 0xfd, 0x0, 0x0, 0x0, 0x0, 0x0,
    0x0, 0x8c, 0xcc, 0xcc, 0xff, 0xcc, 0xcc, 0xc1,
    0x1f, 0xff, 0xf1, 0x9e, 0xee, 0xff, 0xef, 0xfe,
    0xee, 0xe1, 0x1b, 0xbe, 0xf1, 0x0, 0x4, 0xf9,
    0x8, 0xf5, 0x0, 0x0, 0x0, 0xc, 0xf1, 0x0,
    0x8, 0xf6, 0x8, 0xf5, 0x0, 0x0, 0x0, 0xc,
    0xf1, 0x0, 0xe, 0xf2, 0x8, 0xf5, 0x3, 0x20,
    0x0, 0xc, 0xf1, 0x0, 0xaf, 0xa0, 0x8, 0xf5,
    0x6, 0xf4, 0x0, 0xc, 0xf1, 0x3c, 0xfe, 0x10,
    0x8, 0xf9, 0x5b, 0xf2, 0x0, 0xc, 0xf1, 0xbf,
    0xc2, 0x0, 0x5, 0xff, 0xff, 0xd0, 0x0, 0x1d,
    0xfd, 0x46, 0x0, 0x0, 0x0, 0x46, 0x66, 0x10,
    0x2, 0xef, 0xce, 0xf7, 0x10, 0x0, 0x0, 0x0,
    0x0, 0x21, 0x1e, 0xf8, 0x1, 0xbf, 0xfd, 0xbb,
    0xbb, 0xbc, 0xde, 0xf1, 0xb, 0x90, 0x0, 0x4,
    0xbe, 0xff, 0xff, 0xff, 0xff, 0xd0, 0x1, 0x0,
    0x0, 0x0, 0x0, 0x1, 0x11, 0x0, 0x0, 0x0,

    /* U+901A "通" */
    0x0, 0x0, 0x0, 0x2, 0x33, 0x33, 0x33, 0x33,
    0x31, 0x0, 0x7, 0xd1, 0x0, 0xe, 0xff, 0xff,
    0xff, 0xff, 0xfe, 0x20, 0x9, 0xfd, 0x20, 0x4,
    0x45, 0x74, 0x44, 0x8f, 0xf7, 0x0, 0x0, 0x9f,
    0xe2, 0x0, 0xd, 0xfb, 0x58, 0xfe, 0x40, 0x0,
    0x0, 0x9, 0xf7, 0x0, 0x1, 0x7e, 0xff, 0xd1,
    0x0, 0x0, 0x0, 0x0, 0x50, 0x9, 0xaa, 0xaa,
    0xff, 0xfc, 0xbb, 0x40, 0x0, 0x0, 0x0, 0xf,
    0xfc, 0xcc, 0xfe, 0xcc, 0xef, 0x70, 0x25, 0x55,
    0x50, 0xf, 0xd0, 0x1, 0xfa, 0x0, 0x9f, 0x70,
    0x7f, 0xff, 0xf1, 0xf, 0xff, 0xff, 0xff, 0xff,
    0xff, 0x70, 0x37, 0x7d, 0xf1, 0xf, 0xe6, 0x66,
    0xfc, 0x66, 0xcf, 0x70, 0x0, 0xc, 0xf1, 0xf,
    0xd1, 0x12, 0xfa, 0x11, 0xaf, 0x70, 0x0, 0xc,
    0xf1, 0xf, 0xff, 0xff, 0xff, 0xff, 0xff, 0x70,
    0x0, 0xc, 0xf1, 0xf, 0xe5, 0x55, 0xfc, 0x55,
    0xbf, 0x70, 0x0, 0xc, 0xf1, 0xf, 0xd0, 0x1,
    0xfa, 0x0, 0x9f, 0x70, 0x0, 0xc, 0xf1, 0xf,
    0xd0, 0x1, 0xfa, 0x6f, 0xff, 0x50, 0x0, 0x9f,
    0xfb, 0x7, 0x60, 0x0, 0x64, 0x18, 0x74, 0x0,
    0x8, 0xfd, 0xaf, 0xc3, 0x0, 0x0, 0x0, 0x0,
    0x0, 0x0, 0x4f, 0xe1, 0x5, 0xff, 0xda, 0x98,
    0x88, 0x9a, 0xbd, 0xf3, 0x1e, 0x30, 0x0, 0x18,
    0xcf, 0xff, 0xff, 0xff, 0xff, 0xe0, 0x1, 0x0,
    0x0, 0x0, 0x0, 0x1, 0x11, 0x0, 0x0, 0x0,

    /* U+901F "速" */
    0x0, 0x0, 0x0, 0x0, 0x0, 0x1, 0xda, 0x0,
    0x0, 0x0, 0x3, 0xd8, 0x0, 0x0, 0x0, 0x1,
    0xfc, 0x0, 0x0, 0x0, 0x1, 0xdf, 0x90, 0x4f,
    0xff, 0xff, 0xff, 0xff, 0xff, 0xf4, 0x0, 0x1e,
    0xf7, 0x2a, 0xaa, 0xab, 0xfe, 0xaa, 0xaa, 0xa2,
    0x0, 0x2, 0xf8, 0x0, 0x0, 0x1, 0xfc, 0x0,
    0x0, 0x0, 0x0, 0x0, 0x10, 0xa, 0xff, 0xff,
    0xff, 0xff, 0xff, 0x10, 0x0, 0x0, 0x0, 0xb,
    0xf8, 0x89, 0xfe, 0x88, 0xdf, 0x20, 0xa, 0xbb,
    0xb7, 0xb, 0xf0, 0x1, 0xfc, 0x0, 0xbf, 0x20,
    0xe, 0xff, 0xfa, 0xb, 0xf4, 0x45, 0xfd, 0x44,
    0xcf, 0x20, 0x0, 0x2, 0xfa, 0xb, 0xff, 0xff,
    0xff, 0xff, 0xff, 0x20, 0x0, 0x2, 0xfa, 0x2,
    0x33, 0x6f, 0xff, 0xd4, 0x33, 0x0, 0x0, 0x2,
    0xfa, 0x0, 0x2, 0xef, 0xff, 0xfe, 0x30, 0x0,
    0x0, 0x2, 0xfa, 0x0, 0x3e, 0xf5, 0xfc, 0x5f,
    0xf7, 0x0, 0x0, 0x2, 0xfa, 0x8, 0xff, 0x41,
    0xfc, 0x4, 0xff, 0x90, 0x0, 0x2, 0xfa, 0x4f,
    0xe3, 0x1, 0xfc, 0x0, 0x3e, 0x50, 0x0, 0x1a,
    0xfe, 0x35, 0x10, 0x1, 0xd9, 0x0, 0x0, 0x0,
    0x1, 0xdf, 0xac, 0xf8, 0x10, 0x0, 0x0, 0x0,
    0x0, 0x34, 0xd, 0xf7, 0x0, 0x8f, 0xfd, 0xb9,
    0x99, 0xab, 0xcf, 0xf6, 0x8, 0xb0, 0x0, 0x3,
    0x9d, 0xff, 0xff, 0xff, 0xff, 0xe3, 0x0, 0x10,
    0x0, 0x0, 0x0, 0x0, 0x11, 0x0, 0x0, 0x0,

    /* U+9053 "道" */
    0x0, 0x0, 0x0, 0x0, 0x1, 0x0, 0x0, 0x0,
    0x0, 0x0, 0x0, 0x20, 0x0, 0x0, 0xbe, 0x10,
    0x0, 0x8e, 0x40, 0x0, 0xb, 0xf3, 0x0, 0x0,
    0x5f, 0xa0, 0x1, 0xfd, 0x0, 0x0, 0x4, 0xff,
    0x20, 0x88, 0x8f, 0xb8, 0x8c, 0xfb, 0x88, 0x60,
    0x0, 0x7f, 0xe0, 0xff, 0xff, 0xff, 0xff, 0xff,
    0xff, 0xc0, 0x0, 0xa, 0x80, 0x0, 0x0, 0xf,
    0xf0, 0x0, 0x0, 0x0, 0x0, 0x0, 0x0, 0x2,
    0x55, 0x7f, 0xb5, 0x55, 0x51, 0x0, 0x0, 0x0,
    0x0, 0x9, 0xff, 0xff, 0xff, 0xff, 0xf3, 0x0,
    0x2a, 0xaa, 0xa1, 0x9, 0xf3, 0x0, 0x0, 0xa,
    0xf3, 0x0, 0x4f, 0xff, 0xf2, 0x9, 0xf7, 0x55,
    0x55, 0x5c, 0xf3, 0x0, 0x14, 0x4b, 0xf2, 0x9,
    0xff, 0xff, 0xff, 0xff, 0xf3, 0x0, 0x0, 0xa,
    0xf2, 0x9, 0xf3, 0x0, 0x0, 0xa, 0xf3, 0x0,
    0x0, 0xa, 0xf2, 0x9, 0xff, 0xff, 0xff, 0xff,
    0xf3, 0x0, 0x0, 0xa, 0xf2, 0x9, 0xf7, 0x55,
    0x55, 0x5c, 0xf3, 0x0, 0x0, 0xa, 0xf2, 0x9,
    0xf7, 0x55, 0x55, 0x5c, 0xf3, 0x0, 0x0, 0xb,
    0xf3, 0x9, 0xff, 0xff, 0xff, 0xff, 0xf3, 0x0,
    0x0, 0x8f, 0xfc, 0x10, 0x0, 0x0, 0x0, 0x0,
    0x0, 0x0, 0x8, 0xf9, 0x2c, 0xe5, 0x0, 0x0,
    0x0, 0x0, 0x4, 0xa0, 0x4f, 0xc0, 0x0, 0xbf,
    0xeb, 0xa9, 0x99, 0xab, 0xff, 0xc0, 0x1e, 0x20,
    0x0, 0x5, 0xbe, 0xff, 0xff, 0xff, 0xfe, 0x80,
    0x1, 0x0, 0x0, 0x0, 0x0, 0x1, 0x10, 0x0,
    0x0, 0x0,

    /* U+90E8 "部" */
    0x0, 0x0, 0x0, 0x0, 0x0, 0x0, 0x0, 0x0,
    0x0, 0x0, 0x0, 0x0, 0x1c, 0xb0, 0x0, 0x0,
    0x0, 0x0, 0x0, 0x0, 0x0, 0x0, 0xc, 0xf2,
    0x0, 0x0, 0x9f, 0xff, 0xff, 0x90, 0x5, 0xaa,
    0xad, 0xfd, 0xaa, 0xa0, 0xaf, 0xcc, 0xcf, 0xe0,
    0x8, 0xff, 0xff, 0xff, 0xff, 0xf0, 0xaf, 0x10,
    0x5f, 0x80, 0x0, 0x2b, 0x70, 0x0, 0xbb, 0x10,
    0xaf, 0x10, 0xbf, 0x20, 0x0, 0xe, 0xe0, 0x1,
    0xfd, 0x0, 0xaf, 0x11, 0xfc, 0x0, 0x0, 0x9,
    0xf3, 0x6, 0xf7, 0x0, 0xaf, 0x16, 0xf6, 0x0,
    0x0, 0x5, 0xe5, 0xc, 0xf1, 0x0, 0xaf, 0x1c,
    0xe0, 0x0, 0x1f, 0xff, 0xff, 0xff, 0xff, 0xf7,
    0xaf, 0x1c, 0xf3, 0x0, 0xa, 0xaa, 0xaa, 0xaa,
    0xaa, 0xa5, 0xaf, 0x11, 0xed, 0x0, 0x0, 0x0,
    0x0, 0x0, 0x0, 0x0, 0xaf, 0x10, 0x6f, 0x60,
    0x0, 0xbb, 0xbb, 0xbb, 0xbb, 0x70, 0xaf, 0x10,
    0x1f, 0xb0, 0x0, 0xff, 0xff, 0xff, 0xff, 0xa0,
    0xaf, 0x10, 0xe, 0xd0, 0x0, 0xfc, 0x0, 0x0,
    0x3f, 0xa0, 0xaf, 0x10, 0x1f, 0xc0, 0x0, 0xfc,
    0x0, 0x0, 0x3f, 0xa0, 0xaf, 0x5c, 0xff, 0x80,
    0x0, 0xfc, 0x0, 0x0, 0x3f, 0xa0, 0xaf, 0x2e,
    0xd9, 0x0, 0x0, 0xff, 0xff, 0xff, 0xff, 0xa0,
    0xaf, 0x10, 0x0, 0x0, 0x0, 0xfe, 0xaa, 0xaa,
    0xbf, 0xa0, 0xaf, 0x10, 0x0, 0x0, 0x0, 0xfc,
    0x0, 0x0, 0x3d, 0x80, 0xaf, 0x10, 0x0, 0x0,

    /* U+914D "配" */
    0x22, 0x22, 0x22, 0x22, 0x20, 0x0, 0x0, 0x0,
    0x0, 0xf, 0xff, 0xff, 0xff, 0xff, 0x2f, 0xff,
    0xff, 0xff, 0xd0, 0x89, 0xaf, 0x9f, 0xc9, 0x91,
    0xdd, 0xdd, 0xdd, 0xfd, 0x0, 0x3, 0xf1, 0xe7,
    0x0, 0x0, 0x0, 0x0, 0xf, 0xd0, 0x37, 0x8f,
    0x8f, 0xb7, 0x40, 0x0, 0x0, 0x0, 0xfd, 0x8,
    0xff, 0xff, 0xff, 0xfa, 0x0, 0x0, 0x0, 0xf,
    0xd0, 0x8f, 0x2e, 0x4f, 0x2e, 0xa0, 0x0, 0x0,
    0x0, 0xfd, 0x8, 0xf0, 0xe1, 0xf0, 0xea, 0xc,
    0xcc, 0xcc, 0xcf, 0xd0, 0x8f, 0xf, 0xf, 0xe,
    0xa0, 0xff, 0xff, 0xff, 0xfd, 0x8, 0xf2, 0xd0,
    0xf0, 0xea, 0xf, 0xe0, 0x0, 0xf, 0xd0, 0x8f,
    0xb7, 0xd, 0xff, 0xa0, 0xfe, 0x0, 0x0, 0x54,
    0x8, 0xf4, 0x0, 0x0, 0xea, 0xf, 0xe0, 0x0,
    0x0, 0x0, 0x8f, 0x66, 0x66, 0x6f, 0xa0, 0xfe,
    0x0, 0x0, 0x0, 0x8, 0xff, 0xff, 0xff, 0xfa,
    0xf, 0xe0, 0x0, 0x1, 0x30, 0x8f, 0x0, 0x0,
    0xe, 0xa0, 0xfe, 0x0, 0x0, 0x2f, 0x88, 0xf0,
    0x0, 0x0, 0xea, 0xf, 0xe0, 0x0, 0x3, 0xf7,
    0x8f, 0xff, 0xff, 0xff, 0xa0, 0xfe, 0x0, 0x0,
    0x6f, 0x58, 0xf7, 0x77, 0x77, 0xfa, 0xd, 0xfd,
    0xcc, 0xcf, 0xf1, 0x8f, 0x0, 0x0, 0xc, 0x80,
    0x4e, 0xff, 0xff, 0xe7, 0x1, 0x10, 0x0, 0x0,
    0x0, 0x0, 0x0, 0x0, 0x0, 0x0,

    /* U+91C7 "采" */
    0x0, 0x0, 0x0, 0x0, 0x0, 0x2, 0x45, 0x7a,
    0x90, 0x0, 0x2, 0x88, 0x9a, 0xbc, 0xef, 0xff,
    0xff, 0xff, 0xf8, 0x0, 0x0, 0xff, 0xff, 0xff,
    0xfe, 0xcb, 0x98, 0x64, 0x10, 0x0, 0x0, 0x33,
    0x32, 0x10, 0x48, 0x0, 0x0, 0x6, 0xa3, 0x0,
    0x0, 0x1b, 0xb0, 0x0, 0xaf, 0x60, 0x0, 0xe,
    0xf5, 0x0, 0x0, 0xa, 0xf6, 0x0, 0x3f, 0xc0,
    0x0, 0x7f, 0xa0, 0x0, 0x0, 0x2, 0xfe, 0x0,
    0xe, 0xf0, 0x2, 0xff, 0x10, 0x0, 0x0, 0x0,
    0xad, 0x20, 0xb, 0x80, 0xb, 0xf5, 0x0, 0x0,
    0x0, 0x0, 0x10, 0x0, 0x1f, 0xf0, 0x2, 0x60,
    0x0, 0x0, 0xa, 0xcc, 0xcc, 0xcc, 0xcf, 0xfc,
    0xcc, 0xcc, 0xcc, 0xa0, 0xd, 0xff, 0xff, 0xff,
    0xff, 0xff, 0xff, 0xff, 0xff, 0xe0, 0x1, 0x11,
    0x11, 0x1c, 0xff, 0xff, 0xb1, 0x11, 0x11, 0x10,
    0x0, 0x0, 0x0, 0xaf, 0xdf, 0xfd, 0xf9, 0x0,
    0x0, 0x0, 0x0, 0x0, 0xb, 0xfe, 0x2f, 0xf2,
    0xef, 0xb1, 0x0, 0x0, 0x0, 0x3, 0xdf, 0xe2,
    0x1f, 0xf0, 0x2e, 0xfd, 0x30, 0x0, 0x0, 0x8f,
    0xfd, 0x20, 0x1f, 0xf0, 0x2, 0xdf, 0xf9, 0x10,
    0x2e, 0xff, 0xb1, 0x0, 0x1f, 0xf0, 0x0, 0x1b,
    0xff, 0xf2, 0x9, 0xe6, 0x0, 0x0, 0x1f, 0xf0,
    0x0, 0x0, 0x6e, 0x80, 0x0, 0x10, 0x0, 0x0,
    0x1f, 0xf0, 0x0, 0x0, 0x1, 0x0,

    /* U+91CD "重" */
    0x0, 0x0, 0x0, 0x0, 0x0, 0x0, 0x24, 0x68,
    0x20, 0x0, 0x0, 0x29, 0xab, 0xbc, 0xde, 0xff,
    0xff, 0xff, 0xb0, 0x0, 0x0, 0x1e, 0xdd, 0xcb,
    0xbf, 0xf8, 0x65, 0x31, 0x0, 0x0, 0x3, 0x44,
    0x44, 0x44, 0x4f, 0xe4, 0x44, 0x44, 0x44, 0x30,
    0xe, 0xff, 0xff, 0xff, 0xff, 0xff, 0xff, 0xff,
    0xff, 0xe0, 0x1, 0x22, 0x22, 0x22, 0x2f, 0xe2,
    0x22, 0x22, 0x22, 0x10, 0x0, 0xd, 0xff, 0xff,
    0xff, 0xff, 0xff, 0xff, 0xf0, 0x0, 0x0, 0xe,
    0xf5, 0x55, 0x6f, 0xe5, 0x55, 0x5f, 0xf0, 0x0,
    0x0, 0xe, 0xf3, 0x33, 0x4f, 0xe3, 0x33, 0x3e,
    0xf0, 0x0, 0x0, 0xe, 0xff, 0xff, 0xff, 0xff,
    0xff, 0xff, 0xf0, 0x0, 0x0, 0xe, 0xf0, 0x0,
    0xf, 0xd0, 0x0, 0xe, 0xf0, 0x0, 0x0, 0xe,
    0xff, 0xff, 0xff, 0xff, 0xff, 0xff, 0xf0, 0x0,
    0x0, 0x4, 0x55, 0x55, 0x6f, 0xe5, 0x55, 0x55,
    0x50, 0x0, 0x0, 0x25, 0x55, 0x55, 0x6f, 0xe5,
    0x55, 0x55, 0x54, 0x0, 0x0, 0x8f, 0xff, 0xff,
    0xff, 0xff, 0xff, 0xff, 0xfc, 0x0, 0x0, 0x12,
    0x22, 0x22, 0x2f, 0xe2, 0x22, 0x22, 0x21, 0x0,
    0xa, 0xaa, 0xaa, 0xaa, 0xaf, 0xfa, 0xaa, 0xaa,
    0xaa, 0xa0, 0xd, 0xdd, 0xdd, 0xdd, 0xdd, 0xdd,
    0xdd, 0xdd, 0xdd, 0xd0,

    /* U+91CF "量" */
    0x0, 0x0, 0x11, 0x11, 0x11, 0x11, 0x11, 0x11,
    0x0, 0x0, 0x0, 0x8, 0xff, 0xff, 0xff, 0xff,
    0xff, 0xff, 0x70, 0x0, 0x0, 0x8, 0xf6, 0x11,
    0x11, 0x11, 0x11, 0x7f, 0x70, 0x0, 0x0, 0x8,
    0xff, 0xee, 0xee, 0xee, 0xee, 0xff, 0x70, 0x0,
    0x0, 0x8, 0xf7, 0x22, 0x22, 0x22, 0x22, 0x8f,
    0x70, 0x0, 0x0, 0x6, 0xdd, 0xdd, 0xdd, 0xdd,
    0xdd, 0xdd, 0x60, 0x0, 0x6, 0x66, 0x66, 0x66,
    0x66, 0x66, 0x66, 0x66, 0x66, 0x60, 0xf, 0xff,
    0xff, 0xff, 0xff, 0xff, 0xff, 0xff, 0xff, 0xf0,
    0x0, 0x4, 0x55, 0x55, 0x55, 0x55, 0x55, 0x55,
    0x50, 0x0, 0x0, 0xd, 0xfb, 0xbb, 0xbf, 0xfb,
    0xbb, 0xbf, 0xf0, 0x0, 0x0, 0xd, 0xf3, 0x33,
    0x3f, 0xe3, 0x33, 0x3e, 0xf0, 0x0, 0x0, 0xd,
    0xfd, 0xdd, 0xdf, 0xfd, 0xdd, 0xdf, 0xf0, 0x0,
    0x0, 0xd, 0xf3, 0x33, 0x3f, 0xe3, 0x33, 0x3e,
    0xf0, 0x0, 0x0, 0xb, 0xdd, 0xdd, 0xdf, 0xfd,
    0xdd, 0xdd, 0xd0, 0x0, 0x0, 0x14, 0x44, 0x44,
    0x4f, 0xf4, 0x44, 0x44, 0x42, 0x0, 0x0, 0x5f,
    0xff, 0xff, 0xff, 0xff, 0xff, 0xff, 0xf6, 0x0,
    0x0, 0x0, 0x0, 0x0, 0xf, 0xe0, 0x0, 0x0,
    0x0, 0x0, 0x1f, 0xff, 0xff, 0xff, 0xff, 0xff,
    0xff, 0xff, 0xff, 0xf2, 0x1f, 0xff, 0xff, 0xff,
    0xff, 0xff, 0xff, 0xff, 0xff, 0xf2,

    /* U+949F "钟" */
    0x0, 0x8, 0x80, 0x0, 0x0, 0x0, 0x1d, 0xa0,
    0x0, 0x0, 0x1, 0xfd, 0x0, 0x0, 0x0, 0x1,
    0xfc, 0x0, 0x0, 0x0, 0x9f, 0xdb, 0xbb, 0x30,
    0x0, 0x1f, 0xc0, 0x0, 0x0, 0x4f, 0xff, 0xff,
    0xf5, 0x0, 0x1, 0xfc, 0x0, 0x0, 0x2f, 0xf3,
    0x0, 0x0, 0xc, 0xcc, 0xcf, 0xfc, 0xcc, 0xa0,
    0xea, 0x55, 0x55, 0x40, 0xff, 0xdd, 0xff, 0xdd,
    0xfe, 0x2, 0xbf, 0xff, 0xff, 0xf, 0xb0, 0x1f,
    0xc0, 0xe, 0xe0, 0x4, 0x6f, 0xd6, 0x50, 0xfb,
    0x1, 0xfc, 0x0, 0xee, 0x0, 0x1, 0xfb, 0x0,
    0xf, 0xb0, 0x1f, 0xc0, 0xe, 0xe0, 0x23, 0x4f,
    0xc3, 0x31, 0xfb, 0x1, 0xfc, 0x0, 0xee, 0xd,
    0xff, 0xff, 0xff, 0x5f, 0xfc, 0xdf, 0xfc, 0xcf,
    0xe0, 0x68, 0x8f, 0xd8, 0x82, 0xff, 0xff, 0xff,
    0xff, 0xfe, 0x0, 0x1, 0xfb, 0x0, 0xf, 0xb0,
    0x2f, 0xc0, 0xe, 0xe0, 0x0, 0x1f, 0xb0, 0x0,
    0x43, 0x1, 0xfc, 0x0, 0x11, 0x0, 0x1, 0xfb,
    0x6, 0x40, 0x0, 0x1f, 0xc0, 0x0, 0x0, 0x0,
    0x1f, 0xed, 0xf8, 0x0, 0x1, 0xfc, 0x0, 0x0,
    0x0, 0x6, 0xff, 0xf9, 0x10, 0x0, 0x1f, 0xc0,
    0x0, 0x0, 0x0, 0xef, 0xb2, 0x0, 0x0, 0x1,
    0xfc, 0x0, 0x0, 0x0, 0x6, 0x50, 0x0, 0x0,
    0x0, 0x1f, 0xc0, 0x0, 0x0,

    /* U+9500 "销" */
    0x0, 0x0, 0x0, 0x0, 0x0, 0x0, 0x1, 0x0,
    0x0, 0x0, 0x0, 0xb, 0xa0, 0x0, 0x1, 0x10,
    0xf, 0xb0, 0x3, 0x20, 0x0, 0x2f, 0xb0, 0x0,
    0x1f, 0xb0, 0xf, 0xb0, 0xd, 0xf1, 0x0, 0xbf,
    0xdb, 0xbb, 0x2a, 0xf4, 0xf, 0xb0, 0x5f, 0x90,
    0x5, 0xff, 0xff, 0xff, 0x32, 0xfc, 0xf, 0xb0,
    0xdf, 0x10, 0x2f, 0xe2, 0x0, 0x0, 0x0, 0xa7,
    0xf, 0xb1, 0xa7, 0x0, 0xe, 0x94, 0x44, 0x44,
    0x6, 0x66, 0x7f, 0xd6, 0x67, 0x40, 0x1, 0xef,
    0xff, 0xfe, 0xf, 0xff, 0xff, 0xff, 0xff, 0xb0,
    0x0, 0x56, 0xfc, 0x65, 0xf, 0xc5, 0x55, 0x55,
    0x5f, 0xb0, 0x0, 0x1, 0xfa, 0x0, 0xf, 0xa0,
    0x0, 0x0, 0xf, 0xb0, 0x0, 0x1, 0xfa, 0x0,
    0xf, 0xea, 0xaa, 0xaa, 0xaf, 0xb0, 0xc, 0xff,
    0xff, 0xff, 0x5f, 0xff, 0xff, 0xff, 0xff, 0xb0,
    0x8, 0xbb, 0xfe, 0xbb, 0x3f, 0xa0, 0x0, 0x0,
    0xf, 0xb0, 0x0, 0x1, 0xfa, 0x0, 0xf, 0xb0,
    0x0, 0x0, 0xf, 0xb0, 0x0, 0x1, 0xfa, 0x0,
    0xf, 0xff, 0xff, 0xff, 0xff, 0xb0, 0x0, 0x1,
    0xfa, 0x5, 0xf, 0xe9, 0x99, 0x99, 0x9f, 0xb0,
    0x0, 0x1, 0xfc, 0xdf, 0xf, 0xa0, 0x0, 0x0,
    0xf, 0xb0, 0x0, 0x4, 0xff, 0xfa, 0x1f, 0xa0,
    0x0, 0x0, 0xf, 0xb0, 0x0, 0xd, 0xfc, 0x30,
    0xf, 0xa0, 0x0, 0x7a, 0xbf, 0xa0, 0x0, 0x7,
    0x70, 0x0, 0xf, 0xa0, 0x0, 0x6f, 0xfd, 0x30,
    0x0, 0x0, 0x0, 0x0, 0x0, 0x0, 0x0, 0x0,
    0x0, 0x0,

    /* U+955C "镜" */
    0x0, 0x7, 0x81, 0x0, 0x0, 0x0, 0x4d, 0x60,
    0x0, 0x0, 0x0, 0xe, 0xe0, 0x0, 0x8, 0x88,
    0xaf, 0xe8, 0x88, 0x50, 0x0, 0x7f, 0xec, 0xcb,
    0x1f, 0xff, 0xff, 0xff, 0xff, 0xa0, 0x1, 0xff,
    0xff, 0xfe, 0x0, 0x4d, 0x30, 0x8, 0xc1, 0x0,
    0xc, 0xf6, 0x0, 0x0, 0x0, 0x2f, 0x80, 0xe,
    0xb0, 0x0, 0xd, 0xc1, 0x11, 0x11, 0xaf, 0xff,
    0xff, 0xff, 0xff, 0xf1, 0x4, 0xcf, 0xff, 0xfa,
    0x6a, 0xaa, 0xaa, 0xaa, 0xaa, 0xa0, 0x0, 0x9d,
    0xff, 0xd8, 0x3, 0x44, 0x44, 0x44, 0x44, 0x10,
    0x0, 0x2, 0xfa, 0x0, 0xc, 0xff, 0xff, 0xff,
    0xff, 0x40, 0x0, 0x2, 0xfa, 0x0, 0xc, 0xe1,
    0x11, 0x11, 0x8f, 0x40, 0xb, 0xff, 0xff, 0xff,
    0x3c, 0xff, 0xff, 0xff, 0xff, 0x40, 0x7, 0xbb,
    0xfe, 0xbb, 0x2c, 0xe0, 0x0, 0x0, 0x7f, 0x40,
    0x0, 0x2, 0xfa, 0x0, 0xc, 0xfd, 0xdd, 0xdd,
    0xef, 0x40, 0x0, 0x2, 0xfa, 0x0, 0x5, 0x6f,
    0xe6, 0xdf, 0x76, 0x10, 0x0, 0x2, 0xfa, 0x2b,
    0x0, 0x1f, 0xb0, 0xbf, 0x10, 0x0, 0x0, 0x2,
    0xfe, 0xff, 0x20, 0x6f, 0x70, 0xbf, 0x10, 0x50,
    0x0, 0x7, 0xff, 0xe5, 0x2, 0xef, 0x20, 0xbf,
    0x11, 0xf6, 0x0, 0x1f, 0xfb, 0x12, 0x8f, 0xf7,
    0x0, 0xaf, 0x78, 0xf4, 0x0, 0x9, 0x70, 0x3,
    0xfd, 0x50, 0x0, 0x5e, 0xff, 0xc0, 0x0, 0x0,
    0x0, 0x0, 0x20, 0x0, 0x0, 0x0, 0x0, 0x0,

    /* U+957F "长" */
    0x0, 0x0, 0xa9, 0x0, 0x0, 0x0, 0x0, 0x20,
    0x0, 0x0, 0x0, 0x1f, 0xe0, 0x0, 0x0, 0x0,
    0x6f, 0xd1, 0x0, 0x0, 0x1, 0xfe, 0x0, 0x0,
    0x0, 0x9f, 0xf5, 0x0, 0x0, 0x0, 0x1f, 0xe0,
    0x0, 0x3, 0xdf, 0xe4, 0x0, 0x0, 0x0, 0x1,
    0xfe, 0x0, 0x2a, 0xff, 0xc1, 0x0, 0x0, 0x0,
    0x0, 0x1f, 0xe0, 0x7f, 0xff, 0x60, 0x0, 0x0,
    0x0, 0x0, 0x1, 0xfe, 0x0, 0xc9, 0x10, 0x0,
    0x0, 0x0, 0x0, 0x0, 0x2f, 0xe0, 0x0, 0x0,
    0x0, 0x0, 0x0, 0x0, 0xbf, 0xff, 0xff, 0xff,
    0xff, 0xff, 0xff, 0xff, 0xff, 0x29, 0xdd, 0xdf,
    0xfd, 0xde, 0xff, 0xdd, 0xdd, 0xdd, 0xd1, 0x0,
    0x1, 0xfe, 0x0, 0xe, 0xf1, 0x0, 0x0, 0x0,
    0x0, 0x0, 0x1f, 0xe0, 0x0, 0x7f, 0xa0, 0x0,
    0x0, 0x0, 0x0, 0x1, 0xfe, 0x0, 0x0, 0xef,
    0x60, 0x0, 0x0, 0x0, 0x0, 0x1f, 0xe0, 0x0,
    0x4, 0xff, 0x50, 0x0, 0x0, 0x0, 0x1, 0xfe,
    0x0, 0x0, 0x7, 0xff, 0x80, 0x0, 0x0, 0x0,
    0x1f, 0xe3, 0x7b, 0xe8, 0x7, 0xff, 0xd5, 0x0,
    0x0, 0x6, 0xff, 0xff, 0xff, 0x70, 0x4, 0xef,
    0xfe, 0x30, 0x0, 0xbf, 0xfc, 0x73, 0x0, 0x0,
    0x0, 0x7e, 0xb0, 0x0, 0x3, 0x50, 0x0, 0x0,
    0x0, 0x0, 0x0, 0x0, 0x0,

    /* U+95ED "闭" */
    0x1, 0x80, 0x0, 0x0, 0x0, 0x0, 0x0, 0x0,
    0x0, 0x9, 0xfb, 0x0, 0x9d, 0xdd, 0xdd, 0xdd,
    0xdd, 0xe9, 0x0, 0xcf, 0x80, 0xbf, 0xff, 0xff,
    0xff, 0xff, 0xfb, 0x0, 0x2f, 0xb0, 0x0, 0x0,
    0x0, 0x0, 0x2, 0xfb, 0x0, 0x3, 0x0, 0x0,
    0x0, 0xab, 0x0, 0x2, 0xfb, 0x3e, 0xa0, 0x0,
    0x0, 0x0, 0xdf, 0x10, 0x2, 0xfb, 0x3f, 0xb0,
    0x11, 0x11, 0x11, 0xef, 0x21, 0x12, 0xfb, 0x3f,
    0xb2, 0xff, 0xff, 0xff, 0xff, 0xff, 0xb2, 0xfb,
    0x3f, 0xb1, 0xaa, 0xaa, 0xbf, 0xff, 0xba, 0x72,
    0xfb, 0x3f, 0xb0, 0x0, 0x0, 0x9f, 0xff, 0x10,
    0x2, 0xfb, 0x3f, 0xb0, 0x0, 0x7, 0xfc, 0xef,
    0x10, 0x2, 0xfb, 0x3f, 0xb0, 0x0, 0x9f, 0xd1,
    0xdf, 0x10, 0x2, 0xfb, 0x3f, 0xb0, 0x2c, 0xfc,
    0x10, 0xdf, 0x10, 0x2, 0xfb, 0x3f, 0xb7, 0xff,
    0xa0, 0x0, 0xdf, 0x10, 0x2, 0xfb, 0x3f, 0xb3,
    0xd4, 0x0, 0x0, 0xdf, 0x10, 0x2, 0xfb, 0x3f,
    0xb0, 0x0, 0x8, 0xdd, 0xff, 0x0, 0x2, 0xfb,
    0x3f, 0xb0, 0x0, 0x4, 0xfe, 0xc6, 0x0, 0x2,
    0xfb, 0x3f, 0xb0, 0x0, 0x0, 0x0, 0x0, 0x7,
    0xac, 0xfa, 0x3f, 0xb0, 0x0, 0x0, 0x0, 0x0,
    0x6, 0xff, 0xd3, 0x0, 0x0, 0x0, 0x0, 0x0,
    0x0, 0x0, 0x0, 0x0,

    /* U+95F4 "间" */
    0x0, 0x70, 0x0, 0x0, 0x0, 0x0, 0x0, 0x0,
    0x0, 0x8, 0xfc, 0x0, 0x9d, 0xdd, 0xdd, 0xdd,
    0xdd, 0xda, 0x0, 0xcf, 0x90, 0xbf, 0xff, 0xff,
    0xff, 0xff, 0xfd, 0x0, 0x1f, 0xc0, 0x0, 0x0,
    0x0, 0x0, 0x2, 0xfd, 0x0, 0x3, 0x0, 0x0,
    0x0, 0x0, 0x0, 0x2, 0xfd, 0x2e, 0xc0, 0x0,
    0x0, 0x0, 0x0, 0x0, 0x2, 0xfd, 0x2f, 0xd0,
    0xb, 0xff, 0xff, 0xff, 0xf1, 0x2, 0xfd, 0x2f,
    0xd0, 0xb, 0xf8, 0x88, 0x8d, 0xf1, 0x2, 0xfd,
    0x2f, 0xd0, 0xb, 0xf0, 0x0, 0xa, 0xf1, 0x2,
    0xfd, 0x2f, 0xd0, 0xb, 0xf8, 0x88, 0x8d, 0xf1,
    0x2, 0xfd, 0x2f, 0xd0, 0xb, 0xff, 0xff, 0xff,
    0xf1, 0x2, 0xfd, 0x2f, 0xd0, 0xb, 0xf1, 0x0,
    0xb, 0xf1, 0x2, 0xfd, 0x2f, 0xd0, 0xb, 0xf0,
    0x0, 0xa, 0xf1, 0x2, 0xfd, 0x2f, 0xd0, 0xb,
    0xf8, 0x88, 0x8d, 0xf1, 0x2, 0xfd, 0x2f, 0xd0,
    0xb, 0xff, 0xff, 0xff, 0xf1, 0x2, 0xfd, 0x2f,
    0xd0, 0x0, 0x0, 0x0, 0x0, 0x0, 0x2, 0xfd,
    0x2f, 0xd0, 0x0, 0x0, 0x0, 0x0, 0x0, 0x2,
    0xfd, 0x2f, 0xd0, 0x0, 0x0, 0x0, 0x0, 0x2,
    0xbc, 0xfc, 0x2f, 0xd0, 0x0, 0x0, 0x0, 0x0,
    0x0, 0xef, 0xd4,

    /* U+961F "队" */
    0x0, 0x0, 0x0, 0x0, 0x0, 0x9, 0xd3, 0x0,
    0x0, 0x1, 0xff, 0xff, 0xff, 0x70, 0x0, 0xbf,
    0x30, 0x0, 0x0, 0x1f, 0xea, 0xad, 0xf8, 0x0,
    0xb, 0xf3, 0x0, 0x0, 0x1, 0xfb, 0x0, 0xcf,
    0x20, 0x0, 0xcf, 0x20, 0x0, 0x0, 0x1f, 0xb0,
    0x2f, 0xb0, 0x0, 0xc, 0xf2, 0x0, 0x0, 0x1,
    0xfb, 0x7, 0xf5, 0x0, 0x0, 0xdf, 0x10, 0x0,
    0x0, 0x1f, 0xb0, 0xde, 0x0, 0x0, 0xd, 0xf2,
    0x0, 0x0, 0x1, 0xfb, 0xb, 0xf4, 0x0, 0x0,
    0xff, 0x40, 0x0, 0x0, 0x1f, 0xb0, 0x1f, 0xd0,
    0x0, 0x1f, 0xf7, 0x0, 0x0, 0x1, 0xfb, 0x0,
    0x8f, 0x40, 0x3, 0xff, 0xb0, 0x0, 0x0, 0x1f,
    0xb0, 0x4, 0xf8, 0x0, 0x6f, 0xff, 0x0, 0x0,
    0x1, 0xfb, 0x0, 0x4f, 0x80, 0xb, 0xfd, 0xf4,
    0x0, 0x0, 0x1f, 0xb2, 0x7c, 0xf6, 0x1, 0xff,
    0x4f, 0xa0, 0x0, 0x1, 0xfb, 0x1f, 0xfd, 0x10,
    0x7f, 0xa0, 0xdf, 0x20, 0x0, 0x1f, 0xb0, 0x44,
    0x0, 0x1f, 0xf3, 0x6, 0xfa, 0x0, 0x1, 0xfb,
    0x0, 0x0, 0xc, 0xfa, 0x0, 0xd, 0xf6, 0x0,
    0x1f, 0xb0, 0x0, 0xb, 0xfe, 0x10, 0x0, 0x4f,
    0xf4, 0x1, 0xfb, 0x0, 0xc, 0xfe, 0x20, 0x0,
    0x0, 0x8f, 0xf4, 0x1f, 0xb0, 0x0, 0x3d, 0x20,
    0x0, 0x0, 0x0, 0x7a, 0x0, 0x0, 0x0, 0x0,
    0x0, 0x0, 0x0, 0x0, 0x0, 0x0,

    /* U+9645 "际" */
    0x24, 0x44, 0x44, 0x0, 0x0, 0x0, 0x0, 0x0,
    0x0, 0xa, 0xff, 0xff, 0xfc, 0xa, 0xbb, 0xbb,
    0xbb, 0xb9, 0x0, 0xaf, 0x87, 0xbf, 0x90, 0xff,
    0xff, 0xff, 0xff, 0xd0, 0xa, 0xf2, 0xa, 0xf3,
    0x0, 0x11, 0x11, 0x11, 0x10, 0x0, 0xaf, 0x20,
    0xed, 0x0, 0x0, 0x0, 0x0, 0x0, 0x0, 0xa,
    0xf2, 0x3f, 0x70, 0x0, 0x0, 0x0, 0x0, 0x0,
    0x0, 0xaf, 0x27, 0xf1, 0x7, 0xcc, 0xcc, 0xcc,
    0xcc, 0xcc, 0x1a, 0xf2, 0x4f, 0x70, 0xaf, 0xff,
    0xff, 0xff, 0xff, 0xf2, 0xaf, 0x20, 0xbf, 0x10,
    0x0, 0xb, 0xf3, 0x0, 0x0, 0xa, 0xf2, 0x5,
    0xf6, 0x0, 0x0, 0xbf, 0x30, 0x0, 0x0, 0xaf,
    0x20, 0x3f, 0x90, 0xa9, 0xb, 0xf3, 0x5d, 0x10,
    0xa, 0xf2, 0x3, 0xf9, 0xf, 0xc0, 0xbf, 0x35,
    0xf8, 0x0, 0xaf, 0x29, 0xdf, 0x75, 0xf8, 0xb,
    0xf3, 0xf, 0xe0, 0xa, 0xf2, 0xaf, 0xb0, 0xbf,
    0x20, 0xbf, 0x30, 0xaf, 0x50, 0xaf, 0x20, 0x0,
    0x3f, 0xd0, 0xb, 0xf3, 0x5, 0xfb, 0xa, 0xf2,
    0x0, 0xc, 0xf6, 0x0, 0xbf, 0x30, 0x1f, 0xf0,
    0xaf, 0x20, 0x0, 0x6d, 0x0, 0xb, 0xf3, 0x0,
    0xdc, 0x1a, 0xf2, 0x0, 0x0, 0x0, 0xef, 0xff,
    0x20, 0x1, 0x0, 0xaf, 0x20, 0x0, 0x0, 0xb,
    0xfe, 0x80, 0x0, 0x0, 0x0,

    /* U+9650 "限" */
    0x0, 0x0, 0x1, 0x0, 0x0, 0x0, 0x0, 0x0,
    0x0, 0x1, 0xff, 0xff, 0xfc, 0x1f, 0xff, 0xff,
    0xff, 0xfe, 0x0, 0x1f, 0xda, 0xaf, 0xe0, 0xff,
    0xaa, 0xaa, 0xaf, 0xe0, 0x1, 0xf9, 0x3, 0xf8,
    0xf, 0xe0, 0x0, 0x0, 0xee, 0x0, 0x1f, 0x90,
    0x8f, 0x20, 0xff, 0x88, 0x88, 0x8f, 0xe0, 0x1,
    0xf9, 0xd, 0xc0, 0xf, 0xff, 0xff, 0xff, 0xfe,
    0x0, 0x1f, 0x92, 0xf7, 0x0, 0xfe, 0x0, 0x0,
    0xe, 0xe0, 0x1, 0xf9, 0xd, 0xe0, 0xf, 0xe0,
    0x0, 0x0, 0xee, 0x0, 0x1f, 0x90, 0x4f, 0x70,
    0xff, 0xbb, 0xbb, 0xbf, 0xe0, 0x1, 0xf9, 0x0,
    0xec, 0xf, 0xff, 0xff, 0xff, 0xfd, 0x0, 0x1f,
    0x90, 0xb, 0xf0, 0xfe, 0x5, 0xf4, 0x0, 0x41,
    0x1, 0xf9, 0x0, 0xcf, 0xf, 0xe0, 0x1f, 0xa0,
    0x6f, 0xc0, 0x1f, 0x95, 0xbf, 0xc0, 0xfe, 0x0,
    0xbf, 0xaf, 0xd3, 0x1, 0xf9, 0x5f, 0xd3, 0xf,
    0xe0, 0x5, 0xff, 0x90, 0x0, 0x1f, 0x90, 0x0,
    0x0, 0xfe, 0x0, 0xd, 0xf4, 0x0, 0x1, 0xf9,
    0x0, 0x0, 0xf, 0xe0, 0x15, 0x5f, 0xe3, 0x0,
    0x1f, 0x90, 0x0, 0x1, 0xff, 0xdf, 0xf1, 0x9f,
    0xf6, 0x1, 0xf9, 0x0, 0x0, 0x8f, 0xff, 0xd8,
    0x10, 0xaf, 0xf3, 0x1f, 0x90, 0x0, 0x3, 0xd7,
    0x20, 0x0, 0x0, 0x67, 0x0, 0x0, 0x0, 0x0,
    0x0, 0x0, 0x0, 0x0, 0x0, 0x0,

    /* U+968F "随" */
    0x0, 0x0, 0x0, 0x0, 0x0, 0x0, 0x99, 0x0,
    0x0, 0x8, 0xff, 0xff, 0x70, 0x0, 0x0, 0xf,
    0xb0, 0x0, 0x0, 0x9f, 0xcc, 0xfd, 0xe3, 0x1a,
    0xac, 0xfd, 0xaa, 0xa9, 0x9, 0xf1, 0x5f, 0x6e,
    0xd1, 0xff, 0xff, 0xff, 0xff, 0xd0, 0x9f, 0x19,
    0xf1, 0x4f, 0x70, 0x4f, 0xa0, 0x0, 0x0, 0x9,
    0xf1, 0xdc, 0x0, 0x93, 0xd, 0xfa, 0x77, 0x77,
    0x0, 0x9f, 0x3f, 0x70, 0x0, 0xa, 0xff, 0xff,
    0xff, 0xf1, 0x9, 0xf4, 0xf6, 0x25, 0x59, 0xfc,
    0xfa, 0x0, 0x9f, 0x10, 0x9f, 0x1a, 0xe9, 0xff,
    0xb6, 0xf, 0xff, 0xff, 0xf1, 0x9, 0xf1, 0x4f,
    0x62, 0xeb, 0x0, 0xfc, 0x66, 0xcf, 0x10, 0x9f,
    0x10, 0xf8, 0xe, 0xb0, 0xf, 0xa0, 0x9, 0xf1,
    0x9, 0xf1, 0xf, 0x90, 0xeb, 0x0, 0xff, 0xff,
    0xff, 0x10, 0x9f, 0x24, 0xf8, 0xe, 0xb0, 0xf,
    0xc5, 0x5c, 0xf1, 0x9, 0xf8, 0xff, 0x30, 0xeb,
    0x0, 0xfa, 0x0, 0x9f, 0x10, 0x9f, 0x36, 0x20,
    0xf, 0xb0, 0xf, 0xa0, 0xaf, 0xf0, 0x9, 0xf1,
    0x0, 0xb, 0xff, 0x30, 0x85, 0x4, 0x73, 0x0,
    0x9f, 0x10, 0x8, 0xfa, 0xdf, 0x40, 0x0, 0x0,
    0x0, 0x9, 0xf1, 0x2, 0xfb, 0x1, 0xbf, 0xda,
    0x99, 0xab, 0xc0, 0x9f, 0x10, 0x9, 0x20, 0x0,
    0x6d, 0xff, 0xff, 0xfb, 0x0, 0x0, 0x0, 0x0,
    0x0, 0x0, 0x0, 0x0, 0x0, 0x0,

    /* U+9694 "隔" */
    0x0, 0x0, 0x10, 0x0, 0x0, 0x0, 0x0, 0x0,
    0x0, 0x9, 0xff, 0xff, 0xd4, 0xff, 0xff, 0xff,
    0xff, 0xff, 0xf1, 0x9f, 0xaa, 0xff, 0x29, 0x99,
    0x99, 0x99, 0x99, 0x99, 0x9, 0xf1, 0x1f, 0xb0,
    0x6, 0x66, 0x66, 0x66, 0x66, 0x0, 0x9f, 0x15,
    0xf5, 0x1, 0xff, 0xff, 0xff, 0xff, 0xf0, 0x9,
    0xf1, 0xaf, 0x0, 0x1f, 0x80, 0x0, 0x0, 0xbf,
    0x0, 0x9f, 0x2f, 0x90, 0x1, 0xfc, 0x88, 0x88,
    0x8d, 0xf0, 0x9, 0xf1, 0xde, 0x0, 0xc, 0xcc,
    0xcc, 0xcc, 0xcc, 0x0, 0x9f, 0x13, 0xf8, 0x5,
    0x55, 0x55, 0x55, 0x55, 0x64, 0x9, 0xf1, 0xd,
    0xd0, 0xff, 0xff, 0xff, 0xff, 0xff, 0xc0, 0x9f,
    0x10, 0x9f, 0xf, 0xa3, 0x91, 0x12, 0x72, 0xfc,
    0x9, 0xf1, 0x9, 0xf1, 0xfa, 0x1f, 0x60, 0x7f,
    0x1f, 0xc0, 0x9f, 0x47, 0xef, 0xf, 0xa0, 0x8e,
    0xe, 0x80, 0xfc, 0x9, 0xf5, 0xff, 0x70, 0xfa,
    0x7a, 0xcb, 0xfa, 0x3f, 0xc0, 0x9f, 0x13, 0x10,
    0xf, 0xa8, 0xad, 0xfb, 0xa4, 0xfc, 0x9, 0xf1,
    0x0, 0x0, 0xfa, 0x0, 0x7f, 0x10, 0xf, 0xc0,
    0x9f, 0x10, 0x0, 0xf, 0xa0, 0x7, 0xf1, 0x0,
    0xfc, 0x9, 0xf1, 0x0, 0x0, 0xfa, 0x0, 0x7f,
    0x14, 0x7f, 0xb0, 0x9f, 0x10, 0x0, 0xf, 0xa0,
    0x7, 0xf1, 0x4f, 0xf5, 0x0, 0x0, 0x0, 0x0,
    0x10, 0x0, 0x0, 0x0, 0x0, 0x0,

    /* U+96C6 "集" */
    0x0, 0x0, 0x2d, 0x90, 0x6, 0xd3, 0x0, 0x0,
    0x0, 0x0, 0x0, 0x0, 0xbf, 0x60, 0x4, 0xfb,
    0x0, 0x0, 0x0, 0x0, 0x0, 0x7, 0xff, 0xdd,
    0xdd, 0xff, 0xdd, 0xdd, 0xdb, 0x0, 0x0, 0x4f,
    0xfa, 0xaa, 0xac, 0xfd, 0xaa, 0xaa, 0xa9, 0x0,
    0x4, 0xff, 0xf3, 0x33, 0x38, 0xf9, 0x33, 0x33,
    0x30, 0x0, 0x4f, 0xff, 0xff, 0xff, 0xff, 0xff,
    0xff, 0xff, 0xf0, 0x0, 0x7, 0x3d, 0xf1, 0x11,
    0x16, 0xf8, 0x11, 0x11, 0x10, 0x0, 0x0, 0xd,
    0xfe, 0xee, 0xef, 0xff, 0xee, 0xee, 0xe0, 0x0,
    0x0, 0xd, 0xf4, 0x44, 0x49, 0xfa, 0x44, 0x44,
    0x40, 0x0, 0x0, 0xd, 0xfa, 0xaa, 0xac, 0xfc,
    0xaa, 0xaa, 0xaa, 0x40, 0x0, 0xd, 0xfd, 0xdd,
    0xdd, 0xdd, 0xdd, 0xdd, 0xdd, 0x60, 0x0, 0x6,
    0x70, 0x0, 0xb, 0x90, 0x0, 0x0, 0x0, 0x0,
    0x8, 0x88, 0x88, 0x88, 0x8f, 0xe8, 0x88, 0x88,
    0x88, 0x70, 0x1f, 0xff, 0xff, 0xff, 0xff, 0xff,
    0xff, 0xff, 0xff, 0xe0, 0x0, 0x0, 0x0, 0x7f,
    0xff, 0xff, 0xe5, 0x0, 0x0, 0x0, 0x0, 0x0,
    0x5d, 0xfd, 0x4f, 0xd4, 0xef, 0xc4, 0x0, 0x0,
    0x2, 0x8e, 0xff, 0x80, 0x1f, 0xd0, 0x19, 0xff,
    0xd8, 0x30, 0x4f, 0xff, 0xa2, 0x0, 0x1f, 0xd0,
    0x0, 0x2a, 0xff, 0xe1, 0x8, 0x71, 0x0, 0x0,
    0x1f, 0xd0, 0x0, 0x0, 0x17, 0x40,

    /* U+96F7 "雷" */
    0x2, 0x55, 0x55, 0x55, 0x55, 0x55, 0x55, 0x55,
    0x20, 0x6, 0xff, 0xff, 0xff, 0xff, 0xff, 0xff,
    0xff, 0x50, 0x0, 0x22, 0x22, 0x22, 0xfe, 0x22,
    0x22, 0x22, 0x0, 0x58, 0x88, 0x88, 0x88, 0xfe,
    0x88, 0x88, 0x88, 0x85, 0xaf, 0xff, 0xff, 0xff,
    0xff, 0xff, 0xff, 0xff, 0xfa, 0xaf, 0x10, 0x0,
    0x0, 0xfd, 0x0, 0x0, 0x1, 0xfa, 0xaf, 0x2f,
    0xff, 0xf2, 0xfd, 0x4f, 0xff, 0xf2, 0xfa, 0x9e,
    0x14, 0x44, 0x40, 0xfd, 0x14, 0x44, 0x41, 0xe9,
    0x0, 0x7f, 0xff, 0xf3, 0xfd, 0x4f, 0xff, 0xf8,
    0x0, 0x0, 0x25, 0x55, 0x51, 0xfd, 0x15, 0x55,
    0x53, 0x0, 0x0, 0x67, 0x77, 0x77, 0x99, 0x77,
    0x77, 0x76, 0x0, 0x0, 0xef, 0xff, 0xff, 0xff,
    0xff, 0xff, 0xfe, 0x0, 0x0, 0xef, 0x0, 0x0,
    0xfd, 0x0, 0x0, 0xfe, 0x0, 0x0, 0xef, 0x66,
    0x66, 0xfe, 0x66, 0x66, 0xfe, 0x0, 0x0, 0xef,
    0xff, 0xff, 0xff, 0xff, 0xff, 0xfe, 0x0, 0x0,
    0xef, 0x0, 0x0, 0xfd, 0x0, 0x0, 0xfe, 0x0,
    0x0, 0xef, 0xaa, 0xaa, 0xff, 0xaa, 0xaa, 0xfe,
    0x0, 0x0, 0xef, 0xcc, 0xcc, 0xcc, 0xcc, 0xcc,
    0xfe, 0x0, 0x0, 0xef, 0x0, 0x0, 0x0, 0x0,
    0x0, 0xfe, 0x0, 0x0, 0x22, 0x0, 0x0, 0x0,
    0x0, 0x0, 0x0, 0x0,

    /* U+9700 "需" */
    0x0, 0x22, 0x22, 0x22, 0x22, 0x22, 0x22, 0x22,
    0x0, 0x5, 0xff, 0xff, 0xff, 0xff, 0xff, 0xff,
    0xff, 0x50, 0x0, 0x33, 0x33, 0x33, 0xfe, 0x33,
    0x33, 0x33, 0x10, 0x8e, 0xee, 0xee, 0xee, 0xff,
    0xee, 0xee, 0xee, 0xea, 0x8f, 0x86, 0x66, 0x66,
    0xff, 0x66, 0x66, 0x67, 0xfb, 0x8f, 0x23, 0x33,
    0x30, 0xee, 0x3, 0x33, 0x31, 0xfb, 0x8f, 0x2f,
    0xff, 0xf2, 0xee, 0x3f, 0xff, 0xf2, 0xfb, 0x0,
    0x13, 0x33, 0x30, 0xee, 0x3, 0x33, 0x31, 0x0,
    0x0, 0x6f, 0xff, 0xf3, 0xed, 0x3f, 0xff, 0xf8,
    0x0, 0x47, 0x77, 0x77, 0x77, 0x77, 0x77, 0x77,
    0x77, 0x76, 0xbf, 0xff, 0xff, 0xff, 0xff, 0xff,
    0xff, 0xff, 0xfe, 0x1, 0x11, 0x11, 0x13, 0xfb,
    0x11, 0x11, 0x11, 0x10, 0x1, 0x88, 0x88, 0x8b,
    0xfc, 0x88, 0x88, 0x88, 0x60, 0x3, 0xff, 0xff,
    0xff, 0xff, 0xff, 0xff, 0xff, 0xb0, 0x3, 0xf9,
    0x0, 0xed, 0x0, 0x8f, 0x30, 0x1f, 0xb0, 0x3,
    0xf9, 0x0, 0xed, 0x0, 0x8f, 0x30, 0x1f, 0xb0,
    0x3, 0xf9, 0x0, 0xed, 0x0, 0x8f, 0x30, 0x1f,
    0xb0, 0x3, 0xf9, 0x0, 0xed, 0x0, 0x8f, 0x35,
    0x7f, 0xb0, 0x3, 0xf9, 0x0, 0xed, 0x0, 0x8f,
    0x38, 0xff, 0x60, 0x0, 0x21, 0x0, 0x0, 0x0,
    0x0, 0x0, 0x20, 0x0,

    /* U+9762 "面" */
    0xac, 0xcc, 0xcc, 0xcc, 0xcc, 0xcc, 0xcc, 0xcc,
    0xcb, 0xef, 0xff, 0xff, 0xff, 0xff, 0xff, 0xff,
    0xff, 0xff, 0x0, 0x0, 0x0, 0x7, 0xfb, 0x0,
    0x0, 0x0, 0x0, 0x0, 0x0, 0x0, 0xa, 0xf5,
    0x0, 0x0, 0x0, 0x0, 0xc, 0xcc, 0xcc, 0xcf,
    0xfc, 0xcc, 0xcc, 0xcc, 0xc0, 0xf, 0xff, 0xff,
    0xff, 0xff, 0xff, 0xff, 0xff, 0xf0, 0xf, 0xc0,
    0xb, 0xf0, 0x0, 0x4f, 0x70, 0xe, 0xf0, 0xf,
    0xc0, 0xb, 0xf0, 0x0, 0x4f, 0x70, 0xe, 0xf0,
    0xf, 0xc0, 0xb, 0xff, 0xff, 0xff, 0x70, 0xe,
    0xf0, 0xf, 0xc0, 0xb, 0xf7, 0x77, 0xaf, 0x70,
    0xe, 0xf0, 0xf, 0xc0, 0xb, 0xf0, 0x0, 0x4f,
    0x70, 0xe, 0xf0, 0xf, 0xc0, 0xb, 0xf8, 0x88,
    0xaf, 0x70, 0xe, 0xf0, 0xf, 0xc0, 0xb, 0xff,
    0xff, 0xff, 0x70, 0xe, 0xf0, 0xf, 0xc0, 0xb,
    0xf0, 0x0, 0x4f, 0x70, 0xe, 0xf0, 0xf, 0xc0,
    0xb, 0xf0, 0x0, 0x4f, 0x70, 0xe, 0xf0, 0xf,
    0xff, 0xff, 0xff, 0xff, 0xff, 0xff, 0xff, 0xf0,
    0xf, 0xfb, 0xbb, 0xbb, 0xbb, 0xbb, 0xbb, 0xbf,
    0xf0, 0xf, 0xc0, 0x0, 0x0, 0x0, 0x0, 0x0,
    0xe, 0xf0,

    /* U+9875 "页" */
    0x5d, 0xdd, 0xdd, 0xdd, 0xdd, 0xdd, 0xdd, 0xdd,
    0xdc, 0x6f, 0xff, 0xff, 0xff, 0xff, 0xff, 0xff,
    0xff, 0xfe, 0x0, 0x0, 0x0, 0x6, 0xfb, 0x0,
    0x0, 0x0, 0x0, 0x0, 0x0, 0x0, 0xb, 0xf3,
    0x0, 0x0, 0x0, 0x0, 0x0, 0x9f, 0xff, 0xff,
    0xff, 0xff, 0xff, 0xff, 0x20, 0x0, 0x9f, 0xdc,
    0xcc, 0xcc, 0xcc, 0xcc, 0xff, 0x30, 0x0, 0x9f,
    0x50, 0x0, 0x12, 0x0, 0x0, 0xdf, 0x30, 0x0,
    0x9f, 0x50, 0x0, 0xcf, 0x30, 0x0, 0xdf, 0x30,
    0x0, 0x9f, 0x50, 0x0, 0xcf, 0x30, 0x0, 0xdf,
    0x30, 0x0, 0x9f, 0x50, 0x0, 0xcf, 0x30, 0x0,
    0xdf, 0x30, 0x0, 0x9f, 0x50, 0x0, 0xcf, 0x30,
    0x0, 0xdf, 0x30, 0x0, 0x9f, 0x50, 0x0, 0xef,
    0x10, 0x0, 0xdf, 0x30, 0x0, 0x9f, 0x50, 0x4,
    0xfe, 0x2, 0x0, 0xdf, 0x30, 0x0, 0x35, 0x10,
    0x3e, 0xf6, 0xaf, 0xb4, 0x45, 0x10, 0x0, 0x0,
    0x19, 0xff, 0x90, 0x2a, 0xff, 0xc3, 0x0, 0x2,
    0x6b, 0xff, 0xe6, 0x0, 0x0, 0x2a, 0xff, 0xb2,
    0x8f, 0xff, 0xc6, 0x0, 0x0, 0x0, 0x0, 0x3c,
    0xfb, 0x9, 0x61, 0x0, 0x0, 0x0, 0x0, 0x0,
    0x0, 0x71,

    /* U+9884 "预" */
    0x0, 0x0, 0x0, 0x0, 0x0, 0x0, 0x0, 0x0,
    0x0, 0x0, 0xc, 0xff, 0xff, 0xff, 0x7e, 0xff,
    0xff, 0xff, 0xff, 0xf2, 0x8, 0xbb, 0xbb, 0xff,
    0x49, 0xaa, 0xaf, 0xfb, 0xaa, 0xa1, 0x0, 0x0,
    0x5, 0xf9, 0x0, 0x0, 0xf, 0xe0, 0x0, 0x0,
    0x0, 0xdb, 0x6f, 0xc0, 0x2, 0xaa, 0xbf, 0xea,
    0xaa, 0x40, 0x0, 0x8f, 0xff, 0x10, 0x3, 0xff,
    0xff, 0xff, 0xff, 0x60, 0x0, 0x2, 0xcf, 0xd1,
    0x3, 0xf9, 0x0, 0x0, 0x7f, 0x60, 0x2b, 0xbb,
    0xbf, 0xfb, 0xb5, 0xf8, 0xc, 0xd0, 0x7f, 0x60,
    0x3f, 0xff, 0xff, 0xff, 0xf4, 0xf8, 0xd, 0xe0,
    0x7f, 0x60, 0x0, 0x1, 0xfc, 0xb, 0xc3, 0xf8,
    0xd, 0xe0, 0x7f, 0x60, 0x0, 0x1, 0xfc, 0xf,
    0x73, 0xf8, 0xd, 0xe0, 0x7f, 0x60, 0x0, 0x1,
    0xfc, 0x4f, 0x23, 0xf8, 0xe, 0xe0, 0x7f, 0x60,
    0x0, 0x1, 0xfc, 0x1, 0x3, 0xf8, 0xf, 0xd0,
    0x7f, 0x60, 0x0, 0x1, 0xfc, 0x0, 0x3, 0xf8,
    0x3f, 0xa0, 0x6e, 0x50, 0x0, 0x1, 0xfc, 0x0,
    0x0, 0x0, 0xaf, 0x57, 0x10, 0x0, 0x0, 0x1,
    0xfc, 0x0, 0x0, 0x6, 0xfc, 0x5f, 0xd1, 0x0,
    0x0, 0x1, 0xfc, 0x0, 0x0, 0x8f, 0xe2, 0x9,
    0xfe, 0x20, 0x5, 0xbc, 0xfb, 0x0, 0x6e, 0xfc,
    0x20, 0x0, 0x8f, 0xd0, 0x2, 0xff, 0xd3, 0x0,
    0x2d, 0x60, 0x0, 0x0, 0x9, 0x80, 0x0, 0x0,
    0x0, 0x0, 0x0, 0x0, 0x0, 0x0, 0x0, 0x0,

    /* U+9891 "频" */
    0x0, 0x0, 0xc, 0xe0, 0x0, 0x0, 0x0, 0x0,
    0x0, 0x0, 0x0, 0x21, 0xd, 0xf0, 0x0, 0x7b,
    0xbb, 0xbb, 0xbb, 0xb0, 0x0, 0xe9, 0xd, 0xf8,
    0x85, 0xaf, 0xff, 0xff, 0xff, 0xf0, 0x0, 0xe9,
    0xd, 0xff, 0xf9, 0x0, 0x2, 0xf9, 0x0, 0x0,
    0x0, 0xe9, 0xd, 0xf0, 0x0, 0x2, 0x29, 0xf5,
    0x22, 0x10, 0x0, 0xe9, 0xd, 0xf0, 0x0, 0x3f,
    0xff, 0xff, 0xff, 0x90, 0x3c, 0xfe, 0xcf, 0xfc,
    0xcc, 0x4f, 0x94, 0x44, 0x5f, 0x90, 0x4e, 0xee,
    0xef, 0xfe, 0xee, 0x4f, 0x61, 0xd5, 0x1f, 0x90,
    0x0, 0x0, 0x1f, 0xa0, 0x0, 0x3f, 0x61, 0xf6,
    0x1f, 0x90, 0x0, 0xab, 0x1f, 0xa0, 0x77, 0x3f,
    0x62, 0xf6, 0x1f, 0x90, 0x1, 0xfa, 0x1f, 0xa0,
    0xfc, 0x3f, 0x62, 0xf6, 0x1f, 0x90, 0x7, 0xf4,
    0x1f, 0xa5, 0xf6, 0x3f, 0x63, 0xf5, 0x1f, 0x90,
    0x1f, 0xc0, 0x1f, 0xbd, 0xf1, 0x3f, 0x65, 0xf3,
    0x1f, 0x90, 0x7, 0x30, 0x1f, 0xff, 0x80, 0x3f,
    0x68, 0xf1, 0x1f, 0x90, 0x0, 0x0, 0x5, 0xfd,
    0x0, 0x4, 0x1d, 0xd5, 0x13, 0x20, 0x0, 0x0,
    0x7f, 0xe2, 0x0, 0x0, 0x7f, 0xaf, 0xd2, 0x0,
    0x0, 0x5d, 0xfd, 0x20, 0x0, 0x19, 0xfc, 0x3,
    0xef, 0x40, 0xd, 0xff, 0x80, 0x0, 0x9, 0xff,
    0xa0, 0x0, 0x2d, 0xf3, 0x4, 0x71, 0x0, 0x0,
    0x4, 0x82, 0x0, 0x0, 0x1, 0x60,

    /* U+9898 "题" */
    0x0, 0x11, 0x11, 0x11, 0x10, 0x0, 0x0, 0x0,
    0x0, 0x0, 0x0, 0xff, 0xff, 0xff, 0xf5, 0xff,
    0xff, 0xff, 0xff, 0xf3, 0x0, 0xfc, 0x33, 0x3a,
    0xf4, 0x88, 0x8b, 0xfb, 0x88, 0x81, 0x0, 0xfc,
    0x55, 0x5a, 0xf4, 0x0, 0xa, 0xf1, 0x0, 0x0,
    0x0, 0xff, 0xff, 0xff, 0xf4, 0x19, 0x9f, 0xe9,
    0x99, 0x30, 0x0, 0xfb, 0x0, 0x8, 0xf4, 0x1f,
    0xca, 0xaa, 0xcf, 0x50, 0x0, 0xff, 0xff, 0xff,
    0xf4, 0x1f, 0x60, 0x0, 0x4f, 0x50, 0x0, 0x55,
    0x55, 0x55, 0x51, 0x1f, 0x61, 0xc5, 0x4f, 0x50,
    0x5, 0x66, 0x66, 0x66, 0x66, 0x3f, 0x62, 0xf6,
    0x4f, 0x50, 0xd, 0xff, 0xff, 0xff, 0xff, 0x5f,
    0x63, 0xf5, 0x4f, 0x50, 0x0, 0x0, 0xe, 0xa0,
    0x0, 0x1f, 0x64, 0xf4, 0x4f, 0x50, 0x0, 0xcc,
    0xe, 0xa0, 0x0, 0x1f, 0x67, 0xf2, 0x4f, 0x50,
    0x0, 0xdb, 0xe, 0xff, 0xfc, 0x1a, 0x4c, 0xe4,
    0x38, 0x30, 0x0, 0xeb, 0xe, 0xd7, 0x75, 0x0,
    0x5f, 0xaf, 0xe2, 0x0, 0x0, 0xff, 0x2e, 0xa0,
    0x0, 0x6, 0xff, 0x14, 0xfe, 0x30, 0x2, 0xff,
    0xcf, 0xa0, 0x4, 0xdf, 0xe4, 0x0, 0x4f, 0xe0,
    0x6, 0xf5, 0xff, 0xb0, 0x1, 0xe9, 0x10, 0x0,
    0x5, 0x80, 0xb, 0xd0, 0x3d, 0xfe, 0xb9, 0x98,
    0x88, 0x88, 0x88, 0x91, 0x1e, 0x60, 0x0, 0x5a,
    0xde, 0xff, 0xff, 0xff, 0xff, 0xe0, 0x1, 0x0,
    0x0, 0x0, 0x0, 0x0, 0x0, 0x0, 0x0, 0x0,

    /* U+989D "额" */
    0x0, 0x0, 0x7b, 0x10, 0x0, 0x0, 0x0, 0x0,
    0x0, 0x0, 0x0, 0x0, 0x6f, 0x90, 0x0, 0x9b,
    0xbb, 0xbb, 0xbb, 0xb0, 0xe, 0xff, 0xff, 0xff,
    0xfd, 0xbe, 0xef, 0xff, 0xee, 0xe1, 0xf, 0xd9,
    0x99, 0x99, 0xee, 0x0, 0x7, 0xf3, 0x0, 0x0,
    0xf, 0xb2, 0xd7, 0x0, 0xbe, 0x12, 0x2d, 0xe2,
    0x22, 0x10, 0x4, 0x3c, 0xfa, 0x77, 0x94, 0x8f,
    0xff, 0xff, 0xff, 0x60, 0x0, 0x9f, 0xff, 0xff,
    0xf3, 0x8f, 0x77, 0x77, 0x9f, 0x60, 0xa, 0xfa,
    0x0, 0x5f, 0xa0, 0x8f, 0x13, 0xa2, 0x3f, 0x60,
    0x1d, 0xaa, 0xe9, 0xfd, 0x10, 0x8f, 0x15, 0xf4,
    0x3f, 0x60, 0x0, 0x5, 0xff, 0xf8, 0x0, 0x8f,
    0x16, 0xf3, 0x3f, 0x60, 0x1, 0x7e, 0xfc, 0xef,
    0xd4, 0x8f, 0x17, 0xf2, 0x3f, 0x60, 0x1f, 0xff,
    0x70, 0x8, 0xfb, 0x8f, 0x18, 0xf1, 0x3f, 0x60,
    0xa, 0xc9, 0x88, 0x88, 0xa0, 0x8f, 0x1a, 0xf0,
    0x3f, 0x60, 0x0, 0x9f, 0xff, 0xff, 0xe0, 0x8f,
    0x1e, 0xd0, 0x3f, 0x60, 0x0, 0x9f, 0x10, 0xd,
    0xe0, 0x24, 0x4f, 0x95, 0x23, 0x10, 0x0, 0x9f,
    0x10, 0xd, 0xe0, 0x0, 0xdf, 0x5f, 0xe4, 0x0,
    0x0, 0x9f, 0x98, 0x8e, 0xe0, 0x3d, 0xfb, 0x5,
    0xff, 0x80, 0x0, 0x9f, 0xff, 0xff, 0xe9, 0xff,
    0xd1, 0x0, 0x4f, 0xf4, 0x0, 0x9f, 0x10, 0xd,
    0xe6, 0xf8, 0x0, 0x0, 0x3, 0xb0, 0x0, 0x0,
    0x0, 0x0, 0x0, 0x10, 0x0, 0x0, 0x0, 0x0,

    /* U+98CE "风" */
    0x0, 0x0, 0x10, 0x0, 0x0, 0x0, 0x0, 0x1,
    0x0, 0x0, 0x0, 0xf, 0xff, 0xff, 0xff, 0xff,
    0xff, 0xff, 0xd0, 0x0, 0x0, 0xf, 0xfc, 0xcc,
    0xcc, 0xcc, 0xcc, 0xcf, 0xd0, 0x0, 0x0, 0xf,
    0xf0, 0x0, 0x0, 0x0, 0x0, 0xf, 0xd0, 0x0,
    0x0, 0xf, 0xf0, 0x0, 0x0, 0x1, 0xb5, 0xf,
    0xd0, 0x0, 0x0, 0xf, 0xf1, 0xba, 0x0, 0x6,
    0xf6, 0xf, 0xd0, 0x0, 0x0, 0xf, 0xf0, 0xcf,
    0x70, 0xd, 0xf1, 0xf, 0xd0, 0x0, 0x0, 0xf,
    0xf0, 0x1e, 0xf4, 0x4f, 0xa0, 0xf, 0xd0, 0x0,
    0x0, 0xf, 0xf0, 0x4, 0xfe, 0xdf, 0x30, 0xf,
    0xd0, 0x0, 0x0, 0xf, 0xe0, 0x0, 0x8f, 0xfb,
    0x0, 0xf, 0xd0, 0x0, 0x0, 0x1f, 0xd0, 0x0,
    0x1f, 0xf8, 0x0, 0xf, 0xd0, 0x0, 0x0, 0x2f,
    0xc0, 0x0, 0x9f, 0xff, 0x30, 0xe, 0xe0, 0x0,
    0x0, 0x4f, 0x90, 0x5, 0xff, 0x8f, 0xd0, 0xd,
    0xe0, 0x0, 0x0, 0x8f, 0x70, 0x2f, 0xf5, 0xc,
    0xf8, 0xc, 0xf0, 0x0, 0x0, 0xcf, 0x33, 0xef,
    0x90, 0x3, 0xff, 0x2b, 0xf1, 0x60, 0x1, 0xff,
    0xd, 0xfb, 0x0, 0x0, 0x9f, 0x69, 0xf3, 0xa8,
    0x7, 0xfa, 0x2, 0x90, 0x0, 0x0, 0x13, 0x5,
    0xf8, 0xc8, 0x1e, 0xf4, 0x0, 0x0, 0x0, 0x0,
    0x0, 0x1, 0xff, 0xf5, 0x9, 0xb0, 0x0, 0x0,
    0x0, 0x0, 0x0, 0x0, 0x5f, 0xd0, 0x0, 0x0,
    0x0, 0x0, 0x0, 0x0, 0x0, 0x0, 0x0, 0x0,

    /* U+98DE "飞" */
    0xdf, 0xff, 0xff, 0xff, 0xff, 0xff, 0x30, 0x0,
    0x0, 0xe, 0xff, 0xff, 0xff, 0xff, 0xff, 0xf3,
    0x0, 0x13, 0x0, 0x0, 0x0, 0x0, 0x0, 0x0,
    0xbf, 0x30, 0xc, 0xf5, 0x0, 0x0, 0x0, 0x0,
    0x0, 0xa, 0xf4, 0xb, 0xfb, 0x0, 0x0, 0x0,
    0x0, 0x0, 0x0, 0x9f, 0x5b, 0xfb, 0x0, 0x0,
    0x0, 0x0, 0x0, 0x0, 0x9, 0xfe, 0xfa, 0x0,
    0x0, 0x0, 0x0, 0x0, 0x0, 0x0, 0x8f, 0xfb,
    0x0, 0x0, 0x0, 0x0, 0x0, 0x0, 0x0, 0x7,
    0xff, 0xf9, 0x10, 0x0, 0x0, 0x0, 0x0, 0x0,
    0x0, 0x5f, 0xcd, 0xfe, 0x50, 0x0, 0x0, 0x0,
    0x0, 0x0, 0x4, 0xfa, 0x8, 0xff, 0x80, 0x0,
    0x0, 0x0, 0x0, 0x0, 0x2f, 0xc0, 0x3, 0xe6,
    0x0, 0x0, 0x0, 0x0, 0x0, 0x0, 0xff, 0x0,
    0x1, 0x0, 0x0, 0x0, 0x0, 0x0, 0x0, 0xc,
    0xf3, 0x0, 0x21, 0x0, 0x0, 0x0, 0x0, 0x0,
    0x0, 0x8f, 0x70, 0x5, 0xe1, 0x0, 0x0, 0x0,
    0x0, 0x0, 0x3, 0xfe, 0x0, 0x6f, 0x10, 0x0,
    0x0, 0x0, 0x0, 0x0, 0xc, 0xfa, 0xa, 0xf0,
    0x0, 0x0, 0x0, 0x0, 0x0, 0x0, 0x2f, 0xff,
    0xfb, 0x0, 0x0, 0x0, 0x0, 0x0, 0x0, 0x0,
    0x3c, 0xfe, 0x30,

    /* U+9910 "餐" */
    0x0, 0x0, 0xe, 0x50, 0x0, 0x0, 0x0, 0x0,
    0x10, 0x0, 0x0, 0x0, 0xf, 0xff, 0xff, 0x8f,
    0xff, 0xff, 0xfb, 0x0, 0x0, 0x5, 0x6f, 0x83,
    0x32, 0x26, 0x44, 0x4a, 0xf6, 0x0, 0x0, 0x5f,
    0xff, 0xff, 0xe3, 0x4f, 0xc4, 0x5f, 0xb0, 0x0,
    0x7, 0xfa, 0x11, 0x6f, 0xc0, 0x5, 0xdf, 0xfd,
    0x10, 0x0, 0x3e, 0x8d, 0x96, 0xfe, 0x14, 0x37,
    0xef, 0xff, 0x80, 0x0, 0x0, 0x5, 0xff, 0xc1,
    0x5f, 0xfb, 0xc4, 0x1b, 0xfc, 0x0, 0x4, 0xaf,
    0xf7, 0x1a, 0xfc, 0xfd, 0x40, 0x0, 0x75, 0x0,
    0xb, 0xd7, 0x27, 0xff, 0x83, 0x4c, 0xfc, 0x60,
    0x0, 0x0, 0x0, 0x4a, 0xff, 0xb2, 0xe, 0xb0,
    0x5d, 0xff, 0xb6, 0x30, 0x2e, 0xff, 0xff, 0xff,
    0xff, 0xff, 0xff, 0xfb, 0xff, 0xb0, 0x6, 0x71,
    0xaf, 0x41, 0x11, 0x11, 0x1a, 0xf3, 0x3, 0x10,
    0x0, 0x0, 0xaf, 0xfe, 0xee, 0xee, 0xef, 0xf3,
    0x0, 0x0, 0x0, 0x0, 0xaf, 0x42, 0x22, 0x22,
    0x2a, 0xf3, 0x0, 0x0, 0x0, 0x0, 0xaf, 0xff,
    0xff, 0xff, 0xff, 0xfa, 0xc2, 0x0, 0x0, 0x0,
    0xaf, 0x30, 0x4, 0xff, 0x94, 0x9f, 0x90, 0x0,
    0x0, 0x0, 0xcf, 0x55, 0x79, 0x67, 0xdf, 0xfb,
    0x10, 0x0, 0x0, 0x5, 0xff, 0xff, 0xec, 0x30,
    0x4, 0xbf, 0xf4, 0x0, 0x0, 0x0, 0x85, 0x31,
    0x0, 0x0, 0x0, 0x2, 0x80, 0x0,

    /* U+9A8C "验" */
    0x0, 0x0, 0x0, 0x0, 0x0, 0x0, 0x0, 0x0,
    0x0, 0x0, 0x0, 0x0, 0x0, 0x10, 0x0, 0x0,
    0x1e, 0x70, 0x0, 0x0, 0xa, 0xff, 0xff, 0xfa,
    0x0, 0x0, 0x9f, 0x90, 0x0, 0x0, 0x6, 0x99,
    0x99, 0xf9, 0x0, 0x3, 0xff, 0xf4, 0x0, 0x0,
    0x0, 0x0, 0x0, 0xf8, 0x0, 0x1e, 0xe4, 0xff,
    0x30, 0x0, 0x1, 0xf8, 0x1, 0xf7, 0x1, 0xdf,
    0x40, 0x4f, 0xf5, 0x0, 0x2, 0xf7, 0x3, 0xf5,
    0x2d, 0xf6, 0x0, 0x4, 0xff, 0x80, 0x3, 0xf6,
    0x4, 0xf7, 0xff, 0xaa, 0xaa, 0xaa, 0xbf, 0xf5,
    0x4, 0xf5, 0x6, 0xf3, 0xc4, 0x5f, 0xff, 0xff,
    0xa2, 0xb0, 0x5, 0xf3, 0x8, 0xf1, 0x0, 0x0,
    0x0, 0x0, 0x0, 0x0, 0x6, 0xfa, 0x9d, 0xf9,
    0x32, 0x50, 0x1c, 0x40, 0x8, 0x50, 0x7, 0xff,
    0xff, 0xff, 0x58, 0xf1, 0xf, 0x90, 0x1f, 0xa0,
    0x0, 0x0, 0x0, 0x2f, 0x43, 0xf6, 0xc, 0xc0,
    0x7f, 0x40, 0x0, 0x0, 0x4, 0x3f, 0x30, 0xfb,
    0x9, 0xf0, 0xce, 0x0, 0x5, 0x9c, 0xff, 0x6f,
    0x10, 0xbe, 0x7, 0xe3, 0xf8, 0x0, 0x1f, 0xfb,
    0x73, 0x6f, 0x0, 0x55, 0x0, 0x9, 0xf2, 0x0,
    0x3, 0x0, 0x0, 0x8e, 0x0, 0x0, 0x0, 0x1f,
    0xb0, 0x0, 0x0, 0x0, 0x0, 0xcc, 0x4f, 0xff,
    0xff, 0xff, 0xff, 0xf0, 0x0, 0x8, 0x88, 0xf8,
    0x2a, 0xaa, 0xaa, 0xaa, 0xaa, 0xa0, 0x0, 0xb,
    0xff, 0xc1, 0x0, 0x0, 0x0, 0x0, 0x0, 0x0,
    0x0, 0x0, 0x0, 0x0, 0x0, 0x0, 0x0, 0x0,
    0x0, 0x0,

    /* U+9AD8 "高" */
    0x0, 0x0, 0x0, 0x2, 0xca, 0x0, 0x0, 0x0,
    0x0, 0x0, 0x0, 0x0, 0x1, 0xff, 0x10, 0x0,
    0x0, 0x0, 0xde, 0xee, 0xee, 0xee, 0xff, 0xfe,
    0xee, 0xee, 0xea, 0xab, 0xbb, 0xbb, 0xbb, 0xbb,
    0xbb, 0xbb, 0xbb, 0xb8, 0x0, 0x4, 0x44, 0x44,
    0x44, 0x44, 0x44, 0x40, 0x0, 0x0, 0xf, 0xff,
    0xff, 0xff, 0xff, 0xff, 0xf2, 0x0, 0x0, 0xf,
    0xe0, 0x0, 0x0, 0x0, 0xd, 0xf2, 0x0, 0x0,
    0xf, 0xf6, 0x66, 0x66, 0x66, 0x6e, 0xf2, 0x0,
    0x0, 0xf, 0xff, 0xff, 0xff, 0xff, 0xff, 0xf2,
    0x0, 0x0, 0x0, 0x0, 0x0, 0x0, 0x0, 0x0,
    0x1, 0x10, 0x4f, 0xff, 0xff, 0xff, 0xff, 0xff,
    0xff, 0xff, 0xf3, 0x4f, 0xd8, 0x88, 0x88, 0x88,
    0x88, 0x88, 0x8d, 0xf3, 0x4f, 0x90, 0x27, 0x76,
    0x66, 0x66, 0x61, 0xb, 0xf3, 0x4f, 0x90, 0x7f,
    0xff, 0xff, 0xff, 0xf3, 0xb, 0xf3, 0x4f, 0x90,
    0x7f, 0x50, 0x0, 0x8, 0xf3, 0xb, 0xf3, 0x4f,
    0x90, 0x7f, 0xfe, 0xee, 0xef, 0xf3, 0xb, 0xf3,
    0x4f, 0x90, 0x7f, 0xa6, 0x66, 0x66, 0x61, 0xb,
    0xf3, 0x4f, 0x90, 0x25, 0x20, 0x0, 0x0, 0x5,
    0x5d, 0xf3, 0x4f, 0x90, 0x0, 0x0, 0x0, 0x0,
    0xb, 0xff, 0xb0, 0x0, 0x0, 0x0, 0x0, 0x0,
    0x0, 0x0, 0x0, 0x0,

    /* U+9ED8 "默" */
    0x1, 0x55, 0x55, 0x55, 0x54, 0x0, 0x7, 0xd1,
    0x0, 0x0, 0x4, 0xff, 0xff, 0xff, 0xfe, 0x0,
    0x8, 0xf9, 0xa0, 0x0, 0x4, 0xf3, 0xd, 0x61,
    0x8e, 0x0, 0x8, 0xf5, 0xf7, 0x0, 0x4, 0xfa,
    0x6d, 0x6c, 0xde, 0x0, 0x8, 0xf1, 0x9f, 0x20,
    0x4, 0xf6, 0xad, 0x7e, 0x8e, 0x0, 0x8, 0xf1,
    0x1b, 0x20, 0x4, 0xf4, 0xad, 0xb8, 0x8e, 0x45,
    0x5b, 0xf5, 0x55, 0x40, 0x4, 0xf6, 0x5e, 0x95,
    0xae, 0xcf, 0xff, 0xff, 0xff, 0xf0, 0x4, 0xff,
    0xff, 0xff, 0xfe, 0x67, 0x7d, 0xf8, 0x77, 0x70,
    0x0, 0x0, 0xf, 0xa0, 0x0, 0x0, 0xb, 0xf4,
    0x0, 0x0, 0x3, 0x88, 0x9f, 0xd8, 0x87, 0x0,
    0xd, 0xf8, 0x0, 0x0, 0x5, 0xff, 0xff, 0xff,
    0xfc, 0x0, 0xf, 0xfc, 0x0, 0x0, 0x0, 0x0,
    0xf, 0xa0, 0x0, 0x0, 0x4f, 0xdf, 0x10, 0x0,
    0x8, 0xbc, 0xdf, 0xff, 0xff, 0x0, 0x8f, 0x5f,
    0x70, 0x0, 0xa, 0xdd, 0xcb, 0xa9, 0x87, 0x0,
    0xed, 0xd, 0xd0, 0x0, 0x0, 0x82, 0x51, 0x61,
    0x84, 0x6, 0xf7, 0x7, 0xf6, 0x0, 0x3, 0xf3,
    0xe4, 0xc7, 0x9b, 0xe, 0xe0, 0x0, 0xee, 0x10,
    0xa, 0xd0, 0xc6, 0x8a, 0x4b, 0x9f, 0x60, 0x0,
    0x6f, 0xd1, 0x1f, 0x70, 0xc7, 0x58, 0x2, 0xfb,
    0x0, 0x0, 0xb, 0xf2, 0x3, 0x0, 0x10, 0x0,
    0x0, 0x31, 0x0, 0x0, 0x0, 0x30,

    /* U+FF08 "（" */
    0x0, 0x0, 0x0, 0x0, 0x0, 0xd, 0xc0, 0x0,
    0xa, 0xf6, 0x0, 0x5, 0xfa, 0x0, 0x0, 0xef,
    0x10, 0x0, 0x5f, 0x90, 0x0, 0xa, 0xf3, 0x0,
    0x0, 0xfe, 0x0, 0x0, 0x1f, 0xb0, 0x0, 0x3,
    0xf9, 0x0, 0x0, 0x3f, 0x90, 0x0, 0x3, 0xf9,
    0x0, 0x0, 0x1f, 0xb0, 0x0, 0x0, 0xef, 0x0,
    0x0, 0x9, 0xf4, 0x0, 0x0, 0x4f, 0xa0, 0x0,
    0x0, 0xcf, 0x30, 0x0, 0x3, 0xfc, 0x0, 0x0,
    0x8, 0xf9, 0x0, 0x0, 0xa, 0x90,

    /* U+FF09 "）" */
    0x0, 0x0, 0x0, 0x0, 0xcd, 0x0, 0x0, 0x6,
    0xfa, 0x0, 0x0, 0xa, 0xf5, 0x0, 0x0, 0x1f,
    0xe0, 0x0, 0x0, 0x9f, 0x50, 0x0, 0x3, 0xfa,
    0x0, 0x0, 0xe, 0xf0, 0x0, 0x0, 0xbf, 0x10,
    0x0, 0x9, 0xf3, 0x0, 0x0, 0x9f, 0x30, 0x0,
    0x9, 0xf2, 0x0, 0x0, 0xbf, 0x10, 0x0, 0xf,
    0xe0, 0x0, 0x4, 0xf9, 0x0, 0x0, 0xaf, 0x40,
    0x0, 0x3f, 0xc0, 0x0, 0xc, 0xf3, 0x0, 0x9,
    0xf8, 0x0, 0x0, 0x9a, 0x0, 0x0,

    /* U+FF0C "，" */
    0x1, 0xbd, 0x50, 0x7, 0xff, 0xf0, 0x4, 0xff,
    0xf2, 0x0, 0x2b, 0xf0, 0x0, 0x1e, 0xb0, 0x4,
    0xdf, 0x20, 0xd, 0xd3, 0x0, 0x2, 0x0, 0x0,

    /* U+FF1A "：" */
    0x3d, 0xc2, 0xbf, 0xf8, 0x9f, 0xf6, 0x5, 0x40,
    0x0, 0x0, 0x0, 0x0, 0x0, 0x0, 0x0, 0x0,
    0x0, 0x0, 0x2, 0x10, 0x6f, 0xf4, 0xbf, 0xf9,
    0x5f, 0xf3, 0x1, 0x0,

    /* U+FF1B "；" */
    0x2, 0xcd, 0x30, 0x8, 0xff, 0xb0, 0x6, 0xff,
    0x90, 0x0, 0x45, 0x0, 0x0, 0x0, 0x0, 0x0,
    0x0, 0x0, 0x0, 0x0, 0x0, 0x0, 0x0, 0x0,
    0x0, 0x23, 0x0, 0x4, 0xff, 0x90, 0x7, 0xff,
    0xf0, 0x1, 0xcf, 0xf1, 0x0, 0x9, 0xf0, 0x0,
    0x1f, 0xa0, 0x3, 0xde, 0x20, 0xe, 0xd2, 0x0,
    0x2, 0x0, 0x0,

    /* U+FF1F "？" */
    0x0, 0x0, 0x11, 0x0, 0x0, 0x0, 0x7e, 0xff,
    0xf9, 0x0, 0xc, 0xff, 0xcd, 0xff, 0xa0, 0x1c,
    0xb1, 0x0, 0x6f, 0xf1, 0x0, 0x0, 0x0, 0xf,
    0xf4, 0x0, 0x0, 0x0, 0x1f, 0xf2, 0x0, 0x0,
    0x0, 0xcf, 0xa0, 0x0, 0x0, 0xc, 0xfb, 0x0,
    0x0, 0x0, 0xaf, 0xb0, 0x0, 0x0, 0x3, 0xff,
    0x10, 0x0, 0x0, 0x5, 0xfb, 0x0, 0x0, 0x0,
    0x0, 0x21, 0x0, 0x0, 0x0, 0x0, 0x0, 0x0,
    0x0, 0x0, 0x4, 0xda, 0x0, 0x0, 0x0, 0xb,
    0xff, 0x30, 0x0, 0x0, 0x7, 0xfd, 0x0, 0x0,
    0x0, 0x0, 0x10, 0x0, 0x0
};


/*---------------------
 *  GLYPH DESCRIPTION
 *--------------------*/

static const lv_font_fmt_txt_glyph_dsc_t glyph_dsc[] = {
    {.bitmap_index = 0, .adv_w = 0, .box_w = 0, .box_h = 0, .ofs_x = 0, .ofs_y = 0} /* id = 0 reserved */,
    {.bitmap_index = 0, .adv_w = 72, .box_w = 0, .box_h = 0, .ofs_x = 0, .ofs_y = 0},
    {.bitmap_index = 0, .adv_w = 110, .box_w = 4, .box_h = 14, .ofs_x = 1, .ofs_y = 0},
    {.bitmap_index = 28, .adv_w = 166, .box_w = 8, .box_h = 7, .ofs_x = 1, .ofs_y = 8},
    {.bitmap_index = 56, .adv_w = 182, .box_w = 11, .box_h = 14, .ofs_x = 0, .ofs_y = 0},
    {.bitmap_index = 133, .adv_w = 182, .box_w = 10, .box_h = 19, .ofs_x = 1, .ofs_y = -2},
    {.bitmap_index = 228, .adv_w = 300, .box_w = 19, .box_h = 14, .ofs_x = 0, .ofs_y = 0},
    {.bitmap_index = 361, .adv_w = 226, .box_w = 14, .box_h = 14, .ofs_x = 0, .ofs_y = 0},
    {.bitmap_index = 459, .adv_w = 95, .box_w = 4, .box_h = 7, .ofs_x = 1, .ofs_y = 8},
    {.bitmap_index = 473, .adv_w = 114, .box_w = 6, .box_h = 21, .ofs_x = 1, .ofs_y = -4},
    {.bitmap_index = 536, .adv_w = 114, .box_w = 6, .box_h = 21, .ofs_x = 0, .ofs_y = -4},
    {.bitmap_index = 599, .adv_w = 155, .box_w = 8, .box_h = 7, .ofs_x = 1, .ofs_y = 8},
    {.bitmap_index = 627, .adv_w = 182, .box_w = 11, .box_h = 11, .ofs_x = 0, .ofs_y = 2},
    {.bitmap_index = 688, .adv_w = 95, .box_w = 4, .box_h = 7, .ofs_x = 1, .ofs_y = -4},
    {.bitmap_index = 702, .adv_w = 114, .box_w = 7, .box_h = 2, .ofs_x = 0, .ofs_y = 5},
    {.bitmap_index = 709, .adv_w = 95, .box_w = 4, .box_h = 4, .ofs_x = 1, .ofs_y = 0},
    {.bitmap_index = 717, .adv_w = 125, .box_w = 8, .box_h = 19, .ofs_x = 0, .ofs_y = -4},
    {.bitmap_index = 793, .adv_w = 182, .box_w = 11, .box_h = 14, .ofs_x = 0, .ofs_y = 0},
    {.bitmap_index = 870, .adv_w = 182, .box_w = 10, .box_h = 14, .ofs_x = 1, .ofs_y = 0},
    {.bitmap_index = 940, .adv_w = 182, .box_w = 11, .box_h = 14, .ofs_x = 0, .ofs_y = 0},
    {.bitmap_index = 1017, .adv_w = 182, .box_w = 11, .box_h = 14, .ofs_x = 0, .ofs_y = 0},
    {.bitmap_index = 1094, .adv_w = 182, .box_w = 11, .box_h = 14, .ofs_x = 0, .ofs_y = 0},
    {.bitmap_index = 1171, .adv_w = 182, .box_w = 11, .box_h = 14, .ofs_x = 0, .ofs_y = 0},
    {.bitmap_index = 1248, .adv_w = 182, .box_w = 10, .box_h = 14, .ofs_x = 1, .ofs_y = 0},
    {.bitmap_index = 1318, .adv_w = 182, .box_w = 10, .box_h = 14, .ofs_x = 1, .ofs_y = 0},
    {.bitmap_index = 1388, .adv_w = 182, .box_w = 11, .box_h = 14, .ofs_x = 0, .ofs_y = 0},
    {.bitmap_index = 1465, .adv_w = 182, .box_w = 11, .box_h = 14, .ofs_x = 0, .ofs_y = 0},
    {.bitmap_index = 1542, .adv_w = 95, .box_w = 4, .box_h = 11, .ofs_x = 1, .ofs_y = 0},
    {.bitmap_index = 1564, .adv_w = 95, .box_w = 4, .box_h = 15, .ofs_x = 1, .ofs_y = -4},
    {.bitmap_index = 1594, .adv_w = 182, .box_w = 11, .box_h = 10, .ofs_x = 0, .ofs_y = 2},
    {.bitmap_index = 1649, .adv_w = 182, .box_w = 11, .box_h = 7, .ofs_x = 0, .ofs_y = 4},
    {.bitmap_index = 1688, .adv_w = 182, .box_w = 11, .box_h = 10, .ofs_x = 0, .ofs_y = 2},
    {.bitmap_index = 1743, .adv_w = 157, .box_w = 9, .box_h = 14, .ofs_x = 0, .ofs_y = 0},
    {.bitmap_index = 1806, .adv_w = 311, .box_w = 18, .box_h = 19, .ofs_x = 1, .ofs_y = -5},
    {.bitmap_index = 1977, .adv_w = 199, .box_w = 13, .box_h = 14, .ofs_x = 0, .ofs_y = 0},
    {.bitmap_index = 2068, .adv_w = 213, .box_w = 12, .box_h = 14, .ofs_x = 1, .ofs_y = 0},
    {.bitmap_index = 2152, .adv_w = 207, .box_w = 12, .box_h = 14, .ofs_x = 1, .ofs_y = 0},
    {.bitmap_index = 2236, .adv_w = 224, .box_w = 12, .box_h = 14, .ofs_x = 1, .ofs_y = 0},
    {.bitmap_index = 2320, .adv_w = 192, .box_w = 10, .box_h = 14, .ofs_x = 1, .ofs_y = 0},
    {.bitmap_index = 2390, .adv_w = 181, .box_w = 10, .box_h = 14, .ofs_x = 1, .ofs_y = 0},
    {.bitmap_index = 2460, .adv_w = 224, .box_w = 12, .box_h = 14, .ofs_x = 1, .ofs_y = 0},
    {.bitmap_index = 2544, .adv_w = 237, .box_w = 12, .box_h = 14, .ofs_x = 1, .ofs_y = 0},
    {.bitmap_index = 2628, .adv_w = 99, .box_w = 4, .box_h = 14, .ofs_x = 1, .ofs_y = 0},
    {.bitmap_index = 2656, .adv_w = 176, .box_w = 10, .box_h = 14, .ofs_x = 0, .ofs_y = 0},
    {.bitmap_index = 2726, .adv_w = 212, .box_w = 13, .box_h = 14, .ofs_x = 1, .ofs_y = 0},
    {.bitmap_index = 2817, .adv_w = 179, .box_w = 10, .box_h = 14, .ofs_x = 1, .ofs_y = 0},
    {.bitmap_index = 2887, .adv_w = 266, .box_w = 14, .box_h = 14, .ofs_x = 1, .ofs_y = 0},
    {.bitmap_index = 2985, .adv_w = 235, .box_w = 12, .box_h = 14, .ofs_x = 1, .ofs_y = 0},
    {.bitmap_index = 3069, .adv_w = 241, .box_w = 13, .box_h = 14, .ofs_x = 1, .ofs_y = 0},
    {.bitmap_index = 3160, .adv_w = 207, .box_w = 12, .box_h = 14, .ofs_x = 1, .ofs_y = 0},
    {.bitmap_index = 3244, .adv_w = 241, .box_w = 14, .box_h = 18, .ofs_x = 1, .ofs_y = -4},
    {.bitmap_index = 3370, .adv_w = 210, .box_w = 12, .box_h = 14, .ofs_x = 1, .ofs_y = 0},
    {.bitmap_index = 3454, .adv_w = 195, .box_w = 12, .box_h = 14, .ofs_x = 0, .ofs_y = 0},
    {.bitmap_index = 3538, .adv_w = 196, .box_w = 12, .box_h = 14, .ofs_x = 0, .ofs_y = 0},
    {.bitmap_index = 3622, .adv_w = 235, .box_w = 12, .box_h = 14, .ofs_x = 1, .ofs_y = 0},
    {.bitmap_index = 3706, .adv_w = 190, .box_w = 13, .box_h = 14, .ofs_x = -1, .ofs_y = 0},
    {.bitmap_index = 3797, .adv_w = 286, .box_w = 18, .box_h = 14, .ofs_x = 0, .ofs_y = 0},
    {.bitmap_index = 3923, .adv_w = 191, .box_w = 12, .box_h = 14, .ofs_x = 0, .ofs_y = 0},
    {.bitmap_index = 4007, .adv_w = 177, .box_w = 13, .box_h = 14, .ofs_x = -1, .ofs_y = 0},
    {.bitmap_index = 4098, .adv_w = 194, .box_w = 12, .box_h = 14, .ofs_x = 0, .ofs_y = 0},
    {.bitmap_index = 4182, .adv_w = 114, .box_w = 5, .box_h = 20, .ofs_x = 2, .ofs_y = -5},
    {.bitmap_index = 4232, .adv_w = 125, .box_w = 8, .box_h = 19, .ofs_x = 0, .ofs_y = -4},
    {.bitmap_index = 4308, .adv_w = 114, .box_w = 6, .box_h = 20, .ofs_x = 0, .ofs_y = -5},
    {.bitmap_index = 4368, .adv_w = 182, .box_w = 10, .box_h = 9, .ofs_x = 1, .ofs_y = 6},
    {.bitmap_index = 4413, .adv_w = 180, .box_w = 11, .box_h = 3, .ofs_x = 0, .ofs_y = -4},
    {.bitmap_index = 4430, .adv_w = 197, .box_w = 6, .box_h = 6, .ofs_x = 2, .ofs_y = 12},
    {.bitmap_index = 4448, .adv_w = 184, .box_w = 9, .box_h = 11, .ofs_x = 1, .ofs_y = 0},
    {.bitmap_index = 4498, .adv_w = 201, .box_w = 11, .box_h = 15, .ofs_x = 1, .ofs_y = 0},
    {.bitmap_index = 4581, .adv_w = 165, .box_w = 10, .box_h = 11, .ofs_x = 0, .ofs_y = 0},
    {.bitmap_index = 4636, .adv_w = 202, .box_w = 10, .box_h = 15, .ofs_x = 1, .ofs_y = 0},
    {.bitmap_index = 4711, .adv_w = 181, .box_w = 11, .box_h = 11, .ofs_x = 0, .ofs_y = 0},
    {.bitmap_index = 4772, .adv_w = 111, .box_w = 8, .box_h = 15, .ofs_x = 0, .ofs_y = 0},
    {.bitmap_index = 4832, .adv_w = 185, .box_w = 12, .box_h = 15, .ofs_x = 0, .ofs_y = -4},
    {.bitmap_index = 4922, .adv_w = 199, .box_w = 10, .box_h = 15, .ofs_x = 1, .ofs_y = 0},
    {.bitmap_index = 4997, .adv_w = 92, .box_w = 4, .box_h = 15, .ofs_x = 1, .ofs_y = 0},
    {.bitmap_index = 5027, .adv_w = 92, .box_w = 6, .box_h = 19, .ofs_x = -1, .ofs_y = -4},
    {.bitmap_index = 5084, .adv_w = 184, .box_w = 11, .box_h = 15, .ofs_x = 1, .ofs_y = 0},
    {.bitmap_index = 5167, .adv_w = 95, .box_w = 5, .box_h = 15, .ofs_x = 1, .ofs_y = 0},
    {.bitmap_index = 5205, .adv_w = 302, .box_w = 17, .box_h = 11, .ofs_x = 1, .ofs_y = 0},
    {.bitmap_index = 5299, .adv_w = 200, .box_w = 10, .box_h = 11, .ofs_x = 1, .ofs_y = 0},
    {.bitmap_index = 5354, .adv_w = 197, .box_w = 12, .box_h = 11, .ofs_x = 0, .ofs_y = 0},
    {.bitmap_index = 5420, .adv_w = 202, .box_w = 11, .box_h = 15, .ofs_x = 1, .ofs_y = -4},
    {.bitmap_index = 5503, .adv_w = 202, .box_w = 10, .box_h = 15, .ofs_x = 1, .ofs_y = -4},
    {.bitmap_index = 5578, .adv_w = 131, .box_w = 8, .box_h = 11, .ofs_x = 1, .ofs_y = 0},
    {.bitmap_index = 5622, .adv_w = 154, .box_w = 9, .box_h = 11, .ofs_x = 0, .ofs_y = 0},
    {.bitmap_index = 5672, .adv_w = 127, .box_w = 8, .box_h = 14, .ofs_x = 0, .ofs_y = 0},
    {.bitmap_index = 5728, .adv_w = 198, .box_w = 10, .box_h = 11, .ofs_x = 1, .ofs_y = 0},
    {.bitmap_index = 5783, .adv_w = 174, .box_w = 11, .box_h = 11, .ofs_x = 0, .ofs_y = 0},
    {.bitmap_index = 5844, .adv_w = 265, .box_w = 17, .box_h = 11, .ofs_x = 0, .ofs_y = 0},
    {.bitmap_index = 5938, .adv_w = 168, .box_w = 11, .box_h = 11, .ofs_x = 0, .ofs_y = 0},
    {.bitmap_index = 5999, .adv_w = 174, .box_w = 11, .box_h = 15, .ofs_x = 0, .ofs_y = -4},
    {.bitmap_index = 6082, .adv_w = 157, .box_w = 10, .box_h = 11, .ofs_x = 0, .ofs_y = 0},
    {.bitmap_index = 6137, .adv_w = 114, .box_w = 7, .box_h = 20, .ofs_x = 0, .ofs_y = -5},
    {.bitmap_index = 6207, .adv_w = 90, .box_w = 2, .box_h = 22, .ofs_x = 2, .ofs_y = -5},
    {.bitmap_index = 6229, .adv_w = 114, .box_w = 7, .box_h = 20, .ofs_x = 0, .ofs_y = -5},
    {.bitmap_index = 6299, .adv_w = 182, .box_w = 11, .box_h = 4, .ofs_x = 0, .ofs_y = 6},
    {.bitmap_index = 6321, .adv_w = 269, .box_w = 15, .box_h = 16, .ofs_x = 1, .ofs_y = -1},
    {.bitmap_index = 6441, .adv_w = 157, .box_w = 10, .box_h = 9, .ofs_x = 0, .ofs_y = 7},
    {.bitmap_index = 6486, .adv_w = 123, .box_w = 7, .box_h = 7, .ofs_x = 0, .ofs_y = 8},
    {.bitmap_index = 6511, .adv_w = 320, .box_w = 6, .box_h = 5, .ofs_x = 7, .ofs_y = 5},
    {.bitmap_index = 6526, .adv_w = 320, .box_w = 14, .box_h = 13, .ofs_x = 3, .ofs_y = 1},
    {.bitmap_index = 6617, .adv_w = 173, .box_w = 10, .box_h = 2, .ofs_x = 0, .ofs_y = 5},
    {.bitmap_index = 6627, .adv_w = 288, .box_w = 18, .box_h = 2, .ofs_x = 0, .ofs_y = 5},
    {.bitmap_index = 6645, .adv_w = 320, .box_w = 4, .box_h = 6, .ofs_x = 16, .ofs_y = 11},
    {.bitmap_index = 6657, .adv_w = 320, .box_w = 4, .box_h = 7, .ofs_x = 0, .ofs_y = 10},
    {.bitmap_index = 6671, .adv_w = 95, .box_w = 4, .box_h = 7, .ofs_x = 1, .ofs_y = -4},
    {.bitmap_index = 6685, .adv_w = 320, .box_w = 8, .box_h = 6, .ofs_x = 12, .ofs_y = 11},
    {.bitmap_index = 6709, .adv_w = 320, .box_w = 8, .box_h = 7, .ofs_x = 0, .ofs_y = 10},
    {.bitmap_index = 6737, .adv_w = 166, .box_w = 9, .box_h = 7, .ofs_x = 1, .ofs_y = -4},
    {.bitmap_index = 6769, .adv_w = 320, .box_w = 6, .box_h = 5, .ofs_x = 7, .ofs_y = 5},
    {.bitmap_index = 6784, .adv_w = 320, .box_w = 18, .box_h = 3, .ofs_x = 1, .ofs_y = 6},
    {.bitmap_index = 6811, .adv_w = 95, .box_w = 4, .box_h = 6, .ofs_x = 1, .ofs_y = 9},
    {.bitmap_index = 6823, .adv_w = 166, .box_w = 8, .box_h = 6, .ofs_x = 1, .ofs_y = 9},
    {.bitmap_index = 6847, .adv_w = 182, .box_w = 12, .box_h = 14, .ofs_x = 0, .ofs_y = 0},
    {.bitmap_index = 6931, .adv_w = 235, .box_w = 15, .box_h = 8, .ofs_x = 0, .ofs_y = 8},
    {.bitmap_index = 6991, .adv_w = 320, .box_w = 20, .box_h = 10, .ofs_x = 0, .ofs_y = 3},
    {.bitmap_index = 7091, .adv_w = 320, .box_w = 10, .box_h = 19, .ofs_x = 5, .ofs_y = -2},
    {.bitmap_index = 7186, .adv_w = 320, .box_w = 20, .box_h = 10, .ofs_x = 0, .ofs_y = 3},
    {.bitmap_index = 7286, .adv_w = 320, .box_w = 10, .box_h = 19, .ofs_x = 5, .ofs_y = -2},
    {.bitmap_index = 7381, .adv_w = 320, .box_w = 16, .box_h = 9, .ofs_x = 2, .ofs_y = 3},
    {.bitmap_index = 7453, .adv_w = 320, .box_w = 16, .box_h = 17, .ofs_x = 2, .ofs_y = -1},
    {.bitmap_index = 7589, .adv_w = 320, .box_w = 16, .box_h = 17, .ofs_x = 2, .ofs_y = -1},
    {.bitmap_index = 7725, .adv_w = 320, .box_w = 7, .box_h = 7, .ofs_x = 0, .ofs_y = -2},
    {.bitmap_index = 7750, .adv_w = 320, .box_w = 7, .box_h = 7, .ofs_x = 0, .ofs_y = -2},
    {.bitmap_index = 7775, .adv_w = 320, .box_w = 8, .box_h = 13, .ofs_x = 12, .ofs_y = 4},
    {.bitmap_index = 7827, .adv_w = 320, .box_w = 8, .box_h = 13, .ofs_x = 0, .ofs_y = -2},
    {.bitmap_index = 7879, .adv_w = 320, .box_w = 8, .box_h = 14, .ofs_x = 12, .ofs_y = 3},
    {.bitmap_index = 7935, .adv_w = 320, .box_w = 8, .box_h = 14, .ofs_x = 0, .ofs_y = -2},
    {.bitmap_index = 7991, .adv_w = 320, .box_w = 20, .box_h = 3, .ofs_x = 0, .ofs_y = 6},
    {.bitmap_index = 8021, .adv_w = 320, .box_w = 19, .box_h = 18, .ofs_x = 0, .ofs_y = -1},
    {.bitmap_index = 8192, .adv_w = 320, .box_w = 19, .box_h = 18, .ofs_x = 1, .ofs_y = -2},
    {.bitmap_index = 8363, .adv_w = 320, .box_w = 20, .box_h = 18, .ofs_x = 0, .ofs_y = -2},
    {.bitmap_index = 8543, .adv_w = 320, .box_w = 18, .box_h = 20, .ofs_x = 1, .ofs_y = -3},
    {.bitmap_index = 8723, .adv_w = 320, .box_w = 19, .box_h = 18, .ofs_x = 0, .ofs_y = -2},
    {.bitmap_index = 8894, .adv_w = 320, .box_w = 20, .box_h = 19, .ofs_x = 0, .ofs_y = -2},
    {.bitmap_index = 9084, .adv_w = 320, .box_w = 17, .box_h = 19, .ofs_x = 2, .ofs_y = -2},
    {.bitmap_index = 9246, .adv_w = 320, .box_w = 17, .box_h = 19, .ofs_x = 2, .ofs_y = -2},
    {.bitmap_index = 9408, .adv_w = 320, .box_w = 18, .box_h = 20, .ofs_x = 1, .ofs_y = -3},
    {.bitmap_index = 9588, .adv_w = 320, .box_w = 18, .box_h = 18, .ofs_x = 1, .ofs_y = -1},
    {.bitmap_index = 9750, .adv_w = 320, .box_w = 20, .box_h = 20, .ofs_x = 0, .ofs_y = -2},
    {.bitmap_index = 9950, .adv_w = 320, .box_w = 20, .box_h = 20, .ofs_x = 0, .ofs_y = -3},
    {.bitmap_index = 10150, .adv_w = 320, .box_w = 19, .box_h = 19, .ofs_x = 0, .ofs_y = -3},
    {.bitmap_index = 10331, .adv_w = 320, .box_w = 19, .box_h = 21, .ofs_x = 0, .ofs_y = -3},
    {.bitmap_index = 10531, .adv_w = 320, .box_w = 20, .box_h = 20, .ofs_x = 0, .ofs_y = -3},
    {.bitmap_index = 10731, .adv_w = 320, .box_w = 19, .box_h = 20, .ofs_x = 0, .ofs_y = -3},
    {.bitmap_index = 10921, .adv_w = 320, .box_w = 20, .box_h = 19, .ofs_x = 0, .ofs_y = -2},
    {.bitmap_index = 11111, .adv_w = 320, .box_w = 20, .box_h = 19, .ofs_x = 0, .ofs_y = -2},
    {.bitmap_index = 11301, .adv_w = 320, .box_w = 20, .box_h = 19, .ofs_x = 0, .ofs_y = -2},
    {.bitmap_index = 11491, .adv_w = 320, .box_w = 20, .box_h = 20, .ofs_x = 0, .ofs_y = -3},
    {.bitmap_index = 11691, .adv_w = 320, .box_w = 19, .box_h = 19, .ofs_x = 0, .ofs_y = -2},
    {.bitmap_index = 11872, .adv_w = 320, .box_w = 20, .box_h = 20, .ofs_x = 0, .ofs_y = -2},
    {.bitmap_index = 12072, .adv_w = 320, .box_w = 20, .box_h = 19, .ofs_x = 0, .ofs_y = -2},
    {.bitmap_index = 12262, .adv_w = 320, .box_w = 20, .box_h = 19, .ofs_x = 0, .ofs_y = -2},
    {.bitmap_index = 12452, .adv_w = 320, .box_w = 20, .box_h = 19, .ofs_x = 0, .ofs_y = -2},
    {.bitmap_index = 12642, .adv_w = 320, .box_w = 20, .box_h = 19, .ofs_x = 0, .ofs_y = -2},
    {.bitmap_index = 12832, .adv_w = 320, .box_w = 20, .box_h = 19, .ofs_x = 0, .ofs_y = -2},
    {.bitmap_index = 13022, .adv_w = 320, .box_w = 20, .box_h = 21, .ofs_x = 0, .ofs_y = -3},
    {.bitmap_index = 13232, .adv_w = 320, .box_w = 20, .box_h = 20, .ofs_x = 0, .ofs_y = -3},
    {.bitmap_index = 13432, .adv_w = 320, .box_w = 20, .box_h = 20, .ofs_x = 0, .ofs_y = -3},
    {.bitmap_index = 13632, .adv_w = 320, .box_w = 20, .box_h = 20, .ofs_x = 0, .ofs_y = -3},
    {.bitmap_index = 13832, .adv_w = 320, .box_w = 19, .box_h = 21, .ofs_x = 1, .ofs_y = -3},
    {.bitmap_index = 14032, .adv_w = 320, .box_w = 20, .box_h = 20, .ofs_x = 0, .ofs_y = -3},
    {.bitmap_index = 14232, .adv_w = 320, .box_w = 20, .box_h = 19, .ofs_x = 0, .ofs_y = -2},
    {.bitmap_index = 14422, .adv_w = 320, .box_w = 20, .box_h = 20, .ofs_x = 0, .ofs_y = -2},
    {.bitmap_index = 14622, .adv_w = 320, .box_w = 20, .box_h = 19, .ofs_x = 0, .ofs_y = -2},
    {.bitmap_index = 14812, .adv_w = 320, .box_w = 18, .box_h = 20, .ofs_x = 1, .ofs_y = -2},
    {.bitmap_index = 14992, .adv_w = 320, .box_w = 20, .box_h = 19, .ofs_x = 0, .ofs_y = -3},
    {.bitmap_index = 15182, .adv_w = 320, .box_w = 18, .box_h = 19, .ofs_x = 1, .ofs_y = -3},
    {.bitmap_index = 15353, .adv_w = 320, .box_w = 20, .box_h = 19, .ofs_x = 0, .ofs_y = -2},
    {.bitmap_index = 15543, .adv_w = 320, .box_w = 17, .box_h = 19, .ofs_x = 1, .ofs_y = -2},
    {.bitmap_index = 15705, .adv_w = 320, .box_w = 20, .box_h = 20, .ofs_x = 0, .ofs_y = -3},
    {.bitmap_index = 15905, .adv_w = 320, .box_w = 19, .box_h = 19, .ofs_x = 0, .ofs_y = -3},
    {.bitmap_index = 16086, .adv_w = 320, .box_w = 19, .box_h = 20, .ofs_x = 0, .ofs_y = -3},
    {.bitmap_index = 16276, .adv_w = 320, .box_w = 18, .box_h = 20, .ofs_x = 1, .ofs_y = -3},
    {.bitmap_index = 16456, .adv_w = 320, .box_w = 19, .box_h = 20, .ofs_x = 0, .ofs_y = -3},
    {.bitmap_index = 16646, .adv_w = 320, .box_w = 19, .box_h = 20, .ofs_x = 0, .ofs_y = -3},
    {.bitmap_index = 16836, .adv_w = 320, .box_w = 18, .box_h = 19, .ofs_x = 1, .ofs_y = -2},
    {.bitmap_index = 17007, .adv_w = 320, .box_w = 19, .box_h = 20, .ofs_x = 0, .ofs_y = -3},
    {.bitmap_index = 17197, .adv_w = 320, .box_w = 19, .box_h = 19, .ofs_x = 0, .ofs_y = -2},
    {.bitmap_index = 17378, .adv_w = 320, .box_w = 19, .box_h = 20, .ofs_x = 0, .ofs_y = -3},
    {.bitmap_index = 17568, .adv_w = 320, .box_w = 19, .box_h = 19, .ofs_x = 1, .ofs_y = -2},
    {.bitmap_index = 17749, .adv_w = 320, .box_w = 19, .box_h = 19, .ofs_x = 0, .ofs_y = -2},
    {.bitmap_index = 17930, .adv_w = 320, .box_w = 19, .box_h = 20, .ofs_x = 0, .ofs_y = -3},
    {.bitmap_index = 18120, .adv_w = 320, .box_w = 19, .box_h = 20, .ofs_x = 0, .ofs_y = -3},
    {.bitmap_index = 18310, .adv_w = 320, .box_w = 18, .box_h = 20, .ofs_x = 1, .ofs_y = -3},
    {.bitmap_index = 18490, .adv_w = 320, .box_w = 20, .box_h = 19, .ofs_x = 0, .ofs_y = -2},
    {.bitmap_index = 18680, .adv_w = 320, .box_w = 19, .box_h = 18, .ofs_x = 1, .ofs_y = -2},
    {.bitmap_index = 18851, .adv_w = 320, .box_w = 19, .box_h = 19, .ofs_x = 1, .ofs_y = -2},
    {.bitmap_index = 19032, .adv_w = 320, .box_w = 19, .box_h = 19, .ofs_x = 1, .ofs_y = -2},
    {.bitmap_index = 19213, .adv_w = 320, .box_w = 18, .box_h = 18, .ofs_x = 1, .ofs_y = -2},
    {.bitmap_index = 19375, .adv_w = 320, .box_w = 19, .box_h = 19, .ofs_x = 0, .ofs_y = -3},
    {.bitmap_index = 19556, .adv_w = 320, .box_w = 19, .box_h = 18, .ofs_x = 0, .ofs_y = -2},
    {.bitmap_index = 19727, .adv_w = 320, .box_w = 19, .box_h = 19, .ofs_x = 0, .ofs_y = -3},
    {.bitmap_index = 19908, .adv_w = 320, .box_w = 20, .box_h = 19, .ofs_x = 0, .ofs_y = -2},
    {.bitmap_index = 20098, .adv_w = 320, .box_w = 20, .box_h = 18, .ofs_x = 0, .ofs_y = -2},
    {.bitmap_index = 20278, .adv_w = 320, .box_w = 20, .box_h = 20, .ofs_x = 0, .ofs_y = -2},
    {.bitmap_index = 20478, .adv_w = 320, .box_w = 20, .box_h = 19, .ofs_x = 0, .ofs_y = -3},
    {.bitmap_index = 20668, .adv_w = 320, .box_w = 20, .box_h = 19, .ofs_x = 0, .ofs_y = -2},
    {.bitmap_index = 20858, .adv_w = 320, .box_w = 19, .box_h = 20, .ofs_x = 1, .ofs_y = -2},
    {.bitmap_index = 21048, .adv_w = 320, .box_w = 16, .box_h = 18, .ofs_x = 2, .ofs_y = -3},
    {.bitmap_index = 21192, .adv_w = 320, .box_w = 19, .box_h = 18, .ofs_x = 0, .ofs_y = -2},
    {.bitmap_index = 21363, .adv_w = 320, .box_w = 19, .box_h = 19, .ofs_x = 1, .ofs_y = -3},
    {.bitmap_index = 21544, .adv_w = 320, .box_w = 18, .box_h = 21, .ofs_x = 1, .ofs_y = -3},
    {.bitmap_index = 21733, .adv_w = 320, .box_w = 20, .box_h = 20, .ofs_x = 0, .ofs_y = -3},
    {.bitmap_index = 21933, .adv_w = 320, .box_w = 18, .box_h = 20, .ofs_x = 1, .ofs_y = -3},
    {.bitmap_index = 22113, .adv_w = 320, .box_w = 18, .box_h = 18, .ofs_x = 1, .ofs_y = -2},
    {.bitmap_index = 22275, .adv_w = 320, .box_w = 18, .box_h = 19, .ofs_x = 0, .ofs_y = -2},
    {.bitmap_index = 22446, .adv_w = 320, .box_w = 20, .box_h = 20, .ofs_x = 0, .ofs_y = -3},
    {.bitmap_index = 22646, .adv_w = 320, .box_w = 19, .box_h = 18, .ofs_x = 1, .ofs_y = -1},
    {.bitmap_index = 22817, .adv_w = 320, .box_w = 20, .box_h = 19, .ofs_x = 0, .ofs_y = -3},
    {.bitmap_index = 23007, .adv_w = 320, .box_w = 19, .box_h = 20, .ofs_x = 0, .ofs_y = -3},
    {.bitmap_index = 23197, .adv_w = 320, .box_w = 19, .box_h = 20, .ofs_x = 0, .ofs_y = -3},
    {.bitmap_index = 23387, .adv_w = 320, .box_w = 18, .box_h = 19, .ofs_x = 0, .ofs_y = -3},
    {.bitmap_index = 23558, .adv_w = 320, .box_w = 20, .box_h = 20, .ofs_x = 0, .ofs_y = -2},
    {.bitmap_index = 23758, .adv_w = 320, .box_w = 20, .box_h = 20, .ofs_x = 0, .ofs_y = -3},
    {.bitmap_index = 23958, .adv_w = 320, .box_w = 19, .box_h = 19, .ofs_x = 1, .ofs_y = -2},
    {.bitmap_index = 24139, .adv_w = 320, .box_w = 18, .box_h = 19, .ofs_x = 1, .ofs_y = -2},
    {.bitmap_index = 24310, .adv_w = 320, .box_w = 18, .box_h = 18, .ofs_x = 1, .ofs_y = -2},
    {.bitmap_index = 24472, .adv_w = 320, .box_w = 18, .box_h = 19, .ofs_x = 1, .ofs_y = -2},
    {.bitmap_index = 24643, .adv_w = 320, .box_w = 19, .box_h = 19, .ofs_x = 0, .ofs_y = -2},
    {.bitmap_index = 24824, .adv_w = 320, .box_w = 19, .box_h = 20, .ofs_x = 0, .ofs_y = -3},
    {.bitmap_index = 25014, .adv_w = 320, .box_w = 19, .box_h = 18, .ofs_x = 1, .ofs_y = -1},
    {.bitmap_index = 25185, .adv_w = 320, .box_w = 19, .box_h = 19, .ofs_x = 0, .ofs_y = -2},
    {.bitmap_index = 25366, .adv_w = 320, .box_w = 20, .box_h = 20, .ofs_x = 0, .ofs_y = -3},
    {.bitmap_index = 25566, .adv_w = 320, .box_w = 20, .box_h = 20, .ofs_x = 0, .ofs_y = -3},
    {.bitmap_index = 25766, .adv_w = 320, .box_w = 20, .box_h = 19, .ofs_x = 0, .ofs_y = -2},
    {.bitmap_index = 25956, .adv_w = 320, .box_w = 19, .box_h = 19, .ofs_x = 1, .ofs_y = -2},
    {.bitmap_index = 26137, .adv_w = 320, .box_w = 20, .box_h = 19, .ofs_x = 0, .ofs_y = -2},
    {.bitmap_index = 26327, .adv_w = 320, .box_w = 20, .box_h = 18, .ofs_x = 0, .ofs_y = -2},
    {.bitmap_index = 26507, .adv_w = 320, .box_w = 20, .box_h = 20, .ofs_x = 0, .ofs_y = -2},
    {.bitmap_index = 26707, .adv_w = 320, .box_w = 20, .box_h = 20, .ofs_x = 0, .ofs_y = -2},
    {.bitmap_index = 26907, .adv_w = 320, .box_w = 20, .box_h = 19, .ofs_x = 0, .ofs_y = -2},
    {.bitmap_index = 27097, .adv_w = 320, .box_w = 18, .box_h = 20, .ofs_x = 1, .ofs_y = -3},
    {.bitmap_index = 27277, .adv_w = 320, .box_w = 20, .box_h = 19, .ofs_x = 0, .ofs_y = -3},
    {.bitmap_index = 27467, .adv_w = 320, .box_w = 18, .box_h = 21, .ofs_x = 1, .ofs_y = -3},
    {.bitmap_index = 27656, .adv_w = 320, .box_w = 20, .box_h = 20, .ofs_x = 0, .ofs_y = -3},
    {.bitmap_index = 27856, .adv_w = 320, .box_w = 20, .box_h = 21, .ofs_x = 0, .ofs_y = -3},
    {.bitmap_index = 28066, .adv_w = 320, .box_w = 19, .box_h = 21, .ofs_x = 0, .ofs_y = -3},
    {.bitmap_index = 28266, .adv_w = 320, .box_w = 18, .box_h = 20, .ofs_x = 1, .ofs_y = -2},
    {.bitmap_index = 28446, .adv_w = 320, .box_w = 19, .box_h = 20, .ofs_x = 0, .ofs_y = -3},
    {.bitmap_index = 28636, .adv_w = 320, .box_w = 20, .box_h = 20, .ofs_x = 0, .ofs_y = -3},
    {.bitmap_index = 28836, .adv_w = 320, .box_w = 20, .box_h = 21, .ofs_x = 0, .ofs_y = -3},
    {.bitmap_index = 29046, .adv_w = 320, .box_w = 18, .box_h = 19, .ofs_x = 1, .ofs_y = -3},
    {.bitmap_index = 29217, .adv_w = 320, .box_w = 19, .box_h = 20, .ofs_x = 0, .ofs_y = -3},
    {.bitmap_index = 29407, .adv_w = 320, .box_w = 20, .box_h = 20, .ofs_x = 0, .ofs_y = -2},
    {.bitmap_index = 29607, .adv_w = 320, .box_w = 20, .box_h = 20, .ofs_x = 0, .ofs_y = -3},
    {.bitmap_index = 29807, .adv_w = 320, .box_w = 16, .box_h = 19, .ofs_x = 2, .ofs_y = -2},
    {.bitmap_index = 29959, .adv_w = 320, .box_w = 19, .box_h = 18, .ofs_x = 0, .ofs_y = -2},
    {.bitmap_index = 30130, .adv_w = 320, .box_w = 17, .box_h = 19, .ofs_x = 2, .ofs_y = -2},
    {.bitmap_index = 30292, .adv_w = 320, .box_w = 19, .box_h = 18, .ofs_x = 1, .ofs_y = -2},
    {.bitmap_index = 30463, .adv_w = 320, .box_w = 19, .box_h = 19, .ofs_x = 0, .ofs_y = -2},
    {.bitmap_index = 30644, .adv_w = 320, .box_w = 19, .box_h = 19, .ofs_x = 1, .ofs_y = -2},
    {.bitmap_index = 30825, .adv_w = 320, .box_w = 18, .box_h = 19, .ofs_x = 1, .ofs_y = -2},
    {.bitmap_index = 30996, .adv_w = 320, .box_w = 20, .box_h = 18, .ofs_x = 0, .ofs_y = -2},
    {.bitmap_index = 31176, .adv_w = 320, .box_w = 19, .box_h = 20, .ofs_x = 1, .ofs_y = -3},
    {.bitmap_index = 31366, .adv_w = 320, .box_w = 19, .box_h = 20, .ofs_x = 0, .ofs_y = -3},
    {.bitmap_index = 31556, .adv_w = 320, .box_w = 20, .box_h = 19, .ofs_x = 0, .ofs_y = -2},
    {.bitmap_index = 31746, .adv_w = 320, .box_w = 20, .box_h = 21, .ofs_x = 0, .ofs_y = -3},
    {.bitmap_index = 31956, .adv_w = 320, .box_w = 20, .box_h = 20, .ofs_x = 0, .ofs_y = -3},
    {.bitmap_index = 32156, .adv_w = 320, .box_w = 20, .box_h = 20, .ofs_x = 0, .ofs_y = -3},
    {.bitmap_index = 32356, .adv_w = 320, .box_w = 20, .box_h = 19, .ofs_x = 0, .ofs_y = -3},
    {.bitmap_index = 32546, .adv_w = 320, .box_w = 17, .box_h = 20, .ofs_x = 1, .ofs_y = -3},
    {.bitmap_index = 32716, .adv_w = 320, .box_w = 16, .box_h = 19, .ofs_x = 2, .ofs_y = -2},
    {.bitmap_index = 32868, .adv_w = 320, .box_w = 19, .box_h = 19, .ofs_x = 1, .ofs_y = -3},
    {.bitmap_index = 33049, .adv_w = 320, .box_w = 20, .box_h = 20, .ofs_x = 0, .ofs_y = -3},
    {.bitmap_index = 33249, .adv_w = 320, .box_w = 20, .box_h = 21, .ofs_x = 0, .ofs_y = -3},
    {.bitmap_index = 33459, .adv_w = 320, .box_w = 20, .box_h = 18, .ofs_x = 0, .ofs_y = -2},
    {.bitmap_index = 33639, .adv_w = 320, .box_w = 20, .box_h = 19, .ofs_x = 0, .ofs_y = -2},
    {.bitmap_index = 33829, .adv_w = 320, .box_w = 19, .box_h = 19, .ofs_x = 0, .ofs_y = -2},
    {.bitmap_index = 34010, .adv_w = 320, .box_w = 20, .box_h = 19, .ofs_x = 0, .ofs_y = -2},
    {.bitmap_index = 34200, .adv_w = 320, .box_w = 20, .box_h = 20, .ofs_x = 0, .ofs_y = -3},
    {.bitmap_index = 34400, .adv_w = 320, .box_w = 20, .box_h = 19, .ofs_x = 0, .ofs_y = -2},
    {.bitmap_index = 34590, .adv_w = 320, .box_w = 20, .box_h = 19, .ofs_x = 0, .ofs_y = -2},
    {.bitmap_index = 34780, .adv_w = 320, .box_w = 19, .box_h = 21, .ofs_x = 0, .ofs_y = -3},
    {.bitmap_index = 34980, .adv_w = 320, .box_w = 19, .box_h = 20, .ofs_x = 1, .ofs_y = -3},
    {.bitmap_index = 35170, .adv_w = 320, .box_w = 20, .box_h = 20, .ofs_x = 0, .ofs_y = -3},
    {.bitmap_index = 35370, .adv_w = 320, .box_w = 18, .box_h = 20, .ofs_x = 0, .ofs_y = -3},
    {.bitmap_index = 35550, .adv_w = 320, .box_w = 20, .box_h = 20, .ofs_x = 0, .ofs_y = -3},
    {.bitmap_index = 35750, .adv_w = 320, .box_w = 19, .box_h = 19, .ofs_x = 0, .ofs_y = -2},
    {.bitmap_index = 35931, .adv_w = 320, .box_w = 20, .box_h = 20, .ofs_x = 0, .ofs_y = -3},
    {.bitmap_index = 36131, .adv_w = 320, .box_w = 19, .box_h = 20, .ofs_x = 0, .ofs_y = -3},
    {.bitmap_index = 36321, .adv_w = 320, .box_w = 20, .box_h = 20, .ofs_x = 0, .ofs_y = -3},
    {.bitmap_index = 36521, .adv_w = 320, .box_w = 20, .box_h = 19, .ofs_x = 0, .ofs_y = -2},
    {.bitmap_index = 36711, .adv_w = 320, .box_w = 20, .box_h = 20, .ofs_x = 0, .ofs_y = -3},
    {.bitmap_index = 36911, .adv_w = 320, .box_w = 20, .box_h = 20, .ofs_x = 0, .ofs_y = -3},
    {.bitmap_index = 37111, .adv_w = 320, .box_w = 19, .box_h = 20, .ofs_x = 0, .ofs_y = -3},
    {.bitmap_index = 37301, .adv_w = 320, .box_w = 20, .box_h = 20, .ofs_x = 0, .ofs_y = -3},
    {.bitmap_index = 37501, .adv_w = 320, .box_w = 20, .box_h = 20, .ofs_x = 0, .ofs_y = -3},
    {.bitmap_index = 37701, .adv_w = 320, .box_w = 20, .box_h = 20, .ofs_x = 0, .ofs_y = -3},
    {.bitmap_index = 37901, .adv_w = 320, .box_w = 20, .box_h = 20, .ofs_x = 0, .ofs_y = -3},
    {.bitmap_index = 38101, .adv_w = 320, .box_w = 20, .box_h = 19, .ofs_x = 0, .ofs_y = -2},
    {.bitmap_index = 38291, .adv_w = 320, .box_w = 20, .box_h = 20, .ofs_x = 0, .ofs_y = -3},
    {.bitmap_index = 38491, .adv_w = 320, .box_w = 20, .box_h = 20, .ofs_x = 0, .ofs_y = -3},
    {.bitmap_index = 38691, .adv_w = 320, .box_w = 20, .box_h = 20, .ofs_x = 0, .ofs_y = -3},
    {.bitmap_index = 38891, .adv_w = 320, .box_w = 20, .box_h = 20, .ofs_x = 0, .ofs_y = -3},
    {.bitmap_index = 39091, .adv_w = 320, .box_w = 20, .box_h = 21, .ofs_x = 0, .ofs_y = -3},
    {.bitmap_index = 39301, .adv_w = 320, .box_w = 20, .box_h = 20, .ofs_x = 0, .ofs_y = -3},
    {.bitmap_index = 39501, .adv_w = 320, .box_w = 20, .box_h = 19, .ofs_x = 0, .ofs_y = -2},
    {.bitmap_index = 39691, .adv_w = 320, .box_w = 20, .box_h = 20, .ofs_x = 0, .ofs_y = -3},
    {.bitmap_index = 39891, .adv_w = 320, .box_w = 20, .box_h = 19, .ofs_x = 0, .ofs_y = -2},
    {.bitmap_index = 40081, .adv_w = 320, .box_w = 19, .box_h = 20, .ofs_x = 1, .ofs_y = -3},
    {.bitmap_index = 40271, .adv_w = 320, .box_w = 20, .box_h = 20, .ofs_x = 0, .ofs_y = -3},
    {.bitmap_index = 40471, .adv_w = 320, .box_w = 20, .box_h = 19, .ofs_x = 0, .ofs_y = -2},
    {.bitmap_index = 40661, .adv_w = 320, .box_w = 20, .box_h = 19, .ofs_x = 0, .ofs_y = -2},
    {.bitmap_index = 40851, .adv_w = 320, .box_w = 20, .box_h = 20, .ofs_x = 0, .ofs_y = -2},
    {.bitmap_index = 41051, .adv_w = 320, .box_w = 20, .box_h = 20, .ofs_x = 0, .ofs_y = -2},
    {.bitmap_index = 41251, .adv_w = 320, .box_w = 19, .box_h = 20, .ofs_x = 1, .ofs_y = -3},
    {.bitmap_index = 41441, .adv_w = 320, .box_w = 20, .box_h = 20, .ofs_x = 0, .ofs_y = -2},
    {.bitmap_index = 41641, .adv_w = 320, .box_w = 20, .box_h = 21, .ofs_x = 0, .ofs_y = -3},
    {.bitmap_index = 41851, .adv_w = 320, .box_w = 20, .box_h = 19, .ofs_x = 0, .ofs_y = -3},
    {.bitmap_index = 42041, .adv_w = 320, .box_w = 19, .box_h = 19, .ofs_x = 1, .ofs_y = -3},
    {.bitmap_index = 42222, .adv_w = 320, .box_w = 14, .box_h = 19, .ofs_x = 3, .ofs_y = -3},
    {.bitmap_index = 42355, .adv_w = 320, .box_w = 19, .box_h = 20, .ofs_x = 1, .ofs_y = -3},
    {.bitmap_index = 42545, .adv_w = 320, .box_w = 19, .box_h = 19, .ofs_x = 0, .ofs_y = -2},
    {.bitmap_index = 42726, .adv_w = 320, .box_w = 20, .box_h = 20, .ofs_x = 0, .ofs_y = -3},
    {.bitmap_index = 42926, .adv_w = 320, .box_w = 20, .box_h = 17, .ofs_x = 0, .ofs_y = -1},
    {.bitmap_index = 43096, .adv_w = 320, .box_w = 19, .box_h = 20, .ofs_x = 1, .ofs_y = -3},
    {.bitmap_index = 43286, .adv_w = 320, .box_w = 20, .box_h = 19, .ofs_x = 0, .ofs_y = -3},
    {.bitmap_index = 43476, .adv_w = 320, .box_w = 20, .box_h = 19, .ofs_x = 0, .ofs_y = -2},
    {.bitmap_index = 43666, .adv_w = 320, .box_w = 17, .box_h = 19, .ofs_x = 0, .ofs_y = -3},
    {.bitmap_index = 43828, .adv_w = 320, .box_w = 19, .box_h = 19, .ofs_x = 0, .ofs_y = -2},
    {.bitmap_index = 44009, .adv_w = 320, .box_w = 19, .box_h = 20, .ofs_x = 0, .ofs_y = -3},
    {.bitmap_index = 44199, .adv_w = 320, .box_w = 20, .box_h = 19, .ofs_x = 0, .ofs_y = -2},
    {.bitmap_index = 44389, .adv_w = 320, .box_w = 20, .box_h = 19, .ofs_x = 0, .ofs_y = -2},
    {.bitmap_index = 44579, .adv_w = 320, .box_w = 20, .box_h = 20, .ofs_x = 0, .ofs_y = -2},
    {.bitmap_index = 44779, .adv_w = 320, .box_w = 20, .box_h = 20, .ofs_x = 0, .ofs_y = -3},
    {.bitmap_index = 44979, .adv_w = 320, .box_w = 20, .box_h = 19, .ofs_x = 0, .ofs_y = -2},
    {.bitmap_index = 45169, .adv_w = 320, .box_w = 20, .box_h = 18, .ofs_x = 0, .ofs_y = -2},
    {.bitmap_index = 45349, .adv_w = 320, .box_w = 20, .box_h = 20, .ofs_x = 0, .ofs_y = -2},
    {.bitmap_index = 45549, .adv_w = 320, .box_w = 20, .box_h = 20, .ofs_x = 0, .ofs_y = -3},
    {.bitmap_index = 45749, .adv_w = 320, .box_w = 19, .box_h = 19, .ofs_x = 0, .ofs_y = -2},
    {.bitmap_index = 45930, .adv_w = 320, .box_w = 20, .box_h = 20, .ofs_x = 0, .ofs_y = -3},
    {.bitmap_index = 46130, .adv_w = 320, .box_w = 20, .box_h = 20, .ofs_x = 0, .ofs_y = -3},
    {.bitmap_index = 46330, .adv_w = 320, .box_w = 20, .box_h = 20, .ofs_x = 0, .ofs_y = -2},
    {.bitmap_index = 46530, .adv_w = 320, .box_w = 20, .box_h = 20, .ofs_x = 0, .ofs_y = -3},
    {.bitmap_index = 46730, .adv_w = 320, .box_w = 20, .box_h = 21, .ofs_x = 0, .ofs_y = -3},
    {.bitmap_index = 46940, .adv_w = 320, .box_w = 20, .box_h = 20, .ofs_x = 0, .ofs_y = -3},
    {.bitmap_index = 47140, .adv_w = 320, .box_w = 20, .box_h = 20, .ofs_x = 0, .ofs_y = -2},
    {.bitmap_index = 47340, .adv_w = 320, .box_w = 19, .box_h = 17, .ofs_x = 1, .ofs_y = -1},
    {.bitmap_index = 47502, .adv_w = 320, .box_w = 20, .box_h = 20, .ofs_x = 0, .ofs_y = -3},
    {.bitmap_index = 47702, .adv_w = 320, .box_w = 19, .box_h = 19, .ofs_x = 0, .ofs_y = -2},
    {.bitmap_index = 47883, .adv_w = 320, .box_w = 20, .box_h = 20, .ofs_x = 0, .ofs_y = -3},
    {.bitmap_index = 48083, .adv_w = 320, .box_w = 20, .box_h = 19, .ofs_x = 0, .ofs_y = -2},
    {.bitmap_index = 48273, .adv_w = 320, .box_w = 20, .box_h = 19, .ofs_x = 0, .ofs_y = -2},
    {.bitmap_index = 48463, .adv_w = 320, .box_w = 20, .box_h = 19, .ofs_x = 0, .ofs_y = -2},
    {.bitmap_index = 48653, .adv_w = 320, .box_w = 20, .box_h = 19, .ofs_x = 0, .ofs_y = -2},
    {.bitmap_index = 48843, .adv_w = 320, .box_w = 20, .box_h = 19, .ofs_x = 0, .ofs_y = -2},
    {.bitmap_index = 49033, .adv_w = 320, .box_w = 20, .box_h = 19, .ofs_x = 0, .ofs_y = -3},
    {.bitmap_index = 49223, .adv_w = 320, .box_w = 20, .box_h = 19, .ofs_x = 0, .ofs_y = -2},
    {.bitmap_index = 49413, .adv_w = 320, .box_w = 20, .box_h = 20, .ofs_x = 0, .ofs_y = -3},
    {.bitmap_index = 49613, .adv_w = 320, .box_w = 20, .box_h = 20, .ofs_x = 0, .ofs_y = -3},
    {.bitmap_index = 49813, .adv_w = 320, .box_w = 19, .box_h = 20, .ofs_x = 0, .ofs_y = -3},
    {.bitmap_index = 50003, .adv_w = 320, .box_w = 19, .box_h = 19, .ofs_x = 0, .ofs_y = -2},
    {.bitmap_index = 50184, .adv_w = 320, .box_w = 20, .box_h = 20, .ofs_x = 0, .ofs_y = -3},
    {.bitmap_index = 50384, .adv_w = 320, .box_w = 20, .box_h = 19, .ofs_x = 0, .ofs_y = -2},
    {.bitmap_index = 50574, .adv_w = 320, .box_w = 20, .box_h = 19, .ofs_x = 0, .ofs_y = -2},
    {.bitmap_index = 50764, .adv_w = 320, .box_w = 20, .box_h = 19, .ofs_x = 0, .ofs_y = -2},
    {.bitmap_index = 50954, .adv_w = 320, .box_w = 20, .box_h = 19, .ofs_x = 0, .ofs_y = -2},
    {.bitmap_index = 51144, .adv_w = 320, .box_w = 20, .box_h = 20, .ofs_x = 0, .ofs_y = -3},
    {.bitmap_index = 51344, .adv_w = 320, .box_w = 20, .box_h = 19, .ofs_x = 0, .ofs_y = -2},
    {.bitmap_index = 51534, .adv_w = 320, .box_w = 20, .box_h = 20, .ofs_x = 0, .ofs_y = -2},
    {.bitmap_index = 51734, .adv_w = 320, .box_w = 20, .box_h = 19, .ofs_x = 0, .ofs_y = -2},
    {.bitmap_index = 51924, .adv_w = 320, .box_w = 20, .box_h = 19, .ofs_x = 0, .ofs_y = -2},
    {.bitmap_index = 52114, .adv_w = 320, .box_w = 20, .box_h = 19, .ofs_x = 0, .ofs_y = -2},
    {.bitmap_index = 52304, .adv_w = 320, .box_w = 19, .box_h = 20, .ofs_x = 0, .ofs_y = -3},
    {.bitmap_index = 52494, .adv_w = 320, .box_w = 20, .box_h = 20, .ofs_x = 0, .ofs_y = -3},
    {.bitmap_index = 52694, .adv_w = 320, .box_w = 20, .box_h = 20, .ofs_x = 0, .ofs_y = -3},
    {.bitmap_index = 52894, .adv_w = 320, .box_w = 20, .box_h = 19, .ofs_x = 0, .ofs_y = -2},
    {.bitmap_index = 53084, .adv_w = 320, .box_w = 20, .box_h = 19, .ofs_x = 0, .ofs_y = -2},
    {.bitmap_index = 53274, .adv_w = 320, .box_w = 20, .box_h = 20, .ofs_x = 0, .ofs_y = -3},
    {.bitmap_index = 53474, .adv_w = 320, .box_w = 20, .box_h = 17, .ofs_x = 0, .ofs_y = -1},
    {.bitmap_index = 53644, .adv_w = 320, .box_w = 20, .box_h = 18, .ofs_x = 0, .ofs_y = -1},
    {.bitmap_index = 53824, .adv_w = 320, .box_w = 18, .box_h = 19, .ofs_x = 0, .ofs_y = -3},
    {.bitmap_index = 53995, .adv_w = 320, .box_w = 16, .box_h = 20, .ofs_x = 2, .ofs_y = -3},
    {.bitmap_index = 54155, .adv_w = 320, .box_w = 17, .box_h = 19, .ofs_x = 2, .ofs_y = -2},
    {.bitmap_index = 54317, .adv_w = 320, .box_w = 18, .box_h = 18, .ofs_x = 1, .ofs_y = -2},
    {.bitmap_index = 54479, .adv_w = 320, .box_w = 19, .box_h = 21, .ofs_x = 1, .ofs_y = -3},
    {.bitmap_index = 54679, .adv_w = 320, .box_w = 20, .box_h = 19, .ofs_x = 0, .ofs_y = -2},
    {.bitmap_index = 54869, .adv_w = 320, .box_w = 18, .box_h = 20, .ofs_x = 1, .ofs_y = -3},
    {.bitmap_index = 55049, .adv_w = 320, .box_w = 20, .box_h = 19, .ofs_x = 0, .ofs_y = -2},
    {.bitmap_index = 55239, .adv_w = 320, .box_w = 20, .box_h = 20, .ofs_x = 0, .ofs_y = -2},
    {.bitmap_index = 55439, .adv_w = 320, .box_w = 19, .box_h = 20, .ofs_x = 0, .ofs_y = -3},
    {.bitmap_index = 55629, .adv_w = 320, .box_w = 19, .box_h = 19, .ofs_x = 0, .ofs_y = -2},
    {.bitmap_index = 55810, .adv_w = 320, .box_w = 19, .box_h = 20, .ofs_x = 0, .ofs_y = -3},
    {.bitmap_index = 56000, .adv_w = 320, .box_w = 19, .box_h = 19, .ofs_x = 0, .ofs_y = -2},
    {.bitmap_index = 56181, .adv_w = 320, .box_w = 19, .box_h = 19, .ofs_x = 0, .ofs_y = -3},
    {.bitmap_index = 56362, .adv_w = 320, .box_w = 20, .box_h = 19, .ofs_x = 0, .ofs_y = -2},
    {.bitmap_index = 56552, .adv_w = 320, .box_w = 19, .box_h = 20, .ofs_x = 0, .ofs_y = -3},
    {.bitmap_index = 56742, .adv_w = 320, .box_w = 19, .box_h = 19, .ofs_x = 0, .ofs_y = -3},
    {.bitmap_index = 56923, .adv_w = 320, .box_w = 18, .box_h = 20, .ofs_x = 1, .ofs_y = -3},
    {.bitmap_index = 57103, .adv_w = 320, .box_w = 20, .box_h = 19, .ofs_x = 0, .ofs_y = -2},
    {.bitmap_index = 57293, .adv_w = 320, .box_w = 20, .box_h = 19, .ofs_x = 0, .ofs_y = -2},
    {.bitmap_index = 57483, .adv_w = 320, .box_w = 20, .box_h = 19, .ofs_x = 0, .ofs_y = -2},
    {.bitmap_index = 57673, .adv_w = 320, .box_w = 18, .box_h = 19, .ofs_x = 1, .ofs_y = -1},
    {.bitmap_index = 57844, .adv_w = 320, .box_w = 19, .box_h = 18, .ofs_x = 1, .ofs_y = -1},
    {.bitmap_index = 58015, .adv_w = 320, .box_w = 19, .box_h = 19, .ofs_x = 1, .ofs_y = -2},
    {.bitmap_index = 58196, .adv_w = 320, .box_w = 20, .box_h = 20, .ofs_x = 0, .ofs_y = -3},
    {.bitmap_index = 58396, .adv_w = 320, .box_w = 20, .box_h = 21, .ofs_x = 0, .ofs_y = -3},
    {.bitmap_index = 58606, .adv_w = 320, .box_w = 20, .box_h = 20, .ofs_x = 0, .ofs_y = -3},
    {.bitmap_index = 58806, .adv_w = 320, .box_w = 19, .box_h = 19, .ofs_x = 1, .ofs_y = -2},
    {.bitmap_index = 58987, .adv_w = 320, .box_w = 18, .box_h = 20, .ofs_x = 1, .ofs_y = -3},
    {.bitmap_index = 59167, .adv_w = 320, .box_w = 19, .box_h = 19, .ofs_x = 1, .ofs_y = -2},
    {.bitmap_index = 59348, .adv_w = 320, .box_w = 20, .box_h = 20, .ofs_x = 0, .ofs_y = -3},
    {.bitmap_index = 59548, .adv_w = 320, .box_w = 20, .box_h = 21, .ofs_x = 0, .ofs_y = -3},
    {.bitmap_index = 59758, .adv_w = 320, .box_w = 20, .box_h = 20, .ofs_x = 0, .ofs_y = -3},
    {.bitmap_index = 59958, .adv_w = 320, .box_w = 20, .box_h = 18, .ofs_x = 0, .ofs_y = -1},
    {.bitmap_index = 60138, .adv_w = 320, .box_w = 20, .box_h = 19, .ofs_x = 0, .ofs_y = -2},
    {.bitmap_index = 60328, .adv_w = 320, .box_w = 20, .box_h = 20, .ofs_x = 0, .ofs_y = -2},
    {.bitmap_index = 60528, .adv_w = 320, .box_w = 20, .box_h = 19, .ofs_x = 0, .ofs_y = -2},
    {.bitmap_index = 60718, .adv_w = 320, .box_w = 19, .box_h = 19, .ofs_x = 0, .ofs_y = -2},
    {.bitmap_index = 60899, .adv_w = 320, .box_w = 19, .box_h = 20, .ofs_x = 0, .ofs_y = -3},
    {.bitmap_index = 61089, .adv_w = 320, .box_w = 18, .box_h = 18, .ofs_x = 1, .ofs_y = -2},
    {.bitmap_index = 61251, .adv_w = 320, .box_w = 18, .box_h = 19, .ofs_x = 1, .ofs_y = -2},
    {.bitmap_index = 61422, .adv_w = 320, .box_w = 19, .box_h = 19, .ofs_x = 0, .ofs_y = -2},
    {.bitmap_index = 61603, .adv_w = 320, .box_w = 20, .box_h = 19, .ofs_x = 0, .ofs_y = -2},
    {.bitmap_index = 61793, .adv_w = 320, .box_w = 20, .box_h = 20, .ofs_x = 0, .ofs_y = -3},
    {.bitmap_index = 61993, .adv_w = 320, .box_w = 19, .box_h = 19, .ofs_x = 1, .ofs_y = -2},
    {.bitmap_index = 62174, .adv_w = 320, .box_w = 15, .box_h = 20, .ofs_x = 3, .ofs_y = -3},
    {.bitmap_index = 62324, .adv_w = 320, .box_w = 19, .box_h = 21, .ofs_x = 0, .ofs_y = -3},
    {.bitmap_index = 62524, .adv_w = 320, .box_w = 20, .box_h = 19, .ofs_x = 0, .ofs_y = -2},
    {.bitmap_index = 62714, .adv_w = 320, .box_w = 19, .box_h = 19, .ofs_x = 0, .ofs_y = -2},
    {.bitmap_index = 62895, .adv_w = 320, .box_w = 20, .box_h = 21, .ofs_x = 0, .ofs_y = -3},
    {.bitmap_index = 63105, .adv_w = 320, .box_w = 20, .box_h = 19, .ofs_x = 0, .ofs_y = -2},
    {.bitmap_index = 63295, .adv_w = 320, .box_w = 19, .box_h = 19, .ofs_x = 0, .ofs_y = -2},
    {.bitmap_index = 63476, .adv_w = 320, .box_w = 19, .box_h = 20, .ofs_x = 0, .ofs_y = -3},
    {.bitmap_index = 63666, .adv_w = 320, .box_w = 20, .box_h = 20, .ofs_x = 0, .ofs_y = -3},
    {.bitmap_index = 63866, .adv_w = 320, .box_w = 20, .box_h = 19, .ofs_x = 0, .ofs_y = -2},
    {.bitmap_index = 64056, .adv_w = 320, .box_w = 20, .box_h = 20, .ofs_x = 0, .ofs_y = -2},
    {.bitmap_index = 64256, .adv_w = 320, .box_w = 20, .box_h = 20, .ofs_x = 0, .ofs_y = -3},
    {.bitmap_index = 64456, .adv_w = 320, .box_w = 20, .box_h = 19, .ofs_x = 0, .ofs_y = -3},
    {.bitmap_index = 64646, .adv_w = 320, .box_w = 20, .box_h = 21, .ofs_x = 0, .ofs_y = -3},
    {.bitmap_index = 64856, .adv_w = 320, .box_w = 18, .box_h = 20, .ofs_x = 1, .ofs_y = -3},
    {.bitmap_index = 65036, .adv_w = 320, .box_w = 20, .box_h = 20, .ofs_x = 0, .ofs_y = -3},
    {.bitmap_index = 65236, .adv_w = 320, .box_w = 20, .box_h = 20, .ofs_x = 0, .ofs_y = -3},
    {.bitmap_index = 65436, .adv_w = 320, .box_w = 20, .box_h = 19, .ofs_x = 0, .ofs_y = -2},
    {.bitmap_index = 65626, .adv_w = 320, .box_w = 20, .box_h = 19, .ofs_x = 0, .ofs_y = -2},
    {.bitmap_index = 65816, .adv_w = 320, .box_w = 20, .box_h = 20, .ofs_x = 0, .ofs_y = -3},
    {.bitmap_index = 66016, .adv_w = 320, .box_w = 20, .box_h = 19, .ofs_x = 0, .ofs_y = -2},
    {.bitmap_index = 66206, .adv_w = 320, .box_w = 20, .box_h = 19, .ofs_x = 0, .ofs_y = -2},
    {.bitmap_index = 66396, .adv_w = 320, .box_w = 19, .box_h = 19, .ofs_x = 1, .ofs_y = -2},
    {.bitmap_index = 66577, .adv_w = 320, .box_w = 19, .box_h = 19, .ofs_x = 1, .ofs_y = -2},
    {.bitmap_index = 66758, .adv_w = 320, .box_w = 19, .box_h = 19, .ofs_x = 1, .ofs_y = -2},
    {.bitmap_index = 66939, .adv_w = 320, .box_w = 20, .box_h = 20, .ofs_x = 0, .ofs_y = -3},
    {.bitmap_index = 67139, .adv_w = 320, .box_w = 20, .box_h = 20, .ofs_x = 0, .ofs_y = -2},
    {.bitmap_index = 67339, .adv_w = 320, .box_w = 19, .box_h = 19, .ofs_x = 0, .ofs_y = -2},
    {.bitmap_index = 67520, .adv_w = 320, .box_w = 20, .box_h = 19, .ofs_x = 0, .ofs_y = -2},
    {.bitmap_index = 67710, .adv_w = 320, .box_w = 20, .box_h = 19, .ofs_x = 0, .ofs_y = -2},
    {.bitmap_index = 67900, .adv_w = 320, .box_w = 20, .box_h = 19, .ofs_x = 0, .ofs_y = -2},
    {.bitmap_index = 68090, .adv_w = 320, .box_w = 18, .box_h = 19, .ofs_x = 1, .ofs_y = -2},
    {.bitmap_index = 68261, .adv_w = 320, .box_w = 20, .box_h = 19, .ofs_x = 0, .ofs_y = -2},
    {.bitmap_index = 68451, .adv_w = 320, .box_w = 20, .box_h = 19, .ofs_x = 0, .ofs_y = -2},
    {.bitmap_index = 68641, .adv_w = 320, .box_w = 20, .box_h = 20, .ofs_x = 0, .ofs_y = -3},
    {.bitmap_index = 68841, .adv_w = 320, .box_w = 20, .box_h = 19, .ofs_x = 0, .ofs_y = -3},
    {.bitmap_index = 69031, .adv_w = 320, .box_w = 20, .box_h = 18, .ofs_x = 0, .ofs_y = -1},
    {.bitmap_index = 69211, .adv_w = 320, .box_w = 20, .box_h = 19, .ofs_x = 0, .ofs_y = -2},
    {.bitmap_index = 69401, .adv_w = 320, .box_w = 20, .box_h = 20, .ofs_x = 0, .ofs_y = -3},
    {.bitmap_index = 69601, .adv_w = 320, .box_w = 20, .box_h = 20, .ofs_x = 0, .ofs_y = -2},
    {.bitmap_index = 69801, .adv_w = 320, .box_w = 20, .box_h = 20, .ofs_x = 0, .ofs_y = -3},
    {.bitmap_index = 70001, .adv_w = 320, .box_w = 19, .box_h = 20, .ofs_x = 1, .ofs_y = -3},
    {.bitmap_index = 70191, .adv_w = 320, .box_w = 20, .box_h = 19, .ofs_x = 0, .ofs_y = -2},
    {.bitmap_index = 70381, .adv_w = 320, .box_w = 20, .box_h = 21, .ofs_x = 0, .ofs_y = -3},
    {.bitmap_index = 70591, .adv_w = 320, .box_w = 20, .box_h = 19, .ofs_x = 0, .ofs_y = -2},
    {.bitmap_index = 70781, .adv_w = 320, .box_w = 20, .box_h = 19, .ofs_x = 0, .ofs_y = -2},
    {.bitmap_index = 70971, .adv_w = 320, .box_w = 20, .box_h = 19, .ofs_x = 0, .ofs_y = -3},
    {.bitmap_index = 71161, .adv_w = 320, .box_w = 19, .box_h = 19, .ofs_x = 0, .ofs_y = -2},
    {.bitmap_index = 71342, .adv_w = 320, .box_w = 20, .box_h = 20, .ofs_x = 0, .ofs_y = -3},
    {.bitmap_index = 71542, .adv_w = 320, .box_w = 20, .box_h = 20, .ofs_x = 0, .ofs_y = -3},
    {.bitmap_index = 71742, .adv_w = 320, .box_w = 20, .box_h = 21, .ofs_x = 0, .ofs_y = -3},
    {.bitmap_index = 71952, .adv_w = 320, .box_w = 20, .box_h = 19, .ofs_x = 0, .ofs_y = -2},
    {.bitmap_index = 72142, .adv_w = 320, .box_w = 19, .box_h = 21, .ofs_x = 1, .ofs_y = -3},
    {.bitmap_index = 72342, .adv_w = 320, .box_w = 20, .box_h = 20, .ofs_x = 0, .ofs_y = -3},
    {.bitmap_index = 72542, .adv_w = 320, .box_w = 20, .box_h = 19, .ofs_x = 0, .ofs_y = -2},
    {.bitmap_index = 72732, .adv_w = 320, .box_w = 20, .box_h = 20, .ofs_x = 0, .ofs_y = -3},
    {.bitmap_index = 72932, .adv_w = 320, .box_w = 20, .box_h = 20, .ofs_x = 0, .ofs_y = -3},
    {.bitmap_index = 73132, .adv_w = 320, .box_w = 20, .box_h = 20, .ofs_x = 0, .ofs_y = -3},
    {.bitmap_index = 73332, .adv_w = 320, .box_w = 20, .box_h = 21, .ofs_x = 0, .ofs_y = -3},
    {.bitmap_index = 73542, .adv_w = 320, .box_w = 20, .box_h = 20, .ofs_x = 0, .ofs_y = -2},
    {.bitmap_index = 73742, .adv_w = 320, .box_w = 19, .box_h = 20, .ofs_x = 1, .ofs_y = -3},
    {.bitmap_index = 73932, .adv_w = 320, .box_w = 20, .box_h = 19, .ofs_x = 0, .ofs_y = -2},
    {.bitmap_index = 74122, .adv_w = 320, .box_w = 20, .box_h = 18, .ofs_x = 0, .ofs_y = -1},
    {.bitmap_index = 74302, .adv_w = 320, .box_w = 20, .box_h = 19, .ofs_x = 0, .ofs_y = -2},
    {.bitmap_index = 74492, .adv_w = 320, .box_w = 19, .box_h = 19, .ofs_x = 0, .ofs_y = -2},
    {.bitmap_index = 74673, .adv_w = 320, .box_w = 20, .box_h = 21, .ofs_x = 0, .ofs_y = -3},
    {.bitmap_index = 74883, .adv_w = 320, .box_w = 20, .box_h = 20, .ofs_x = 0, .ofs_y = -3},
    {.bitmap_index = 75083, .adv_w = 320, .box_w = 19, .box_h = 19, .ofs_x = 1, .ofs_y = -2},
    {.bitmap_index = 75264, .adv_w = 320, .box_w = 18, .box_h = 20, .ofs_x = 1, .ofs_y = -3},
    {.bitmap_index = 75444, .adv_w = 320, .box_w = 18, .box_h = 19, .ofs_x = 1, .ofs_y = -2},
    {.bitmap_index = 75615, .adv_w = 320, .box_w = 19, .box_h = 20, .ofs_x = 1, .ofs_y = -3},
    {.bitmap_index = 75805, .adv_w = 320, .box_w = 19, .box_h = 19, .ofs_x = 1, .ofs_y = -2},
    {.bitmap_index = 75986, .adv_w = 320, .box_w = 19, .box_h = 20, .ofs_x = 1, .ofs_y = -3},
    {.bitmap_index = 76176, .adv_w = 320, .box_w = 19, .box_h = 20, .ofs_x = 1, .ofs_y = -3},
    {.bitmap_index = 76366, .adv_w = 320, .box_w = 19, .box_h = 20, .ofs_x = 1, .ofs_y = -3},
    {.bitmap_index = 76556, .adv_w = 320, .box_w = 20, .box_h = 19, .ofs_x = 0, .ofs_y = -2},
    {.bitmap_index = 76746, .adv_w = 320, .box_w = 18, .box_h = 20, .ofs_x = 1, .ofs_y = -3},
    {.bitmap_index = 76926, .adv_w = 320, .box_w = 18, .box_h = 20, .ofs_x = 1, .ofs_y = -3},
    {.bitmap_index = 77106, .adv_w = 320, .box_w = 18, .box_h = 18, .ofs_x = 1, .ofs_y = -2},
    {.bitmap_index = 77268, .adv_w = 320, .box_w = 18, .box_h = 18, .ofs_x = 1, .ofs_y = -2},
    {.bitmap_index = 77430, .adv_w = 320, .box_w = 20, .box_h = 20, .ofs_x = 0, .ofs_y = -3},
    {.bitmap_index = 77630, .adv_w = 320, .box_w = 20, .box_h = 19, .ofs_x = 0, .ofs_y = -2},
    {.bitmap_index = 77820, .adv_w = 320, .box_w = 20, .box_h = 20, .ofs_x = 0, .ofs_y = -3},
    {.bitmap_index = 78020, .adv_w = 320, .box_w = 20, .box_h = 20, .ofs_x = 0, .ofs_y = -3},
    {.bitmap_index = 78220, .adv_w = 320, .box_w = 20, .box_h = 20, .ofs_x = 0, .ofs_y = -3},
    {.bitmap_index = 78420, .adv_w = 320, .box_w = 19, .box_h = 18, .ofs_x = 1, .ofs_y = -2},
    {.bitmap_index = 78591, .adv_w = 320, .box_w = 20, .box_h = 19, .ofs_x = 0, .ofs_y = -2},
    {.bitmap_index = 78781, .adv_w = 320, .box_w = 20, .box_h = 21, .ofs_x = 0, .ofs_y = -3},
    {.bitmap_index = 78991, .adv_w = 320, .box_w = 18, .box_h = 20, .ofs_x = 1, .ofs_y = -3},
    {.bitmap_index = 79171, .adv_w = 320, .box_w = 20, .box_h = 19, .ofs_x = 0, .ofs_y = -2},
    {.bitmap_index = 79361, .adv_w = 320, .box_w = 7, .box_h = 20, .ofs_x = 13, .ofs_y = -2},
    {.bitmap_index = 79431, .adv_w = 320, .box_w = 7, .box_h = 20, .ofs_x = 0, .ofs_y = -2},
    {.bitmap_index = 79501, .adv_w = 320, .box_w = 6, .box_h = 8, .ofs_x = 2, .ofs_y = -3},
    {.bitmap_index = 79525, .adv_w = 320, .box_w = 4, .box_h = 14, .ofs_x = 3, .ofs_y = -1},
    {.bitmap_index = 79553, .adv_w = 320, .box_w = 6, .box_h = 17, .ofs_x = 2, .ofs_y = -4},
    {.bitmap_index = 79604, .adv_w = 320, .box_w = 10, .box_h = 17, .ofs_x = 0, .ofs_y = -1}
};

/*---------------------
 *  CHARACTER MAPPING
 *--------------------*/

static const uint16_t unicode_list_1[] = {
    0x0, 0x5, 0x7, 0xe, 0x2e, 0x1f6a, 0x1f6b, 0x1f6f,
    0x1f70, 0x1f71, 0x1f73, 0x1f74, 0x1f75, 0x1f79, 0x1f7d, 0x1f89,
    0x1f8a, 0x2003, 0x2079, 0x20e7, 0x20e8, 0x20e9, 0x20ea, 0x219f,
    0x21bb, 0x21bc, 0x2f58, 0x2f59, 0x2f63, 0x2f64, 0x2f65, 0x2f66,
    0x4d57, 0x4d61, 0x4d62, 0x4d64, 0x4d65, 0x4d7b, 0x4d81, 0x4d84,
    0x4d89, 0x4d91, 0x4d92, 0x4da2, 0x4de2, 0x4de5, 0x4e03, 0x4e1c,
    0x4e24, 0x4e25, 0x4e4d, 0x4e71, 0x4e77, 0x4ea4, 0x4eb0, 0x4eb3,
    0x4ed6, 0x4f34, 0x4f70, 0x4f93, 0x4fb3, 0x4fbc, 0x4fff, 0x5026,
    0x509c, 0x509f, 0x50bc, 0x50bf, 0x50ca, 0x50dc, 0x50e4, 0x50f0,
    0x511d, 0x5151, 0x515d, 0x515e, 0x516e, 0x5171, 0x517b, 0x5180,
    0x5187, 0x518d, 0x518e, 0x5192, 0x51a4, 0x51c0, 0x51f6, 0x51f7,
    0x51ff, 0x526e, 0x5291, 0x52ac, 0x52b8, 0x52ca, 0x52dd, 0x52e2,
    0x52f6, 0x5319, 0x5323, 0x5328, 0x532d, 0x532e, 0x532f, 0x533a,
    0x5341, 0x5346, 0x5347, 0x5349, 0x534e, 0x5363, 0x5364, 0x5365,
    0x5367, 0x5375, 0x5386, 0x53a1, 0x53bf, 0x53d4, 0x55bf, 0x55c1,
    0x5635, 0x5651, 0x5655, 0x567f, 0x569e, 0x56e2, 0x5847, 0x585b,
    0x585e, 0x5864, 0x5871, 0x587e, 0x5880, 0x5881, 0x5888, 0x58ae,
    0x58d9, 0x5aa7, 0x5aae, 0x5aaf, 0x5ae3, 0x5af1, 0x5af5, 0x5b10,
    0x5b14, 0x5b36, 0x5b53, 0x5b56, 0x5b58, 0x5b66, 0x5b71, 0x5b97,
    0x5bc8, 0x5d49, 0x5d5a, 0x5d6d, 0x5d8f, 0x5dca, 0x5dcd, 0x5de6,
    0x5dfd, 0x5e0e, 0x5e4d, 0x5e51, 0x5e59, 0x5e6c, 0x5eaa, 0x5eac,
    0x5eb9, 0x5edc, 0x5f1a, 0x5f58, 0x5f7e, 0x5f92, 0x5fb9, 0x601c,
    0x6076, 0x6167, 0x616d, 0x6181, 0x619e, 0x61a2, 0x61c2, 0x61ea,
    0x61fb, 0x61fc, 0x6236, 0x6240, 0x6258, 0x625e, 0x6260, 0x62b9,
    0x62c5, 0x62fc, 0x62fe, 0x62ff, 0x6326, 0x6327, 0x6329, 0x63cf,
    0x63fb, 0x6424, 0x6425, 0x6486, 0x648d, 0x6495, 0x649f, 0x64c7,
    0x64cb, 0x64de, 0x6504, 0x6507, 0x6510, 0x6537, 0x6539, 0x653c,
    0x654d, 0x6576, 0x6586, 0x6595, 0x65d9, 0x664b, 0x6657, 0x665f,
    0x6660, 0x6676, 0x6681, 0x6683, 0x66bc, 0x66d6, 0x66e7, 0x66f3,
    0x673c, 0x675e, 0x678e, 0x678f, 0x6793, 0x6817, 0x68d9, 0x6978,
    0x6981, 0x6a78, 0x6aba, 0x6abb, 0x6abc, 0x6b26, 0x6b8b, 0x6b99,
    0x6bb7, 0x6bf8, 0x6c2c, 0x6c4c, 0x6c62, 0x6c92, 0x6c98, 0x6ca2,
    0x6cdf, 0x6d09, 0x6d52, 0x6d77, 0x6d80, 0x6dd6, 0x6de7, 0x6e31,
    0x6e38, 0x6fc2, 0x7010, 0x7044, 0x719e, 0x71c0, 0x720d, 0x7243,
    0x72de, 0x7307, 0x735d, 0x7476, 0x747f, 0x7488, 0x748c, 0x7492,
    0x74bc, 0x75d2, 0x75db, 0x7628, 0x762d, 0x764f, 0x7662, 0x7697,
    0x773c, 0x7758, 0x77c3, 0x77c5, 0x7891, 0x7912, 0x7929, 0x7962,
    0x7964, 0x79d1, 0x7a22, 0x7a2d, 0x7a46, 0x7aa0, 0x7af8, 0x7bd2,
    0x7c52, 0x7e16, 0x7e2a, 0x7e33, 0x7e36, 0x7e3e, 0x7e44, 0x7e4b,
    0x7e6a, 0x7e6d, 0x7e80, 0x7ea8, 0x7ec5, 0x7f52, 0x7f6e, 0x7fab,
    0x8054, 0x8141, 0x8176, 0x81c9, 0x8206, 0x830e, 0x8394, 0x83ae,
    0x85b1, 0x87a3, 0x87bc, 0x881c, 0x88dd, 0x8919, 0x891d, 0x891f,
    0x893a, 0x893d, 0x8af8, 0x8afb, 0x8b06, 0x8b07, 0x8b15, 0x8b18,
    0x8b28, 0x8b2c, 0x8b34, 0x8b3c, 0x8b3d, 0x8b46, 0x8b4e, 0x8b52,
    0x8c76, 0x8c7c, 0x8c7d, 0x8cdc, 0x8d0a, 0x8d34, 0x8d36, 0x8d4a,
    0x8d81, 0x8ec3, 0x8ed4, 0x8eea, 0x8eff, 0x8f15, 0x8f1e, 0x8f27,
    0x8f28, 0x8f2b, 0x8f32, 0x8f35, 0x8f36, 0x8f54, 0x8f58, 0x8f59,
    0x8f60, 0x8f71, 0x8f76, 0x8faa, 0x903f, 0x90a4, 0x911e, 0x9124,
    0x9126, 0x93f6, 0x9457, 0x94b3, 0x94d6, 0x9544, 0x954b, 0x9576,
    0x959c, 0x95a7, 0x95e6, 0x95eb, 0x961d, 0x964e, 0x9657, 0x96b9,
    0x97cc, 0x97db, 0x97e8, 0x97ef, 0x97f4, 0x9825, 0x9835, 0x9867,
    0x99e3, 0x9a2f, 0x9e2f, 0xfe5f, 0xfe60, 0xfe63, 0xfe71, 0xfe72,
    0xfe76
};

/*Collect the unicode lists and glyph_id offsets*/
static const lv_font_fmt_txt_cmap_t cmaps[] =
{
    {
        .range_start = 32, .range_length = 95, .glyph_id_start = 1,
        .unicode_list = NULL, .glyph_id_ofs_list = NULL, .list_length = 0, .type = LV_FONT_FMT_TXT_CMAP_FORMAT0_TINY
    },
    {
        .range_start = 169, .range_length = 65143, .glyph_id_start = 96,
        .unicode_list = unicode_list_1, .glyph_id_ofs_list = NULL, .list_length = 417, .type = LV_FONT_FMT_TXT_CMAP_SPARSE_TINY
    }
};

/*-----------------
 *    KERNING
 *----------------*/


/*Map glyph_ids to kern left classes*/
static const uint8_t kern_left_class_mapping[] =
{
    0, 0, 0, 1, 0, 0, 0, 0,
    1, 2, 0, 0, 0, 3, 4, 3,
    5, 0, 0, 0, 0, 0, 0, 0,
    0, 0, 0, 6, 6, 0, 0, 0,
    0, 0, 7, 8, 9, 10, 11, 12,
    13, 0, 0, 14, 15, 16, 0, 0,
    10, 17, 10, 18, 19, 20, 21, 22,
    23, 24, 25, 26, 2, 27, 0, 0,
    0, 0, 28, 29, 30, 0, 31, 32,
    33, 34, 0, 0, 35, 36, 34, 34,
    29, 29, 37, 38, 39, 40, 37, 41,
    42, 43, 44, 45, 2, 0, 0, 0,
    0, 0, 0, 0, 0, 4, 4, 0,
    0, 3, 0, 0, 3, 0, 0, 0,
    0, 0, 0, 0, 0, 0, 0, 0,
    0, 0, 0, 0, 0, 0, 0, 0,
    0, 0, 0, 0, 0, 0, 0, 0,
    0, 0, 0, 0, 0, 0, 0, 0,
    0, 0, 0, 0, 0, 0, 0, 0,
    0, 0, 0, 0, 0, 0, 0, 0,
    0, 0, 0, 0, 0, 0, 0, 0,
    0, 0, 0, 0, 0, 0, 0, 0,
    0, 0, 0, 0, 0, 0, 0, 0,
    0, 0, 0, 0, 0, 0, 0, 0,
    0, 0, 0, 0, 0, 0, 0, 0,
    0, 0, 0, 0, 0, 0, 0, 0,
    0, 0, 0, 0, 0, 0, 0, 0,
    0, 0, 0, 0, 0, 0, 0, 0,
    0, 0, 0, 0, 0, 0, 0, 0,
    0, 0, 0, 0, 0, 0, 0, 0,
    0, 0, 0, 0, 0, 0, 0, 0,
    0, 0, 0, 0, 0, 0, 0, 0,
    0, 0, 0, 0, 0, 0, 0, 0,
    0, 0, 0, 0, 0, 0, 0, 0,
    0, 0, 0, 0, 0, 0, 0, 0,
    0, 0, 0, 0, 0, 0, 0, 0,
    0, 0, 0, 0, 0, 0, 0, 0,
    0, 0, 0, 0, 0, 0, 0, 0,
    0, 0, 0, 0, 0, 0, 0, 0,
    0, 0, 0, 0, 0, 0, 0, 0,
    0, 0, 0, 0, 0, 0, 0, 0,
    0, 0, 0, 0, 0, 0, 0, 0,
    0, 0, 0, 0, 0, 0, 0, 0,
    0, 0, 0, 0, 0, 0, 0, 0,
    0, 0, 0, 0, 0, 0, 0, 0,
    0, 0, 0, 0, 0, 0, 0, 0,
    0, 0, 0, 0, 0, 0, 0, 0,
    0, 0, 0, 0, 0, 0, 0, 0,
    0, 0, 0, 0, 0, 0, 0, 0,
    0, 0, 0, 0, 0, 0, 0, 0,
    0, 0, 0, 0, 0, 0, 0, 0,
    0, 0, 0, 0, 0, 0, 0, 0,
    0, 0, 0, 0, 0, 0, 0, 0,
    0, 0, 0, 0, 0, 0, 0, 0,
    0, 0, 0, 0, 0, 0, 0, 0,
    0, 0, 0, 0, 0, 0, 0, 0,
    0, 0, 0, 0, 0, 0, 0, 0,
    0, 0, 0, 0, 0, 0, 0, 0,
    0, 0, 0, 0, 0, 0, 0, 0,
    0, 0, 0, 0, 0, 0, 0, 0,
    0, 0, 0, 0, 0, 0, 0, 0,
    0, 0, 0, 0, 0, 0, 0, 0,
    0, 0, 0, 0, 0, 0, 0, 0,
    0, 0, 0, 0, 0, 0, 0, 0,
    0
};

/*Map glyph_ids to kern right classes*/
static const uint8_t kern_right_class_mapping[] =
{
    0, 0, 1, 2, 0, 0, 0, 0,
    2, 0, 3, 4, 0, 5, 6, 7,
    8, 0, 0, 0, 0, 0, 0, 0,
    0, 0, 0, 9, 10, 0, 0, 0,
    11, 0, 12, 0, 13, 0, 0, 0,
    13, 0, 0, 14, 0, 0, 0, 0,
    13, 0, 13, 0, 15, 16, 17, 18,
    19, 20, 21, 22, 0, 23, 3, 0,
    0, 0, 24, 0, 25, 25, 25, 26,
    27, 0, 28, 29, 0, 0, 30, 30,
    25, 30, 25, 30, 31, 32, 33, 34,
    35, 36, 37, 38, 0, 0, 3, 0,
    0, 39, 0, 0, 0, 6, 6, 0,
    0, 7, 0, 0, 7, 0, 0, 0,
    0, 0, 40, 0, 0, 0, 0, 0,
    0, 0, 0, 0, 0, 0, 0, 0,
    0, 0, 0, 0, 0, 0, 0, 0,
    0, 0, 0, 0, 0, 0, 0, 0,
    0, 0, 0, 0, 0, 0, 0, 0,
    0, 0, 0, 0, 0, 0, 0, 0,
    0, 0, 0, 0, 0, 0, 0, 0,
    0, 0, 0, 0, 0, 0, 0, 0,
    0, 0, 0, 0, 0, 0, 0, 0,
    0, 0, 0, 0, 0, 0, 0, 0,
    0, 0, 0, 0, 0, 0, 0, 0,
    0, 0, 0, 0, 0, 0, 0, 0,
    0, 0, 0, 0, 0, 0, 0, 0,
    0, 0, 0, 0, 0, 0, 0, 0,
    0, 0, 0, 0, 0, 0, 0, 0,
    0, 0, 0, 0, 0, 0, 0, 0,
    0, 0, 0, 0, 0, 0, 0, 0,
    0, 0, 0, 0, 0, 0, 0, 0,
    0, 0, 0, 0, 0, 0, 0, 0,
    0, 0, 0, 0, 0, 0, 0, 0,
    0, 0, 0, 0, 0, 0, 0, 0,
    0, 0, 0, 0, 0, 0, 0, 0,
    0, 0, 0, 0, 0, 0, 0, 0,
    0, 0, 0, 0, 0, 0, 0, 0,
    0, 0, 0, 0, 0, 0, 0, 0,
    0, 0, 0, 0, 0, 0, 0, 0,
    0, 0, 0, 0, 0, 0, 0, 0,
    0, 0, 0, 0, 0, 0, 0, 0,
    0, 0, 0, 0, 0, 0, 0, 0,
    0, 0, 0, 0, 0, 0, 0, 0,
    0, 0, 0, 0, 0, 0, 0, 0,
    0, 0, 0, 0, 0, 0, 0, 0,
    0, 0, 0, 0, 0, 0, 0, 0,
    0, 0, 0, 0, 0, 0, 0, 0,
    0, 0, 0, 0, 0, 0, 0, 0,
    0, 0, 0, 0, 0, 0, 0, 0,
    0, 0, 0, 0, 0, 0, 0, 0,
    0, 0, 0, 0, 0, 0, 0, 0,
    0, 0, 0, 0, 0, 0, 0, 0,
    0, 0, 0, 0, 0, 0, 0, 0,
    0, 0, 0, 0, 0, 0, 0, 0,
    0, 0, 0, 0, 0, 0, 0, 0,
    0, 0, 0, 0, 0, 0, 0, 0,
    0, 0, 0, 0, 0, 0, 0, 0,
    0, 0, 0, 0, 0, 0, 0, 0,
    0, 0, 0, 0, 0, 0, 0, 0,
    0, 0, 0, 0, 0, 0, 0, 0,
    0, 0, 0, 0, 0, 0, 0, 0,
    0, 0, 0, 0, 0, 0, 0, 0,
    0, 0, 0, 0, 0, 0, 0, 0,
    0
};

/*Kern values between classes*/
static const int8_t kern_class_values[] =
{
    0, 0, 0, 0, -44, 0, -44, 0,
    0, 0, 0, -23, 0, -37, -5, 0,
    0, 0, 0, -5, 0, 0, 0, 0,
    -11, 0, 0, 0, 0, 0, -8, 0,
    0, 0, 0, 0, 0, 0, 0, 0,
    0, 0, 0, 0, 0, 0, 0, 0,
    0, 0, 0, 0, 0, -8, 0, 0,
    0, 0, 0, 0, 0, 0, 0, 0,
    0, 0, 0, 0, 28, 0, 0, 0,
    0, 0, 0, 0, 0, 0, 0, 0,
    0, -39, 0, -54, 0, 0, 0, 0,
    0, 0, 0, 0, 0, 0, 0, -37,
    -9, -26, -14, 0, -37, 0, 0, 0,
    -5, 0, 0, 0, 9, 0, 0, -20,
    0, -16, -11, 0, -8, 0, 0, 0,
    0, 0, 0, 0, 0, 0, 0, 0,
    0, 0, 0, 0, 0, -8, -9, -19,
    0, -8, -5, -12, -26, -8, 0, 0,
    0, 0, 0, 0, 0, 0, 0, -10,
    0, -5, 0, -7, 0, 0, 0, 0,
    0, 0, 0, 0, 0, 0, 0, 0,
    0, 0, 0, -16, -5, -30, 0, 0,
    0, 0, 0, 0, 0, 0, 0, -10,
    -11, 0, -5, 6, 6, 0, 0, 0,
    -8, 0, 0, 0, 0, 0, 0, 0,
    0, 0, 0, -17, 0, 0, 0, 0,
    0, 0, 0, 0, 0, 0, 0, 0,
    0, 0, 0, 0, -12, 0, 0, 0,
    0, 0, 0, 0, 0, 0, 0, 0,
    0, 0, 0, 0, 0, 0, 0, 0,
    0, -23, 0, -34, 0, 0, 0, 0,
    0, 0, -12, -3, -5, 0, 0, -23,
    -7, -7, 0, -1, -7, -3, -16, 6,
    0, -5, 0, 0, 0, 0, 6, -7,
    -3, -5, -3, -3, -5, 0, -32, -22,
    0, 0, 0, -12, 0, 0, 0, 0,
    0, 0, 0, 0, 0, -7, -7, -10,
    0, -4, -3, -3, -7, -3, 0, 0,
    0, 0, 0, 0, 0, 0, 0, -5,
    0, -7, -5, -5, -7, 0, 0, -8,
    0, 0, 0, 0, 0, -12, 0, 0,
    0, 0, 0, 0, -12, -5, -10, -7,
    -7, -3, -3, -3, -5, -5, 0, 0,
    0, 0, -8, 0, 0, 0, 0, -12,
    -5, -7, -5, 0, -7, 0, 1, 6,
    0, 0, 0, -12, 0, 0, 0, -7,
    0, 0, 0, -5, 0, -17, 0, -10,
    0, -5, -3, -9, -8, -8, 0, 0,
    0, 0, 0, 0, 0, 0, 0, 0,
    0, 0, 0, -7, 0, -5, 0, -12,
    0, 0, 0, 0, 0, 0, 0, 0,
    0, 0, 0, 0, 0, 0, 0, 0,
    0, 0, 0, 0, 0, 0, 0, 0,
    -5, 0, 0, 0, 0, 0, 0, -10,
    0, -5, 0, -14, -5, 0, 0, 0,
    0, 0, 0, 0, -29, 0, -29, -24,
    0, 0, 0, -15, -5, -51, -9, 0,
    0, -1, -1, -10, -3, -12, 0, -14,
    -7, 0, -10, 0, 0, -8, -9, -5,
    -7, -10, -8, -12, -8, -14, 4, 10,
    0, 0, 0, -11, 0, 0, 0, 0,
    0, 0, 0, -3, 0, 0, 0, -8,
    0, -7, -3, 0, 0, 0, 0, 0,
    0, 0, 0, 0, 0, 0, 0, 0,
    0, 0, 0, 0, 0, 0, -1, 1,
    0, 0, 0, 0, -10, 0, -10, 0,
    0, 0, 0, 0, 0, -16, 0, 0,
    0, 0, 0, 0, 0, 0, 0, 0,
    0, 0, 0, 0, 0, 0, 0, 0,
    0, 0, 0, 0, 0, 0, 0, 0,
    0, -11, 0, -16, 0, -14, 0, 0,
    0, 0, -5, -5, -9, 0, -6, -9,
    -7, -6, -5, 0, -8, 0, 0, 0,
    -5, 0, 0, 0, -5, 0, 0, -15,
    -6, -10, -8, -8, -10, -7, -4, 0,
    0, -38, 0, -58, 0, -20, 0, 0,
    0, 0, -15, -1, -12, 0, -10, -44,
    -12, -29, -22, 0, -30, 0, -30, 0,
    -6, -7, -3, 0, 0, 0, 0, -9,
    -5, -16, -14, 0, -16, 0, -37, -39,
    0, 0, 0, 0, -44, -12, -44, -27,
    0, 0, 0, -19, 0, -53, -5, -9,
    0, 0, 0, -10, -5, -28, 0, -16,
    -10, 0, -11, 0, 0, 0, -5, 0,
    0, 0, 0, -7, 0, -8, 8, 0,
    0, 0, 0, -5, 0, -11, 0, 0,
    0, 0, 0, -3, 0, -7, -6, -7,
    0, -1, 0, -3, -3, -5, 0, -3,
    -5, 0, -3, 0, 0, 0, 0, 0,
    0, 0, 0, -5, 0, -5, 6, 0,
    0, 0, 0, -7, 0, 4, 0, 0,
    0, 0, 0, 0, 0, -7, -7, -8,
    0, 0, 0, 0, -7, 0, 0, 0,
    0, 0, 0, 0, 0, 0, 0, -10,
    0, 0, 0, 0, 0, -3, -1, 0,
    0, 0, 0, 0, -40, -26, -40, -32,
    -8, -8, 0, -16, -10, -46, -14, 0,
    0, 0, 0, -8, -7, -20, 0, -26,
    -26, -7, -26, 0, 0, -17, -22, -7,
    -17, -12, -12, -14, -12, -27, 6, 10,
    0, 0, 0, 0, -8, 0, -8, -11,
    0, 0, 0, -7, 0, -19, -5, 0,
    0, -3, 0, -5, -7, 0, 0, -3,
    0, 0, -5, 0, 0, 0, -3, 0,
    0, 0, 0, -5, 0, 0, 0, 0,
    0, 0, 0, 0, -26, -8, -26, -16,
    0, 0, 0, -7, -5, -26, -5, 0,
    -5, 2, 0, 0, 0, -8, 0, -11,
    -7, 0, -9, 0, 0, -8, -6, 0,
    -12, -5, -5, -7, -5, -10, 17, 19,
    0, 0, 0, 0, -14, -5, -14, -10,
    0, 0, 0, 0, -3, -23, -3, 0,
    0, 0, 0, 0, 0, -3, 0, -7,
    0, 0, -5, 0, 0, 0, 0, 0,
    0, 0, 0, 0, 0, -5, 11, 11,
    0, -5, 0, -5, 0, -12, 0, 0,
    0, 0, 0, -1, -9, -3, -7, -8,
    -5, 0, 0, 0, 0, 0, 0, -5,
    -5, -8, 0, 0, 0, 0, 0, -8,
    -5, -8, -7, -5, -8, -7, -1, 6,
    0, 0, 0, 0, -36, -26, -36, -23,
    -12, -12, -5, -7, -7, -37, -7, -7,
    -5, 0, 0, 0, 0, -10, 0, -27,
    -18, 0, -23, 0, 0, -16, -18, -14,
    -14, -7, -10, -14, -7, -19, 10, 15,
    0, 0, 0, 0, 0, -12, 0, 0,
    0, 0, 0, -3, -8, -12, -12, 0,
    -5, -3, -3, 0, -7, -7, 0, -7,
    -8, -8, -6, 0, 0, 0, 0, -7,
    -9, -7, -7, -10, -7, 0, 6, 6,
    0, 0, 0, 0, 0, 0, 0, 0,
    0, 0, 0, 0, 0, 0, 0, -30,
    -11, -19, -11, 0, -26, 0, 0, 0,
    0, 0, 10, 0, 24, 0, 0, 0,
    0, -8, -5, 0, 2, 0, 0, 0,
    0, 0, 0, -20, 0, 0, 0, 0,
    0, 0, -8, 0, 0, 0, 0, -10,
    0, -8, -3, 0, -10, 0, 0, 0,
    0, 0, 0, 0, 0, 0, 0, -7,
    0, 0, 0, 0, 0, 0, 0, 0,
    0, -11, 0, -9, -5, 0, -5, 0,
    0, 0, -8, 0, 0, 0, 0, -22,
    0, -8, 0, -3, -19, 0, -12, -6,
    0, -2, 0, 0, 0, 0, -2, -9,
    0, -3, -3, -9, -3, -4, -5, 0,
    0, 0, 0, 0, 0, -10, 0, 0,
    0, 0, 0, 0, 0, 0, 0, -8,
    0, -7, 0, 0, -10, 0, 0, -5,
    -10, 0, -5, 0, 0, 0, 0, -5,
    0, 0, 0, 0, 0, 0, 4, 0,
    0, 0, 0, -12, 0, 2, 0, 0,
    0, 0, -5, 0, 0, -8, -8, -10,
    0, -8, -5, 0, -12, 0, -10, -6,
    0, -2, -5, 0, 0, 0, 0, -5,
    0, -1, -1, -5, -1, -2, -3, -9,
    3, 13, 15, 0, -21, -7, -21, -5,
    0, 0, 8, 0, 0, 0, 0, 15,
    0, 22, 15, 10, 19, 0, 18, -8,
    -5, 0, -6, 0, -5, 0, -3, 0,
    0, 2, 0, -3, 0, -7, 23, 26,
    0, 0, 3, -12, 0, 0, 0, 14,
    0, 0, -15, 0, 0, 0, 0, -12,
    0, 0, 0, 0, -7, 0, 0, -7,
    -7, 0, 0, 0, 13, 0, 0, 0,
    0, -3, -3, 0, 3, -7, 3, 0,
    0, 0, 0, -12, 0, 0, 0, 0,
    0, 0, -5, 0, 0, 0, 0, -10,
    0, -5, 0, 0, -8, 0, 0, 0,
    0, 0, 0, 0, 0, 0, 0, 0,
    0, 0, 0, 0, 0, 0, 0, -8,
    0, 0, 0, -9, 2, -20, 2, 0,
    2, 2, -8, 0, 0, 0, 0, -16,
    0, 0, 0, 0, -6, 0, 0, -5,
    -9, 0, -5, 0, -5, 0, 0, -11,
    -7, 0, 0, -5, 0, -5, -3, -8,
    0, 0, 0, 0, 0, 0, 0, 0,
    0, 0, 0, 0, 0, 0, 0, 0,
    0, 0, 0, 0, 0, 0, 0, 0,
    0, 0, 0, 0, 2, 0, 0, 0,
    0, 0, 0, 0, 0, 0, 0, 0,
    0, 0, 0, -9, 0, 0, 0, 0,
    0, 0, 0, 0, 0, 0, 0, -8,
    0, -7, 0, 0, -12, 0, 0, 0,
    0, 0, 0, 0, 0, 0, 0, 0,
    0, 0, 0, 0, 0, 0, 0, 0,
    0, 0, 0, 0, -25, -10, -25, -12,
    6, 6, 0, -7, 0, -23, 0, 0,
    0, 0, 0, 0, 0, -5, 2, -10,
    -5, 0, -5, 0, 0, 0, -3, 0,
    0, 6, 4, 0, 6, -3, 18, 0,
    0, 0, 0, -17, 0, 2, 0, 0,
    0, 0, -7, 0, 0, 0, 0, -10,
    0, -5, 0, 0, -8, 0, 0, 0,
    0, 0, 0, 0, 0, 0, 0, -8,
    0, 0, 0, 0, 0, 0, 0, 0,
    0, 0, 0, 0, -1, -12, -1, 1,
    3, 3, -12, 0, 0, 0, 0, -7,
    0, 0, 0, 0, -3, 0, 0, -9,
    -7, 0, -5, 0, 0, 0, -5, -8,
    0, 0, 0, -7, 0, 0, 10, 0,
    0, 0, 0, -5, -16, -5, -16, -8,
    0, 0, 0, -5, 0, -16, 0, -8,
    0, -5, 0, 0, -7, -5, 0, -8,
    -3, 0, 0, 0, -5, 0, 0, 0,
    0, 0, 0, 0, 0, -10, 13, 0,
    0, 0, 0, -5, -20, 0, -20, -3,
    0, 0, 0, -3, 0, -12, 0, -10,
    0, -5, 0, -7, -10, 0, 0, -5,
    -3, 0, 0, 0, -5, 0, 0, 0,
    0, 0, 0, 0, 0, -9, 10, 1,
    -7, 0, 0, -9, 2, -7, -5, 0,
    0, 2, 0, 0, -5, 0, -3, -12,
    0, -7, 0, -5, -14, 0, 0, -5,
    -9, 0, 0, 0, 0, 0, 0, -10,
    0, 0, 0, 0, -3, 0, 10, 0,
    0, 0, 0, 0, -16, 0, -16, -5,
    0, 0, 0, 0, 0, -16, 0, -8,
    0, -3, 0, -3, -5, 0, 0, -8,
    -3, 0, 0, 0, -5, 0, 0, 0,
    0, 0, 0, -7, 0, -10, 13, 2,
    0, 0, 0, 0, 0, -8, 0, 0,
    0, 0, 0, 0, 0, 0, 0, -10,
    0, 0, 0, 0, -11, 0, 0, -9,
    -5, 0, -3, 0, 0, 0, 0, 0,
    -5, -3, 0, 0, -3, 0, 6, 2
};


/*Collect the kern class' data in one place*/
static const lv_font_fmt_txt_kern_classes_t kern_classes =
{
    .class_pair_values   = kern_class_values,
    .left_class_mapping  = kern_left_class_mapping,
    .right_class_mapping = kern_right_class_mapping,
    .left_class_cnt      = 45,
    .right_class_cnt     = 40,
};

/*--------------------
 *  ALL CUSTOM DATA
 *--------------------*/

#if LVGL_VERSION_MAJOR == 8
/*Store all the custom data of the font*/
static  lv_font_fmt_txt_glyph_cache_t cache;
#endif

#if LVGL_VERSION_MAJOR >= 8
static const lv_font_fmt_txt_dsc_t font_dsc = {
#else
static lv_font_fmt_txt_dsc_t font_dsc = {
#endif
    .glyph_bitmap = glyph_bitmap,
    .glyph_dsc = glyph_dsc,
    .cmaps = cmaps,
    .kern_dsc = &kern_classes,
    .kern_scale = 16,
    .cmap_num = 2,
    .bpp = 4,
    .kern_classes = 1,
    .bitmap_format = 0,
#if LVGL_VERSION_MAJOR == 8
    .cache = &cache
#endif
};

extern const lv_font_t ui_font_20r;


/*-----------------
 *  PUBLIC FONT
 *----------------*/

/*Initialize a public general font descriptor*/
#if LVGL_VERSION_MAJOR >= 8
const lv_font_t ui_font_20m = {
#else
lv_font_t ui_font_20m = {
#endif
    .get_glyph_dsc = lv_font_get_glyph_dsc_fmt_txt,    /*Function pointer to get glyph's data*/
    .get_glyph_bitmap = lv_font_get_bitmap_fmt_txt,    /*Function pointer to get glyph's bitmap*/
    .line_height = 23,          /*The maximum line height required by the font*/
    .base_line = 5,             /*Baseline measured from the bottom of the line*/
#if !(LVGL_VERSION_MAJOR == 6 && LVGL_VERSION_MINOR == 0)
    .subpx = LV_FONT_SUBPX_NONE,
#endif
#if LV_VERSION_CHECK(7, 4, 0) || LVGL_VERSION_MAJOR >= 8
    .underline_position = -2,
    .underline_thickness = 1,
#endif
    .dsc = &font_dsc,          /*The custom font data. Will be accessed by `get_glyph_bitmap/dsc` */
#if LV_VERSION_CHECK(8, 2, 0) || LVGL_VERSION_MAJOR >= 9
    .fallback = &ui_font_20r,
#endif
    .user_data = NULL,
};



#endif /*#if UI_FONT_20M*/

