/*******************************************************************************
 * Size: 26 px
 * Bpp: 4
 * Generated from Noto Sans SC; see firmware/fonts/LICENSE.
 ******************************************************************************/

#ifdef LV_LVGL_H_INCLUDE_SIMPLE
#include "lvgl.h"
#else
#include "lvgl/lvgl.h"
#endif

#ifndef UI_FONT_26B
#define UI_FONT_26B 1
#endif

#if UI_FONT_26B

/*-----------------
 *    BITMAPS
 *----------------*/

/*Store the image of the glyphs*/
static LV_ATTRIBUTE_LARGE_CONST const uint8_t glyph_bitmap[] = {
    /* U+0020 " " */

    /* U+0021 "!" */
    0x4, 0x44, 0x30, 0x1f, 0xff, 0xb0, 0xf, 0xff,
    0xa0, 0xf, 0xff, 0xa0, 0xf, 0xff, 0x90, 0xe,
    0xff, 0x80, 0xd, 0xff, 0x70, 0xc, 0xff, 0x60,
    0xc, 0xff, 0x50, 0xb, 0xff, 0x50, 0xa, 0xff,
    0x40, 0x9, 0xff, 0x30, 0x8, 0xff, 0x20, 0x7,
    0xff, 0x10, 0x0, 0x0, 0x0, 0x0, 0x0, 0x0,
    0x9, 0xfe, 0x40, 0x5f, 0xff, 0xf0, 0x8f, 0xff,
    0xf2, 0x5f, 0xff, 0xe0, 0x9, 0xfe, 0x40,

    /* U+0022 "\"" */
    0x24, 0x44, 0x0, 0x4, 0x44, 0x2b, 0xff, 0xf2,
    0x3, 0xff, 0xfa, 0xaf, 0xff, 0x10, 0x2f, 0xff,
    0x9a, 0xff, 0xf1, 0x2, 0xff, 0xf9, 0x9f, 0xff,
    0x0, 0x1f, 0xff, 0x87, 0xff, 0xe0, 0x0, 0xff,
    0xf6, 0x5f, 0xfc, 0x0, 0xd, 0xff, 0x43, 0xff,
    0x90, 0x0, 0xbf, 0xf1, 0x1f, 0xf7, 0x0, 0x9,
    0xff, 0x0, 0xef, 0x50, 0x0, 0x6f, 0xd0,

    /* U+0023 "#" */
    0x0, 0x2, 0xff, 0x10, 0x9, 0xfa, 0x0, 0x0,
    0x5, 0xfe, 0x0, 0xc, 0xf7, 0x0, 0x0, 0x7,
    0xfc, 0x0, 0xe, 0xf5, 0x0, 0x0, 0xa, 0xf9,
    0x0, 0x1f, 0xf2, 0x0, 0x6f, 0xff, 0xff, 0xff,
    0xff, 0xff, 0xf7, 0x6f, 0xff, 0xff, 0xff, 0xff,
    0xff, 0xf7, 0x37, 0x8f, 0xf9, 0x77, 0xbf, 0xe7,
    0x73, 0x0, 0x1f, 0xf2, 0x0, 0x9f, 0xb0, 0x0,
    0x0, 0x3f, 0xf0, 0x0, 0xaf, 0x90, 0x0, 0x0,
    0x5f, 0xf0, 0x0, 0xcf, 0x80, 0x0, 0x0, 0x6f,
    0xd0, 0x0, 0xef, 0x60, 0x0, 0xff, 0xff, 0xff,
    0xff, 0xff, 0xff, 0xd0, 0xff, 0xff, 0xff, 0xff,
    0xff, 0xff, 0xd0, 0x88, 0xef, 0xc8, 0x8a, 0xff,
    0x88, 0x70, 0x0, 0xef, 0x60, 0x5, 0xfe, 0x0,
    0x0, 0x0, 0xff, 0x40, 0x7, 0xfd, 0x0, 0x0,
    0x1, 0xff, 0x20, 0x9, 0xfb, 0x0, 0x0, 0x3,
    0xff, 0x0, 0xb, 0xf9, 0x0, 0x0, 0x5, 0xfe,
    0x0, 0xd, 0xf7, 0x0, 0x0,

    /* U+0024 "$" */
    0x0, 0x0, 0x4, 0x87, 0x0, 0x0, 0x0, 0x0,
    0x0, 0x9f, 0xf0, 0x0, 0x0, 0x0, 0x0, 0x9,
    0xff, 0x0, 0x0, 0x0, 0x0, 0x0, 0x9f, 0xf0,
    0x0, 0x0, 0x0, 0x3, 0xaf, 0xff, 0xd8, 0x10,
    0x0, 0x7, 0xff, 0xff, 0xff, 0xff, 0x50, 0x4,
    0xff, 0xff, 0xff, 0xff, 0xff, 0x10, 0xbf, 0xff,
    0x71, 0x15, 0xdf, 0x40, 0xf, 0xff, 0xb0, 0x0,
    0x0, 0x40, 0x0, 0xff, 0xfb, 0x0, 0x0, 0x0,
    0x0, 0xd, 0xff, 0xf5, 0x0, 0x0, 0x0, 0x0,
    0x6f, 0xff, 0xfa, 0x30, 0x0, 0x0, 0x0, 0x9f,
    0xff, 0xff, 0xb2, 0x0, 0x0, 0x0, 0x5e, 0xff,
    0xff, 0xf8, 0x0, 0x0, 0x0, 0x7, 0xef, 0xff,
    0xf8, 0x0, 0x0, 0x0, 0x1, 0x9f, 0xff, 0xf2,
    0x0, 0x0, 0x0, 0x0, 0x8f, 0xff, 0x70, 0x0,
    0x0, 0x0, 0x2, 0xff, 0xf8, 0x4, 0x60, 0x0,
    0x0, 0x4f, 0xff, 0x70, 0xef, 0xc6, 0x21, 0x4d,
    0xff, 0xf3, 0x8f, 0xff, 0xff, 0xff, 0xff, 0xfb,
    0x0, 0x9f, 0xff, 0xff, 0xff, 0xfc, 0x10, 0x0,
    0x28, 0xcf, 0xff, 0xb5, 0x0, 0x0, 0x0, 0x0,
    0x9f, 0xf0, 0x0, 0x0, 0x0, 0x0, 0x9, 0xff,
    0x0, 0x0, 0x0, 0x0, 0x0, 0x9f, 0xf0, 0x0,
    0x0,

    /* U+0025 "%" */
    0x0, 0x8, 0xef, 0xe9, 0x10, 0x0, 0x0, 0x0,
    0xaf, 0x90, 0x0, 0x0, 0x0, 0xd, 0xff, 0xff,
    0xfd, 0x10, 0x0, 0x0, 0x3f, 0xf1, 0x0, 0x0,
    0x0, 0x8, 0xff, 0x93, 0x9f, 0xf9, 0x0, 0x0,
    0xc, 0xf8, 0x0, 0x0, 0x0, 0x0, 0xef, 0xd0,
    0x0, 0xcf, 0xf0, 0x0, 0x5, 0xfe, 0x0, 0x0,
    0x0, 0x0, 0x1f, 0xf9, 0x0, 0x8, 0xff, 0x20,
    0x0, 0xdf, 0x60, 0x0, 0x0, 0x0, 0x2, 0xff,
    0x80, 0x0, 0x7f, 0xf3, 0x0, 0x6f, 0xd0, 0x0,
    0x0, 0x0, 0x0, 0x1f, 0xf9, 0x0, 0x8, 0xff,
    0x20, 0xe, 0xf4, 0x0, 0x12, 0x10, 0x0, 0x0,
    0xef, 0xc0, 0x0, 0xbf, 0xf0, 0x8, 0xfb, 0x1,
    0xbf, 0xff, 0xb1, 0x0, 0x9, 0xff, 0x60, 0x6f,
    0xfa, 0x1, 0xff, 0x30, 0xdf, 0xff, 0xff, 0xe1,
    0x0, 0x1e, 0xff, 0xff, 0xfe, 0x10, 0xaf, 0xa0,
    0x8f, 0xf7, 0x6, 0xff, 0x80, 0x0, 0x2b, 0xff,
    0xfb, 0x20, 0x3f, 0xf2, 0xe, 0xfd, 0x0, 0xc,
    0xfe, 0x0, 0x0, 0x0, 0x21, 0x0, 0xb, 0xf8,
    0x1, 0xff, 0x90, 0x0, 0x9f, 0xf1, 0x0, 0x0,
    0x0, 0x0, 0x4, 0xfe, 0x10, 0x2f, 0xf8, 0x0,
    0x8, 0xff, 0x30, 0x0, 0x0, 0x0, 0x0, 0xdf,
    0x70, 0x2, 0xff, 0x80, 0x0, 0x8f, 0xf2, 0x0,
    0x0, 0x0, 0x0, 0x6f, 0xd0, 0x0, 0xf, 0xfa,
    0x0, 0x9, 0xff, 0x10, 0x0, 0x0, 0x0, 0xe,
    0xf5, 0x0, 0x0, 0xdf, 0xe0, 0x0, 0xef, 0xd0,
    0x0, 0x0, 0x0, 0x7, 0xfc, 0x0, 0x0, 0x6,
    0xff, 0xa3, 0xaf, 0xf6, 0x0, 0x0, 0x0, 0x1,
    0xff, 0x30, 0x0, 0x0, 0xb, 0xff, 0xff, 0xfb,
    0x0, 0x0, 0x0, 0x0, 0x9f, 0xb0, 0x0, 0x0,
    0x0, 0x8, 0xef, 0xe8, 0x0, 0x0,

    /* U+0026 "&" */
    0x0, 0x0, 0x4, 0xcf, 0xfd, 0x80, 0x0, 0x0,
    0x0, 0x0, 0x0, 0x8, 0xff, 0xff, 0xff, 0xc0,
    0x0, 0x0, 0x0, 0x0, 0x4, 0xff, 0xfc, 0x9f,
    0xff, 0x60, 0x0, 0x0, 0x0, 0x0, 0xaf, 0xfa,
    0x0, 0x6f, 0xfa, 0x0, 0x0, 0x0, 0x0, 0xc,
    0xff, 0x50, 0x5, 0xff, 0xa0, 0x0, 0x0, 0x0,
    0x0, 0xbf, 0xf7, 0x0, 0xcf, 0xf5, 0x0, 0x0,
    0x0, 0x0, 0x8, 0xff, 0xc1, 0xcf, 0xfc, 0x0,
    0x0, 0x0, 0x0, 0x0, 0x2f, 0xff, 0xff, 0xfc,
    0x10, 0x0, 0x0, 0x0, 0x0, 0x0, 0xcf, 0xff,
    0xf8, 0x0, 0x0, 0x9, 0x99, 0x40, 0x1, 0xbf,
    0xff, 0xfc, 0x0, 0x0, 0x4, 0xff, 0xf2, 0x1,
    0xdf, 0xff, 0xff, 0xfb, 0x0, 0x0, 0xbf, 0xfc,
    0x0, 0xaf, 0xff, 0x69, 0xff, 0xfb, 0x10, 0x4f,
    0xff, 0x50, 0xf, 0xff, 0xa0, 0xa, 0xff, 0xfd,
    0x3d, 0xff, 0xc0, 0x3, 0xff, 0xf7, 0x0, 0xa,
    0xff, 0xff, 0xff, 0xf2, 0x0, 0x2f, 0xff, 0xa0,
    0x0, 0x9, 0xff, 0xff, 0xfa, 0x0, 0x0, 0xef,
    0xff, 0x81, 0x1, 0x6f, 0xff, 0xff, 0xfd, 0x62,
    0x6, 0xff, 0xff, 0xff, 0xff, 0xff, 0xff, 0xff,
    0xff, 0x80, 0x8, 0xff, 0xff, 0xff, 0xff, 0xe6,
    0x6d, 0xff, 0xf3, 0x0, 0x3, 0x9d, 0xff, 0xeb,
    0x60, 0x0, 0x4, 0xad, 0x0,

    /* U+0027 "'" */
    0x24, 0x44, 0xb, 0xff, 0xf2, 0xaf, 0xff, 0x1a,
    0xff, 0xf1, 0x9f, 0xff, 0x7, 0xff, 0xe0, 0x5f,
    0xfc, 0x3, 0xff, 0x90, 0x1f, 0xf7, 0x0, 0xef,
    0x50,

    /* U+0028 "(" */
    0x0, 0x1, 0x92, 0x0, 0x0, 0x9f, 0xf4, 0x0,
    0x2f, 0xfd, 0x0, 0x9, 0xff, 0x50, 0x1, 0xff,
    0xe0, 0x0, 0x6f, 0xf9, 0x0, 0xb, 0xff, 0x40,
    0x0, 0xff, 0xf0, 0x0, 0x4f, 0xfd, 0x0, 0x7,
    0xff, 0xa0, 0x0, 0x9f, 0xf8, 0x0, 0xb, 0xff,
    0x60, 0x0, 0xcf, 0xf5, 0x0, 0xc, 0xff, 0x40,
    0x0, 0xcf, 0xf5, 0x0, 0xb, 0xff, 0x50, 0x0,
    0xaf, 0xf7, 0x0, 0x8, 0xff, 0x90, 0x0, 0x5f,
    0xfb, 0x0, 0x2, 0xff, 0xe0, 0x0, 0xe, 0xff,
    0x20, 0x0, 0x9f, 0xf6, 0x0, 0x3, 0xff, 0xc0,
    0x0, 0xd, 0xff, 0x20, 0x0, 0x6f, 0xf9, 0x0,
    0x0, 0xdf, 0xf1, 0x0, 0x5, 0xfa, 0x20, 0x0,
    0x1, 0x0,

    /* U+0029 ")" */
    0x3, 0x90, 0x0, 0x6, 0xff, 0x60, 0x0, 0x1e,
    0xfe, 0x0, 0x0, 0x8f, 0xf6, 0x0, 0x2, 0xff,
    0xd0, 0x0, 0xc, 0xff, 0x30, 0x0, 0x7f, 0xf9,
    0x0, 0x3, 0xff, 0xd0, 0x0, 0xf, 0xff, 0x10,
    0x0, 0xdf, 0xf4, 0x0, 0xa, 0xff, 0x60, 0x0,
    0x9f, 0xf8, 0x0, 0x8, 0xff, 0x90, 0x0, 0x7f,
    0xf9, 0x0, 0x7, 0xff, 0x90, 0x0, 0x8f, 0xf9,
    0x0, 0x9, 0xff, 0x70, 0x0, 0xbf, 0xf5, 0x0,
    0xe, 0xff, 0x30, 0x1, 0xff, 0xf0, 0x0, 0x5f,
    0xfb, 0x0, 0x9, 0xff, 0x60, 0x0, 0xef, 0xf1,
    0x0, 0x4f, 0xfa, 0x0, 0xb, 0xff, 0x30, 0x3,
    0xff, 0xb0, 0x0, 0x3c, 0xf2, 0x0, 0x0, 0x1,
    0x0, 0x0,

    /* U+002A "*" */
    0x0, 0x0, 0x7f, 0xa0, 0x0, 0x0, 0x0, 0x9,
    0xfc, 0x0, 0x0, 0x2, 0x0, 0xbf, 0xd0, 0x2,
    0x15, 0xff, 0xbe, 0xff, 0xbe, 0xf8, 0x8f, 0xff,
    0xff, 0xff, 0xff, 0xa0, 0x2a, 0xff, 0xff, 0xfb,
    0x30, 0x0, 0xd, 0xff, 0xff, 0x10, 0x0, 0x7,
    0xff, 0xdf, 0xfa, 0x0, 0x1, 0xff, 0xc0, 0x9f,
    0xf3, 0x0, 0x9, 0xd1, 0x0, 0xbb, 0x10, 0x0,
    0x0, 0x0, 0x0, 0x0, 0x0,

    /* U+002B "+" */
    0x0, 0x0, 0xa, 0xdd, 0x10, 0x0, 0x0, 0x0,
    0x0, 0xc, 0xff, 0x10, 0x0, 0x0, 0x0, 0x0,
    0xc, 0xff, 0x10, 0x0, 0x0, 0x0, 0x0, 0xc,
    0xff, 0x10, 0x0, 0x0, 0x0, 0x0, 0xc, 0xff,
    0x10, 0x0, 0x0, 0x0, 0x0, 0xc, 0xff, 0x10,
    0x0, 0x0, 0xff, 0xff, 0xff, 0xff, 0xff, 0xff,
    0xf5, 0xff, 0xff, 0xff, 0xff, 0xff, 0xff, 0xf5,
    0xbb, 0xbb, 0xbf, 0xff, 0xcb, 0xbb, 0xb3, 0x0,
    0x0, 0xc, 0xff, 0x10, 0x0, 0x0, 0x0, 0x0,
    0xc, 0xff, 0x10, 0x0, 0x0, 0x0, 0x0, 0xc,
    0xff, 0x10, 0x0, 0x0, 0x0, 0x0, 0xc, 0xff,
    0x10, 0x0, 0x0, 0x0, 0x0, 0xc, 0xff, 0x10,
    0x0, 0x0,

    /* U+002C "," */
    0x0, 0x68, 0x40, 0x0, 0xbf, 0xff, 0x50, 0x1f,
    0xff, 0xfd, 0x0, 0xff, 0xff, 0xf0, 0x4, 0xdf,
    0xff, 0x10, 0x0, 0x8f, 0xf0, 0x0, 0xe, 0xfb,
    0x0, 0xb, 0xff, 0x40, 0x4e, 0xff, 0x90, 0x4,
    0xff, 0x80, 0x0, 0x8, 0x20, 0x0, 0x0,

    /* U+002D "-" */
    0x8c, 0xcc, 0xcc, 0xc4, 0xbf, 0xff, 0xff, 0xf6,
    0xbf, 0xff, 0xff, 0xf6,

    /* U+002E "." */
    0x0, 0x0, 0x0, 0x4, 0xef, 0x90, 0xe, 0xff,
    0xf6, 0x2f, 0xff, 0xf9, 0xe, 0xff, 0xf6, 0x4,
    0xdf, 0x90,

    /* U+002F "/" */
    0x0, 0x0, 0x0, 0x4f, 0xf3, 0x0, 0x0, 0x0,
    0x8f, 0xf0, 0x0, 0x0, 0x0, 0xcf, 0xb0, 0x0,
    0x0, 0x0, 0xff, 0x70, 0x0, 0x0, 0x4, 0xff,
    0x30, 0x0, 0x0, 0x8, 0xff, 0x0, 0x0, 0x0,
    0xc, 0xfc, 0x0, 0x0, 0x0, 0xf, 0xf8, 0x0,
    0x0, 0x0, 0x4f, 0xf4, 0x0, 0x0, 0x0, 0x8f,
    0xf0, 0x0, 0x0, 0x0, 0xcf, 0xc0, 0x0, 0x0,
    0x0, 0xff, 0x80, 0x0, 0x0, 0x4, 0xff, 0x40,
    0x0, 0x0, 0x8, 0xff, 0x0, 0x0, 0x0, 0xc,
    0xfc, 0x0, 0x0, 0x0, 0xf, 0xf8, 0x0, 0x0,
    0x0, 0x4f, 0xf4, 0x0, 0x0, 0x0, 0x8f, 0xf0,
    0x0, 0x0, 0x0, 0xcf, 0xc0, 0x0, 0x0, 0x0,
    0xff, 0x80, 0x0, 0x0, 0x4, 0xff, 0x40, 0x0,
    0x0, 0x8, 0xff, 0x0, 0x0, 0x0, 0xc, 0xfc,
    0x0, 0x0, 0x0, 0xf, 0xf8, 0x0, 0x0, 0x0,
    0x4f, 0xf4, 0x0, 0x0, 0x0, 0x8f, 0xf0, 0x0,
    0x0, 0x0,

    /* U+0030 "0" */
    0x0, 0x2, 0x9e, 0xff, 0xb4, 0x0, 0x0, 0x0,
    0x5f, 0xff, 0xff, 0xff, 0x90, 0x0, 0x2, 0xff,
    0xff, 0xff, 0xff, 0xf7, 0x0, 0xb, 0xff, 0xf5,
    0x2, 0xcf, 0xff, 0x10, 0x2f, 0xff, 0x80, 0x0,
    0x2f, 0xff, 0x70, 0x7f, 0xff, 0x20, 0x0, 0xd,
    0xff, 0xc0, 0xaf, 0xff, 0x0, 0x0, 0x9, 0xff,
    0xf0, 0xcf, 0xfd, 0x0, 0x0, 0x8, 0xff, 0xf1,
    0xdf, 0xfc, 0x0, 0x0, 0x7, 0xff, 0xf2, 0xdf,
    0xfc, 0x0, 0x0, 0x7, 0xff, 0xf3, 0xdf, 0xfc,
    0x0, 0x0, 0x7, 0xff, 0xf2, 0xcf, 0xfd, 0x0,
    0x0, 0x8, 0xff, 0xf1, 0x9f, 0xff, 0x0, 0x0,
    0xa, 0xff, 0xf0, 0x6f, 0xff, 0x30, 0x0, 0xd,
    0xff, 0xc0, 0x1f, 0xff, 0x90, 0x0, 0x3f, 0xff,
    0x70, 0xb, 0xff, 0xf6, 0x3, 0xdf, 0xff, 0x10,
    0x2, 0xff, 0xff, 0xff, 0xff, 0xf7, 0x0, 0x0,
    0x4f, 0xff, 0xff, 0xff, 0x90, 0x0, 0x0, 0x2,
    0x9e, 0xff, 0xb4, 0x0, 0x0,

    /* U+0031 "1" */
    0x0, 0x2, 0x9f, 0xff, 0x10, 0x0, 0x19, 0xdf,
    0xff, 0xff, 0x10, 0x0, 0x3f, 0xff, 0xff, 0xff,
    0x10, 0x0, 0x3e, 0xee, 0xff, 0xff, 0x10, 0x0,
    0x0, 0x0, 0xbf, 0xff, 0x10, 0x0, 0x0, 0x0,
    0xbf, 0xff, 0x10, 0x0, 0x0, 0x0, 0xbf, 0xff,
    0x10, 0x0, 0x0, 0x0, 0xbf, 0xff, 0x10, 0x0,
    0x0, 0x0, 0xbf, 0xff, 0x10, 0x0, 0x0, 0x0,
    0xbf, 0xff, 0x10, 0x0, 0x0, 0x0, 0xbf, 0xff,
    0x10, 0x0, 0x0, 0x0, 0xbf, 0xff, 0x10, 0x0,
    0x0, 0x0, 0xbf, 0xff, 0x10, 0x0, 0x0, 0x0,
    0xbf, 0xff, 0x10, 0x0, 0x0, 0x0, 0xbf, 0xff,
    0x10, 0x0, 0x22, 0x22, 0xbf, 0xff, 0x32, 0x21,
    0xef, 0xff, 0xff, 0xff, 0xff, 0xfb, 0xef, 0xff,
    0xff, 0xff, 0xff, 0xfb, 0xef, 0xff, 0xff, 0xff,
    0xff, 0xfb,

    /* U+0032 "2" */
    0x0, 0x2, 0x9d, 0xff, 0xd9, 0x20, 0x0, 0x0,
    0x7, 0xff, 0xff, 0xff, 0xff, 0x50, 0x0, 0xa,
    0xff, 0xff, 0xff, 0xff, 0xff, 0x30, 0x0, 0x8f,
    0xfb, 0x30, 0x2a, 0xff, 0xfb, 0x0, 0x0, 0x67,
    0x0, 0x0, 0xd, 0xff, 0xf0, 0x0, 0x0, 0x0,
    0x0, 0x0, 0x9f, 0xff, 0x10, 0x0, 0x0, 0x0,
    0x0, 0x9, 0xff, 0xf0, 0x0, 0x0, 0x0, 0x0,
    0x0, 0xdf, 0xfd, 0x0, 0x0, 0x0, 0x0, 0x0,
    0x4f, 0xff, 0x80, 0x0, 0x0, 0x0, 0x0, 0xd,
    0xff, 0xf1, 0x0, 0x0, 0x0, 0x0, 0x8, 0xff,
    0xf7, 0x0, 0x0, 0x0, 0x0, 0x5, 0xff, 0xfb,
    0x0, 0x0, 0x0, 0x0, 0x4, 0xff, 0xfe, 0x10,
    0x0, 0x0, 0x0, 0x4, 0xff, 0xff, 0x20, 0x0,
    0x0, 0x0, 0x5, 0xff, 0xff, 0x30, 0x0, 0x0,
    0x0, 0x6, 0xff, 0xff, 0x52, 0x33, 0x33, 0x30,
    0x8, 0xff, 0xff, 0xff, 0xff, 0xff, 0xff, 0x0,
    0xef, 0xff, 0xff, 0xff, 0xff, 0xff, 0xf0, 0xe,
    0xff, 0xff, 0xff, 0xff, 0xff, 0xff, 0x0,

    /* U+0033 "3" */
    0x0, 0x2, 0x9d, 0xff, 0xeb, 0x50, 0x0, 0x0,
    0x8f, 0xff, 0xff, 0xff, 0xfc, 0x10, 0x7, 0xff,
    0xff, 0xff, 0xff, 0xff, 0xb0, 0x0, 0x9f, 0x93,
    0x1, 0x6f, 0xff, 0xf2, 0x0, 0x2, 0x0, 0x0,
    0xa, 0xff, 0xf3, 0x0, 0x0, 0x0, 0x0, 0xb,
    0xff, 0xf2, 0x0, 0x0, 0x0, 0x1, 0x8f, 0xff,
    0xb0, 0x0, 0x0, 0x2c, 0xdf, 0xff, 0xfb, 0x0,
    0x0, 0x0, 0x3f, 0xff, 0xff, 0x80, 0x0, 0x0,
    0x0, 0x3f, 0xff, 0xff, 0xfd, 0x20, 0x0, 0x0,
    0x0, 0x14, 0x9f, 0xff, 0xe1, 0x0, 0x0, 0x0,
    0x0, 0x6, 0xff, 0xf8, 0x0, 0x0, 0x0, 0x0,
    0x0, 0xff, 0xfd, 0x0, 0x0, 0x0, 0x0, 0x0,
    0xff, 0xfe, 0x1, 0xd5, 0x0, 0x0, 0x5, 0xff,
    0xfc, 0xb, 0xff, 0xb4, 0x22, 0x7f, 0xff, 0xf7,
    0x1e, 0xff, 0xff, 0xff, 0xff, 0xff, 0xd0, 0x2,
    0xcf, 0xff, 0xff, 0xff, 0xfc, 0x10, 0x0, 0x5,
    0xae, 0xff, 0xea, 0x40, 0x0,

    /* U+0034 "4" */
    0x0, 0x0, 0x0, 0x9, 0xff, 0xff, 0x50, 0x0,
    0x0, 0x0, 0x3, 0xff, 0xff, 0xf5, 0x0, 0x0,
    0x0, 0x0, 0xdf, 0xff, 0xff, 0x50, 0x0, 0x0,
    0x0, 0x7f, 0xfd, 0xff, 0xf5, 0x0, 0x0, 0x0,
    0x2f, 0xff, 0x6f, 0xff, 0x50, 0x0, 0x0, 0xb,
    0xff, 0xb3, 0xff, 0xf5, 0x0, 0x0, 0x6, 0xff,
    0xf3, 0x3f, 0xff, 0x50, 0x0, 0x1, 0xef, 0xf8,
    0x3, 0xff, 0xf5, 0x0, 0x0, 0xaf, 0xfd, 0x0,
    0x3f, 0xff, 0x50, 0x0, 0x4f, 0xff, 0x40, 0x3,
    0xff, 0xf5, 0x0, 0xd, 0xff, 0xa0, 0x0, 0x3f,
    0xff, 0x50, 0x6, 0xff, 0xff, 0xff, 0xff, 0xff,
    0xff, 0xf9, 0x7f, 0xff, 0xff, 0xff, 0xff, 0xff,
    0xff, 0x97, 0xff, 0xff, 0xff, 0xff, 0xff, 0xff,
    0xf9, 0x0, 0x0, 0x0, 0x0, 0x3f, 0xff, 0x50,
    0x0, 0x0, 0x0, 0x0, 0x3, 0xff, 0xf5, 0x0,
    0x0, 0x0, 0x0, 0x0, 0x3f, 0xff, 0x50, 0x0,
    0x0, 0x0, 0x0, 0x3, 0xff, 0xf5, 0x0, 0x0,
    0x0, 0x0, 0x0, 0x3f, 0xff, 0x50, 0x0,

    /* U+0035 "5" */
    0x0, 0x4f, 0xff, 0xff, 0xff, 0xff, 0xf0, 0x0,
    0x5f, 0xff, 0xff, 0xff, 0xff, 0xf0, 0x0, 0x6f,
    0xff, 0xff, 0xff, 0xff, 0xf0, 0x0, 0x7f, 0xff,
    0x33, 0x33, 0x33, 0x30, 0x0, 0x8f, 0xfe, 0x0,
    0x0, 0x0, 0x0, 0x0, 0x9f, 0xfc, 0x0, 0x0,
    0x0, 0x0, 0x0, 0xaf, 0xfd, 0xcf, 0xfd, 0x81,
    0x0, 0x0, 0xbf, 0xff, 0xff, 0xff, 0xfe, 0x30,
    0x0, 0xaf, 0xfe, 0xbc, 0xff, 0xff, 0xe1, 0x0,
    0x6, 0x60, 0x0, 0x2d, 0xff, 0xf7, 0x0, 0x0,
    0x0, 0x0, 0x4, 0xff, 0xfb, 0x0, 0x0, 0x0,
    0x0, 0x0, 0xff, 0xfd, 0x0, 0x0, 0x0, 0x0,
    0x0, 0xef, 0xfe, 0x0, 0x0, 0x0, 0x0, 0x1,
    0xff, 0xfc, 0x1, 0xd3, 0x0, 0x0, 0x8, 0xff,
    0xf8, 0xb, 0xff, 0xa4, 0x23, 0x9f, 0xff, 0xf2,
    0x2f, 0xff, 0xff, 0xff, 0xff, 0xff, 0x70, 0x2,
    0xcf, 0xff, 0xff, 0xff, 0xf8, 0x0, 0x0, 0x4,
    0xad, 0xff, 0xd9, 0x20, 0x0,

    /* U+0036 "6" */
    0x0, 0x0, 0x3a, 0xef, 0xfc, 0x71, 0x0, 0x0,
    0x8, 0xff, 0xff, 0xff, 0xfe, 0x40, 0x0, 0x9f,
    0xff, 0xff, 0xff, 0xff, 0x90, 0x4, 0xff, 0xfe,
    0x62, 0x15, 0xc9, 0x0, 0xc, 0xff, 0xf2, 0x0,
    0x0, 0x0, 0x0, 0x2f, 0xff, 0x70, 0x0, 0x0,
    0x0, 0x0, 0x6f, 0xff, 0x21, 0x7a, 0xa7, 0x10,
    0x0, 0x8f, 0xfe, 0x6f, 0xff, 0xff, 0xf6, 0x0,
    0xaf, 0xff, 0xff, 0xff, 0xff, 0xff, 0x40, 0xbf,
    0xff, 0xf7, 0x10, 0x7f, 0xff, 0xc0, 0xaf, 0xff,
    0x40, 0x0, 0x9, 0xff, 0xf1, 0x9f, 0xfe, 0x0,
    0x0, 0x5, 0xff, 0xf3, 0x7f, 0xff, 0x0, 0x0,
    0x3, 0xff, 0xf3, 0x4f, 0xff, 0x40, 0x0, 0x5,
    0xff, 0xf2, 0xe, 0xff, 0xb0, 0x0, 0xa, 0xff,
    0xf0, 0x7, 0xff, 0xf8, 0x0, 0x6f, 0xff, 0xa0,
    0x0, 0xcf, 0xff, 0xff, 0xff, 0xfe, 0x10, 0x0,
    0x1c, 0xff, 0xff, 0xff, 0xe3, 0x0, 0x0, 0x0,
    0x6c, 0xff, 0xd8, 0x10, 0x0,

    /* U+0037 "7" */
    0xbf, 0xff, 0xff, 0xff, 0xff, 0xff, 0xf1, 0xbf,
    0xff, 0xff, 0xff, 0xff, 0xff, 0xf1, 0xbf, 0xff,
    0xff, 0xff, 0xff, 0xff, 0xe0, 0x23, 0x33, 0x33,
    0x33, 0x7f, 0xff, 0x30, 0x0, 0x0, 0x0, 0x0,
    0xef, 0xf7, 0x0, 0x0, 0x0, 0x0, 0x9, 0xff,
    0xc0, 0x0, 0x0, 0x0, 0x0, 0x2f, 0xff, 0x30,
    0x0, 0x0, 0x0, 0x0, 0xaf, 0xfb, 0x0, 0x0,
    0x0, 0x0, 0x1, 0xff, 0xf5, 0x0, 0x0, 0x0,
    0x0, 0x7, 0xff, 0xf0, 0x0, 0x0, 0x0, 0x0,
    0xd, 0xff, 0xb0, 0x0, 0x0, 0x0, 0x0, 0x1f,
    0xff, 0x70, 0x0, 0x0, 0x0, 0x0, 0x5f, 0xff,
    0x40, 0x0, 0x0, 0x0, 0x0, 0x8f, 0xff, 0x20,
    0x0, 0x0, 0x0, 0x0, 0xbf, 0xff, 0x0, 0x0,
    0x0, 0x0, 0x0, 0xdf, 0xfe, 0x0, 0x0, 0x0,
    0x0, 0x0, 0xff, 0xfd, 0x0, 0x0, 0x0, 0x0,
    0x0, 0xff, 0xfc, 0x0, 0x0, 0x0, 0x0, 0x2,
    0xff, 0xfb, 0x0, 0x0, 0x0,

    /* U+0038 "8" */
    0x0, 0x3, 0xae, 0xff, 0xc7, 0x0, 0x0, 0x0,
    0x8f, 0xff, 0xff, 0xff, 0xd1, 0x0, 0x6, 0xff,
    0xff, 0xbd, 0xff, 0xfc, 0x0, 0xd, 0xff, 0xd1,
    0x0, 0x6f, 0xff, 0x20, 0xf, 0xff, 0x70, 0x0,
    0xe, 0xff, 0x50, 0xf, 0xff, 0x60, 0x0, 0xc,
    0xff, 0x40, 0xb, 0xff, 0xb0, 0x0, 0xe, 0xff,
    0x10, 0x3, 0xff, 0xfa, 0x10, 0x5f, 0xf7, 0x0,
    0x0, 0x5f, 0xff, 0xf8, 0xef, 0x90, 0x0, 0x0,
    0x1c, 0xff, 0xff, 0xff, 0x70, 0x0, 0x3, 0xef,
    0xe6, 0xcf, 0xff, 0xfb, 0x0, 0x1e, 0xff, 0x30,
    0x3, 0xcf, 0xff, 0x70, 0x8f, 0xfb, 0x0, 0x0,
    0xd, 0xff, 0xe0, 0xbf, 0xf8, 0x0, 0x0, 0x7,
    0xff, 0xf1, 0xcf, 0xfb, 0x0, 0x0, 0x8, 0xff,
    0xf1, 0x8f, 0xff, 0x70, 0x0, 0x2e, 0xff, 0xe0,
    0x1e, 0xff, 0xfe, 0xbc, 0xff, 0xff, 0x50, 0x3,
    0xef, 0xff, 0xff, 0xff, 0xf7, 0x0, 0x0, 0x6,
    0xbe, 0xff, 0xd8, 0x20, 0x0,

    /* U+0039 "9" */
    0x0, 0x7, 0xcf, 0xfd, 0x81, 0x0, 0x0, 0x2,
    0xdf, 0xff, 0xff, 0xff, 0x40, 0x0, 0xd, 0xff,
    0xff, 0xef, 0xff, 0xf3, 0x0, 0x7f, 0xff, 0x80,
    0x4, 0xef, 0xfd, 0x0, 0xcf, 0xfd, 0x0, 0x0,
    0x5f, 0xff, 0x40, 0xef, 0xf9, 0x0, 0x0, 0xe,
    0xff, 0x90, 0xef, 0xf9, 0x0, 0x0, 0xa, 0xff,
    0xc0, 0xdf, 0xfd, 0x0, 0x0, 0xd, 0xff, 0xf0,
    0x8f, 0xff, 0x91, 0x4, 0xcf, 0xff, 0xf0, 0x1f,
    0xff, 0xff, 0xff, 0xff, 0xff, 0xf0, 0x3, 0xef,
    0xff, 0xff, 0x98, 0xff, 0xf0, 0x0, 0x16, 0xab,
    0x93, 0xa, 0xff, 0xd0, 0x0, 0x0, 0x0, 0x0,
    0xd, 0xff, 0xa0, 0x0, 0x0, 0x0, 0x0, 0x3f,
    0xff, 0x60, 0x0, 0x20, 0x0, 0x0, 0xcf, 0xff,
    0x10, 0x7, 0xf9, 0x32, 0x4c, 0xff, 0xf8, 0x0,
    0x5f, 0xff, 0xff, 0xff, 0xff, 0xd0, 0x0, 0x1b,
    0xff, 0xff, 0xff, 0xfc, 0x10, 0x0, 0x0, 0x5b,
    0xef, 0xeb, 0x50, 0x0, 0x0,

    /* U+003A ":" */
    0x4, 0xdf, 0x90, 0xe, 0xff, 0xf6, 0x2f, 0xff,
    0xf9, 0xe, 0xff, 0xf6, 0x4, 0xdf, 0x90, 0x0,
    0x0, 0x0, 0x0, 0x0, 0x0, 0x0, 0x0, 0x0,
    0x0, 0x0, 0x0, 0x0, 0x0, 0x0, 0x4, 0xef,
    0x90, 0xe, 0xff, 0xf6, 0x2f, 0xff, 0xf9, 0xe,
    0xff, 0xf6, 0x4, 0xdf, 0x90,

    /* U+003B ";" */
    0x4, 0xdf, 0x90, 0x0, 0xef, 0xff, 0x60, 0x2f,
    0xff, 0xf9, 0x0, 0xef, 0xff, 0x60, 0x4, 0xdf,
    0x90, 0x0, 0x0, 0x0, 0x0, 0x0, 0x0, 0x0,
    0x0, 0x0, 0x0, 0x0, 0x0, 0x0, 0x0, 0x0,
    0x0, 0x0, 0x0, 0x0, 0x68, 0x40, 0x0, 0xbf,
    0xff, 0x50, 0x1f, 0xff, 0xfd, 0x0, 0xff, 0xff,
    0xf0, 0x4, 0xdf, 0xff, 0x10, 0x0, 0x8f, 0xf0,
    0x0, 0xe, 0xfb, 0x0, 0xb, 0xff, 0x40, 0x4e,
    0xff, 0x90, 0x4, 0xff, 0x80, 0x0, 0x8, 0x20,
    0x0, 0x0,

    /* U+003C "<" */
    0x0, 0x0, 0x0, 0x0, 0x0, 0x0, 0x11, 0x0,
    0x0, 0x0, 0x0, 0x0, 0x4a, 0xf5, 0x0, 0x0,
    0x0, 0x2, 0x8e, 0xff, 0xf5, 0x0, 0x0, 0x5,
    0xbf, 0xff, 0xff, 0xf4, 0x0, 0x29, 0xef, 0xff,
    0xff, 0xc6, 0x10, 0x6c, 0xff, 0xff, 0xfc, 0x71,
    0x0, 0x0, 0xff, 0xff, 0xd8, 0x20, 0x0, 0x0,
    0x0, 0xff, 0xff, 0x93, 0x0, 0x0, 0x0, 0x0,
    0xaf, 0xff, 0xff, 0xd7, 0x20, 0x0, 0x0, 0x1,
    0x7d, 0xff, 0xff, 0xfc, 0x71, 0x0, 0x0, 0x0,
    0x4a, 0xff, 0xff, 0xff, 0xc2, 0x0, 0x0, 0x0,
    0x16, 0xdf, 0xff, 0xf5, 0x0, 0x0, 0x0, 0x0,
    0x3, 0x9f, 0xf5, 0x0, 0x0, 0x0, 0x0, 0x0,
    0x0, 0x63,

    /* U+003D "=" */
    0xff, 0xff, 0xff, 0xff, 0xff, 0xff, 0xf5, 0xff,
    0xff, 0xff, 0xff, 0xff, 0xff, 0xf5, 0xbb, 0xbb,
    0xbb, 0xbb, 0xbb, 0xbb, 0xb3, 0x0, 0x0, 0x0,
    0x0, 0x0, 0x0, 0x0, 0x0, 0x0, 0x0, 0x0,
    0x0, 0x0, 0x0, 0x0, 0x0, 0x0, 0x0, 0x0,
    0x0, 0x0, 0x0, 0x0, 0x0, 0x0, 0x0, 0x0,
    0x0, 0xff, 0xff, 0xff, 0xff, 0xff, 0xff, 0xf5,
    0xff, 0xff, 0xff, 0xff, 0xff, 0xff, 0xf5, 0xbb,
    0xbb, 0xbb, 0xbb, 0xbb, 0xbb, 0xb3,

    /* U+003E ">" */
    0x30, 0x0, 0x0, 0x0, 0x0, 0x0, 0x0, 0xfd,
    0x61, 0x0, 0x0, 0x0, 0x0, 0x0, 0xff, 0xff,
    0xa4, 0x0, 0x0, 0x0, 0x0, 0xef, 0xff, 0xff,
    0xd7, 0x10, 0x0, 0x0, 0x4, 0xaf, 0xff, 0xff,
    0xfb, 0x50, 0x0, 0x0, 0x0, 0x5a, 0xff, 0xff,
    0xfe, 0x81, 0x0, 0x0, 0x0, 0x16, 0xcf, 0xff,
    0xf5, 0x0, 0x0, 0x0, 0x1, 0x7e, 0xff, 0xf5,
    0x0, 0x0, 0x5, 0xbf, 0xff, 0xff, 0xd2, 0x0,
    0x5a, 0xff, 0xff, 0xff, 0x93, 0x0, 0xaf, 0xff,
    0xff, 0xfc, 0x60, 0x0, 0x0, 0xff, 0xff, 0xe8,
    0x20, 0x0, 0x0, 0x0, 0xff, 0xb5, 0x0, 0x0,
    0x0, 0x0, 0x0, 0x82, 0x0, 0x0, 0x0, 0x0,
    0x0, 0x0,

    /* U+003F "?" */
    0x0, 0x3a, 0xef, 0xfc, 0x60, 0x0, 0x9, 0xff,
    0xff, 0xff, 0xfb, 0x0, 0x9f, 0xff, 0xff, 0xff,
    0xff, 0x70, 0x1d, 0xfa, 0x32, 0x8f, 0xff, 0xe0,
    0x1, 0x50, 0x0, 0xc, 0xff, 0xf0, 0x0, 0x0,
    0x0, 0xa, 0xff, 0xf1, 0x0, 0x0, 0x0, 0xe,
    0xff, 0xe0, 0x0, 0x0, 0x0, 0x8f, 0xff, 0x70,
    0x0, 0x0, 0x5, 0xff, 0xfb, 0x0, 0x0, 0x0,
    0x2f, 0xff, 0xd1, 0x0, 0x0, 0x0, 0xcf, 0xff,
    0x20, 0x0, 0x0, 0x3, 0xff, 0xf6, 0x0, 0x0,
    0x0, 0x6, 0xff, 0xf0, 0x0, 0x0, 0x0, 0x6,
    0xff, 0xe0, 0x0, 0x0, 0x0, 0x0, 0x0, 0x0,
    0x0, 0x0, 0x0, 0x0, 0x0, 0x0, 0x0, 0x0,
    0x0, 0x3, 0xdf, 0xa0, 0x0, 0x0, 0x0, 0xe,
    0xff, 0xf7, 0x0, 0x0, 0x0, 0x1f, 0xff, 0xfa,
    0x0, 0x0, 0x0, 0xe, 0xff, 0xf7, 0x0, 0x0,
    0x0, 0x3, 0xdf, 0xa0, 0x0, 0x0,

    /* U+0040 "@" */
    0x0, 0x0, 0x0, 0x0, 0x16, 0xad, 0xff, 0xfd,
    0xa5, 0x0, 0x0, 0x0, 0x0, 0x0, 0x0, 0x18,
    0xff, 0xff, 0xff, 0xff, 0xff, 0xd4, 0x0, 0x0,
    0x0, 0x0, 0x4, 0xef, 0xff, 0xc8, 0x66, 0x79,
    0xef, 0xff, 0x80, 0x0, 0x0, 0x0, 0x7f, 0xff,
    0xa2, 0x0, 0x0, 0x0, 0x5, 0xef, 0xf7, 0x0,
    0x0, 0x6, 0xff, 0xe4, 0x0, 0x0, 0x0, 0x0,
    0x0, 0x1d, 0xff, 0x30, 0x0, 0x3f, 0xfe, 0x20,
    0x0, 0x0, 0x0, 0x0, 0x0, 0x2, 0xff, 0xb0,
    0x0, 0xcf, 0xf4, 0x0, 0x0, 0x26, 0x73, 0x7,
    0x83, 0x0, 0x8f, 0xf1, 0x5, 0xff, 0x90, 0x0,
    0x8, 0xff, 0xff, 0x8f, 0xf4, 0x0, 0x2f, 0xf6,
    0xb, 0xff, 0x10, 0x0, 0x9f, 0xff, 0xff, 0xff,
    0xf1, 0x0, 0xe, 0xf9, 0x1f, 0xfa, 0x0, 0x5,
    0xff, 0xe4, 0x6, 0xff, 0xe0, 0x0, 0xc, 0xfa,
    0x4f, 0xf6, 0x0, 0xd, 0xff, 0x40, 0x1, 0xff,
    0xb0, 0x0, 0xb, 0xfb, 0x7f, 0xf3, 0x0, 0x2f,
    0xfc, 0x0, 0x3, 0xff, 0x80, 0x0, 0xc, 0xfa,
    0x8f, 0xf1, 0x0, 0x6f, 0xf8, 0x0, 0x6, 0xff,
    0x50, 0x0, 0xf, 0xf8, 0x8f, 0xf1, 0x0, 0x7f,
    0xf6, 0x0, 0x9, 0xff, 0x20, 0x0, 0x4f, 0xf3,
    0x8f, 0xf2, 0x0, 0x6f, 0xf9, 0x0, 0x2e, 0xff,
    0x10, 0x0, 0xdf, 0xd0, 0x6f, 0xf4, 0x0, 0x3f,
    0xff, 0x98, 0xef, 0xff, 0x70, 0x3c, 0xff, 0x40,
    0x3f, 0xf8, 0x0, 0xa, 0xff, 0xff, 0xf8, 0xef,
    0xff, 0xff, 0xf7, 0x0, 0xe, 0xfe, 0x0, 0x0,
    0x8e, 0xfc, 0x40, 0x5f, 0xff, 0xfe, 0x50, 0x0,
    0x8, 0xff, 0x70, 0x0, 0x0, 0x0, 0x0, 0x1,
    0x56, 0x30, 0x0, 0x0, 0x1, 0xff, 0xf5, 0x0,
    0x0, 0x0, 0x0, 0x0, 0x0, 0x0, 0x0, 0x0,
    0x0, 0x5f, 0xff, 0x80, 0x0, 0x0, 0x0, 0x0,
    0x0, 0x0, 0x0, 0x0, 0x0, 0x6, 0xff, 0xfe,
    0x83, 0x10, 0x2, 0x6c, 0x80, 0x0, 0x0, 0x0,
    0x0, 0x0, 0x4e, 0xff, 0xff, 0xff, 0xff, 0xff,
    0xe0, 0x0, 0x0, 0x0, 0x0, 0x0, 0x0, 0x6c,
    0xff, 0xff, 0xff, 0xfa, 0x40, 0x0, 0x0, 0x0,
    0x0, 0x0, 0x0, 0x0, 0x3, 0x55, 0x53, 0x0,
    0x0, 0x0, 0x0, 0x0,

    /* U+0041 "A" */
    0x0, 0x0, 0x0, 0x1f, 0xff, 0xfc, 0x0, 0x0,
    0x0, 0x0, 0x0, 0x0, 0x6f, 0xff, 0xff, 0x10,
    0x0, 0x0, 0x0, 0x0, 0x0, 0xcf, 0xff, 0xff,
    0x60, 0x0, 0x0, 0x0, 0x0, 0x1, 0xff, 0xf9,
    0xff, 0xb0, 0x0, 0x0, 0x0, 0x0, 0x6, 0xff,
    0xc3, 0xff, 0xf1, 0x0, 0x0, 0x0, 0x0, 0xb,
    0xff, 0x80, 0xff, 0xf6, 0x0, 0x0, 0x0, 0x0,
    0x1f, 0xff, 0x40, 0xbf, 0xfb, 0x0, 0x0, 0x0,
    0x0, 0x6f, 0xff, 0x0, 0x7f, 0xff, 0x10, 0x0,
    0x0, 0x0, 0xbf, 0xfb, 0x0, 0x2f, 0xff, 0x50,
    0x0, 0x0, 0x0, 0xff, 0xf6, 0x0, 0xe, 0xff,
    0xa0, 0x0, 0x0, 0x5, 0xff, 0xf2, 0x0, 0x9,
    0xff, 0xf0, 0x0, 0x0, 0xa, 0xff, 0xff, 0xff,
    0xff, 0xff, 0xf5, 0x0, 0x0, 0xf, 0xff, 0xff,
    0xff, 0xff, 0xff, 0xfa, 0x0, 0x0, 0x5f, 0xff,
    0xff, 0xff, 0xff, 0xff, 0xff, 0x0, 0x0, 0xaf,
    0xff, 0x0, 0x0, 0x0, 0x8f, 0xff, 0x40, 0x0,
    0xff, 0xfc, 0x0, 0x0, 0x0, 0x3f, 0xff, 0xa0,
    0x4, 0xff, 0xf7, 0x0, 0x0, 0x0, 0xf, 0xff,
    0xe0, 0x9, 0xff, 0xf3, 0x0, 0x0, 0x0, 0xb,
    0xff, 0xf4, 0xe, 0xff, 0xe0, 0x0, 0x0, 0x0,
    0x6, 0xff, 0xf9,

    /* U+0042 "B" */
    0xaf, 0xff, 0xff, 0xff, 0xec, 0x82, 0x0, 0xa,
    0xff, 0xff, 0xff, 0xff, 0xff, 0xf7, 0x0, 0xaf,
    0xff, 0xff, 0xff, 0xff, 0xff, 0xf4, 0xa, 0xff,
    0xf3, 0x0, 0x3, 0xcf, 0xff, 0x90, 0xaf, 0xff,
    0x30, 0x0, 0x2, 0xff, 0xfb, 0xa, 0xff, 0xf3,
    0x0, 0x0, 0x2f, 0xff, 0x80, 0xaf, 0xff, 0x30,
    0x0, 0x2c, 0xff, 0xf2, 0xa, 0xff, 0xfe, 0xdd,
    0xef, 0xff, 0xf5, 0x0, 0xaf, 0xff, 0xff, 0xff,
    0xff, 0xf9, 0x10, 0xa, 0xff, 0xff, 0xff, 0xff,
    0xff, 0xff, 0x40, 0xaf, 0xff, 0x30, 0x0, 0x27,
    0xff, 0xff, 0x1a, 0xff, 0xf3, 0x0, 0x0, 0x6,
    0xff, 0xf7, 0xaf, 0xff, 0x30, 0x0, 0x0, 0x1f,
    0xff, 0xaa, 0xff, 0xf3, 0x0, 0x0, 0x2, 0xff,
    0xfa, 0xaf, 0xff, 0x30, 0x0, 0x0, 0x7f, 0xff,
    0x8a, 0xff, 0xf3, 0x0, 0x2, 0x8f, 0xff, 0xf3,
    0xaf, 0xff, 0xff, 0xff, 0xff, 0xff, 0xf9, 0xa,
    0xff, 0xff, 0xff, 0xff, 0xff, 0xf8, 0x0, 0xaf,
    0xff, 0xff, 0xff, 0xec, 0x82, 0x0, 0x0,

    /* U+0043 "C" */
    0x0, 0x0, 0x2, 0x8d, 0xff, 0xeb, 0x40, 0x0,
    0x0, 0x0, 0xaf, 0xff, 0xff, 0xff, 0xfb, 0x10,
    0x0, 0x1d, 0xff, 0xff, 0xff, 0xff, 0xff, 0xc0,
    0x0, 0xcf, 0xff, 0xfb, 0x65, 0x7c, 0xff, 0x20,
    0x6, 0xff, 0xff, 0x40, 0x0, 0x0, 0x64, 0x0,
    0xd, 0xff, 0xf6, 0x0, 0x0, 0x0, 0x0, 0x0,
    0x3f, 0xff, 0xd0, 0x0, 0x0, 0x0, 0x0, 0x0,
    0x6f, 0xff, 0x90, 0x0, 0x0, 0x0, 0x0, 0x0,
    0x8f, 0xff, 0x60, 0x0, 0x0, 0x0, 0x0, 0x0,
    0x9f, 0xff, 0x50, 0x0, 0x0, 0x0, 0x0, 0x0,
    0x8f, 0xff, 0x60, 0x0, 0x0, 0x0, 0x0, 0x0,
    0x7f, 0xff, 0x90, 0x0, 0x0, 0x0, 0x0, 0x0,
    0x3f, 0xff, 0xd0, 0x0, 0x0, 0x0, 0x0, 0x0,
    0xe, 0xff, 0xf5, 0x0, 0x0, 0x0, 0x0, 0x0,
    0x7, 0xff, 0xff, 0x40, 0x0, 0x0, 0x6c, 0x0,
    0x0, 0xdf, 0xff, 0xfb, 0x65, 0x7c, 0xff, 0xb0,
    0x0, 0x2e, 0xff, 0xff, 0xff, 0xff, 0xff, 0xe1,
    0x0, 0x1, 0xbf, 0xff, 0xff, 0xff, 0xfc, 0x10,
    0x0, 0x0, 0x4, 0x9d, 0xff, 0xea, 0x50, 0x0,

    /* U+0044 "D" */
    0xaf, 0xff, 0xff, 0xfe, 0xb7, 0x10, 0x0, 0x0,
    0xaf, 0xff, 0xff, 0xff, 0xff, 0xf8, 0x0, 0x0,
    0xaf, 0xff, 0xff, 0xff, 0xff, 0xff, 0xb0, 0x0,
    0xaf, 0xff, 0x41, 0x36, 0xbf, 0xff, 0xf9, 0x0,
    0xaf, 0xff, 0x30, 0x0, 0x6, 0xff, 0xff, 0x30,
    0xaf, 0xff, 0x30, 0x0, 0x0, 0xaf, 0xff, 0x90,
    0xaf, 0xff, 0x30, 0x0, 0x0, 0x2f, 0xff, 0xd0,
    0xaf, 0xff, 0x30, 0x0, 0x0, 0xe, 0xff, 0xf0,
    0xaf, 0xff, 0x30, 0x0, 0x0, 0xc, 0xff, 0xf2,
    0xaf, 0xff, 0x30, 0x0, 0x0, 0xc, 0xff, 0xf2,
    0xaf, 0xff, 0x30, 0x0, 0x0, 0xd, 0xff, 0xf1,
    0xaf, 0xff, 0x30, 0x0, 0x0, 0xf, 0xff, 0xf0,
    0xaf, 0xff, 0x30, 0x0, 0x0, 0x3f, 0xff, 0xd0,
    0xaf, 0xff, 0x30, 0x0, 0x0, 0xbf, 0xff, 0x80,
    0xaf, 0xff, 0x30, 0x0, 0x8, 0xff, 0xff, 0x20,
    0xaf, 0xff, 0x52, 0x36, 0xcf, 0xff, 0xf8, 0x0,
    0xaf, 0xff, 0xff, 0xff, 0xff, 0xff, 0xb0, 0x0,
    0xaf, 0xff, 0xff, 0xff, 0xff, 0xf8, 0x0, 0x0,
    0xaf, 0xff, 0xff, 0xfe, 0xb7, 0x10, 0x0, 0x0,

    /* U+0045 "E" */
    0xaf, 0xff, 0xff, 0xff, 0xff, 0xff, 0x2a, 0xff,
    0xff, 0xff, 0xff, 0xff, 0xf2, 0xaf, 0xff, 0xff,
    0xff, 0xff, 0xff, 0x2a, 0xff, 0xf6, 0x33, 0x33,
    0x33, 0x30, 0xaf, 0xff, 0x30, 0x0, 0x0, 0x0,
    0xa, 0xff, 0xf3, 0x0, 0x0, 0x0, 0x0, 0xaf,
    0xff, 0x30, 0x0, 0x0, 0x0, 0xa, 0xff, 0xff,
    0xff, 0xff, 0xff, 0x0, 0xaf, 0xff, 0xff, 0xff,
    0xff, 0xf0, 0xa, 0xff, 0xff, 0xff, 0xff, 0xff,
    0x0, 0xaf, 0xff, 0x63, 0x33, 0x33, 0x30, 0xa,
    0xff, 0xf3, 0x0, 0x0, 0x0, 0x0, 0xaf, 0xff,
    0x30, 0x0, 0x0, 0x0, 0xa, 0xff, 0xf3, 0x0,
    0x0, 0x0, 0x0, 0xaf, 0xff, 0x30, 0x0, 0x0,
    0x0, 0xa, 0xff, 0xf6, 0x33, 0x33, 0x33, 0x31,
    0xaf, 0xff, 0xff, 0xff, 0xff, 0xff, 0x7a, 0xff,
    0xff, 0xff, 0xff, 0xff, 0xf7, 0xaf, 0xff, 0xff,
    0xff, 0xff, 0xff, 0x70,

    /* U+0046 "F" */
    0xaf, 0xff, 0xff, 0xff, 0xff, 0xff, 0x3a, 0xff,
    0xff, 0xff, 0xff, 0xff, 0xf3, 0xaf, 0xff, 0xff,
    0xff, 0xff, 0xff, 0x3a, 0xff, 0xf6, 0x33, 0x33,
    0x33, 0x30, 0xaf, 0xff, 0x30, 0x0, 0x0, 0x0,
    0xa, 0xff, 0xf3, 0x0, 0x0, 0x0, 0x0, 0xaf,
    0xff, 0x30, 0x0, 0x0, 0x0, 0xa, 0xff, 0xf3,
    0x0, 0x0, 0x0, 0x0, 0xaf, 0xff, 0xff, 0xff,
    0xff, 0xf0, 0xa, 0xff, 0xff, 0xff, 0xff, 0xff,
    0x0, 0xaf, 0xff, 0xff, 0xff, 0xff, 0xf0, 0xa,
    0xff, 0xf6, 0x33, 0x33, 0x33, 0x0, 0xaf, 0xff,
    0x30, 0x0, 0x0, 0x0, 0xa, 0xff, 0xf3, 0x0,
    0x0, 0x0, 0x0, 0xaf, 0xff, 0x30, 0x0, 0x0,
    0x0, 0xa, 0xff, 0xf3, 0x0, 0x0, 0x0, 0x0,
    0xaf, 0xff, 0x30, 0x0, 0x0, 0x0, 0xa, 0xff,
    0xf3, 0x0, 0x0, 0x0, 0x0, 0xaf, 0xff, 0x30,
    0x0, 0x0, 0x0, 0x0,

    /* U+0047 "G" */
    0x0, 0x0, 0x2, 0x8c, 0xef, 0xfc, 0x81, 0x0,
    0x0, 0x0, 0x9f, 0xff, 0xff, 0xff, 0xff, 0x60,
    0x0, 0x1c, 0xff, 0xff, 0xff, 0xff, 0xff, 0xf5,
    0x0, 0xbf, 0xff, 0xfc, 0x75, 0x58, 0xef, 0x90,
    0x6, 0xff, 0xff, 0x50, 0x0, 0x0, 0x6, 0x0,
    0xd, 0xff, 0xf6, 0x0, 0x0, 0x0, 0x0, 0x0,
    0x3f, 0xff, 0xe0, 0x0, 0x0, 0x0, 0x0, 0x0,
    0x6f, 0xff, 0x90, 0x0, 0x0, 0x0, 0x0, 0x0,
    0x8f, 0xff, 0x60, 0x0, 0xf, 0xff, 0xff, 0xfe,
    0x9f, 0xff, 0x50, 0x0, 0xf, 0xff, 0xff, 0xfe,
    0x8f, 0xff, 0x60, 0x0, 0xf, 0xff, 0xff, 0xfe,
    0x7f, 0xff, 0x90, 0x0, 0x2, 0x22, 0xaf, 0xfe,
    0x4f, 0xff, 0xe0, 0x0, 0x0, 0x0, 0x9f, 0xfe,
    0xe, 0xff, 0xf6, 0x0, 0x0, 0x0, 0x9f, 0xfe,
    0x7, 0xff, 0xff, 0x50, 0x0, 0x0, 0x9f, 0xfe,
    0x0, 0xdf, 0xff, 0xfd, 0x85, 0x69, 0xff, 0xfe,
    0x0, 0x1d, 0xff, 0xff, 0xff, 0xff, 0xff, 0xfd,
    0x0, 0x1, 0xaf, 0xff, 0xff, 0xff, 0xff, 0xb1,
    0x0, 0x0, 0x2, 0x8c, 0xff, 0xfd, 0x93, 0x0,

    /* U+0048 "H" */
    0xaf, 0xff, 0x30, 0x0, 0x0, 0x8, 0xff, 0xf5,
    0xaf, 0xff, 0x30, 0x0, 0x0, 0x8, 0xff, 0xf5,
    0xaf, 0xff, 0x30, 0x0, 0x0, 0x8, 0xff, 0xf5,
    0xaf, 0xff, 0x30, 0x0, 0x0, 0x8, 0xff, 0xf5,
    0xaf, 0xff, 0x30, 0x0, 0x0, 0x8, 0xff, 0xf5,
    0xaf, 0xff, 0x30, 0x0, 0x0, 0x8, 0xff, 0xf5,
    0xaf, 0xff, 0x30, 0x0, 0x0, 0x8, 0xff, 0xf5,
    0xaf, 0xff, 0xff, 0xff, 0xff, 0xff, 0xff, 0xf5,
    0xaf, 0xff, 0xff, 0xff, 0xff, 0xff, 0xff, 0xf5,
    0xaf, 0xff, 0xff, 0xff, 0xff, 0xff, 0xff, 0xf5,
    0xaf, 0xff, 0x75, 0x55, 0x55, 0x5a, 0xff, 0xf5,
    0xaf, 0xff, 0x30, 0x0, 0x0, 0x8, 0xff, 0xf5,
    0xaf, 0xff, 0x30, 0x0, 0x0, 0x8, 0xff, 0xf5,
    0xaf, 0xff, 0x30, 0x0, 0x0, 0x8, 0xff, 0xf5,
    0xaf, 0xff, 0x30, 0x0, 0x0, 0x8, 0xff, 0xf5,
    0xaf, 0xff, 0x30, 0x0, 0x0, 0x8, 0xff, 0xf5,
    0xaf, 0xff, 0x30, 0x0, 0x0, 0x8, 0xff, 0xf5,
    0xaf, 0xff, 0x30, 0x0, 0x0, 0x8, 0xff, 0xf5,
    0xaf, 0xff, 0x30, 0x0, 0x0, 0x8, 0xff, 0xf5,

    /* U+0049 "I" */
    0xaf, 0xff, 0x3a, 0xff, 0xf3, 0xaf, 0xff, 0x3a,
    0xff, 0xf3, 0xaf, 0xff, 0x3a, 0xff, 0xf3, 0xaf,
    0xff, 0x3a, 0xff, 0xf3, 0xaf, 0xff, 0x3a, 0xff,
    0xf3, 0xaf, 0xff, 0x3a, 0xff, 0xf3, 0xaf, 0xff,
    0x3a, 0xff, 0xf3, 0xaf, 0xff, 0x3a, 0xff, 0xf3,
    0xaf, 0xff, 0x3a, 0xff, 0xf3, 0xaf, 0xff, 0x30,

    /* U+004A "J" */
    0x0, 0x0, 0x0, 0x0, 0x5f, 0xff, 0x80, 0x0,
    0x0, 0x0, 0x5, 0xff, 0xf8, 0x0, 0x0, 0x0,
    0x0, 0x5f, 0xff, 0x80, 0x0, 0x0, 0x0, 0x5,
    0xff, 0xf8, 0x0, 0x0, 0x0, 0x0, 0x5f, 0xff,
    0x80, 0x0, 0x0, 0x0, 0x5, 0xff, 0xf8, 0x0,
    0x0, 0x0, 0x0, 0x5f, 0xff, 0x80, 0x0, 0x0,
    0x0, 0x5, 0xff, 0xf8, 0x0, 0x0, 0x0, 0x0,
    0x5f, 0xff, 0x80, 0x0, 0x0, 0x0, 0x5, 0xff,
    0xf8, 0x0, 0x0, 0x0, 0x0, 0x5f, 0xff, 0x80,
    0x0, 0x0, 0x0, 0x5, 0xff, 0xf8, 0x0, 0x0,
    0x0, 0x0, 0x5f, 0xff, 0x70, 0x0, 0x10, 0x0,
    0x7, 0xff, 0xf7, 0x1, 0xbc, 0x0, 0x0, 0xcf,
    0xff, 0x42, 0xef, 0xfd, 0x66, 0xbf, 0xff, 0xf0,
    0xc, 0xff, 0xff, 0xff, 0xff, 0xf8, 0x0, 0x1c,
    0xff, 0xff, 0xff, 0xfb, 0x0, 0x0, 0x6, 0xbe,
    0xff, 0xc6, 0x0, 0x0,

    /* U+004B "K" */
    0xaf, 0xff, 0x30, 0x0, 0x0, 0xbf, 0xff, 0x80,
    0xaf, 0xff, 0x30, 0x0, 0x8, 0xff, 0xfb, 0x0,
    0xaf, 0xff, 0x30, 0x0, 0x4f, 0xff, 0xd1, 0x0,
    0xaf, 0xff, 0x30, 0x1, 0xef, 0xff, 0x30, 0x0,
    0xaf, 0xff, 0x30, 0xc, 0xff, 0xf5, 0x0, 0x0,
    0xaf, 0xff, 0x30, 0x9f, 0xff, 0x90, 0x0, 0x0,
    0xaf, 0xff, 0x35, 0xff, 0xfc, 0x0, 0x0, 0x0,
    0xaf, 0xff, 0x6f, 0xff, 0xf3, 0x0, 0x0, 0x0,
    0xaf, 0xff, 0xff, 0xff, 0xfa, 0x0, 0x0, 0x0,
    0xaf, 0xff, 0xff, 0xff, 0xff, 0x30, 0x0, 0x0,
    0xaf, 0xff, 0xff, 0xcf, 0xff, 0xd0, 0x0, 0x0,
    0xaf, 0xff, 0xfd, 0x1a, 0xff, 0xf7, 0x0, 0x0,
    0xaf, 0xff, 0xf2, 0x1, 0xff, 0xff, 0x10, 0x0,
    0xaf, 0xff, 0x60, 0x0, 0x7f, 0xff, 0xa0, 0x0,
    0xaf, 0xff, 0x30, 0x0, 0xd, 0xff, 0xf3, 0x0,
    0xaf, 0xff, 0x30, 0x0, 0x5, 0xff, 0xfd, 0x0,
    0xaf, 0xff, 0x30, 0x0, 0x0, 0xbf, 0xff, 0x60,
    0xaf, 0xff, 0x30, 0x0, 0x0, 0x2f, 0xff, 0xf1,
    0xaf, 0xff, 0x30, 0x0, 0x0, 0x9, 0xff, 0xfa,

    /* U+004C "L" */
    0xaf, 0xff, 0x30, 0x0, 0x0, 0x0, 0xa, 0xff,
    0xf3, 0x0, 0x0, 0x0, 0x0, 0xaf, 0xff, 0x30,
    0x0, 0x0, 0x0, 0xa, 0xff, 0xf3, 0x0, 0x0,
    0x0, 0x0, 0xaf, 0xff, 0x30, 0x0, 0x0, 0x0,
    0xa, 0xff, 0xf3, 0x0, 0x0, 0x0, 0x0, 0xaf,
    0xff, 0x30, 0x0, 0x0, 0x0, 0xa, 0xff, 0xf3,
    0x0, 0x0, 0x0, 0x0, 0xaf, 0xff, 0x30, 0x0,
    0x0, 0x0, 0xa, 0xff, 0xf3, 0x0, 0x0, 0x0,
    0x0, 0xaf, 0xff, 0x30, 0x0, 0x0, 0x0, 0xa,
    0xff, 0xf3, 0x0, 0x0, 0x0, 0x0, 0xaf, 0xff,
    0x30, 0x0, 0x0, 0x0, 0xa, 0xff, 0xf3, 0x0,
    0x0, 0x0, 0x0, 0xaf, 0xff, 0x30, 0x0, 0x0,
    0x0, 0xa, 0xff, 0xf6, 0x33, 0x33, 0x33, 0x30,
    0xaf, 0xff, 0xff, 0xff, 0xff, 0xff, 0xa, 0xff,
    0xff, 0xff, 0xff, 0xff, 0xf0, 0xaf, 0xff, 0xff,
    0xff, 0xff, 0xff, 0x0,

    /* U+004D "M" */
    0xaf, 0xff, 0xd0, 0x0, 0x0, 0x0, 0x9, 0xff,
    0xfd, 0xaf, 0xff, 0xf2, 0x0, 0x0, 0x0, 0xf,
    0xff, 0xfd, 0xaf, 0xff, 0xf8, 0x0, 0x0, 0x0,
    0x5f, 0xff, 0xfd, 0xaf, 0xff, 0xfe, 0x0, 0x0,
    0x0, 0xbf, 0xff, 0xfd, 0xaf, 0xff, 0xff, 0x40,
    0x0, 0x1, 0xff, 0xff, 0xfd, 0xaf, 0xfb, 0xff,
    0xa0, 0x0, 0x6, 0xff, 0xbf, 0xfd, 0xaf, 0xf8,
    0xff, 0xf0, 0x0, 0xc, 0xff, 0x7f, 0xfd, 0xaf,
    0xf9, 0xaf, 0xf6, 0x0, 0x2f, 0xfc, 0x7f, 0xfd,
    0xaf, 0xfb, 0x5f, 0xfc, 0x0, 0x8f, 0xf6, 0x8f,
    0xfd, 0xaf, 0xfc, 0xe, 0xff, 0x10, 0xdf, 0xf1,
    0x9f, 0xfd, 0xaf, 0xfd, 0x9, 0xff, 0x72, 0xff,
    0xb0, 0xaf, 0xfd, 0xaf, 0xfd, 0x3, 0xff, 0xc7,
    0xff, 0x50, 0xaf, 0xfd, 0xaf, 0xfd, 0x0, 0xdf,
    0xfd, 0xfe, 0x0, 0xaf, 0xfd, 0xaf, 0xfd, 0x0,
    0x7f, 0xff, 0xf9, 0x0, 0xaf, 0xfd, 0xaf, 0xfd,
    0x0, 0x1f, 0xff, 0xf3, 0x0, 0xaf, 0xfd, 0xaf,
    0xfd, 0x0, 0xb, 0xff, 0xd0, 0x0, 0xaf, 0xfd,
    0xaf, 0xfd, 0x0, 0x5, 0xff, 0x70, 0x0, 0xaf,
    0xfd, 0xaf, 0xfd, 0x0, 0x0, 0x44, 0x0, 0x0,
    0xaf, 0xfd, 0xaf, 0xfd, 0x0, 0x0, 0x0, 0x0,
    0x0, 0xaf, 0xfd,

    /* U+004E "N" */
    0xaf, 0xff, 0x90, 0x0, 0x0, 0x9, 0xff, 0xf1,
    0xaf, 0xff, 0xf2, 0x0, 0x0, 0x9, 0xff, 0xf1,
    0xaf, 0xff, 0xfa, 0x0, 0x0, 0x9, 0xff, 0xf1,
    0xaf, 0xff, 0xff, 0x30, 0x0, 0x9, 0xff, 0xf1,
    0xaf, 0xff, 0xff, 0xc0, 0x0, 0x9, 0xff, 0xf1,
    0xaf, 0xfa, 0xef, 0xf5, 0x0, 0x9, 0xff, 0xf1,
    0xaf, 0xfb, 0x7f, 0xfd, 0x0, 0x9, 0xff, 0xf1,
    0xaf, 0xfc, 0x1f, 0xff, 0x60, 0x9, 0xff, 0xf1,
    0xaf, 0xfe, 0x8, 0xff, 0xe0, 0x8, 0xff, 0xf1,
    0xaf, 0xff, 0x1, 0xff, 0xf8, 0x7, 0xff, 0xf1,
    0xaf, 0xff, 0x0, 0x7f, 0xff, 0x16, 0xff, 0xf1,
    0xaf, 0xff, 0x0, 0xe, 0xff, 0x85, 0xff, 0xf1,
    0xaf, 0xff, 0x0, 0x6, 0xff, 0xf4, 0xff, 0xf1,
    0xaf, 0xff, 0x0, 0x0, 0xdf, 0xf9, 0xff, 0xf1,
    0xaf, 0xff, 0x0, 0x0, 0x4f, 0xff, 0xff, 0xf1,
    0xaf, 0xff, 0x0, 0x0, 0xc, 0xff, 0xff, 0xf1,
    0xaf, 0xff, 0x0, 0x0, 0x3, 0xff, 0xff, 0xf1,
    0xaf, 0xff, 0x0, 0x0, 0x0, 0xaf, 0xff, 0xf1,
    0xaf, 0xff, 0x0, 0x0, 0x0, 0x2f, 0xff, 0xf1,

    /* U+004F "O" */
    0x0, 0x0, 0x5, 0xae, 0xff, 0xeb, 0x50, 0x0,
    0x0, 0x0, 0x3, 0xdf, 0xff, 0xff, 0xff, 0xfd,
    0x30, 0x0, 0x0, 0x3f, 0xff, 0xff, 0xff, 0xff,
    0xff, 0xf3, 0x0, 0x1, 0xef, 0xff, 0xf9, 0x55,
    0x9f, 0xff, 0xfe, 0x10, 0x9, 0xff, 0xfe, 0x20,
    0x0, 0x2, 0xef, 0xff, 0x90, 0xf, 0xff, 0xf4,
    0x0, 0x0, 0x0, 0x3f, 0xff, 0xf0, 0x4f, 0xff,
    0xc0, 0x0, 0x0, 0x0, 0xc, 0xff, 0xf4, 0x7f,
    0xff, 0x80, 0x0, 0x0, 0x0, 0x7, 0xff, 0xf7,
    0x9f, 0xff, 0x60, 0x0, 0x0, 0x0, 0x5, 0xff,
    0xf9, 0x9f, 0xff, 0x50, 0x0, 0x0, 0x0, 0x5,
    0xff, 0xf9, 0x8f, 0xff, 0x60, 0x0, 0x0, 0x0,
    0x6, 0xff, 0xf9, 0x6f, 0xff, 0x90, 0x0, 0x0,
    0x0, 0x8, 0xff, 0xf7, 0x3f, 0xff, 0xd0, 0x0,
    0x0, 0x0, 0xd, 0xff, 0xf4, 0xe, 0xff, 0xf5,
    0x0, 0x0, 0x0, 0x4f, 0xff, 0xf0, 0x8, 0xff,
    0xfe, 0x30, 0x0, 0x2, 0xef, 0xff, 0x80, 0x0,
    0xef, 0xff, 0xf9, 0x66, 0x9f, 0xff, 0xfe, 0x0,
    0x0, 0x3e, 0xff, 0xff, 0xff, 0xff, 0xff, 0xf3,
    0x0, 0x0, 0x2, 0xcf, 0xff, 0xff, 0xff, 0xfd,
    0x20, 0x0, 0x0, 0x0, 0x5, 0xae, 0xff, 0xea,
    0x50, 0x0, 0x0,

    /* U+0050 "P" */
    0xaf, 0xff, 0xff, 0xff, 0xeb, 0x61, 0x0, 0xa,
    0xff, 0xff, 0xff, 0xff, 0xff, 0xf5, 0x0, 0xaf,
    0xff, 0xff, 0xff, 0xff, 0xff, 0xf4, 0xa, 0xff,
    0xf4, 0x11, 0x25, 0xcf, 0xff, 0xd0, 0xaf, 0xff,
    0x30, 0x0, 0x0, 0xdf, 0xff, 0x1a, 0xff, 0xf3,
    0x0, 0x0, 0x9, 0xff, 0xf3, 0xaf, 0xff, 0x30,
    0x0, 0x0, 0x9f, 0xff, 0x2a, 0xff, 0xf3, 0x0,
    0x0, 0xe, 0xff, 0xf0, 0xaf, 0xff, 0x30, 0x1,
    0x4c, 0xff, 0xfb, 0xa, 0xff, 0xff, 0xff, 0xff,
    0xff, 0xff, 0x20, 0xaf, 0xff, 0xff, 0xff, 0xff,
    0xfe, 0x30, 0xa, 0xff, 0xff, 0xff, 0xfe, 0xb6,
    0x0, 0x0, 0xaf, 0xff, 0x41, 0x10, 0x0, 0x0,
    0x0, 0xa, 0xff, 0xf3, 0x0, 0x0, 0x0, 0x0,
    0x0, 0xaf, 0xff, 0x30, 0x0, 0x0, 0x0, 0x0,
    0xa, 0xff, 0xf3, 0x0, 0x0, 0x0, 0x0, 0x0,
    0xaf, 0xff, 0x30, 0x0, 0x0, 0x0, 0x0, 0xa,
    0xff, 0xf3, 0x0, 0x0, 0x0, 0x0, 0x0, 0xaf,
    0xff, 0x30, 0x0, 0x0, 0x0, 0x0, 0x0,

    /* U+0051 "Q" */
    0x0, 0x0, 0x5, 0xae, 0xff, 0xeb, 0x50, 0x0,
    0x0, 0x0, 0x0, 0x3d, 0xff, 0xff, 0xff, 0xff,
    0xd3, 0x0, 0x0, 0x0, 0x3f, 0xff, 0xff, 0xff,
    0xff, 0xff, 0xf3, 0x0, 0x0, 0x1e, 0xff, 0xff,
    0x95, 0x59, 0xff, 0xff, 0xe1, 0x0, 0x9, 0xff,
    0xfe, 0x20, 0x0, 0x2, 0xef, 0xff, 0x90, 0x0,
    0xff, 0xff, 0x40, 0x0, 0x0, 0x3, 0xff, 0xff,
    0x0, 0x4f, 0xff, 0xc0, 0x0, 0x0, 0x0, 0xc,
    0xff, 0xf4, 0x7, 0xff, 0xf8, 0x0, 0x0, 0x0,
    0x0, 0x7f, 0xff, 0x70, 0x9f, 0xff, 0x60, 0x0,
    0x0, 0x0, 0x5, 0xff, 0xf9, 0x9, 0xff, 0xf5,
    0x0, 0x0, 0x0, 0x0, 0x5f, 0xff, 0x90, 0x8f,
    0xff, 0x60, 0x0, 0x0, 0x0, 0x5, 0xff, 0xf9,
    0x6, 0xff, 0xf8, 0x0, 0x0, 0x0, 0x0, 0x8f,
    0xff, 0x70, 0x3f, 0xff, 0xc0, 0x0, 0x0, 0x0,
    0xc, 0xff, 0xf4, 0x0, 0xef, 0xff, 0x30, 0x0,
    0x0, 0x3, 0xff, 0xff, 0x0, 0x8, 0xff, 0xfd,
    0x10, 0x0, 0x1, 0xdf, 0xff, 0x80, 0x0, 0xe,
    0xff, 0xfe, 0x63, 0x36, 0xef, 0xff, 0xe0, 0x0,
    0x0, 0x3e, 0xff, 0xff, 0xff, 0xff, 0xff, 0xf3,
    0x0, 0x0, 0x0, 0x2c, 0xff, 0xff, 0xff, 0xff,
    0xd2, 0x0, 0x0, 0x0, 0x0, 0x5, 0xaf, 0xff,
    0xfc, 0x50, 0x0, 0x0, 0x0, 0x0, 0x0, 0x0,
    0x7f, 0xff, 0xa0, 0x0, 0x0, 0x0, 0x0, 0x0,
    0x0, 0x1, 0xef, 0xff, 0x60, 0x0, 0x0, 0x0,
    0x0, 0x0, 0x0, 0x6, 0xff, 0xff, 0xa3, 0x12,
    0x60, 0x0, 0x0, 0x0, 0x0, 0x8, 0xff, 0xff,
    0xff, 0xff, 0x0, 0x0, 0x0, 0x0, 0x0, 0x7,
    0xff, 0xff, 0xff, 0xf4, 0x0, 0x0, 0x0, 0x0,
    0x0, 0x1, 0x8d, 0xff, 0xeb, 0x30,

    /* U+0052 "R" */
    0xaf, 0xff, 0xff, 0xff, 0xec, 0x82, 0x0, 0x0,
    0xaf, 0xff, 0xff, 0xff, 0xff, 0xff, 0x70, 0x0,
    0xaf, 0xff, 0xff, 0xff, 0xff, 0xff, 0xf6, 0x0,
    0xaf, 0xff, 0x41, 0x11, 0x4b, 0xff, 0xfe, 0x0,
    0xaf, 0xff, 0x30, 0x0, 0x0, 0xcf, 0xff, 0x20,
    0xaf, 0xff, 0x30, 0x0, 0x0, 0x8f, 0xff, 0x40,
    0xaf, 0xff, 0x30, 0x0, 0x0, 0x8f, 0xff, 0x40,
    0xaf, 0xff, 0x30, 0x0, 0x0, 0xdf, 0xff, 0x10,
    0xaf, 0xff, 0x41, 0x11, 0x5c, 0xff, 0xfc, 0x0,
    0xaf, 0xff, 0xff, 0xff, 0xff, 0xff, 0xf3, 0x0,
    0xaf, 0xff, 0xff, 0xff, 0xff, 0xfe, 0x40, 0x0,
    0xaf, 0xff, 0xff, 0xff, 0xff, 0xe0, 0x0, 0x0,
    0xaf, 0xff, 0x30, 0xd, 0xff, 0xf5, 0x0, 0x0,
    0xaf, 0xff, 0x30, 0x4, 0xff, 0xfe, 0x0, 0x0,
    0xaf, 0xff, 0x30, 0x0, 0xbf, 0xff, 0x80, 0x0,
    0xaf, 0xff, 0x30, 0x0, 0x2f, 0xff, 0xf2, 0x0,
    0xaf, 0xff, 0x30, 0x0, 0x9, 0xff, 0xfa, 0x0,
    0xaf, 0xff, 0x30, 0x0, 0x1, 0xff, 0xff, 0x40,
    0xaf, 0xff, 0x30, 0x0, 0x0, 0x7f, 0xff, 0xd0,

    /* U+0053 "S" */
    0x0, 0x0, 0x7c, 0xef, 0xec, 0x71, 0x0, 0x0,
    0x4, 0xef, 0xff, 0xff, 0xff, 0xf6, 0x0, 0x3,
    0xff, 0xff, 0xff, 0xff, 0xff, 0xf5, 0x0, 0xcf,
    0xff, 0xd7, 0x56, 0xaf, 0xfb, 0x0, 0xf, 0xff,
    0xe0, 0x0, 0x0, 0x19, 0x0, 0x1, 0xff, 0xfd,
    0x0, 0x0, 0x0, 0x0, 0x0, 0xf, 0xff, 0xf8,
    0x0, 0x0, 0x0, 0x0, 0x0, 0x8f, 0xff, 0xfe,
    0x71, 0x0, 0x0, 0x0, 0x0, 0xbf, 0xff, 0xff,
    0xfb, 0x50, 0x0, 0x0, 0x0, 0x7e, 0xff, 0xff,
    0xff, 0xd3, 0x0, 0x0, 0x0, 0x5, 0xcf, 0xff,
    0xff, 0xf3, 0x0, 0x0, 0x0, 0x0, 0x39, 0xff,
    0xff, 0xc0, 0x0, 0x0, 0x0, 0x0, 0x3, 0xff,
    0xff, 0x10, 0x1, 0x0, 0x0, 0x0, 0xc, 0xff,
    0xf2, 0x6, 0xf7, 0x0, 0x0, 0x1, 0xef, 0xff,
    0x15, 0xff, 0xfe, 0x96, 0x58, 0xef, 0xff, 0xb0,
    0x8f, 0xff, 0xff, 0xff, 0xff, 0xff, 0xf2, 0x0,
    0x4d, 0xff, 0xff, 0xff, 0xff, 0xe3, 0x0, 0x0,
    0x5, 0xad, 0xff, 0xeb, 0x60, 0x0, 0x0,

    /* U+0054 "T" */
    0x3f, 0xff, 0xff, 0xff, 0xff, 0xff, 0xff, 0xf7,
    0x3f, 0xff, 0xff, 0xff, 0xff, 0xff, 0xff, 0xf7,
    0x3f, 0xff, 0xff, 0xff, 0xff, 0xff, 0xff, 0xf7,
    0x3, 0x33, 0x33, 0xdf, 0xff, 0x43, 0x33, 0x31,
    0x0, 0x0, 0x0, 0xdf, 0xff, 0x0, 0x0, 0x0,
    0x0, 0x0, 0x0, 0xdf, 0xff, 0x0, 0x0, 0x0,
    0x0, 0x0, 0x0, 0xdf, 0xff, 0x0, 0x0, 0x0,
    0x0, 0x0, 0x0, 0xdf, 0xff, 0x0, 0x0, 0x0,
    0x0, 0x0, 0x0, 0xdf, 0xff, 0x0, 0x0, 0x0,
    0x0, 0x0, 0x0, 0xdf, 0xff, 0x0, 0x0, 0x0,
    0x0, 0x0, 0x0, 0xdf, 0xff, 0x0, 0x0, 0x0,
    0x0, 0x0, 0x0, 0xdf, 0xff, 0x0, 0x0, 0x0,
    0x0, 0x0, 0x0, 0xdf, 0xff, 0x0, 0x0, 0x0,
    0x0, 0x0, 0x0, 0xdf, 0xff, 0x0, 0x0, 0x0,
    0x0, 0x0, 0x0, 0xdf, 0xff, 0x0, 0x0, 0x0,
    0x0, 0x0, 0x0, 0xdf, 0xff, 0x0, 0x0, 0x0,
    0x0, 0x0, 0x0, 0xdf, 0xff, 0x0, 0x0, 0x0,
    0x0, 0x0, 0x0, 0xdf, 0xff, 0x0, 0x0, 0x0,
    0x0, 0x0, 0x0, 0xdf, 0xff, 0x0, 0x0, 0x0,

    /* U+0055 "U" */
    0xbf, 0xff, 0x10, 0x0, 0x0, 0x8, 0xff, 0xf3,
    0xbf, 0xff, 0x10, 0x0, 0x0, 0x8, 0xff, 0xf3,
    0xbf, 0xff, 0x10, 0x0, 0x0, 0x8, 0xff, 0xf3,
    0xbf, 0xff, 0x10, 0x0, 0x0, 0x8, 0xff, 0xf3,
    0xbf, 0xff, 0x10, 0x0, 0x0, 0x8, 0xff, 0xf3,
    0xbf, 0xff, 0x10, 0x0, 0x0, 0x8, 0xff, 0xf3,
    0xbf, 0xff, 0x10, 0x0, 0x0, 0x8, 0xff, 0xf3,
    0xbf, 0xff, 0x10, 0x0, 0x0, 0x8, 0xff, 0xf3,
    0xbf, 0xff, 0x10, 0x0, 0x0, 0x8, 0xff, 0xf3,
    0xbf, 0xff, 0x10, 0x0, 0x0, 0x8, 0xff, 0xf3,
    0xbf, 0xff, 0x10, 0x0, 0x0, 0x8, 0xff, 0xf2,
    0xaf, 0xff, 0x20, 0x0, 0x0, 0x8, 0xff, 0xf2,
    0x9f, 0xff, 0x40, 0x0, 0x0, 0xa, 0xff, 0xf0,
    0x6f, 0xff, 0x80, 0x0, 0x0, 0xe, 0xff, 0xd0,
    0x2f, 0xff, 0xf2, 0x0, 0x0, 0x8f, 0xff, 0x90,
    0xb, 0xff, 0xff, 0x85, 0x6b, 0xff, 0xff, 0x30,
    0x2, 0xff, 0xff, 0xff, 0xff, 0xff, 0xf9, 0x0,
    0x0, 0x3e, 0xff, 0xff, 0xff, 0xff, 0xa0, 0x0,
    0x0, 0x0, 0x7c, 0xef, 0xfd, 0xa3, 0x0, 0x0,

    /* U+0056 "V" */
    0xf, 0xff, 0xf1, 0x0, 0x0, 0x0, 0xc, 0xff,
    0xf1, 0xa, 0xff, 0xf5, 0x0, 0x0, 0x0, 0x1f,
    0xff, 0xc0, 0x5, 0xff, 0xf9, 0x0, 0x0, 0x0,
    0x5f, 0xff, 0x70, 0x1, 0xff, 0xfe, 0x0, 0x0,
    0x0, 0x9f, 0xff, 0x20, 0x0, 0xbf, 0xff, 0x20,
    0x0, 0x0, 0xef, 0xfd, 0x0, 0x0, 0x6f, 0xff,
    0x60, 0x0, 0x2, 0xff, 0xf8, 0x0, 0x0, 0x1f,
    0xff, 0xb0, 0x0, 0x6, 0xff, 0xf3, 0x0, 0x0,
    0xc, 0xff, 0xf0, 0x0, 0xb, 0xff, 0xe0, 0x0,
    0x0, 0x7, 0xff, 0xf3, 0x0, 0xf, 0xff, 0x90,
    0x0, 0x0, 0x3, 0xff, 0xf8, 0x0, 0x3f, 0xff,
    0x40, 0x0, 0x0, 0x0, 0xef, 0xfc, 0x0, 0x8f,
    0xff, 0x0, 0x0, 0x0, 0x0, 0x9f, 0xff, 0x10,
    0xcf, 0xfa, 0x0, 0x0, 0x0, 0x0, 0x4f, 0xff,
    0x50, 0xff, 0xf5, 0x0, 0x0, 0x0, 0x0, 0xe,
    0xff, 0x94, 0xff, 0xf1, 0x0, 0x0, 0x0, 0x0,
    0xa, 0xff, 0xd9, 0xff, 0xb0, 0x0, 0x0, 0x0,
    0x0, 0x5, 0xff, 0xfe, 0xff, 0x60, 0x0, 0x0,
    0x0, 0x0, 0x0, 0xff, 0xff, 0xff, 0x10, 0x0,
    0x0, 0x0, 0x0, 0x0, 0xbf, 0xff, 0xfc, 0x0,
    0x0, 0x0, 0x0, 0x0, 0x0, 0x6f, 0xff, 0xf7,
    0x0, 0x0, 0x0,

    /* U+0057 "W" */
    0x6f, 0xff, 0x80, 0x0, 0x0, 0xcf, 0xfc, 0x0,
    0x0, 0x7, 0xff, 0xf2, 0x3f, 0xff, 0xa0, 0x0,
    0x0, 0xff, 0xff, 0x0, 0x0, 0xa, 0xff, 0xf0,
    0xf, 0xff, 0xd0, 0x0, 0x4, 0xff, 0xff, 0x40,
    0x0, 0xc, 0xff, 0xc0, 0xd, 0xff, 0xf0, 0x0,
    0x7, 0xff, 0xff, 0x80, 0x0, 0xf, 0xff, 0x90,
    0xa, 0xff, 0xf2, 0x0, 0xb, 0xff, 0xff, 0xb0,
    0x0, 0x1f, 0xff, 0x60, 0x6, 0xff, 0xf4, 0x0,
    0xf, 0xfd, 0xff, 0xf0, 0x0, 0x4f, 0xff, 0x30,
    0x3, 0xff, 0xf7, 0x0, 0x3f, 0xf9, 0xdf, 0xf3,
    0x0, 0x7f, 0xff, 0x0, 0x0, 0xff, 0xf9, 0x0,
    0x7f, 0xf6, 0xaf, 0xf7, 0x0, 0x9f, 0xfd, 0x0,
    0x0, 0xdf, 0xfc, 0x0, 0xaf, 0xf3, 0x7f, 0xfb,
    0x0, 0xcf, 0xfa, 0x0, 0x0, 0xaf, 0xff, 0x0,
    0xef, 0xf0, 0x4f, 0xfe, 0x0, 0xef, 0xf7, 0x0,
    0x0, 0x7f, 0xff, 0x11, 0xff, 0xc0, 0xf, 0xff,
    0x21, 0xff, 0xf4, 0x0, 0x0, 0x4f, 0xff, 0x44,
    0xff, 0x90, 0xc, 0xff, 0x53, 0xff, 0xf1, 0x0,
    0x0, 0x1f, 0xff, 0x68, 0xff, 0x50, 0x9, 0xff,
    0x85, 0xff, 0xe0, 0x0, 0x0, 0xe, 0xff, 0x8b,
    0xff, 0x20, 0x5, 0xff, 0xb8, 0xff, 0xb0, 0x0,
    0x0, 0xb, 0xff, 0xbe, 0xfe, 0x0, 0x1, 0xff,
    0xfa, 0xff, 0x80, 0x0, 0x0, 0x7, 0xff, 0xff,
    0xfa, 0x0, 0x0, 0xef, 0xff, 0xff, 0x50, 0x0,
    0x0, 0x4, 0xff, 0xff, 0xf7, 0x0, 0x0, 0xaf,
    0xff, 0xff, 0x20, 0x0, 0x0, 0x1, 0xff, 0xff,
    0xf3, 0x0, 0x0, 0x6f, 0xff, 0xff, 0x0, 0x0,
    0x0, 0x0, 0xef, 0xff, 0xf0, 0x0, 0x0, 0x3f,
    0xff, 0xfc, 0x0, 0x0,

    /* U+0058 "X" */
    0x1f, 0xff, 0xf3, 0x0, 0x0, 0xa, 0xff, 0xf5,
    0x8, 0xff, 0xfb, 0x0, 0x0, 0x2f, 0xff, 0xc0,
    0x0, 0xef, 0xff, 0x30, 0x0, 0x9f, 0xff, 0x30,
    0x0, 0x6f, 0xff, 0xa0, 0x1, 0xff, 0xfb, 0x0,
    0x0, 0xd, 0xff, 0xf2, 0x8, 0xff, 0xf2, 0x0,
    0x0, 0x4, 0xff, 0xfa, 0xf, 0xff, 0xa0, 0x0,
    0x0, 0x0, 0xbf, 0xff, 0x8f, 0xff, 0x10, 0x0,
    0x0, 0x0, 0x3f, 0xff, 0xff, 0xf8, 0x0, 0x0,
    0x0, 0x0, 0xa, 0xff, 0xff, 0xf1, 0x0, 0x0,
    0x0, 0x0, 0x6, 0xff, 0xff, 0xa0, 0x0, 0x0,
    0x0, 0x0, 0xe, 0xff, 0xff, 0xf2, 0x0, 0x0,
    0x0, 0x0, 0x7f, 0xff, 0xff, 0xfb, 0x0, 0x0,
    0x0, 0x1, 0xff, 0xf8, 0x9f, 0xff, 0x40, 0x0,
    0x0, 0x9, 0xff, 0xf2, 0x2f, 0xff, 0xd0, 0x0,
    0x0, 0x2f, 0xff, 0xa0, 0xa, 0xff, 0xf6, 0x0,
    0x0, 0xaf, 0xff, 0x20, 0x2, 0xff, 0xfe, 0x0,
    0x3, 0xff, 0xfa, 0x0, 0x0, 0x9f, 0xff, 0x80,
    0xc, 0xff, 0xf3, 0x0, 0x0, 0x1f, 0xff, 0xf2,
    0x5f, 0xff, 0xb0, 0x0, 0x0, 0x9, 0xff, 0xfa,

    /* U+0059 "Y" */
    0xe, 0xff, 0xf2, 0x0, 0x0, 0x0, 0xef, 0xff,
    0x10, 0x6f, 0xff, 0x80, 0x0, 0x0, 0x5f, 0xff,
    0x80, 0x0, 0xef, 0xfe, 0x0, 0x0, 0xc, 0xff,
    0xf1, 0x0, 0x7, 0xff, 0xf6, 0x0, 0x3, 0xff,
    0xf9, 0x0, 0x0, 0xf, 0xff, 0xc0, 0x0, 0x9f,
    0xff, 0x10, 0x0, 0x0, 0x8f, 0xff, 0x20, 0xf,
    0xff, 0x90, 0x0, 0x0, 0x1, 0xff, 0xf9, 0x6,
    0xff, 0xf2, 0x0, 0x0, 0x0, 0x8, 0xff, 0xf0,
    0xdf, 0xfa, 0x0, 0x0, 0x0, 0x0, 0x1f, 0xff,
    0x9f, 0xff, 0x20, 0x0, 0x0, 0x0, 0x0, 0x9f,
    0xff, 0xff, 0xb0, 0x0, 0x0, 0x0, 0x0, 0x2,
    0xff, 0xff, 0xf3, 0x0, 0x0, 0x0, 0x0, 0x0,
    0x9, 0xff, 0xfb, 0x0, 0x0, 0x0, 0x0, 0x0,
    0x0, 0x5f, 0xff, 0x70, 0x0, 0x0, 0x0, 0x0,
    0x0, 0x5, 0xff, 0xf7, 0x0, 0x0, 0x0, 0x0,
    0x0, 0x0, 0x5f, 0xff, 0x70, 0x0, 0x0, 0x0,
    0x0, 0x0, 0x5, 0xff, 0xf7, 0x0, 0x0, 0x0,
    0x0, 0x0, 0x0, 0x5f, 0xff, 0x70, 0x0, 0x0,
    0x0, 0x0, 0x0, 0x5, 0xff, 0xf7, 0x0, 0x0,
    0x0, 0x0, 0x0, 0x0, 0x5f, 0xff, 0x70, 0x0,
    0x0, 0x0,

    /* U+005A "Z" */
    0xf, 0xff, 0xff, 0xff, 0xff, 0xff, 0xfd, 0xf,
    0xff, 0xff, 0xff, 0xff, 0xff, 0xfd, 0xf, 0xff,
    0xff, 0xff, 0xff, 0xff, 0xfa, 0x3, 0x33, 0x33,
    0x33, 0x5f, 0xff, 0xe1, 0x0, 0x0, 0x0, 0x0,
    0xbf, 0xff, 0x50, 0x0, 0x0, 0x0, 0x6, 0xff,
    0xfb, 0x0, 0x0, 0x0, 0x0, 0x2f, 0xff, 0xe1,
    0x0, 0x0, 0x0, 0x0, 0xcf, 0xff, 0x50, 0x0,
    0x0, 0x0, 0x6, 0xff, 0xfb, 0x0, 0x0, 0x0,
    0x0, 0x2f, 0xff, 0xe1, 0x0, 0x0, 0x0, 0x0,
    0xcf, 0xff, 0x50, 0x0, 0x0, 0x0, 0x6, 0xff,
    0xfb, 0x0, 0x0, 0x0, 0x0, 0x2f, 0xff, 0xe1,
    0x0, 0x0, 0x0, 0x0, 0xcf, 0xff, 0x50, 0x0,
    0x0, 0x0, 0x6, 0xff, 0xfb, 0x0, 0x0, 0x0,
    0x0, 0x2f, 0xff, 0xf5, 0x33, 0x33, 0x33, 0x33,
    0xbf, 0xff, 0xff, 0xff, 0xff, 0xff, 0xfe, 0xef,
    0xff, 0xff, 0xff, 0xff, 0xff, 0xfe, 0xef, 0xff,
    0xff, 0xff, 0xff, 0xff, 0xfe,

    /* U+005B "[" */
    0x6f, 0xff, 0xff, 0x96, 0xff, 0xff, 0xf9, 0x6f,
    0xf8, 0x11, 0x6, 0xff, 0x70, 0x0, 0x6f, 0xf7,
    0x0, 0x6, 0xff, 0x70, 0x0, 0x6f, 0xf7, 0x0,
    0x6, 0xff, 0x70, 0x0, 0x6f, 0xf7, 0x0, 0x6,
    0xff, 0x70, 0x0, 0x6f, 0xf7, 0x0, 0x6, 0xff,
    0x70, 0x0, 0x6f, 0xf7, 0x0, 0x6, 0xff, 0x70,
    0x0, 0x6f, 0xf7, 0x0, 0x6, 0xff, 0x70, 0x0,
    0x6f, 0xf7, 0x0, 0x6, 0xff, 0x70, 0x0, 0x6f,
    0xf7, 0x0, 0x6, 0xff, 0x70, 0x0, 0x6f, 0xf7,
    0x0, 0x6, 0xff, 0x70, 0x0, 0x6f, 0xf7, 0x0,
    0x6, 0xff, 0xff, 0xf9, 0x6f, 0xff, 0xff, 0x90,
    0x0, 0x0, 0x0,

    /* U+005C "\\" */
    0x2f, 0xf6, 0x0, 0x0, 0x0, 0xe, 0xfa, 0x0,
    0x0, 0x0, 0xa, 0xfe, 0x0, 0x0, 0x0, 0x6,
    0xff, 0x20, 0x0, 0x0, 0x2, 0xff, 0x60, 0x0,
    0x0, 0x0, 0xef, 0xa0, 0x0, 0x0, 0x0, 0xaf,
    0xd0, 0x0, 0x0, 0x0, 0x6f, 0xf1, 0x0, 0x0,
    0x0, 0x2f, 0xf5, 0x0, 0x0, 0x0, 0xe, 0xf9,
    0x0, 0x0, 0x0, 0xa, 0xfd, 0x0, 0x0, 0x0,
    0x6, 0xff, 0x10, 0x0, 0x0, 0x2, 0xff, 0x50,
    0x0, 0x0, 0x0, 0xef, 0x90, 0x0, 0x0, 0x0,
    0xaf, 0xd0, 0x0, 0x0, 0x0, 0x6f, 0xf1, 0x0,
    0x0, 0x0, 0x3f, 0xf5, 0x0, 0x0, 0x0, 0xe,
    0xf9, 0x0, 0x0, 0x0, 0xb, 0xfd, 0x0, 0x0,
    0x0, 0x7, 0xff, 0x10, 0x0, 0x0, 0x3, 0xff,
    0x50, 0x0, 0x0, 0x0, 0xef, 0x90, 0x0, 0x0,
    0x0, 0xbf, 0xd0, 0x0, 0x0, 0x0, 0x7f, 0xf1,
    0x0, 0x0, 0x0, 0x3f, 0xf5, 0x0, 0x0, 0x0,
    0xf, 0xf9,

    /* U+005D "]" */
    0xcf, 0xff, 0xff, 0x2c, 0xff, 0xff, 0xf2, 0x1,
    0x1a, 0xff, 0x20, 0x0, 0xaf, 0xf2, 0x0, 0xa,
    0xff, 0x20, 0x0, 0xaf, 0xf2, 0x0, 0xa, 0xff,
    0x20, 0x0, 0xaf, 0xf2, 0x0, 0xa, 0xff, 0x20,
    0x0, 0xaf, 0xf2, 0x0, 0xa, 0xff, 0x20, 0x0,
    0xaf, 0xf2, 0x0, 0xa, 0xff, 0x20, 0x0, 0xaf,
    0xf2, 0x0, 0xa, 0xff, 0x20, 0x0, 0xaf, 0xf2,
    0x0, 0xa, 0xff, 0x20, 0x0, 0xaf, 0xf2, 0x0,
    0xa, 0xff, 0x20, 0x0, 0xaf, 0xf2, 0x0, 0xa,
    0xff, 0x20, 0x0, 0xaf, 0xf2, 0x0, 0xa, 0xff,
    0x2c, 0xff, 0xff, 0xf2, 0xcf, 0xff, 0xff, 0x20,
    0x0, 0x0, 0x0,

    /* U+005E "^" */
    0x0, 0x0, 0x7, 0x88, 0x20, 0x0, 0x0, 0x0,
    0x4, 0xff, 0xfa, 0x0, 0x0, 0x0, 0x0, 0xaf,
    0xff, 0xf0, 0x0, 0x0, 0x0, 0x1f, 0xff, 0xff,
    0x60, 0x0, 0x0, 0x7, 0xff, 0x8f, 0xfc, 0x0,
    0x0, 0x0, 0xdf, 0xf1, 0xbf, 0xf3, 0x0, 0x0,
    0x4f, 0xfb, 0x6, 0xff, 0x90, 0x0, 0xa, 0xff,
    0x50, 0x1f, 0xff, 0x0, 0x1, 0xff, 0xf0, 0x0,
    0xbf, 0xf6, 0x0, 0x7f, 0xfa, 0x0, 0x5, 0xff,
    0xc0, 0xd, 0xff, 0x40, 0x0, 0xf, 0xff, 0x23,
    0xff, 0xe0, 0x0, 0x0, 0x9f, 0xf8,

    /* U+005F "_" */
    0x23, 0x33, 0x33, 0x33, 0x33, 0x33, 0x33, 0x1a,
    0xff, 0xff, 0xff, 0xff, 0xff, 0xff, 0xf6, 0xaf,
    0xff, 0xff, 0xff, 0xff, 0xff, 0xff, 0x60,

    /* U+0060 "`" */
    0x0, 0x0, 0x0, 0x0, 0x0, 0x3d, 0x10, 0x0,
    0x4, 0xff, 0xd0, 0x0, 0xd, 0xff, 0xfb, 0x0,
    0x1, 0xcf, 0xff, 0x80, 0x0, 0xb, 0xff, 0xf5,
    0x0, 0x0, 0xaf, 0xf8, 0x0, 0x0, 0x8, 0x80,
    0x0, 0x0, 0x0, 0x0,

    /* U+0061 "a" */
    0x0, 0x5, 0xae, 0xff, 0xd8, 0x0, 0x0, 0x6e,
    0xff, 0xff, 0xff, 0xfd, 0x10, 0xd, 0xff, 0xff,
    0xff, 0xff, 0xfa, 0x0, 0x4f, 0xc6, 0x21, 0x5f,
    0xff, 0xf1, 0x0, 0x30, 0x0, 0x0, 0x8f, 0xff,
    0x50, 0x0, 0x0, 0x2, 0x59, 0xff, 0xf7, 0x0,
    0x5, 0xbf, 0xff, 0xff, 0xff, 0x80, 0x2d, 0xff,
    0xff, 0xfe, 0xff, 0xf8, 0x1e, 0xff, 0xf8, 0x30,
    0x4f, 0xff, 0x87, 0xff, 0xf4, 0x0, 0x4, 0xff,
    0xf8, 0xaf, 0xff, 0x0, 0x0, 0x6f, 0xff, 0x89,
    0xff, 0xf7, 0x1, 0x7f, 0xff, 0xf8, 0x5f, 0xff,
    0xff, 0xff, 0xff, 0xff, 0x80, 0xbf, 0xff, 0xff,
    0xf9, 0xdf, 0xf8, 0x0, 0x8d, 0xfe, 0xa3, 0xa,
    0xff, 0x80,

    /* U+0062 "b" */
    0xff, 0xfe, 0x0, 0x0, 0x0, 0x0, 0x0, 0xff,
    0xfe, 0x0, 0x0, 0x0, 0x0, 0x0, 0xff, 0xfe,
    0x0, 0x0, 0x0, 0x0, 0x0, 0xff, 0xfe, 0x0,
    0x0, 0x0, 0x0, 0x0, 0xff, 0xfe, 0x0, 0x0,
    0x0, 0x0, 0x0, 0xff, 0xfd, 0x0, 0x0, 0x0,
    0x0, 0x0, 0xff, 0xfd, 0x6, 0xcf, 0xfb, 0x50,
    0x0, 0xff, 0xfd, 0xcf, 0xff, 0xff, 0xf8, 0x0,
    0xff, 0xff, 0xff, 0xff, 0xff, 0xff, 0x50, 0xff,
    0xff, 0xe7, 0x24, 0xbf, 0xff, 0xd0, 0xff, 0xff,
    0x20, 0x0, 0xe, 0xff, 0xf3, 0xff, 0xfe, 0x0,
    0x0, 0x9, 0xff, 0xf6, 0xff, 0xfe, 0x0, 0x0,
    0x6, 0xff, 0xf8, 0xff, 0xfe, 0x0, 0x0, 0x6,
    0xff, 0xf8, 0xff, 0xfe, 0x0, 0x0, 0x7, 0xff,
    0xf7, 0xff, 0xfe, 0x0, 0x0, 0xa, 0xff, 0xf5,
    0xff, 0xfe, 0x0, 0x0, 0x2f, 0xff, 0xf1, 0xff,
    0xff, 0xb5, 0x25, 0xef, 0xff, 0x90, 0xff, 0xff,
    0xff, 0xff, 0xff, 0xfe, 0x10, 0xff, 0xf9, 0xff,
    0xff, 0xff, 0xe3, 0x0, 0xff, 0xf2, 0x19, 0xef,
    0xd8, 0x10, 0x0,

    /* U+0063 "c" */
    0x0, 0x0, 0x5b, 0xef, 0xeb, 0x40, 0x0, 0x2d,
    0xff, 0xff, 0xff, 0xf8, 0x2, 0xef, 0xff, 0xff,
    0xff, 0xf3, 0xd, 0xff, 0xfd, 0x52, 0x4b, 0x60,
    0x5f, 0xff, 0xe1, 0x0, 0x0, 0x0, 0xaf, 0xff,
    0x60, 0x0, 0x0, 0x0, 0xcf, 0xff, 0x20, 0x0,
    0x0, 0x0, 0xdf, 0xff, 0x10, 0x0, 0x0, 0x0,
    0xcf, 0xff, 0x20, 0x0, 0x0, 0x0, 0xaf, 0xff,
    0x60, 0x0, 0x0, 0x0, 0x6f, 0xff, 0xe1, 0x0,
    0x0, 0x10, 0xe, 0xff, 0xfd, 0x52, 0x3a, 0xe0,
    0x4, 0xff, 0xff, 0xff, 0xff, 0xf8, 0x0, 0x4e,
    0xff, 0xff, 0xff, 0xf9, 0x0, 0x1, 0x7c, 0xff,
    0xea, 0x30,

    /* U+0064 "d" */
    0x0, 0x0, 0x0, 0x0, 0x1, 0xff, 0xfb, 0x0,
    0x0, 0x0, 0x0, 0x1, 0xff, 0xfb, 0x0, 0x0,
    0x0, 0x0, 0x1, 0xff, 0xfb, 0x0, 0x0, 0x0,
    0x0, 0x1, 0xff, 0xfb, 0x0, 0x0, 0x0, 0x0,
    0x1, 0xff, 0xfb, 0x0, 0x0, 0x0, 0x0, 0x1,
    0xff, 0xfb, 0x0, 0x2, 0xae, 0xfd, 0x81, 0xff,
    0xfb, 0x0, 0x6f, 0xff, 0xff, 0xfd, 0xff, 0xfb,
    0x4, 0xff, 0xff, 0xff, 0xff, 0xff, 0xfb, 0xd,
    0xff, 0xfc, 0x43, 0x6d, 0xff, 0xfb, 0x5f, 0xff,
    0xd0, 0x0, 0x2, 0xff, 0xfb, 0x9f, 0xff, 0x60,
    0x0, 0x1, 0xff, 0xfb, 0xbf, 0xff, 0x30, 0x0,
    0x1, 0xff, 0xfb, 0xcf, 0xff, 0x20, 0x0, 0x1,
    0xff, 0xfb, 0xbf, 0xff, 0x30, 0x0, 0x1, 0xff,
    0xfb, 0x9f, 0xff, 0x60, 0x0, 0x1, 0xff, 0xfb,
    0x6f, 0xff, 0xc0, 0x0, 0x4, 0xff, 0xfb, 0x1f,
    0xff, 0xfb, 0x33, 0x7f, 0xff, 0xfb, 0x8, 0xff,
    0xff, 0xff, 0xff, 0xff, 0xfb, 0x0, 0xaf, 0xff,
    0xff, 0xfc, 0xcf, 0xfb, 0x0, 0x6, 0xcf, 0xfc,
    0x60, 0x7f, 0xfb,

    /* U+0065 "e" */
    0x0, 0x1, 0x8d, 0xff, 0xd8, 0x10, 0x0, 0x0,
    0x4e, 0xff, 0xff, 0xff, 0xe2, 0x0, 0x3, 0xff,
    0xff, 0xff, 0xff, 0xfd, 0x0, 0xd, 0xff, 0xf5,
    0x0, 0x5f, 0xff, 0x60, 0x5f, 0xff, 0x50, 0x0,
    0x8, 0xff, 0xb0, 0xaf, 0xfe, 0x0, 0x0, 0x5,
    0xff, 0xe0, 0xcf, 0xff, 0xff, 0xff, 0xff, 0xff,
    0xf0, 0xdf, 0xff, 0xff, 0xff, 0xff, 0xff, 0xf0,
    0xcf, 0xff, 0x99, 0x99, 0x99, 0x99, 0x80, 0xaf,
    0xff, 0x10, 0x0, 0x0, 0x0, 0x0, 0x5f, 0xff,
    0x90, 0x0, 0x0, 0x0, 0x0, 0xd, 0xff, 0xfa,
    0x20, 0x3, 0x96, 0x0, 0x3, 0xff, 0xff, 0xff,
    0xff, 0xfe, 0x0, 0x0, 0x3e, 0xff, 0xff, 0xff,
    0xfe, 0x30, 0x0, 0x0, 0x7c, 0xff, 0xeb, 0x60,
    0x0,

    /* U+0066 "f" */
    0x0, 0x0, 0x19, 0xef, 0xfc, 0x40, 0x0, 0x2e,
    0xff, 0xff, 0xf4, 0x0, 0xb, 0xff, 0xff, 0xff,
    0x0, 0x1, 0xff, 0xfe, 0x30, 0x20, 0x0, 0x3f,
    0xff, 0x90, 0x0, 0x0, 0x4, 0xff, 0xf8, 0x0,
    0x0, 0x3e, 0xff, 0xff, 0xff, 0xf4, 0x4, 0xff,
    0xff, 0xff, 0xff, 0x40, 0x4f, 0xff, 0xff, 0xff,
    0xf4, 0x0, 0x5, 0xff, 0xf8, 0x0, 0x0, 0x0,
    0x4f, 0xff, 0x80, 0x0, 0x0, 0x4, 0xff, 0xf8,
    0x0, 0x0, 0x0, 0x4f, 0xff, 0x80, 0x0, 0x0,
    0x4, 0xff, 0xf8, 0x0, 0x0, 0x0, 0x4f, 0xff,
    0x80, 0x0, 0x0, 0x4, 0xff, 0xf8, 0x0, 0x0,
    0x0, 0x4f, 0xff, 0x80, 0x0, 0x0, 0x4, 0xff,
    0xf8, 0x0, 0x0, 0x0, 0x4f, 0xff, 0x80, 0x0,
    0x0, 0x4, 0xff, 0xf8, 0x0, 0x0, 0x0, 0x4f,
    0xff, 0x80, 0x0, 0x0,

    /* U+0067 "g" */
    0x0, 0x6, 0xbe, 0xff, 0xff, 0xff, 0xfd, 0x0,
    0x1c, 0xff, 0xff, 0xff, 0xff, 0xff, 0xd0, 0xc,
    0xff, 0xfd, 0xae, 0xff, 0xfe, 0xdb, 0x3, 0xff,
    0xf9, 0x0, 0xc, 0xff, 0xb0, 0x0, 0x6f, 0xff,
    0x30, 0x0, 0x5f, 0xff, 0x0, 0x7, 0xff, 0xf2,
    0x0, 0x5, 0xff, 0xf0, 0x0, 0x3f, 0xff, 0x70,
    0x0, 0xaf, 0xfd, 0x0, 0x0, 0xbf, 0xff, 0x96,
    0xaf, 0xff, 0x60, 0x0, 0x1, 0xcf, 0xff, 0xff,
    0xff, 0xa0, 0x0, 0x0, 0x3f, 0xfc, 0xef, 0xeb,
    0x50, 0x0, 0x0, 0xe, 0xff, 0x0, 0x0, 0x0,
    0x0, 0x0, 0x1, 0xff, 0xf4, 0x0, 0x0, 0x0,
    0x0, 0x0, 0xf, 0xff, 0xff, 0xff, 0xff, 0xd9,
    0x30, 0x0, 0x5f, 0xff, 0xff, 0xff, 0xff, 0xff,
    0x50, 0x7, 0xff, 0xef, 0xff, 0xff, 0xff, 0xfe,
    0x5, 0xff, 0xa0, 0x0, 0x0, 0x3d, 0xff, 0xf1,
    0xcf, 0xf5, 0x0, 0x0, 0x0, 0x9f, 0xff, 0xd,
    0xff, 0xa0, 0x0, 0x0, 0x3e, 0xff, 0xb0, 0x9f,
    0xff, 0xd8, 0x78, 0xbf, 0xff, 0xe2, 0x1, 0xcf,
    0xff, 0xff, 0xff, 0xff, 0xc2, 0x0, 0x0, 0x6b,
    0xef, 0xfe, 0xc9, 0x30, 0x0, 0x0,

    /* U+0068 "h" */
    0xff, 0xfe, 0x0, 0x0, 0x0, 0x0, 0xf, 0xff,
    0xe0, 0x0, 0x0, 0x0, 0x0, 0xff, 0xfe, 0x0,
    0x0, 0x0, 0x0, 0xf, 0xff, 0xe0, 0x0, 0x0,
    0x0, 0x0, 0xff, 0xfe, 0x0, 0x0, 0x0, 0x0,
    0xf, 0xff, 0xd0, 0x0, 0x0, 0x0, 0x0, 0xff,
    0xfc, 0x3, 0xbf, 0xfd, 0x70, 0xf, 0xff, 0xb8,
    0xff, 0xff, 0xff, 0xa0, 0xff, 0xff, 0xff, 0xff,
    0xff, 0xff, 0x3f, 0xff, 0xff, 0xa5, 0x6e, 0xff,
    0xf8, 0xff, 0xff, 0x50, 0x0, 0x4f, 0xff, 0xaf,
    0xff, 0xe0, 0x0, 0x1, 0xff, 0xfc, 0xff, 0xfe,
    0x0, 0x0, 0xf, 0xff, 0xcf, 0xff, 0xe0, 0x0,
    0x0, 0xff, 0xfc, 0xff, 0xfe, 0x0, 0x0, 0xf,
    0xff, 0xcf, 0xff, 0xe0, 0x0, 0x0, 0xff, 0xfc,
    0xff, 0xfe, 0x0, 0x0, 0xf, 0xff, 0xcf, 0xff,
    0xe0, 0x0, 0x0, 0xff, 0xfc, 0xff, 0xfe, 0x0,
    0x0, 0xf, 0xff, 0xcf, 0xff, 0xe0, 0x0, 0x0,
    0xff, 0xfc, 0xff, 0xfe, 0x0, 0x0, 0xf, 0xff,
    0xc0,

    /* U+0069 "i" */
    0x7, 0xfe, 0x60, 0x2f, 0xff, 0xf1, 0x2f, 0xff,
    0xf2, 0xa, 0xff, 0x90, 0x0, 0x21, 0x0, 0x0,
    0x0, 0x0, 0xf, 0xff, 0xe0, 0xf, 0xff, 0xe0,
    0xf, 0xff, 0xe0, 0xf, 0xff, 0xe0, 0xf, 0xff,
    0xe0, 0xf, 0xff, 0xe0, 0xf, 0xff, 0xe0, 0xf,
    0xff, 0xe0, 0xf, 0xff, 0xe0, 0xf, 0xff, 0xe0,
    0xf, 0xff, 0xe0, 0xf, 0xff, 0xe0, 0xf, 0xff,
    0xe0, 0xf, 0xff, 0xe0, 0xf, 0xff, 0xe0,

    /* U+006A "j" */
    0x0, 0x0, 0x7e, 0xe7, 0x0, 0x0, 0x2f, 0xff,
    0xf1, 0x0, 0x2, 0xff, 0xff, 0x20, 0x0, 0xa,
    0xff, 0xa0, 0x0, 0x0, 0x1, 0x10, 0x0, 0x0,
    0x0, 0x0, 0x0, 0x0, 0x0, 0xef, 0xfe, 0x0,
    0x0, 0xe, 0xff, 0xe0, 0x0, 0x0, 0xef, 0xfe,
    0x0, 0x0, 0xe, 0xff, 0xe0, 0x0, 0x0, 0xef,
    0xfe, 0x0, 0x0, 0xe, 0xff, 0xe0, 0x0, 0x0,
    0xef, 0xfe, 0x0, 0x0, 0xe, 0xff, 0xe0, 0x0,
    0x0, 0xef, 0xfe, 0x0, 0x0, 0xe, 0xff, 0xe0,
    0x0, 0x0, 0xef, 0xfe, 0x0, 0x0, 0xe, 0xff,
    0xe0, 0x0, 0x0, 0xef, 0xfe, 0x0, 0x0, 0xe,
    0xff, 0xe0, 0x0, 0x0, 0xef, 0xfe, 0x0, 0x0,
    0xe, 0xff, 0xe0, 0x0, 0x0, 0xff, 0xfd, 0x0,
    0x10, 0x7f, 0xff, 0xa0, 0xe, 0xff, 0xff, 0xf5,
    0x2, 0xff, 0xff, 0xfa, 0x0, 0x3d, 0xff, 0xd7,
    0x0, 0x0,

    /* U+006B "k" */
    0xff, 0xfd, 0x0, 0x0, 0x0, 0x0, 0x0, 0xff,
    0xfd, 0x0, 0x0, 0x0, 0x0, 0x0, 0xff, 0xfd,
    0x0, 0x0, 0x0, 0x0, 0x0, 0xff, 0xfd, 0x0,
    0x0, 0x0, 0x0, 0x0, 0xff, 0xfd, 0x0, 0x0,
    0x0, 0x0, 0x0, 0xff, 0xfd, 0x0, 0x0, 0x0,
    0x0, 0x0, 0xff, 0xfd, 0x0, 0x0, 0x7f, 0xff,
    0xa0, 0xff, 0xfd, 0x0, 0x4, 0xff, 0xfd, 0x0,
    0xff, 0xfd, 0x0, 0x1e, 0xff, 0xe2, 0x0, 0xff,
    0xfd, 0x0, 0xcf, 0xff, 0x40, 0x0, 0xff, 0xfd,
    0x9, 0xff, 0xf7, 0x0, 0x0, 0xff, 0xfd, 0x5f,
    0xff, 0xa0, 0x0, 0x0, 0xff, 0xfe, 0xff, 0xff,
    0x40, 0x0, 0x0, 0xff, 0xff, 0xff, 0xff, 0xd0,
    0x0, 0x0, 0xff, 0xff, 0xff, 0xff, 0xf8, 0x0,
    0x0, 0xff, 0xff, 0xf4, 0xbf, 0xff, 0x20, 0x0,
    0xff, 0xff, 0x60, 0x2f, 0xff, 0xc0, 0x0, 0xff,
    0xfd, 0x0, 0x9, 0xff, 0xf6, 0x0, 0xff, 0xfd,
    0x0, 0x1, 0xff, 0xfe, 0x10, 0xff, 0xfd, 0x0,
    0x0, 0x7f, 0xff, 0x90, 0xff, 0xfd, 0x0, 0x0,
    0xd, 0xff, 0xf3,

    /* U+006C "l" */
    0xff, 0xfe, 0x0, 0xff, 0xfe, 0x0, 0xff, 0xfe,
    0x0, 0xff, 0xfe, 0x0, 0xff, 0xfe, 0x0, 0xff,
    0xfe, 0x0, 0xff, 0xfe, 0x0, 0xff, 0xfe, 0x0,
    0xff, 0xfe, 0x0, 0xff, 0xfe, 0x0, 0xff, 0xfe,
    0x0, 0xff, 0xfe, 0x0, 0xff, 0xfe, 0x0, 0xff,
    0xfe, 0x0, 0xff, 0xfe, 0x0, 0xff, 0xfe, 0x0,
    0xff, 0xfe, 0x0, 0xef, 0xff, 0x30, 0xbf, 0xff,
    0xf4, 0x4f, 0xff, 0xf6, 0x6, 0xdf, 0xe7,

    /* U+006D "m" */
    0xff, 0xf3, 0x5, 0xcf, 0xfc, 0x50, 0x0, 0x7d,
    0xfe, 0xa2, 0x0, 0xff, 0xf6, 0x9f, 0xff, 0xff,
    0xf6, 0x1c, 0xff, 0xff, 0xfe, 0x10, 0xff, 0xff,
    0xff, 0xff, 0xff, 0xff, 0xef, 0xff, 0xff, 0xff,
    0x80, 0xff, 0xff, 0xfa, 0x57, 0xff, 0xff, 0xfe,
    0x75, 0xaf, 0xff, 0xe0, 0xff, 0xff, 0x50, 0x0,
    0x9f, 0xff, 0xd1, 0x0, 0xe, 0xff, 0xf0, 0xff,
    0xfe, 0x0, 0x0, 0x5f, 0xff, 0x80, 0x0, 0xb,
    0xff, 0xf2, 0xff, 0xfe, 0x0, 0x0, 0x5f, 0xff,
    0x80, 0x0, 0xa, 0xff, 0xf2, 0xff, 0xfe, 0x0,
    0x0, 0x5f, 0xff, 0x80, 0x0, 0xa, 0xff, 0xf2,
    0xff, 0xfe, 0x0, 0x0, 0x5f, 0xff, 0x80, 0x0,
    0xa, 0xff, 0xf2, 0xff, 0xfe, 0x0, 0x0, 0x5f,
    0xff, 0x80, 0x0, 0xa, 0xff, 0xf2, 0xff, 0xfe,
    0x0, 0x0, 0x5f, 0xff, 0x80, 0x0, 0xa, 0xff,
    0xf2, 0xff, 0xfe, 0x0, 0x0, 0x5f, 0xff, 0x80,
    0x0, 0xa, 0xff, 0xf2, 0xff, 0xfe, 0x0, 0x0,
    0x5f, 0xff, 0x80, 0x0, 0xa, 0xff, 0xf2, 0xff,
    0xfe, 0x0, 0x0, 0x5f, 0xff, 0x80, 0x0, 0xa,
    0xff, 0xf2, 0xff, 0xfe, 0x0, 0x0, 0x5f, 0xff,
    0x80, 0x0, 0xa, 0xff, 0xf2,

    /* U+006E "n" */
    0xff, 0xf3, 0x4, 0xbf, 0xfd, 0x70, 0xf, 0xff,
    0x69, 0xff, 0xff, 0xff, 0xa0, 0xff, 0xff, 0xff,
    0xff, 0xff, 0xff, 0x3f, 0xff, 0xff, 0xa5, 0x6e,
    0xff, 0xf8, 0xff, 0xff, 0x50, 0x0, 0x4f, 0xff,
    0xaf, 0xff, 0xe0, 0x0, 0x1, 0xff, 0xfc, 0xff,
    0xfe, 0x0, 0x0, 0xf, 0xff, 0xcf, 0xff, 0xe0,
    0x0, 0x0, 0xff, 0xfc, 0xff, 0xfe, 0x0, 0x0,
    0xf, 0xff, 0xcf, 0xff, 0xe0, 0x0, 0x0, 0xff,
    0xfc, 0xff, 0xfe, 0x0, 0x0, 0xf, 0xff, 0xcf,
    0xff, 0xe0, 0x0, 0x0, 0xff, 0xfc, 0xff, 0xfe,
    0x0, 0x0, 0xf, 0xff, 0xcf, 0xff, 0xe0, 0x0,
    0x0, 0xff, 0xfc, 0xff, 0xfe, 0x0, 0x0, 0xf,
    0xff, 0xc0,

    /* U+006F "o" */
    0x0, 0x0, 0x7c, 0xff, 0xd9, 0x20, 0x0, 0x0,
    0x3, 0xef, 0xff, 0xff, 0xff, 0x70, 0x0, 0x3,
    0xff, 0xff, 0xff, 0xff, 0xff, 0x70, 0x0, 0xdf,
    0xff, 0xa3, 0x28, 0xff, 0xff, 0x20, 0x5f, 0xff,
    0xc0, 0x0, 0x7, 0xff, 0xf9, 0xa, 0xff, 0xf5,
    0x0, 0x0, 0x1f, 0xff, 0xe0, 0xcf, 0xff, 0x20,
    0x0, 0x0, 0xdf, 0xff, 0x1d, 0xff, 0xf1, 0x0,
    0x0, 0xc, 0xff, 0xf1, 0xcf, 0xff, 0x20, 0x0,
    0x0, 0xdf, 0xff, 0x1a, 0xff, 0xf5, 0x0, 0x0,
    0x1f, 0xff, 0xe0, 0x5f, 0xff, 0xc0, 0x0, 0x7,
    0xff, 0xf9, 0x0, 0xdf, 0xff, 0xa3, 0x27, 0xff,
    0xff, 0x20, 0x3, 0xff, 0xff, 0xff, 0xff, 0xff,
    0x70, 0x0, 0x3, 0xef, 0xff, 0xff, 0xff, 0x70,
    0x0, 0x0, 0x0, 0x7c, 0xff, 0xd9, 0x20, 0x0,
    0x0,

    /* U+0070 "p" */
    0xff, 0xf4, 0x7, 0xdf, 0xfc, 0x50, 0x0, 0xff,
    0xfa, 0xef, 0xff, 0xff, 0xf8, 0x0, 0xff, 0xff,
    0xff, 0xff, 0xff, 0xff, 0x50, 0xff, 0xff, 0xe7,
    0x24, 0xbf, 0xff, 0xd0, 0xff, 0xff, 0x20, 0x0,
    0xe, 0xff, 0xf3, 0xff, 0xfe, 0x0, 0x0, 0x9,
    0xff, 0xf6, 0xff, 0xfe, 0x0, 0x0, 0x6, 0xff,
    0xf8, 0xff, 0xfe, 0x0, 0x0, 0x6, 0xff, 0xf8,
    0xff, 0xfe, 0x0, 0x0, 0x7, 0xff, 0xf7, 0xff,
    0xfe, 0x0, 0x0, 0xa, 0xff, 0xf5, 0xff, 0xfe,
    0x0, 0x0, 0x2f, 0xff, 0xf1, 0xff, 0xff, 0xc5,
    0x25, 0xef, 0xff, 0xa0, 0xff, 0xff, 0xff, 0xff,
    0xff, 0xfe, 0x10, 0xff, 0xfe, 0xef, 0xff, 0xff,
    0xe3, 0x0, 0xff, 0xfc, 0x19, 0xef, 0xd8, 0x10,
    0x0, 0xff, 0xfd, 0x0, 0x0, 0x0, 0x0, 0x0,
    0xff, 0xfe, 0x0, 0x0, 0x0, 0x0, 0x0, 0xff,
    0xfe, 0x0, 0x0, 0x0, 0x0, 0x0, 0xff, 0xfe,
    0x0, 0x0, 0x0, 0x0, 0x0, 0xff, 0xfe, 0x0,
    0x0, 0x0, 0x0, 0x0, 0xff, 0xfe, 0x0, 0x0,
    0x0, 0x0, 0x0,

    /* U+0071 "q" */
    0x0, 0x2, 0xae, 0xfe, 0x91, 0x6f, 0xfb, 0x0,
    0x6f, 0xff, 0xff, 0xfe, 0xcf, 0xfb, 0x4, 0xff,
    0xff, 0xff, 0xff, 0xff, 0xfb, 0xd, 0xff, 0xfc,
    0x43, 0x6d, 0xff, 0xfb, 0x5f, 0xff, 0xd0, 0x0,
    0x2, 0xff, 0xfb, 0x9f, 0xff, 0x60, 0x0, 0x1,
    0xff, 0xfb, 0xbf, 0xff, 0x30, 0x0, 0x1, 0xff,
    0xfb, 0xcf, 0xff, 0x20, 0x0, 0x1, 0xff, 0xfb,
    0xbf, 0xff, 0x30, 0x0, 0x1, 0xff, 0xfb, 0x9f,
    0xff, 0x60, 0x0, 0x1, 0xff, 0xfb, 0x6f, 0xff,
    0xc0, 0x0, 0x4, 0xff, 0xfb, 0x1f, 0xff, 0xfb,
    0x33, 0x7f, 0xff, 0xfb, 0x8, 0xff, 0xff, 0xff,
    0xff, 0xff, 0xfb, 0x0, 0xaf, 0xff, 0xff, 0xfb,
    0xff, 0xfb, 0x0, 0x6, 0xcf, 0xfc, 0x50, 0xff,
    0xfb, 0x0, 0x0, 0x0, 0x0, 0x1, 0xff, 0xfb,
    0x0, 0x0, 0x0, 0x0, 0x1, 0xff, 0xfb, 0x0,
    0x0, 0x0, 0x0, 0x1, 0xff, 0xfb, 0x0, 0x0,
    0x0, 0x0, 0x1, 0xff, 0xfb, 0x0, 0x0, 0x0,
    0x0, 0x1, 0xff, 0xfb, 0x0, 0x0, 0x0, 0x0,
    0x1, 0xff, 0xfb,

    /* U+0072 "r" */
    0xff, 0xf3, 0x4, 0xcf, 0xf4, 0xff, 0xf5, 0x6f,
    0xff, 0xf1, 0xff, 0xfa, 0xff, 0xff, 0xe0, 0xff,
    0xff, 0xfe, 0x86, 0x60, 0xff, 0xff, 0xd1, 0x0,
    0x0, 0xff, 0xff, 0x30, 0x0, 0x0, 0xff, 0xfe,
    0x0, 0x0, 0x0, 0xff, 0xfe, 0x0, 0x0, 0x0,
    0xff, 0xfe, 0x0, 0x0, 0x0, 0xff, 0xfe, 0x0,
    0x0, 0x0, 0xff, 0xfe, 0x0, 0x0, 0x0, 0xff,
    0xfe, 0x0, 0x0, 0x0, 0xff, 0xfe, 0x0, 0x0,
    0x0, 0xff, 0xfe, 0x0, 0x0, 0x0, 0xff, 0xfe,
    0x0, 0x0, 0x0,

    /* U+0073 "s" */
    0x0, 0x2, 0x9d, 0xff, 0xd8, 0x10, 0x0, 0x5,
    0xff, 0xff, 0xff, 0xff, 0x60, 0x1, 0xff, 0xff,
    0xee, 0xff, 0xf5, 0x0, 0x6f, 0xff, 0x60, 0x2,
    0xa9, 0x0, 0x8, 0xff, 0xf2, 0x0, 0x0, 0x0,
    0x0, 0x5f, 0xff, 0xd5, 0x0, 0x0, 0x0, 0x0,
    0xbf, 0xff, 0xfe, 0x92, 0x0, 0x0, 0x0, 0x9f,
    0xff, 0xff, 0xf7, 0x0, 0x0, 0x0, 0x28, 0xef,
    0xff, 0xf7, 0x0, 0x0, 0x0, 0x0, 0x6f, 0xff,
    0xe0, 0x0, 0x20, 0x0, 0x0, 0xaf, 0xff, 0x0,
    0x4f, 0xb3, 0x0, 0x1d, 0xff, 0xe0, 0x1e, 0xff,
    0xff, 0xef, 0xff, 0xf7, 0x0, 0x8f, 0xff, 0xff,
    0xff, 0xfb, 0x0, 0x0, 0x18, 0xcf, 0xfe, 0xb5,
    0x0, 0x0,

    /* U+0074 "t" */
    0x0, 0xc, 0xff, 0x60, 0x0, 0x0, 0x0, 0xef,
    0xf6, 0x0, 0x0, 0x0, 0xf, 0xff, 0x60, 0x0,
    0x0, 0x2, 0xff, 0xf6, 0x0, 0x0, 0x6e, 0xff,
    0xff, 0xff, 0xff, 0x7, 0xff, 0xff, 0xff, 0xff,
    0xf0, 0x7f, 0xff, 0xff, 0xff, 0xff, 0x0, 0x6,
    0xff, 0xf6, 0x0, 0x0, 0x0, 0x6f, 0xff, 0x60,
    0x0, 0x0, 0x6, 0xff, 0xf6, 0x0, 0x0, 0x0,
    0x6f, 0xff, 0x60, 0x0, 0x0, 0x6, 0xff, 0xf6,
    0x0, 0x0, 0x0, 0x6f, 0xff, 0x60, 0x0, 0x0,
    0x6, 0xff, 0xf6, 0x0, 0x0, 0x0, 0x5f, 0xff,
    0x80, 0x0, 0x0, 0x3, 0xff, 0xfe, 0x30, 0x30,
    0x0, 0xd, 0xff, 0xff, 0xff, 0x0, 0x0, 0x4f,
    0xff, 0xff, 0xf4, 0x0, 0x0, 0x3b, 0xef, 0xeb,
    0x30,

    /* U+0075 "u" */
    0x1f, 0xff, 0xb0, 0x0, 0x4, 0xff, 0xf8, 0x1f,
    0xff, 0xb0, 0x0, 0x4, 0xff, 0xf8, 0x1f, 0xff,
    0xb0, 0x0, 0x4, 0xff, 0xf8, 0x1f, 0xff, 0xb0,
    0x0, 0x4, 0xff, 0xf8, 0x1f, 0xff, 0xb0, 0x0,
    0x4, 0xff, 0xf8, 0x1f, 0xff, 0xb0, 0x0, 0x4,
    0xff, 0xf8, 0x1f, 0xff, 0xb0, 0x0, 0x4, 0xff,
    0xf8, 0x1f, 0xff, 0xb0, 0x0, 0x4, 0xff, 0xf8,
    0x1f, 0xff, 0xb0, 0x0, 0x4, 0xff, 0xf8, 0x1f,
    0xff, 0xb0, 0x0, 0x4, 0xff, 0xf8, 0xf, 0xff,
    0xe0, 0x0, 0xc, 0xff, 0xf8, 0xd, 0xff, 0xfb,
    0x56, 0xdf, 0xff, 0xf8, 0x8, 0xff, 0xff, 0xff,
    0xff, 0xff, 0xf8, 0x1, 0xef, 0xff, 0xff, 0xe3,
    0xcf, 0xf8, 0x0, 0x2a, 0xef, 0xe9, 0x10, 0xaf,
    0xf8,

    /* U+0076 "v" */
    0x7f, 0xff, 0x50, 0x0, 0x0, 0x3f, 0xff, 0x72,
    0xff, 0xfa, 0x0, 0x0, 0x7, 0xff, 0xf1, 0xd,
    0xff, 0xe0, 0x0, 0x0, 0xcf, 0xfc, 0x0, 0x7f,
    0xff, 0x30, 0x0, 0x1f, 0xff, 0x70, 0x2, 0xff,
    0xf7, 0x0, 0x5, 0xff, 0xf2, 0x0, 0xd, 0xff,
    0xc0, 0x0, 0x9f, 0xfd, 0x0, 0x0, 0x7f, 0xff,
    0x0, 0xe, 0xff, 0x80, 0x0, 0x2, 0xff, 0xf5,
    0x2, 0xff, 0xf2, 0x0, 0x0, 0xd, 0xff, 0x90,
    0x7f, 0xfd, 0x0, 0x0, 0x0, 0x7f, 0xfd, 0xb,
    0xff, 0x80, 0x0, 0x0, 0x2, 0xff, 0xf2, 0xff,
    0xf3, 0x0, 0x0, 0x0, 0xd, 0xff, 0x9f, 0xfe,
    0x0, 0x0, 0x0, 0x0, 0x8f, 0xff, 0xff, 0x80,
    0x0, 0x0, 0x0, 0x2, 0xff, 0xff, 0xf3, 0x0,
    0x0, 0x0, 0x0, 0xd, 0xff, 0xfe, 0x0, 0x0,
    0x0,

    /* U+0077 "w" */
    0x2f, 0xff, 0xa0, 0x0, 0x7, 0xff, 0xf2, 0x0,
    0x0, 0xff, 0xf9, 0xe, 0xff, 0xd0, 0x0, 0xb,
    0xff, 0xf5, 0x0, 0x2, 0xff, 0xf5, 0xa, 0xff,
    0xf1, 0x0, 0xf, 0xff, 0xf9, 0x0, 0x6, 0xff,
    0xf1, 0x6, 0xff, 0xf4, 0x0, 0x3f, 0xff, 0xfd,
    0x0, 0x9, 0xff, 0xd0, 0x2, 0xff, 0xf8, 0x0,
    0x7f, 0xfb, 0xff, 0x10, 0xc, 0xff, 0xa0, 0x0,
    0xef, 0xfb, 0x0, 0xbf, 0xe7, 0xff, 0x50, 0xf,
    0xff, 0x60, 0x0, 0xaf, 0xff, 0x0, 0xef, 0xb4,
    0xff, 0x90, 0x3f, 0xff, 0x20, 0x0, 0x6f, 0xff,
    0x22, 0xff, 0x81, 0xff, 0xd0, 0x6f, 0xfe, 0x0,
    0x0, 0x2f, 0xff, 0x46, 0xff, 0x50, 0xef, 0xf1,
    0x9f, 0xfa, 0x0, 0x0, 0xe, 0xff, 0x79, 0xff,
    0x10, 0xaf, 0xf4, 0xcf, 0xf7, 0x0, 0x0, 0xa,
    0xff, 0x9c, 0xfd, 0x0, 0x6f, 0xf7, 0xef, 0xf3,
    0x0, 0x0, 0x6, 0xff, 0xdf, 0xfa, 0x0, 0x3f,
    0xfc, 0xff, 0xf0, 0x0, 0x0, 0x2, 0xff, 0xff,
    0xf6, 0x0, 0xf, 0xff, 0xff, 0xb0, 0x0, 0x0,
    0x0, 0xef, 0xff, 0xf2, 0x0, 0xb, 0xff, 0xff,
    0x70, 0x0, 0x0, 0x0, 0xaf, 0xff, 0xf0, 0x0,
    0x7, 0xff, 0xff, 0x30, 0x0,

    /* U+0078 "x" */
    0x1e, 0xff, 0xf1, 0x0, 0x4, 0xff, 0xfa, 0x0,
    0x6f, 0xff, 0xa0, 0x0, 0xbf, 0xff, 0x10, 0x0,
    0xcf, 0xff, 0x20, 0x2f, 0xff, 0x80, 0x0, 0x3,
    0xff, 0xfb, 0x9, 0xff, 0xe0, 0x0, 0x0, 0xa,
    0xff, 0xf4, 0xff, 0xf6, 0x0, 0x0, 0x0, 0x1f,
    0xff, 0xff, 0xfd, 0x0, 0x0, 0x0, 0x0, 0x7f,
    0xff, 0xff, 0x40, 0x0, 0x0, 0x0, 0x3, 0xff,
    0xff, 0xc0, 0x0, 0x0, 0x0, 0x0, 0xcf, 0xff,
    0xff, 0x30, 0x0, 0x0, 0x0, 0x5f, 0xff, 0xff,
    0xfc, 0x0, 0x0, 0x0, 0xe, 0xff, 0x87, 0xff,
    0xf6, 0x0, 0x0, 0x8, 0xff, 0xf1, 0xe, 0xff,
    0xf1, 0x0, 0x2, 0xff, 0xf9, 0x0, 0x6f, 0xff,
    0xa0, 0x0, 0xbf, 0xff, 0x20, 0x0, 0xcf, 0xff,
    0x40, 0x4f, 0xff, 0xa0, 0x0, 0x3, 0xff, 0xfd,
    0x0,

    /* U+0079 "y" */
    0x7f, 0xff, 0x60, 0x0, 0x0, 0x3f, 0xff, 0x61,
    0xff, 0xfb, 0x0, 0x0, 0x8, 0xff, 0xf1, 0xa,
    0xff, 0xf1, 0x0, 0x0, 0xcf, 0xfc, 0x0, 0x4f,
    0xff, 0x60, 0x0, 0x1f, 0xff, 0x60, 0x0, 0xef,
    0xfb, 0x0, 0x5, 0xff, 0xf1, 0x0, 0x8, 0xff,
    0xf0, 0x0, 0xaf, 0xfc, 0x0, 0x0, 0x2f, 0xff,
    0x50, 0xe, 0xff, 0x60, 0x0, 0x0, 0xcf, 0xfa,
    0x3, 0xff, 0xf1, 0x0, 0x0, 0x6, 0xff, 0xf0,
    0x7f, 0xfb, 0x0, 0x0, 0x0, 0xf, 0xff, 0x4b,
    0xff, 0x60, 0x0, 0x0, 0x0, 0x9f, 0xf8, 0xff,
    0xf1, 0x0, 0x0, 0x0, 0x3, 0xff, 0xff, 0xfb,
    0x0, 0x0, 0x0, 0x0, 0xd, 0xff, 0xff, 0x60,
    0x0, 0x0, 0x0, 0x0, 0x7f, 0xff, 0xf1, 0x0,
    0x0, 0x0, 0x0, 0x1, 0xff, 0xfb, 0x0, 0x0,
    0x0, 0x0, 0x0, 0x3f, 0xff, 0x60, 0x0, 0x0,
    0x0, 0x0, 0x9, 0xff, 0xf0, 0x0, 0x0, 0x0,
    0x1, 0x17, 0xff, 0xf8, 0x0, 0x0, 0x0, 0x2,
    0xff, 0xff, 0xfe, 0x0, 0x0, 0x0, 0x0, 0x6f,
    0xff, 0xfe, 0x30, 0x0, 0x0, 0x0, 0x7, 0xff,
    0xe9, 0x10, 0x0, 0x0, 0x0, 0x0,

    /* U+007A "z" */
    0x3f, 0xff, 0xff, 0xff, 0xff, 0xf5, 0x3f, 0xff,
    0xff, 0xff, 0xff, 0xf5, 0x3f, 0xff, 0xff, 0xff,
    0xff, 0xf1, 0x0, 0x0, 0x0, 0xbf, 0xff, 0x60,
    0x0, 0x0, 0x6, 0xff, 0xfb, 0x0, 0x0, 0x0,
    0x1e, 0xff, 0xf2, 0x0, 0x0, 0x0, 0xbf, 0xff,
    0x60, 0x0, 0x0, 0x5, 0xff, 0xfc, 0x0, 0x0,
    0x0, 0x1e, 0xff, 0xf2, 0x0, 0x0, 0x0, 0xaf,
    0xff, 0x70, 0x0, 0x0, 0x5, 0xff, 0xfc, 0x0,
    0x0, 0x0, 0x1e, 0xff, 0xf3, 0x0, 0x0, 0x0,
    0xaf, 0xff, 0xff, 0xff, 0xff, 0xf9, 0xff, 0xff,
    0xff, 0xff, 0xff, 0xf9, 0xff, 0xff, 0xff, 0xff,
    0xff, 0xf9,

    /* U+007B "{" */
    0x0, 0x0, 0x6d, 0xff, 0x90, 0x0, 0x4f, 0xff,
    0xf9, 0x0, 0xa, 0xff, 0xb1, 0x0, 0x0, 0xcf,
    0xf5, 0x0, 0x0, 0xc, 0xff, 0x40, 0x0, 0x0,
    0xcf, 0xf5, 0x0, 0x0, 0xb, 0xff, 0x50, 0x0,
    0x0, 0xaf, 0xf5, 0x0, 0x0, 0x9, 0xff, 0x60,
    0x0, 0x0, 0x9f, 0xf6, 0x0, 0x0, 0xc, 0xff,
    0x40, 0x0, 0x5b, 0xff, 0xe0, 0x0, 0xf, 0xff,
    0xc3, 0x0, 0x0, 0xff, 0xff, 0x80, 0x0, 0x0,
    0x5f, 0xff, 0x20, 0x0, 0x0, 0xaf, 0xf5, 0x0,
    0x0, 0x8, 0xff, 0x60, 0x0, 0x0, 0x9f, 0xf5,
    0x0, 0x0, 0xa, 0xff, 0x50, 0x0, 0x0, 0xbf,
    0xf5, 0x0, 0x0, 0xc, 0xff, 0x40, 0x0, 0x0,
    0xcf, 0xf5, 0x0, 0x0, 0xa, 0xff, 0xa0, 0x0,
    0x0, 0x5f, 0xff, 0xf9, 0x0, 0x0, 0x8e, 0xff,
    0x90, 0x0, 0x0, 0x0, 0x0,

    /* U+007C "|" */
    0x4a, 0xa1, 0x6f, 0xf1, 0x6f, 0xf1, 0x6f, 0xf1,
    0x6f, 0xf1, 0x6f, 0xf1, 0x6f, 0xf1, 0x6f, 0xf1,
    0x6f, 0xf1, 0x6f, 0xf1, 0x6f, 0xf1, 0x6f, 0xf1,
    0x6f, 0xf1, 0x6f, 0xf1, 0x6f, 0xf1, 0x6f, 0xf1,
    0x6f, 0xf1, 0x6f, 0xf1, 0x6f, 0xf1, 0x6f, 0xf1,
    0x6f, 0xf1, 0x6f, 0xf1, 0x6f, 0xf1, 0x6f, 0xf1,
    0x6f, 0xf1, 0x6f, 0xf1, 0x6f, 0xf1, 0x6f, 0xf1,
    0x6f, 0xf1, 0x6f, 0xf1,

    /* U+007D "}" */
    0xcf, 0xfc, 0x40, 0x0, 0xcf, 0xff, 0xf2, 0x0,
    0x2, 0xdf, 0xf7, 0x0, 0x0, 0x8f, 0xf9, 0x0,
    0x0, 0x7f, 0xf9, 0x0, 0x0, 0x8f, 0xf9, 0x0,
    0x0, 0x8f, 0xf8, 0x0, 0x0, 0x9f, 0xf7, 0x0,
    0x0, 0x9f, 0xf6, 0x0, 0x0, 0x9f, 0xf6, 0x0,
    0x0, 0x8f, 0xf9, 0x0, 0x0, 0x3f, 0xff, 0x95,
    0x0, 0x5, 0xef, 0xfe, 0x0, 0xa, 0xff, 0xfe,
    0x0, 0x5f, 0xfe, 0x40, 0x0, 0x8f, 0xf7, 0x0,
    0x0, 0x9f, 0xf6, 0x0, 0x0, 0x9f, 0xf6, 0x0,
    0x0, 0x8f, 0xf8, 0x0, 0x0, 0x8f, 0xf9, 0x0,
    0x0, 0x7f, 0xf9, 0x0, 0x0, 0x8f, 0xf9, 0x0,
    0x1, 0xdf, 0xf8, 0x0, 0xcf, 0xff, 0xf3, 0x0,
    0xcf, 0xfd, 0x60, 0x0, 0x0, 0x0, 0x0, 0x0,

    /* U+007E "~" */
    0x0, 0x19, 0xef, 0xb3, 0x0, 0x0, 0x20, 0x0,
    0x1d, 0xff, 0xff, 0xf8, 0x0, 0x5f, 0xa0, 0xc,
    0xff, 0xdc, 0xff, 0xfe, 0xdf, 0xff, 0x20, 0x6f,
    0x90, 0x3, 0xef, 0xff, 0xff, 0x50, 0x0, 0x20,
    0x0, 0x1, 0x9e, 0xfb, 0x30, 0x0,

    /* U+00A9 "©" */
    0x0, 0x0, 0x0, 0x15, 0x8a, 0xa8, 0x51, 0x0,
    0x0, 0x0, 0x0, 0x0, 0x19, 0xff, 0xff, 0xff,
    0xff, 0xa2, 0x0, 0x0, 0x0, 0x4, 0xef, 0xc6,
    0x20, 0x2, 0x6c, 0xff, 0x50, 0x0, 0x0, 0x4f,
    0xf5, 0x0, 0x0, 0x0, 0x0, 0x5f, 0xf5, 0x0,
    0x1, 0xef, 0x30, 0x0, 0x4, 0x53, 0x0, 0x3,
    0xff, 0x20, 0x9, 0xf7, 0x0, 0x8, 0xff, 0xff,
    0xd3, 0x0, 0x6f, 0xa0, 0xf, 0xe0, 0x0, 0xcf,
    0xff, 0xff, 0xfe, 0x0, 0xd, 0xf1, 0x5f, 0x90,
    0x8, 0xff, 0xc3, 0x2, 0xc4, 0x0, 0x7, 0xf6,
    0x8f, 0x50, 0xf, 0xfe, 0x10, 0x0, 0x0, 0x0,
    0x4, 0xf9, 0x9f, 0x30, 0x3f, 0xfa, 0x0, 0x0,
    0x0, 0x0, 0x2, 0xfa, 0x9f, 0x30, 0x3f, 0xf9,
    0x0, 0x0, 0x0, 0x0, 0x2, 0xfb, 0x8f, 0x40,
    0x2f, 0xfb, 0x0, 0x0, 0x0, 0x0, 0x3, 0xf9,
    0x6f, 0x70, 0xe, 0xff, 0x20, 0x0, 0x10, 0x0,
    0x6, 0xf7, 0x1f, 0xd0, 0x6, 0xff, 0xe7, 0x57,
    0xe9, 0x0, 0xb, 0xf3, 0xb, 0xf4, 0x0, 0x9f,
    0xff, 0xff, 0xfe, 0x10, 0x3f, 0xc0, 0x3, 0xfe,
    0x10, 0x4, 0xbe, 0xfe, 0x81, 0x1, 0xdf, 0x40,
    0x0, 0x8f, 0xd1, 0x0, 0x0, 0x0, 0x0, 0x1c,
    0xf9, 0x0, 0x0, 0x8, 0xff, 0x71, 0x0, 0x0,
    0x17, 0xef, 0x90, 0x0, 0x0, 0x0, 0x5e, 0xff,
    0xca, 0xac, 0xff, 0xe6, 0x0, 0x0, 0x0, 0x0,
    0x0, 0x5a, 0xef, 0xfe, 0xb6, 0x0, 0x0, 0x0,

    /* U+00AE "®" */
    0x0, 0x0, 0x0, 0x10, 0x0, 0x0, 0x0, 0x0,
    0x2a, 0xff, 0xfc, 0x40, 0x0, 0x0, 0x4f, 0xd6,
    0x45, 0xbf, 0x80, 0x0, 0x1f, 0xb0, 0x0, 0x0,
    0x6f, 0x50, 0x9, 0xe0, 0xaf, 0xff, 0x80, 0xae,
    0x0, 0xe9, 0xa, 0xe3, 0xbf, 0x24, 0xf3, 0x1f,
    0x60, 0xae, 0x9, 0xf2, 0x1f, 0x51, 0xf6, 0xa,
    0xff, 0xf8, 0x1, 0xf6, 0xf, 0x80, 0xae, 0x2e,
    0x90, 0x3f, 0x40, 0xad, 0xa, 0xe0, 0x8f, 0x19,
    0xf0, 0x3, 0xf8, 0x11, 0x0, 0x24, 0xf7, 0x0,
    0x6, 0xfa, 0x31, 0x27, 0xfb, 0x0, 0x0, 0x4,
    0xdf, 0xff, 0xe7, 0x0, 0x0, 0x0, 0x0, 0x24,
    0x30, 0x0, 0x0,

    /* U+00B0 "°" */
    0x1, 0x9e, 0xfd, 0x50, 0x1, 0xef, 0xff, 0xff,
    0x70, 0x9f, 0xc1, 0x5, 0xff, 0x1d, 0xf4, 0x0,
    0xc, 0xf5, 0xdf, 0x40, 0x0, 0xcf, 0x59, 0xfc,
    0x10, 0x5f, 0xf1, 0x1d, 0xff, 0xef, 0xf7, 0x0,
    0x19, 0xef, 0xd5, 0x0,

    /* U+00B7 "·" */
    0x0, 0x4a, 0xa4, 0x0, 0x7, 0xff, 0xff, 0x70,
    0x1f, 0xff, 0xff, 0xf1, 0x4f, 0xff, 0xff, 0xf4,
    0x3f, 0xff, 0xff, 0xf3, 0xb, 0xff, 0xff, 0xb0,
    0x1, 0x9f, 0xfa, 0x10,

    /* U+00D7 "×" */
    0x0, 0x40, 0x0, 0x0, 0x0, 0x0, 0x0, 0x4,
    0x0, 0xa, 0xf6, 0x0, 0x0, 0x0, 0x0, 0x0,
    0x5f, 0xb0, 0x4f, 0xff, 0x60, 0x0, 0x0, 0x0,
    0x5, 0xff, 0xf4, 0x6, 0xff, 0xf6, 0x0, 0x0,
    0x0, 0x5f, 0xff, 0x60, 0x0, 0x6f, 0xff, 0x50,
    0x0, 0x5, 0xff, 0xf6, 0x0, 0x0, 0x6, 0xff,
    0xf5, 0x0, 0x4f, 0xff, 0x60, 0x0, 0x0, 0x0,
    0x6f, 0xff, 0x54, 0xff, 0xf7, 0x0, 0x0, 0x0,
    0x0, 0x6, 0xff, 0xff, 0xff, 0x70, 0x0, 0x0,
    0x0, 0x0, 0x0, 0x6f, 0xff, 0xf7, 0x0, 0x0,
    0x0, 0x0, 0x0, 0x0, 0x4f, 0xff, 0xf5, 0x0,
    0x0, 0x0, 0x0, 0x0, 0x4, 0xff, 0xff, 0xff,
    0x50, 0x0, 0x0, 0x0, 0x0, 0x4f, 0xff, 0x76,
    0xff, 0xf5, 0x0, 0x0, 0x0, 0x4, 0xff, 0xf7,
    0x0, 0x6f, 0xff, 0x50, 0x0, 0x0, 0x4f, 0xff,
    0x80, 0x0, 0x7, 0xff, 0xf5, 0x0, 0x4, 0xff,
    0xf8, 0x0, 0x0, 0x0, 0x7f, 0xff, 0x50, 0x3f,
    0xff, 0x80, 0x0, 0x0, 0x0, 0x7, 0xff, 0xf4,
    0xc, 0xf8, 0x0, 0x0, 0x0, 0x0, 0x0, 0x7f,
    0xc1, 0x0, 0x60, 0x0, 0x0, 0x0, 0x0, 0x0,
    0x6, 0x10,

    /* U+2013 "–" */
    0x57, 0x77, 0x77, 0x77, 0x77, 0x76, 0xbf, 0xff,
    0xff, 0xff, 0xff, 0xfe, 0xbf, 0xff, 0xff, 0xff,
    0xff, 0xfe,

    /* U+2014 "—" */
    0x57, 0x77, 0x77, 0x77, 0x77, 0x77, 0x77, 0x77,
    0x77, 0x77, 0x72, 0xbf, 0xff, 0xff, 0xff, 0xff,
    0xff, 0xff, 0xff, 0xff, 0xff, 0xf5, 0xbf, 0xff,
    0xff, 0xff, 0xff, 0xff, 0xff, 0xff, 0xff, 0xff,
    0xf5,

    /* U+2018 "‘" */
    0x0, 0x0, 0x0, 0x0, 0x9, 0xa0, 0x0, 0xcf,
    0xa0, 0x8, 0xf8, 0x0, 0xf, 0xe0, 0x0, 0x3f,
    0xfc, 0x50, 0x3f, 0xff, 0xf0, 0xe, 0xff, 0xf0,
    0x4, 0xef, 0x60,

    /* U+2019 "’" */
    0x4, 0xcb, 0x30, 0xe, 0xff, 0xe0, 0xf, 0xff,
    0xf3, 0x7, 0xff, 0xf3, 0x0, 0xd, 0xf0, 0x0,
    0x6f, 0xa0, 0x7, 0xfe, 0x10, 0xc, 0xc1, 0x0,
    0x1, 0x0, 0x0,

    /* U+201A "‚" */
    0x1, 0x20, 0x4, 0xff, 0xd1, 0xbf, 0xff, 0x8b,
    0xff, 0xfc, 0x3d, 0xff, 0xc0, 0x7, 0xfb, 0x0,
    0xbf, 0x70, 0x6f, 0xf1, 0x8f, 0xf5, 0x8, 0xf5,
    0x0, 0x11, 0x0, 0x0,

    /* U+201C "“" */
    0x0, 0x0, 0x0, 0x0, 0x0, 0x0, 0x0, 0xaa,
    0x0, 0x7, 0xd0, 0x0, 0xcf, 0x90, 0x8, 0xfc,
    0x10, 0x9f, 0x80, 0x4, 0xfc, 0x0, 0xf, 0xe0,
    0x0, 0xbf, 0x20, 0x3, 0xfe, 0xc5, 0xe, 0xfd,
    0x80, 0x3f, 0xff, 0xf0, 0xff, 0xff, 0x30, 0xff,
    0xff, 0xb, 0xff, 0xf4, 0x4, 0xee, 0x60, 0x2c,
    0xfa, 0x0,

    /* U+201D "”" */
    0x7, 0xda, 0x10, 0x4c, 0xc3, 0x3, 0xff, 0xfa,
    0xe, 0xff, 0xe0, 0x4f, 0xff, 0xe0, 0xff, 0xff,
    0x30, 0xaf, 0xff, 0x6, 0xff, 0xf3, 0x0, 0x1f,
    0xc0, 0x0, 0xdf, 0x10, 0xa, 0xf6, 0x0, 0x6f,
    0xa0, 0x1a, 0xfb, 0x0, 0x6f, 0xe1, 0x1, 0xf9,
    0x0, 0xb, 0xc2, 0x0, 0x1, 0x0, 0x0, 0x10,
    0x0, 0x0,

    /* U+201E "„" */
    0x1, 0x20, 0x0, 0x0, 0x21, 0x0, 0x4f, 0xfd,
    0x10, 0xb, 0xff, 0x70, 0xbf, 0xff, 0x80, 0x3f,
    0xff, 0xf1, 0xbf, 0xff, 0xc0, 0x3f, 0xff, 0xf4,
    0x3d, 0xff, 0xc0, 0x8, 0xff, 0xf4, 0x0, 0x7f,
    0xb0, 0x0, 0xf, 0xf3, 0x0, 0xbf, 0x70, 0x0,
    0x3f, 0xf0, 0x6, 0xff, 0x10, 0x1, 0xdf, 0x80,
    0x8f, 0xf5, 0x0, 0x3d, 0xfc, 0x0, 0x8f, 0x50,
    0x0, 0x1f, 0xb1, 0x0, 0x11, 0x0, 0x0, 0x2,
    0x0, 0x0,

    /* U+2022 "•" */
    0x0, 0x4a, 0xa4, 0x0, 0x7, 0xff, 0xff, 0x70,
    0x1f, 0xff, 0xff, 0xf1, 0x4f, 0xff, 0xff, 0xf4,
    0x3f, 0xff, 0xff, 0xf3, 0xb, 0xff, 0xff, 0xb0,
    0x1, 0x9f, 0xfa, 0x10,

    /* U+2026 "…" */
    0x1, 0x30, 0x0, 0x0, 0x0, 0x22, 0x0, 0x0,
    0x0, 0x3, 0x10, 0x3f, 0xfd, 0x10, 0x0, 0x8,
    0xff, 0x90, 0x0, 0x1, 0xdf, 0xf4, 0xbf, 0xff,
    0x60, 0x0, 0x1f, 0xff, 0xf1, 0x0, 0x6, 0xff,
    0xfb, 0xaf, 0xff, 0x50, 0x0, 0xf, 0xff, 0xf0,
    0x0, 0x5, 0xff, 0xfa, 0x1c, 0xf9, 0x0, 0x0,
    0x5, 0xee, 0x50, 0x0, 0x0, 0x9f, 0xc2,

    /* U+2032 "′" */
    0x5, 0x55, 0x41, 0xff, 0xfa, 0x2f, 0xff, 0x73,
    0xff, 0xf5, 0x4f, 0xff, 0x15, 0xff, 0xd0, 0x6f,
    0xf9, 0x7, 0xff, 0x40, 0x8f, 0xf0, 0x0,

    /* U+2033 "″" */
    0x5, 0x55, 0x40, 0x3, 0x55, 0x51, 0x1f, 0xff,
    0xa0, 0x9, 0xff, 0xf2, 0x2f, 0xff, 0x70, 0xa,
    0xff, 0xf0, 0x3f, 0xff, 0x50, 0xb, 0xff, 0xc0,
    0x4f, 0xff, 0x10, 0xc, 0xff, 0x90, 0x5f, 0xfd,
    0x0, 0xd, 0xff, 0x50, 0x6f, 0xf9, 0x0, 0xe,
    0xff, 0x10, 0x7f, 0xf4, 0x0, 0xf, 0xfc, 0x0,
    0x8f, 0xf0, 0x0, 0xf, 0xf8, 0x0,

    /* U+20AC "€" */
    0x0, 0x0, 0x0, 0x29, 0xdf, 0xfd, 0x70, 0x0,
    0x0, 0x0, 0x7, 0xff, 0xff, 0xff, 0xfd, 0x20,
    0x0, 0x0, 0x8f, 0xff, 0xff, 0xff, 0xff, 0x70,
    0x0, 0x3, 0xff, 0xff, 0x60, 0x5, 0xd6, 0x0,
    0x0, 0xc, 0xff, 0xf4, 0x0, 0x0, 0x0, 0x0,
    0x0, 0x2f, 0xff, 0xb0, 0x0, 0x0, 0x0, 0x0,
    0x4e, 0xff, 0xff, 0xff, 0xff, 0xff, 0xf0, 0x0,
    0x6f, 0xff, 0xff, 0xff, 0xff, 0xff, 0xf0, 0x0,
    0x0, 0xbf, 0xff, 0x20, 0x0, 0x0, 0x0, 0x0,
    0x0, 0xcf, 0xff, 0x10, 0x0, 0x0, 0x0, 0x0,
    0x5e, 0xff, 0xff, 0xee, 0xee, 0xeb, 0x0, 0x0,
    0x6f, 0xff, 0xff, 0xff, 0xff, 0xfc, 0x0, 0x0,
    0x0, 0x7f, 0xff, 0x70, 0x0, 0x0, 0x0, 0x0,
    0x0, 0x3f, 0xff, 0xc0, 0x0, 0x0, 0x0, 0x0,
    0x0, 0xd, 0xff, 0xf4, 0x0, 0x0, 0x44, 0x0,
    0x0, 0x5, 0xff, 0xff, 0x60, 0x6, 0xff, 0x50,
    0x0, 0x0, 0xaf, 0xff, 0xff, 0xff, 0xff, 0xd0,
    0x0, 0x0, 0x9, 0xff, 0xff, 0xff, 0xfc, 0x10,
    0x0, 0x0, 0x0, 0x3a, 0xef, 0xfc, 0x60, 0x0,

    /* U+2122 "™" */
    0xdf, 0xff, 0xff, 0xff, 0xe, 0xff, 0x30, 0x2,
    0xff, 0xf0, 0xef, 0xff, 0xff, 0xff, 0xe, 0xff,
    0x90, 0x8, 0xff, 0xf0, 0x55, 0x8f, 0xf8, 0x55,
    0xe, 0xff, 0xf1, 0xe, 0xff, 0xf0, 0x0, 0x3f,
    0xf5, 0x0, 0xe, 0xfa, 0xf6, 0x4f, 0xaf, 0xf0,
    0x0, 0x3f, 0xf5, 0x0, 0xe, 0xf6, 0xfc, 0xaf,
    0x6f, 0xf0, 0x0, 0x3f, 0xf5, 0x0, 0xe, 0xf5,
    0xcf, 0xfd, 0x4f, 0xf0, 0x0, 0x3f, 0xf5, 0x0,
    0xe, 0xf6, 0x6f, 0xf7, 0x5f, 0xf0, 0x0, 0x3f,
    0xf5, 0x0, 0xe, 0xf6, 0x1e, 0xe2, 0x5f, 0xf0,
    0x0, 0x3f, 0xf5, 0x0, 0xe, 0xf6, 0x0, 0x0,
    0x5f, 0xf0, 0x0, 0x4, 0x41, 0x0, 0x3, 0x41,
    0x0, 0x0, 0x14, 0x40,

    /* U+2190 "←" */
    0x0, 0x0, 0x0, 0x9, 0x70, 0x0, 0x0, 0x0,
    0x0, 0x0, 0x0, 0x0, 0x0, 0x0, 0x0, 0x8,
    0xff, 0xb0, 0x0, 0x0, 0x0, 0x0, 0x0, 0x0,
    0x0, 0x0, 0x0, 0x7, 0xff, 0xf3, 0x0, 0x0,
    0x0, 0x0, 0x0, 0x0, 0x0, 0x0, 0x0, 0x8,
    0xff, 0xf4, 0x0, 0x0, 0x0, 0x0, 0x0, 0x0,
    0x0, 0x0, 0x0, 0xa, 0xff, 0xe4, 0x0, 0x0,
    0x0, 0x0, 0x0, 0x0, 0x0, 0x0, 0x0, 0x2d,
    0xff, 0xff, 0xff, 0xff, 0xff, 0xff, 0xff, 0xff,
    0xff, 0xff, 0xff, 0xa, 0xff, 0xff, 0xff, 0xff,
    0xff, 0xff, 0xff, 0xff, 0xff, 0xff, 0xff, 0xf0,
    0x6, 0xff, 0xfe, 0x99, 0x99, 0x99, 0x99, 0x99,
    0x99, 0x99, 0x99, 0x99, 0x0, 0x3, 0xef, 0xfa,
    0x0, 0x0, 0x0, 0x0, 0x0, 0x0, 0x0, 0x0,
    0x0, 0x0, 0x2, 0xef, 0xfa, 0x0, 0x0, 0x0,
    0x0, 0x0, 0x0, 0x0, 0x0, 0x0, 0x0, 0x2,
    0xef, 0xf8, 0x0, 0x0, 0x0, 0x0, 0x0, 0x0,
    0x0, 0x0, 0x0, 0x0, 0x2, 0xff, 0x70, 0x0,
    0x0, 0x0, 0x0, 0x0, 0x0, 0x0, 0x0, 0x0,
    0x0, 0x3, 0x10, 0x0, 0x0, 0x0, 0x0, 0x0,
    0x0, 0x0, 0x0,

    /* U+2191 "↑" */
    0x0, 0x0, 0x0, 0x0, 0x0, 0x0, 0x0, 0x0,
    0x0, 0x29, 0x0, 0x0, 0x0, 0x0, 0x0, 0xd,
    0xf5, 0x0, 0x0, 0x0, 0x0, 0xa, 0xff, 0xf2,
    0x0, 0x0, 0x0, 0x8, 0xff, 0xff, 0xe1, 0x0,
    0x0, 0x7, 0xff, 0xff, 0xff, 0xd1, 0x0, 0x8,
    0xff, 0xff, 0xff, 0xff, 0xd2, 0xa, 0xff, 0xf5,
    0xff, 0x9b, 0xff, 0xe2, 0x8f, 0xf4, 0x1f, 0xf8,
    0xb, 0xfe, 0x1, 0xc3, 0x1, 0xff, 0x80, 0x9,
    0x60, 0x0, 0x0, 0x1f, 0xf8, 0x0, 0x0, 0x0,
    0x0, 0x1, 0xff, 0x80, 0x0, 0x0, 0x0, 0x0,
    0x1f, 0xf8, 0x0, 0x0, 0x0, 0x0, 0x1, 0xff,
    0x80, 0x0, 0x0, 0x0, 0x0, 0x1f, 0xf8, 0x0,
    0x0, 0x0, 0x0, 0x1, 0xff, 0x80, 0x0, 0x0,
    0x0, 0x0, 0x1f, 0xf8, 0x0, 0x0, 0x0, 0x0,
    0x1, 0xff, 0x80, 0x0, 0x0, 0x0, 0x0, 0x1f,
    0xf8, 0x0, 0x0, 0x0, 0x0, 0x1, 0xff, 0x80,
    0x0, 0x0, 0x0, 0x0, 0x1f, 0xf8, 0x0, 0x0,
    0x0, 0x0, 0x1, 0xff, 0x80, 0x0, 0x0, 0x0,
    0x0, 0x1f, 0xf8, 0x0, 0x0, 0x0, 0x0, 0x1,
    0xff, 0x80, 0x0, 0x0, 0x0, 0x0, 0x1f, 0xf8,
    0x0, 0x0, 0x0,

    /* U+2192 "→" */
    0x0, 0x0, 0x0, 0x0, 0x0, 0x0, 0x0, 0x0,
    0x79, 0x0, 0x0, 0x0, 0x0, 0x0, 0x0, 0x0,
    0x0, 0x0, 0x0, 0x0, 0xbf, 0xf8, 0x0, 0x0,
    0x0, 0x0, 0x0, 0x0, 0x0, 0x0, 0x0, 0x0,
    0x3, 0xff, 0xf7, 0x0, 0x0, 0x0, 0x0, 0x0,
    0x0, 0x0, 0x0, 0x0, 0x0, 0x4, 0xff, 0xf8,
    0x0, 0x0, 0x0, 0x0, 0x0, 0x0, 0x0, 0x0,
    0x0, 0x0, 0x4, 0xef, 0xfa, 0x0, 0xf, 0xff,
    0xff, 0xff, 0xff, 0xff, 0xff, 0xff, 0xff, 0xff,
    0xff, 0xfd, 0x20, 0xff, 0xff, 0xff, 0xff, 0xff,
    0xff, 0xff, 0xff, 0xff, 0xff, 0xff, 0xfa, 0x9,
    0x99, 0x99, 0x99, 0x99, 0x99, 0x99, 0x99, 0x99,
    0x9e, 0xff, 0xf6, 0x0, 0x0, 0x0, 0x0, 0x0,
    0x0, 0x0, 0x0, 0x0, 0xa, 0xff, 0xe3, 0x0,
    0x0, 0x0, 0x0, 0x0, 0x0, 0x0, 0x0, 0x0,
    0xa, 0xff, 0xe2, 0x0, 0x0, 0x0, 0x0, 0x0,
    0x0, 0x0, 0x0, 0x0, 0x8, 0xff, 0xe2, 0x0,
    0x0, 0x0, 0x0, 0x0, 0x0, 0x0, 0x0, 0x0,
    0x0, 0x7f, 0xf2, 0x0, 0x0, 0x0, 0x0, 0x0,
    0x0, 0x0, 0x0, 0x0, 0x0, 0x0, 0x13, 0x0,
    0x0, 0x0, 0x0,

    /* U+2193 "↓" */
    0x0, 0x0, 0x1d, 0xd7, 0x0, 0x0, 0x0, 0x0,
    0x1, 0xff, 0x80, 0x0, 0x0, 0x0, 0x0, 0x1f,
    0xf8, 0x0, 0x0, 0x0, 0x0, 0x1, 0xff, 0x80,
    0x0, 0x0, 0x0, 0x0, 0x1f, 0xf8, 0x0, 0x0,
    0x0, 0x0, 0x1, 0xff, 0x80, 0x0, 0x0, 0x0,
    0x0, 0x1f, 0xf8, 0x0, 0x0, 0x0, 0x0, 0x1,
    0xff, 0x80, 0x0, 0x0, 0x0, 0x0, 0x1f, 0xf8,
    0x0, 0x0, 0x0, 0x0, 0x1, 0xff, 0x80, 0x0,
    0x0, 0x0, 0x0, 0x1f, 0xf8, 0x0, 0x0, 0x0,
    0x0, 0x1, 0xff, 0x80, 0x0, 0x0, 0x0, 0x0,
    0x1f, 0xf8, 0x0, 0x0, 0x0, 0x0, 0x1, 0xff,
    0x80, 0x0, 0x0, 0x0, 0x0, 0x1f, 0xf8, 0x0,
    0x0, 0x0, 0xa1, 0x1, 0xff, 0x80, 0x7, 0x50,
    0x7f, 0xe2, 0x1f, 0xf8, 0x9, 0xfd, 0xb, 0xff,
    0xe3, 0xff, 0x89, 0xff, 0xf3, 0xa, 0xff, 0xef,
    0xfe, 0xff, 0xe3, 0x0, 0xa, 0xff, 0xff, 0xff,
    0xe2, 0x0, 0x0, 0xa, 0xff, 0xff, 0xf3, 0x0,
    0x0, 0x0, 0xc, 0xff, 0xf4, 0x0, 0x0, 0x0,
    0x0, 0x1e, 0xf7, 0x0, 0x0, 0x0, 0x0, 0x0,
    0x4b, 0x0, 0x0, 0x0, 0x0, 0x0, 0x0, 0x0,
    0x0, 0x0, 0x0,

    /* U+2248 "≈" */
    0x0, 0x2, 0x9d, 0xec, 0x70, 0x0, 0x0, 0x0,
    0xa, 0x10, 0x0, 0x6f, 0xff, 0xff, 0xfe, 0x50,
    0x0, 0x0, 0xbf, 0xe2, 0x6, 0xff, 0xfe, 0xce,
    0xff, 0xfa, 0x20, 0x3c, 0xff, 0xd0, 0x3f, 0xff,
    0x70, 0x0, 0x7f, 0xff, 0xff, 0xff, 0xfe, 0x20,
    0x2d, 0xf5, 0x0, 0x0, 0x3, 0xcf, 0xff, 0xff,
    0xc2, 0x0, 0x0, 0x60, 0x0, 0x0, 0x0, 0x4,
    0x9a, 0x84, 0x0, 0x0, 0x0, 0x0, 0x15, 0x64,
    0x0, 0x0, 0x0, 0x0, 0x2, 0x0, 0x0, 0x9,
    0xff, 0xff, 0xf7, 0x0, 0x0, 0x0, 0x4f, 0x80,
    0x1, 0xdf, 0xff, 0xff, 0xff, 0xd3, 0x0, 0x4,
    0xff, 0xf3, 0xc, 0xff, 0xd6, 0x36, 0xef, 0xff,
    0xb8, 0xbf, 0xff, 0x80, 0x5f, 0xfc, 0x0, 0x0,
    0x1a, 0xff, 0xff, 0xff, 0xf8, 0x0, 0x5, 0xd1,
    0x0, 0x0, 0x0, 0x4c, 0xff, 0xfc, 0x40, 0x0,
    0x0, 0x0, 0x0, 0x0, 0x0, 0x0, 0x2, 0x0,
    0x0, 0x0,

    /* U+2264 "≤" */
    0x0, 0x0, 0x0, 0x0, 0x0, 0x0, 0x0, 0x0,
    0x0, 0x4b, 0x10, 0x0, 0x0, 0x0, 0x0, 0x0,
    0x0, 0x0, 0x17, 0xef, 0xf7, 0x0, 0x0, 0x0,
    0x0, 0x0, 0x0, 0x4, 0xaf, 0xff, 0xff, 0xa0,
    0x0, 0x0, 0x0, 0x0, 0x1, 0x7d, 0xff, 0xff,
    0xf9, 0x30, 0x0, 0x0, 0x0, 0x0, 0x3a, 0xff,
    0xff, 0xfc, 0x60, 0x0, 0x0, 0x0, 0x0, 0x16,
    0xdf, 0xff, 0xff, 0x93, 0x0, 0x0, 0x0, 0x0,
    0x3, 0x9f, 0xff, 0xff, 0xc6, 0x0, 0x0, 0x0,
    0x0, 0x0, 0x6c, 0xff, 0xff, 0xf9, 0x30, 0x0,
    0x0, 0x0, 0x0, 0x0, 0x6, 0xdf, 0xff, 0xff,
    0x93, 0x0, 0x0, 0x0, 0x0, 0x0, 0x0, 0x0,
    0x3a, 0xff, 0xff, 0xfc, 0x60, 0x0, 0x0, 0x0,
    0x0, 0x0, 0x0, 0x1, 0x7d, 0xff, 0xff, 0xf9,
    0x20, 0x0, 0x0, 0x0, 0x0, 0x0, 0x0, 0x4,
    0xaf, 0xff, 0xff, 0xc5, 0x0, 0x0, 0xd, 0xc5,
    0x0, 0x0, 0x0, 0x17, 0xdf, 0xff, 0xfe, 0x92,
    0x3, 0xff, 0xfe, 0x82, 0x0, 0x0, 0x0, 0x4b,
    0xff, 0xff, 0xfa, 0x17, 0xdf, 0xff, 0xfb, 0x50,
    0x0, 0x0, 0x1, 0x8e, 0xff, 0x70, 0x0, 0x4a,
    0xff, 0xff, 0xe8, 0x20, 0x0, 0x0, 0x5, 0xb1,
    0x0, 0x0, 0x1, 0x7e, 0xff, 0xff, 0xb5, 0x0,
    0x0, 0x0, 0x0, 0x0, 0x0, 0x0, 0x4, 0xbf,
    0xff, 0xfe, 0x81, 0x0, 0x0, 0x0, 0x0, 0x0,
    0x0, 0x0, 0x18, 0xef, 0xff, 0xfb, 0x40, 0x0,
    0x0, 0x0, 0x0, 0x0, 0x0, 0x0, 0x4b, 0xff,
    0xff, 0xe6, 0x0, 0x0, 0x0, 0x0, 0x0, 0x0,
    0x0, 0x2, 0x8e, 0xff, 0x70, 0x0, 0x0, 0x0,
    0x0, 0x0, 0x0, 0x0, 0x0, 0x5, 0xb1,

    /* U+2265 "≥" */
    0x1b, 0x40, 0x0, 0x0, 0x0, 0x0, 0x0, 0x0,
    0x0, 0x0, 0x7, 0xff, 0xe7, 0x10, 0x0, 0x0,
    0x0, 0x0, 0x0, 0x0, 0x0, 0xaf, 0xff, 0xff,
    0xa4, 0x0, 0x0, 0x0, 0x0, 0x0, 0x0, 0x0,
    0x39, 0xff, 0xff, 0xfd, 0x71, 0x0, 0x0, 0x0,
    0x0, 0x0, 0x0, 0x0, 0x6c, 0xff, 0xff, 0xfa,
    0x30, 0x0, 0x0, 0x0, 0x0, 0x0, 0x0, 0x3,
    0x9f, 0xff, 0xff, 0xd6, 0x10, 0x0, 0x0, 0x0,
    0x0, 0x0, 0x0, 0x6, 0xcf, 0xff, 0xff, 0x93,
    0x0, 0x0, 0x0, 0x0, 0x0, 0x0, 0x0, 0x39,
    0xff, 0xff, 0xfc, 0x60, 0x0, 0x0, 0x0, 0x0,
    0x0, 0x3, 0x9f, 0xff, 0xff, 0xd6, 0x0, 0x0,
    0x0, 0x0, 0x0, 0x6c, 0xff, 0xff, 0xfa, 0x30,
    0x0, 0x0, 0x0, 0x0, 0x29, 0xff, 0xff, 0xfd,
    0x71, 0x0, 0x0, 0x0, 0x0, 0x5, 0xcf, 0xff,
    0xff, 0xa4, 0x0, 0x0, 0x0, 0x0, 0x2, 0x9e,
    0xff, 0xff, 0xd7, 0x10, 0x0, 0x0, 0x5, 0xcd,
    0xa, 0xff, 0xff, 0xfb, 0x40, 0x0, 0x0, 0x2,
    0x8e, 0xff, 0xf3, 0x7f, 0xfe, 0x81, 0x0, 0x0,
    0x0, 0x5b, 0xff, 0xff, 0xd7, 0x11, 0xb5, 0x0,
    0x0, 0x0, 0x28, 0xef, 0xff, 0xfa, 0x40, 0x0,
    0x0, 0x0, 0x0, 0x5, 0xbf, 0xff, 0xfe, 0x71,
    0x0, 0x0, 0x0, 0x0, 0x1, 0x8e, 0xff, 0xff,
    0xb4, 0x0, 0x0, 0x0, 0x0, 0x0, 0x4b, 0xff,
    0xff, 0xe8, 0x10, 0x0, 0x0, 0x0, 0x0, 0x6,
    0xef, 0xff, 0xfb, 0x40, 0x0, 0x0, 0x0, 0x0,
    0x0, 0x0, 0x7f, 0xfe, 0x82, 0x0, 0x0, 0x0,
    0x0, 0x0, 0x0, 0x0, 0x1, 0xb5, 0x0, 0x0,
    0x0, 0x0, 0x0, 0x0, 0x0, 0x0, 0x0,

    /* U+3001 "、" */
    0x0, 0x10, 0x0, 0x0, 0x0, 0x3e, 0xa0, 0x0,
    0x0, 0x5f, 0xff, 0xb0, 0x0, 0x7, 0xff, 0xff,
    0xb0, 0x0, 0x6, 0xff, 0xff, 0xb0, 0x0, 0x6,
    0xff, 0xff, 0xa0, 0x0, 0x6, 0xff, 0xff, 0x20,
    0x0, 0x7, 0xfe, 0x30, 0x0, 0x0, 0x8, 0x20,
    0x0,

    /* U+3002 "。" */
    0x0, 0x5, 0x9a, 0x60, 0x0, 0x0, 0xcf, 0xff,
    0xfc, 0x10, 0x9, 0xfc, 0x44, 0xcf, 0xa0, 0xf,
    0xf1, 0x0, 0xe, 0xf1, 0x2f, 0xb0, 0x0, 0xa,
    0xf3, 0x1f, 0xd0, 0x0, 0xc, 0xf2, 0xc, 0xf8,
    0x0, 0x7f, 0xd0, 0x2, 0xff, 0xfe, 0xff, 0x30,
    0x0, 0x2b, 0xff, 0xb3, 0x0,

    /* U+300C "「" */
    0x0, 0x0, 0x0, 0x0, 0x0, 0x2f, 0xff, 0xff,
    0xff, 0xf7, 0x2f, 0xff, 0xff, 0xff, 0xf7, 0x2f,
    0xff, 0xcc, 0xcc, 0xc5, 0x2f, 0xfe, 0x0, 0x0,
    0x0, 0x2f, 0xfe, 0x0, 0x0, 0x0, 0x2f, 0xfe,
    0x0, 0x0, 0x0, 0x2f, 0xfe, 0x0, 0x0, 0x0,
    0x2f, 0xfe, 0x0, 0x0, 0x0, 0x2f, 0xfe, 0x0,
    0x0, 0x0, 0x2f, 0xfe, 0x0, 0x0, 0x0, 0x2f,
    0xfe, 0x0, 0x0, 0x0, 0x2f, 0xfe, 0x0, 0x0,
    0x0, 0x2f, 0xfe, 0x0, 0x0, 0x0, 0x2f, 0xfe,
    0x0, 0x0, 0x0, 0x2f, 0xfe, 0x0, 0x0, 0x0,
    0x2f, 0xfe, 0x0, 0x0, 0x0, 0x19, 0x98, 0x0,
    0x0, 0x0,

    /* U+300D "」" */
    0x0, 0x0, 0x0, 0x99, 0x91, 0x0, 0x0, 0x0,
    0xef, 0xf2, 0x0, 0x0, 0x0, 0xef, 0xf2, 0x0,
    0x0, 0x0, 0xef, 0xf2, 0x0, 0x0, 0x0, 0xef,
    0xf2, 0x0, 0x0, 0x0, 0xef, 0xf2, 0x0, 0x0,
    0x0, 0xef, 0xf2, 0x0, 0x0, 0x0, 0xef, 0xf2,
    0x0, 0x0, 0x0, 0xef, 0xf2, 0x0, 0x0, 0x0,
    0xef, 0xf2, 0x0, 0x0, 0x0, 0xef, 0xf2, 0x0,
    0x0, 0x0, 0xef, 0xf2, 0x0, 0x0, 0x0, 0xef,
    0xf2, 0x0, 0x0, 0x0, 0xef, 0xf2, 0x5d, 0xdd,
    0xdd, 0xff, 0xf2, 0x7f, 0xff, 0xff, 0xff, 0xf2,
    0x7f, 0xff, 0xff, 0xff, 0xf2,

    /* U+300E "『" */
    0x2, 0x22, 0x22, 0x22, 0x22, 0x3, 0xff, 0xff,
    0xff, 0xff, 0xf3, 0x3e, 0x0, 0x0, 0x0, 0xe,
    0x33, 0xe0, 0x0, 0x0, 0x0, 0xe3, 0x3e, 0x0,
    0x2e, 0xee, 0xef, 0x33, 0xe0, 0x3, 0xf4, 0x44,
    0x40, 0x3e, 0x0, 0x3e, 0x0, 0x0, 0x3, 0xe0,
    0x3, 0xe0, 0x0, 0x0, 0x3e, 0x0, 0x3e, 0x0,
    0x0, 0x3, 0xe0, 0x3, 0xe0, 0x0, 0x0, 0x3e,
    0x0, 0x3e, 0x0, 0x0, 0x3, 0xe0, 0x3, 0xe0,
    0x0, 0x0, 0x3e, 0x0, 0x3e, 0x0, 0x0, 0x3,
    0xe0, 0x3, 0xe0, 0x0, 0x0, 0x3e, 0x0, 0x3e,
    0x0, 0x0, 0x3, 0xe0, 0x3, 0xe0, 0x0, 0x0,
    0x3e, 0x11, 0x4e, 0x0, 0x0, 0x3, 0xff, 0xff,
    0xe0, 0x0, 0x0, 0x0, 0x0, 0x0, 0x0, 0x0,
    0x0,

    /* U+300F "』" */
    0x0, 0x0, 0x5, 0xff, 0xff, 0x30, 0x0, 0x0,
    0x5d, 0x33, 0xf3, 0x0, 0x0, 0x5, 0xc0, 0xe,
    0x30, 0x0, 0x0, 0x5c, 0x0, 0xe3, 0x0, 0x0,
    0x5, 0xc0, 0xe, 0x30, 0x0, 0x0, 0x5c, 0x0,
    0xe3, 0x0, 0x0, 0x5, 0xc0, 0xe, 0x30, 0x0,
    0x0, 0x5c, 0x0, 0xe3, 0x0, 0x0, 0x5, 0xc0,
    0xe, 0x30, 0x0, 0x0, 0x5c, 0x0, 0xe3, 0x0,
    0x0, 0x5, 0xc0, 0xe, 0x30, 0x0, 0x0, 0x5c,
    0x0, 0xe3, 0x3, 0x33, 0x37, 0xc0, 0xe, 0x33,
    0xff, 0xff, 0xfc, 0x0, 0xe3, 0x3e, 0x0, 0x0,
    0x0, 0xe, 0x33, 0xe2, 0x22, 0x22, 0x22, 0xe3,
    0x3f, 0xff, 0xff, 0xff, 0xff, 0x30,

    /* U+4E00 "一" */
    0xf, 0xff, 0xff, 0xff, 0xff, 0xff, 0xff, 0xff,
    0xff, 0xff, 0xff, 0xff, 0xf0, 0xf, 0xff, 0xff,
    0xff, 0xff, 0xff, 0xff, 0xff, 0xff, 0xff, 0xff,
    0xff, 0xf1, 0xf, 0xff, 0xff, 0xff, 0xff, 0xff,
    0xff, 0xff, 0xff, 0xff, 0xff, 0xff, 0xf1, 0x7,
    0x77, 0x77, 0x77, 0x77, 0x77, 0x77, 0x77, 0x77,
    0x77, 0x77, 0x77, 0x70,

    /* U+4E0A "上" */
    0x0, 0x0, 0x0, 0x0, 0x4, 0xbb, 0xa0, 0x0,
    0x0, 0x0, 0x0, 0x0, 0x0, 0x0, 0x0, 0x0,
    0x6, 0xff, 0xe0, 0x0, 0x0, 0x0, 0x0, 0x0,
    0x0, 0x0, 0x0, 0x0, 0x6, 0xff, 0xe0, 0x0,
    0x0, 0x0, 0x0, 0x0, 0x0, 0x0, 0x0, 0x0,
    0x6, 0xff, 0xe0, 0x0, 0x0, 0x0, 0x0, 0x0,
    0x0, 0x0, 0x0, 0x0, 0x6, 0xff, 0xe0, 0x0,
    0x0, 0x0, 0x0, 0x0, 0x0, 0x0, 0x0, 0x0,
    0x6, 0xff, 0xe0, 0x0, 0x0, 0x0, 0x0, 0x0,
    0x0, 0x0, 0x0, 0x0, 0x6, 0xff, 0xe0, 0x0,
    0x0, 0x0, 0x0, 0x0, 0x0, 0x0, 0x0, 0x0,
    0x6, 0xff, 0xf3, 0x33, 0x33, 0x33, 0x33, 0x0,
    0x0, 0x0, 0x0, 0x0, 0x6, 0xff, 0xff, 0xff,
    0xff, 0xff, 0xff, 0x20, 0x0, 0x0, 0x0, 0x0,
    0x6, 0xff, 0xff, 0xff, 0xff, 0xff, 0xff, 0x20,
    0x0, 0x0, 0x0, 0x0, 0x6, 0xff, 0xff, 0xff,
    0xff, 0xff, 0xff, 0x20, 0x0, 0x0, 0x0, 0x0,
    0x6, 0xff, 0xe0, 0x0, 0x0, 0x0, 0x0, 0x0,
    0x0, 0x0, 0x0, 0x0, 0x6, 0xff, 0xe0, 0x0,
    0x0, 0x0, 0x0, 0x0, 0x0, 0x0, 0x0, 0x0,
    0x6, 0xff, 0xe0, 0x0, 0x0, 0x0, 0x0, 0x0,
    0x0, 0x0, 0x0, 0x0, 0x6, 0xff, 0xe0, 0x0,
    0x0, 0x0, 0x0, 0x0, 0x0, 0x0, 0x0, 0x0,
    0x6, 0xff, 0xe0, 0x0, 0x0, 0x0, 0x0, 0x0,
    0x0, 0x0, 0x0, 0x0, 0x6, 0xff, 0xe0, 0x0,
    0x0, 0x0, 0x0, 0x0, 0x0, 0x0, 0x0, 0x0,
    0x6, 0xff, 0xe0, 0x0, 0x0, 0x0, 0x0, 0x0,
    0x0, 0x0, 0x0, 0x0, 0x6, 0xff, 0xe0, 0x0,
    0x0, 0x0, 0x0, 0x0, 0x0, 0x0, 0x0, 0x0,
    0x7, 0xff, 0xe0, 0x0, 0x0, 0x0, 0x0, 0x0,
    0xcf, 0xff, 0xff, 0xff, 0xff, 0xff, 0xff, 0xff,
    0xff, 0xff, 0xff, 0xff, 0xcf, 0xff, 0xff, 0xff,
    0xff, 0xff, 0xff, 0xff, 0xff, 0xff, 0xff, 0xff,
    0xcf, 0xff, 0xff, 0xff, 0xff, 0xff, 0xff, 0xff,
    0xff, 0xff, 0xff, 0xff, 0x11, 0x11, 0x11, 0x11,
    0x11, 0x11, 0x11, 0x11, 0x11, 0x11, 0x11, 0x11,

    /* U+4E0B "下" */
    0x12, 0x22, 0x22, 0x22, 0x22, 0x22, 0x22, 0x22,
    0x22, 0x22, 0x22, 0x21, 0xaf, 0xff, 0xff, 0xff,
    0xff, 0xff, 0xff, 0xff, 0xff, 0xff, 0xff, 0xfa,
    0xaf, 0xff, 0xff, 0xff, 0xff, 0xff, 0xff, 0xff,
    0xff, 0xff, 0xff, 0xfa, 0x9f, 0xff, 0xff, 0xff,
    0xff, 0xff, 0xff, 0xff, 0xff, 0xff, 0xff, 0xfa,
    0x0, 0x0, 0x0, 0x0, 0x3, 0xff, 0xf2, 0x0,
    0x0, 0x0, 0x0, 0x0, 0x0, 0x0, 0x0, 0x0,
    0x3, 0xff, 0xf2, 0x0, 0x0, 0x0, 0x0, 0x0,
    0x0, 0x0, 0x0, 0x0, 0x3, 0xff, 0xf2, 0x0,
    0x0, 0x0, 0x0, 0x0, 0x0, 0x0, 0x0, 0x0,
    0x3, 0xff, 0xf7, 0x30, 0x0, 0x0, 0x0, 0x0,
    0x0, 0x0, 0x0, 0x0, 0x3, 0xff, 0xff, 0xfa,
    0x20, 0x0, 0x0, 0x0, 0x0, 0x0, 0x0, 0x0,
    0x3, 0xff, 0xff, 0xff, 0xf9, 0x10, 0x0, 0x0,
    0x0, 0x0, 0x0, 0x0, 0x3, 0xff, 0xfe, 0xff,
    0xff, 0xf6, 0x0, 0x0, 0x0, 0x0, 0x0, 0x0,
    0x3, 0xff, 0xf2, 0x8f, 0xff, 0xff, 0xc3, 0x0,
    0x0, 0x0, 0x0, 0x0, 0x3, 0xff, 0xf2, 0x2,
    0xbf, 0xff, 0xff, 0x40, 0x0, 0x0, 0x0, 0x0,
    0x3, 0xff, 0xf2, 0x0, 0x6, 0xff, 0xfd, 0x0,
    0x0, 0x0, 0x0, 0x0, 0x3, 0xff, 0xf2, 0x0,
    0x0, 0x2c, 0xe2, 0x0, 0x0, 0x0, 0x0, 0x0,
    0x3, 0xff, 0xf2, 0x0, 0x0, 0x0, 0x20, 0x0,
    0x0, 0x0, 0x0, 0x0, 0x3, 0xff, 0xf2, 0x0,
    0x0, 0x0, 0x0, 0x0, 0x0, 0x0, 0x0, 0x0,
    0x3, 0xff, 0xf2, 0x0, 0x0, 0x0, 0x0, 0x0,
    0x0, 0x0, 0x0, 0x0, 0x3, 0xff, 0xf2, 0x0,
    0x0, 0x0, 0x0, 0x0, 0x0, 0x0, 0x0, 0x0,
    0x3, 0xff, 0xf2, 0x0, 0x0, 0x0, 0x0, 0x0,
    0x0, 0x0, 0x0, 0x0, 0x3, 0xff, 0xf2, 0x0,
    0x0, 0x0, 0x0, 0x0, 0x0, 0x0, 0x0, 0x0,
    0x3, 0xff, 0xf2, 0x0, 0x0, 0x0, 0x0, 0x0,
    0x0, 0x0, 0x0, 0x0, 0x3, 0xff, 0xf2, 0x0,
    0x0, 0x0, 0x0, 0x0,

    /* U+4E0D "不" */
    0x4, 0x44, 0x44, 0x44, 0x44, 0x44, 0x44, 0x44,
    0x44, 0x44, 0x44, 0x42, 0x1, 0xff, 0xff, 0xff,
    0xff, 0xff, 0xff, 0xff, 0xff, 0xff, 0xff, 0xff,
    0x90, 0x1f, 0xff, 0xff, 0xff, 0xff, 0xff, 0xff,
    0xff, 0xff, 0xff, 0xff, 0xf9, 0x1, 0xff, 0xff,
    0xff, 0xff, 0xff, 0xff, 0xff, 0xff, 0xff, 0xff,
    0xff, 0x80, 0x0, 0x0, 0x0, 0x0, 0x0, 0x1f,
    0xff, 0xf2, 0x0, 0x0, 0x0, 0x0, 0x0, 0x0,
    0x0, 0x0, 0x0, 0xb, 0xff, 0xf7, 0x0, 0x0,
    0x0, 0x0, 0x0, 0x0, 0x0, 0x0, 0x0, 0x7,
    0xff, 0xff, 0x0, 0x0, 0x0, 0x0, 0x0, 0x0,
    0x0, 0x0, 0x0, 0x5, 0xff, 0xff, 0xf0, 0x43,
    0x0, 0x0, 0x0, 0x0, 0x0, 0x0, 0x0, 0x4,
    0xff, 0xff, 0xff, 0x7f, 0xf7, 0x0, 0x0, 0x0,
    0x0, 0x0, 0x0, 0x5, 0xff, 0xff, 0xff, 0xff,
    0xff, 0xfb, 0x10, 0x0, 0x0, 0x0, 0x0, 0x6,
    0xff, 0xff, 0xef, 0xff, 0x3e, 0xff, 0xfe, 0x30,
    0x0, 0x0, 0x0, 0xa, 0xff, 0xff, 0x87, 0xff,
    0xf0, 0x1b, 0xff, 0xff, 0x60, 0x0, 0x0, 0x4d,
    0xff, 0xff, 0x70, 0x7f, 0xff, 0x0, 0x9, 0xff,
    0xff, 0x90, 0x3, 0xbf, 0xff, 0xff, 0x50, 0x7,
    0xff, 0xf0, 0x0, 0x6, 0xff, 0xff, 0xb0, 0x7f,
    0xff, 0xfc, 0x20, 0x0, 0x7f, 0xff, 0x0, 0x0,
    0x4, 0xff, 0xff, 0x40, 0xaf, 0xf7, 0x0, 0x0,
    0x7, 0xff, 0xf0, 0x0, 0x0, 0x4, 0xff, 0x40,
    0x1, 0x91, 0x0, 0x0, 0x0, 0x7f, 0xff, 0x0,
    0x0, 0x0, 0x4, 0x30, 0x0, 0x0, 0x0, 0x0,
    0x0, 0x7, 0xff, 0xf0, 0x0, 0x0, 0x0, 0x0,
    0x0, 0x0, 0x0, 0x0, 0x0, 0x0, 0x7f, 0xff,
    0x0, 0x0, 0x0, 0x0, 0x0, 0x0, 0x0, 0x0,
    0x0, 0x0, 0x7, 0xff, 0xf0, 0x0, 0x0, 0x0,
    0x0, 0x0, 0x0, 0x0, 0x0, 0x0, 0x0, 0x7f,
    0xff, 0x0, 0x0, 0x0, 0x0, 0x0, 0x0, 0x0,
    0x0, 0x0, 0x0, 0x7, 0xff, 0xf0, 0x0, 0x0,
    0x0, 0x0, 0x0, 0x0, 0x0, 0x0, 0x0, 0x0,
    0x7f, 0xff, 0x0, 0x0, 0x0, 0x0, 0x0, 0x0,

    /* U+4E0E "与" */
    0x0, 0x0, 0x8, 0x87, 0x20, 0x0, 0x0, 0x0,
    0x0, 0x0, 0x0, 0x0, 0x0, 0x0, 0xff, 0xf4,
    0x0, 0x0, 0x0, 0x0, 0x0, 0x0, 0x0, 0x0,
    0x0, 0x2f, 0xff, 0x10, 0x0, 0x0, 0x0, 0x0,
    0x0, 0x0, 0x0, 0x0, 0x4, 0xff, 0xff, 0xff,
    0xff, 0xff, 0xff, 0xff, 0xff, 0xc0, 0x0, 0x0,
    0x7f, 0xff, 0xff, 0xff, 0xff, 0xff, 0xff, 0xff,
    0xfd, 0x0, 0x0, 0xa, 0xff, 0xff, 0xff, 0xff,
    0xff, 0xff, 0xff, 0xff, 0xd0, 0x0, 0x0, 0xdf,
    0xf6, 0x0, 0x0, 0x0, 0x0, 0x0, 0x0, 0x0,
    0x0, 0x0, 0xf, 0xff, 0x30, 0x0, 0x0, 0x0,
    0x0, 0x0, 0x0, 0x0, 0x0, 0x4, 0xff, 0xf0,
    0x0, 0x0, 0x0, 0x0, 0x0, 0x0, 0x0, 0x0,
    0x0, 0x7f, 0xfd, 0x33, 0x33, 0x33, 0x33, 0x33,
    0x33, 0x33, 0x31, 0x0, 0xb, 0xff, 0xff, 0xff,
    0xff, 0xff, 0xff, 0xff, 0xff, 0xff, 0x70, 0x0,
    0xef, 0xff, 0xff, 0xff, 0xff, 0xff, 0xff, 0xff,
    0xff, 0xf5, 0x0, 0x1a, 0xbb, 0xbb, 0xbb, 0xbb,
    0xbb, 0xbb, 0xbb, 0xbf, 0xff, 0x40, 0x0, 0x0,
    0x0, 0x0, 0x0, 0x0, 0x0, 0x0, 0x0, 0xff,
    0xf2, 0x0, 0x0, 0x0, 0x0, 0x0, 0x0, 0x0,
    0x0, 0x0, 0x2f, 0xff, 0xd, 0xff, 0xff, 0xff,
    0xff, 0xff, 0xff, 0xff, 0xf4, 0x4, 0xff, 0xf0,
    0xef, 0xff, 0xff, 0xff, 0xff, 0xff, 0xff, 0xff,
    0x50, 0x7f, 0xfc, 0xe, 0xff, 0xff, 0xff, 0xff,
    0xff, 0xff, 0xff, 0xf5, 0xa, 0xff, 0xa0, 0x0,
    0x0, 0x0, 0x0, 0x0, 0x0, 0x0, 0x0, 0x0,
    0xdf, 0xf7, 0x0, 0x0, 0x0, 0x0, 0x0, 0x0,
    0x0, 0x0, 0x0, 0x3f, 0xff, 0x30, 0x0, 0x0,
    0x0, 0x0, 0x0, 0x1, 0x10, 0x0, 0x1b, 0xff,
    0xf0, 0x0, 0x0, 0x0, 0x0, 0x0, 0x0, 0xef,
    0xff, 0xff, 0xff, 0xf9, 0x0, 0x0, 0x0, 0x0,
    0x0, 0x0, 0x8, 0xff, 0xff, 0xff, 0xfe, 0x10,
    0x0, 0x0, 0x0, 0x0, 0x0, 0x0, 0x3f, 0xff,
    0xff, 0xd9, 0x10, 0x0, 0x0, 0x0, 0x0, 0x0,
    0x0, 0x0, 0x0, 0x0, 0x0, 0x0, 0x0, 0x0,

    /* U+4E24 "两" */
    0x23, 0x33, 0x33, 0x33, 0x33, 0x33, 0x33, 0x33,
    0x33, 0x33, 0x33, 0x30, 0xbf, 0xff, 0xff, 0xff,
    0xff, 0xff, 0xff, 0xff, 0xff, 0xff, 0xff, 0xf2,
    0xbf, 0xff, 0xff, 0xff, 0xff, 0xff, 0xff, 0xff,
    0xff, 0xff, 0xff, 0xf2, 0x9c, 0xcc, 0xcc, 0xcf,
    0xff, 0xdc, 0xcf, 0xff, 0xdc, 0xcc, 0xcc, 0xc2,
    0x0, 0x0, 0x0, 0xf, 0xff, 0x10, 0xc, 0xff,
    0x50, 0x0, 0x0, 0x0, 0x0, 0x0, 0x0, 0xf,
    0xff, 0x10, 0xc, 0xff, 0x50, 0x0, 0x0, 0x0,
    0xc, 0xee, 0xee, 0xef, 0xff, 0xee, 0xef, 0xff,
    0xfe, 0xef, 0xfe, 0x30, 0xd, 0xff, 0xff, 0xff,
    0xff, 0xff, 0xff, 0xff, 0xff, 0xff, 0xff, 0x30,
    0xd, 0xff, 0xff, 0xff, 0xff, 0xff, 0xff, 0xff,
    0xff, 0xff, 0xff, 0x30, 0xd, 0xff, 0x40, 0x1f,
    0xff, 0x10, 0xc, 0xff, 0x50, 0xe, 0xff, 0x30,
    0xd, 0xff, 0x40, 0x1f, 0xff, 0x0, 0xd, 0xff,
    0x30, 0xe, 0xff, 0x30, 0xd, 0xff, 0x40, 0x3f,
    0xff, 0x10, 0xf, 0xff, 0x60, 0xe, 0xff, 0x30,
    0xd, 0xff, 0x40, 0x6f, 0xff, 0xd1, 0x1f, 0xff,
    0xf5, 0xe, 0xff, 0x30, 0xd, 0xff, 0x40, 0xaf,
    0xff, 0xfb, 0x5f, 0xff, 0xff, 0x4e, 0xff, 0x30,
    0xd, 0xff, 0x40, 0xff, 0xff, 0xfd, 0xaf, 0xfe,
    0xff, 0xff, 0xff, 0x30, 0xd, 0xff, 0x46, 0xff,
    0xe4, 0xf4, 0xff, 0xf2, 0xbf, 0xff, 0xff, 0x30,
    0xd, 0xff, 0x6e, 0xff, 0x70, 0x3a, 0xff, 0xb0,
    0xd, 0xdf, 0xff, 0x30, 0xd, 0xff, 0xff, 0xfd,
    0x0, 0x7f, 0xff, 0x30, 0x3, 0x3e, 0xff, 0x30,
    0xd, 0xff, 0x9f, 0xf3, 0x0, 0x1d, 0xf8, 0x0,
    0x0, 0xe, 0xff, 0x30, 0xd, 0xff, 0x45, 0x50,
    0x0, 0x1, 0x90, 0x0, 0x0, 0xf, 0xff, 0x30,
    0xd, 0xff, 0x40, 0x0, 0x0, 0x0, 0x0, 0x1f,
    0xff, 0xff, 0xff, 0x20, 0xd, 0xff, 0x40, 0x0,
    0x0, 0x0, 0x0, 0xb, 0xff, 0xff, 0xfd, 0x0,
    0xd, 0xff, 0x40, 0x0, 0x0, 0x0, 0x0, 0x6,
    0xff, 0xed, 0x91, 0x0,

    /* U+4E2A "个" */
    0x0, 0x0, 0x0, 0x0, 0x0, 0x0, 0x21, 0x0,
    0x0, 0x0, 0x0, 0x0, 0x0, 0x0, 0x0, 0x0,
    0x0, 0x0, 0x0, 0xdf, 0x91, 0x0, 0x0, 0x0,
    0x0, 0x0, 0x0, 0x0, 0x0, 0x0, 0x0, 0x9,
    0xff, 0xf3, 0x0, 0x0, 0x0, 0x0, 0x0, 0x0,
    0x0, 0x0, 0x0, 0x0, 0x7f, 0xff, 0xf3, 0x0,
    0x0, 0x0, 0x0, 0x0, 0x0, 0x0, 0x0, 0x0,
    0x7, 0xff, 0xff, 0xff, 0x40, 0x0, 0x0, 0x0,
    0x0, 0x0, 0x0, 0x0, 0x0, 0x8f, 0xff, 0xef,
    0xff, 0xf6, 0x0, 0x0, 0x0, 0x0, 0x0, 0x0,
    0x0, 0x1b, 0xff, 0xfe, 0x23, 0xff, 0xff, 0xa0,
    0x0, 0x0, 0x0, 0x0, 0x0, 0x6, 0xff, 0xff,
    0xe2, 0x0, 0x3e, 0xff, 0xfd, 0x40, 0x0, 0x0,
    0x0, 0x4, 0xdf, 0xff, 0xfd, 0x20, 0x0, 0x2,
    0xdf, 0xff, 0xfa, 0x20, 0x0, 0x5, 0xcf, 0xff,
    0xff, 0xa0, 0xd, 0xff, 0x50, 0x1b, 0xff, 0xff,
    0xf9, 0x20, 0x4f, 0xff, 0xff, 0xf6, 0x0, 0xe,
    0xff, 0x60, 0x0, 0x8f, 0xff, 0xff, 0xd1, 0x6,
    0xff, 0xfa, 0x10, 0x0, 0xe, 0xff, 0x60, 0x0,
    0x3, 0xcf, 0xff, 0x20, 0x0, 0xbb, 0x30, 0x0,
    0x0, 0xe, 0xff, 0x60, 0x0, 0x0, 0x5, 0xd6,
    0x0, 0x0, 0x0, 0x0, 0x0, 0x0, 0xe, 0xff,
    0x60, 0x0, 0x0, 0x0, 0x0, 0x0, 0x0, 0x0,
    0x0, 0x0, 0x0, 0xe, 0xff, 0x60, 0x0, 0x0,
    0x0, 0x0, 0x0, 0x0, 0x0, 0x0, 0x0, 0x0,
    0xe, 0xff, 0x60, 0x0, 0x0, 0x0, 0x0, 0x0,
    0x0, 0x0, 0x0, 0x0, 0x0, 0xe, 0xff, 0x60,
    0x0, 0x0, 0x0, 0x0, 0x0, 0x0, 0x0, 0x0,
    0x0, 0x0, 0xe, 0xff, 0x60, 0x0, 0x0, 0x0,
    0x0, 0x0, 0x0, 0x0, 0x0, 0x0, 0x0, 0xe,
    0xff, 0x60, 0x0, 0x0, 0x0, 0x0, 0x0, 0x0,
    0x0, 0x0, 0x0, 0x0, 0xe, 0xff, 0x60, 0x0,
    0x0, 0x0, 0x0, 0x0, 0x0, 0x0, 0x0, 0x0,
    0x0, 0xe, 0xff, 0x60, 0x0, 0x0, 0x0, 0x0,
    0x0, 0x0, 0x0, 0x0, 0x0, 0x0, 0xe, 0xff,
    0x60, 0x0, 0x0, 0x0, 0x0, 0x0, 0x0, 0x0,
    0x0, 0x0, 0x0, 0xe, 0xff, 0x60, 0x0, 0x0,
    0x0, 0x0, 0x0, 0x0, 0x0, 0x0, 0x0, 0x0,
    0xe, 0xff, 0x60, 0x0, 0x0, 0x0, 0x0, 0x0,
    0x0, 0x0, 0x0, 0x0, 0x0, 0xe, 0xff, 0x60,
    0x0, 0x0, 0x0, 0x0, 0x0,

    /* U+4E2D "中" */
    0x0, 0x0, 0x0, 0x0, 0x4, 0x55, 0x10, 0x0,
    0x0, 0x0, 0x0, 0x0, 0x0, 0x0, 0x0, 0xe,
    0xff, 0x60, 0x0, 0x0, 0x0, 0x0, 0x0, 0x0,
    0x0, 0x0, 0xe, 0xff, 0x60, 0x0, 0x0, 0x0,
    0x0, 0x0, 0x0, 0x0, 0x0, 0xe, 0xff, 0x60,
    0x0, 0x0, 0x0, 0x0, 0x0, 0x0, 0x0, 0x0,
    0xe, 0xff, 0x60, 0x0, 0x0, 0x0, 0x0, 0x8c,
    0xcc, 0xcc, 0xcc, 0xcf, 0xff, 0xec, 0xcc, 0xcc,
    0xcc, 0xc7, 0xbf, 0xff, 0xff, 0xff, 0xff, 0xff,
    0xff, 0xff, 0xff, 0xff, 0xf9, 0xbf, 0xff, 0xff,
    0xff, 0xff, 0xff, 0xff, 0xff, 0xff, 0xff, 0xf9,
    0xbf, 0xf9, 0x44, 0x44, 0x4f, 0xff, 0x84, 0x44,
    0x44, 0xcf, 0xf9, 0xbf, 0xf6, 0x0, 0x0, 0xe,
    0xff, 0x60, 0x0, 0x0, 0xbf, 0xf9, 0xbf, 0xf6,
    0x0, 0x0, 0xe, 0xff, 0x60, 0x0, 0x0, 0xbf,
    0xf9, 0xbf, 0xf6, 0x0, 0x0, 0xe, 0xff, 0x60,
    0x0, 0x0, 0xbf, 0xf9, 0xbf, 0xf6, 0x0, 0x0,
    0xe, 0xff, 0x60, 0x0, 0x0, 0xbf, 0xf9, 0xbf,
    0xf6, 0x0, 0x0, 0xe, 0xff, 0x60, 0x0, 0x0,
    0xbf, 0xf9, 0xbf, 0xff, 0xff, 0xff, 0xff, 0xff,
    0xff, 0xff, 0xff, 0xff, 0xf9, 0xbf, 0xff, 0xff,
    0xff, 0xff, 0xff, 0xff, 0xff, 0xff, 0xff, 0xf9,
    0xbf, 0xff, 0xff, 0xff, 0xff, 0xff, 0xff, 0xff,
    0xff, 0xff, 0xf9, 0xbf, 0xf7, 0x11, 0x11, 0x1f,
    0xff, 0x71, 0x11, 0x11, 0xcf, 0xf9, 0x68, 0x83,
    0x0, 0x0, 0xe, 0xff, 0x60, 0x0, 0x0, 0x46,
    0x63, 0x0, 0x0, 0x0, 0x0, 0xe, 0xff, 0x60,
    0x0, 0x0, 0x0, 0x0, 0x0, 0x0, 0x0, 0x0,
    0xe, 0xff, 0x60, 0x0, 0x0, 0x0, 0x0, 0x0,
    0x0, 0x0, 0x0, 0xe, 0xff, 0x60, 0x0, 0x0,
    0x0, 0x0, 0x0, 0x0, 0x0, 0x0, 0xe, 0xff,
    0x60, 0x0, 0x0, 0x0, 0x0, 0x0, 0x0, 0x0,
    0x0, 0xe, 0xff, 0x60, 0x0, 0x0, 0x0, 0x0,
    0x0, 0x0, 0x0, 0x0, 0xe, 0xff, 0x60, 0x0,
    0x0, 0x0, 0x0,

    /* U+4E32 "串" */
    0x0, 0x0, 0x0, 0x0, 0x6, 0xff, 0xd0, 0x0,
    0x0, 0x0, 0x0, 0x0, 0x0, 0x0, 0x0, 0x0,
    0x7f, 0xfe, 0x0, 0x0, 0x0, 0x0, 0x0, 0x0,
    0x0, 0x0, 0x0, 0x7, 0xff, 0xe0, 0x0, 0x0,
    0x0, 0x0, 0x0, 0x5f, 0xff, 0xff, 0xff, 0xff,
    0xff, 0xff, 0xff, 0xff, 0xfe, 0x0, 0x5, 0xff,
    0xff, 0xff, 0xff, 0xff, 0xff, 0xff, 0xff, 0xff,
    0xe0, 0x0, 0x5f, 0xff, 0xaa, 0xaa, 0xdf, 0xff,
    0xaa, 0xaa, 0xdf, 0xfe, 0x0, 0x5, 0xff, 0xe0,
    0x0, 0x7, 0xff, 0xe0, 0x0, 0x7, 0xff, 0xe0,
    0x0, 0x5f, 0xfe, 0x0, 0x0, 0x7f, 0xfe, 0x0,
    0x0, 0x8f, 0xfe, 0x0, 0x5, 0xff, 0xff, 0xff,
    0xff, 0xff, 0xff, 0xff, 0xff, 0xff, 0xe0, 0x0,
    0x5f, 0xff, 0xff, 0xff, 0xff, 0xff, 0xff, 0xff,
    0xff, 0xfe, 0x0, 0x3, 0xaa, 0xaa, 0xaa, 0xad,
    0xff, 0xfa, 0xaa, 0xaa, 0xaa, 0x90, 0x0, 0x0,
    0x0, 0x0, 0x0, 0x7f, 0xfe, 0x0, 0x0, 0x0,
    0x0, 0x0, 0x5d, 0xdd, 0xdd, 0xdd, 0xde, 0xff,
    0xfd, 0xdd, 0xdd, 0xdd, 0xdd, 0x6, 0xff, 0xff,
    0xff, 0xff, 0xff, 0xff, 0xff, 0xff, 0xff, 0xff,
    0xf0, 0x6f, 0xff, 0xff, 0xff, 0xff, 0xff, 0xff,
    0xff, 0xff, 0xff, 0xff, 0x6, 0xff, 0xd0, 0x0,
    0x0, 0x7f, 0xfe, 0x0, 0x0, 0x5, 0xff, 0xf0,
    0x6f, 0xfd, 0x0, 0x0, 0x7, 0xff, 0xe0, 0x0,
    0x0, 0x5f, 0xff, 0x6, 0xff, 0xfb, 0xbb, 0xbb,
    0xdf, 0xff, 0xbb, 0xbb, 0xbc, 0xff, 0xf0, 0x6f,
    0xff, 0xff, 0xff, 0xff, 0xff, 0xff, 0xff, 0xff,
    0xff, 0xff, 0x6, 0xff, 0xff, 0xff, 0xff, 0xff,
    0xff, 0xff, 0xff, 0xff, 0xff, 0xf0, 0x6f, 0xfd,
    0x11, 0x11, 0x18, 0xff, 0xf1, 0x11, 0x11, 0x6f,
    0xff, 0x0, 0x11, 0x10, 0x0, 0x0, 0x7f, 0xfe,
    0x0, 0x0, 0x0, 0x11, 0x10, 0x0, 0x0, 0x0,
    0x0, 0x7, 0xff, 0xe0, 0x0, 0x0, 0x0, 0x0,
    0x0, 0x0, 0x0, 0x0, 0x0, 0x7f, 0xfe, 0x0,
    0x0, 0x0, 0x0, 0x0,

    /* U+4E3A "为" */
    0x0, 0x0, 0x0, 0x0, 0x0, 0x0, 0x0, 0x0,
    0x0, 0x0, 0x0, 0x0, 0x0, 0x1, 0x30, 0x0,
    0xff, 0xf3, 0x0, 0x0, 0x0, 0x0, 0x0, 0x0,
    0x1b, 0xfe, 0x10, 0xf, 0xff, 0x30, 0x0, 0x0,
    0x0, 0x0, 0x0, 0x0, 0xcf, 0xfb, 0x0, 0xff,
    0xf3, 0x0, 0x0, 0x0, 0x0, 0x0, 0x0, 0x2,
    0xff, 0xf6, 0xf, 0xff, 0x30, 0x0, 0x0, 0x0,
    0x0, 0x0, 0x0, 0x8, 0xff, 0x80, 0xff, 0xf2,
    0x0, 0x0, 0x0, 0x0, 0x0, 0x0, 0x0, 0x17,
    0x10, 0x1f, 0xff, 0x20, 0x0, 0x0, 0x0, 0x0,
    0x0, 0xff, 0xff, 0xff, 0xff, 0xff, 0xff, 0xff,
    0xff, 0xff, 0xff, 0xfe, 0xf, 0xff, 0xff, 0xff,
    0xff, 0xff, 0xff, 0xff, 0xff, 0xff, 0xff, 0xe0,
    0xff, 0xff, 0xff, 0xff, 0xff, 0xff, 0xff, 0xff,
    0xff, 0xff, 0xfd, 0x1, 0x22, 0x22, 0x22, 0x9f,
    0xfc, 0x22, 0x22, 0x22, 0x28, 0xff, 0xc0, 0x0,
    0x0, 0x0, 0xc, 0xff, 0x90, 0x0, 0x0, 0x0,
    0x8f, 0xfc, 0x0, 0x0, 0x0, 0x0, 0xff, 0xf5,
    0x2, 0x20, 0x0, 0x8, 0xff, 0xb0, 0x0, 0x0,
    0x0, 0x5f, 0xff, 0x3a, 0xfe, 0x10, 0x0, 0x9f,
    0xfa, 0x0, 0x0, 0x0, 0xb, 0xff, 0xc0, 0xdf,
    0xfb, 0x0, 0xa, 0xff, 0xa0, 0x0, 0x0, 0x3,
    0xff, 0xf6, 0x3, 0xff, 0xf6, 0x0, 0xbf, 0xf9,
    0x0, 0x0, 0x0, 0xbf, 0xff, 0x0, 0x9, 0xff,
    0xf1, 0xc, 0xff, 0x80, 0x0, 0x0, 0x5f, 0xff,
    0x80, 0x0, 0xe, 0xfb, 0x20, 0xdf, 0xf7, 0x0,
    0x0, 0x2f, 0xff, 0xe0, 0x0, 0x0, 0x53, 0x0,
    0xf, 0xff, 0x50, 0x0, 0x1d, 0xff, 0xf4, 0x0,
    0x0, 0x0, 0x0, 0x2, 0xff, 0xf4, 0x0, 0x2d,
    0xff, 0xf9, 0x0, 0x0, 0x0, 0x0, 0x0, 0x5f,
    0xff, 0x10, 0x5f, 0xff, 0xfb, 0x0, 0x0, 0x0,
    0x33, 0x32, 0x3d, 0xff, 0xe0, 0x3f, 0xff, 0xfb,
    0x0, 0x0, 0x0, 0x6, 0xff, 0xff, 0xff, 0xfa,
    0x0, 0x4f, 0xf8, 0x0, 0x0, 0x0, 0x0, 0xf,
    0xff, 0xff, 0xff, 0x20, 0x0, 0x44, 0x0, 0x0,
    0x0, 0x0, 0x0, 0xbf, 0xff, 0xea, 0x20, 0x0,

    /* U+4E3B "主" */
    0x0, 0x0, 0x0, 0x0, 0x0, 0x0, 0x0, 0x0,
    0x0, 0x0, 0x0, 0x0, 0x0, 0x0, 0x0, 0x0,
    0x8, 0xe5, 0x0, 0x0, 0x0, 0x0, 0x0, 0x0,
    0x0, 0x0, 0x0, 0x0, 0xcf, 0xff, 0xa0, 0x0,
    0x0, 0x0, 0x0, 0x0, 0x0, 0x0, 0x0, 0x0,
    0x3e, 0xff, 0xfd, 0x20, 0x0, 0x0, 0x0, 0x0,
    0x0, 0x0, 0x0, 0x0, 0x1, 0xcf, 0xff, 0xe2,
    0x0, 0x0, 0x0, 0x0, 0x2, 0x33, 0x33, 0x33,
    0x33, 0x3c, 0xff, 0xa3, 0x33, 0x33, 0x33, 0x0,
    0xb, 0xff, 0xff, 0xff, 0xff, 0xff, 0xff, 0xff,
    0xff, 0xff, 0xff, 0x40, 0xb, 0xff, 0xff, 0xff,
    0xff, 0xff, 0xff, 0xff, 0xff, 0xff, 0xff, 0x40,
    0xa, 0xee, 0xee, 0xee, 0xee, 0xff, 0xff, 0xee,
    0xee, 0xee, 0xee, 0x30, 0x0, 0x0, 0x0, 0x0,
    0x0, 0xef, 0xf8, 0x0, 0x0, 0x0, 0x0, 0x0,
    0x0, 0x0, 0x0, 0x0, 0x0, 0xef, 0xf8, 0x0,
    0x0, 0x0, 0x0, 0x0, 0x0, 0x0, 0x0, 0x0,
    0x0, 0xef, 0xf8, 0x0, 0x0, 0x0, 0x0, 0x0,
    0x0, 0x0, 0x0, 0x0, 0x0, 0xef, 0xf8, 0x0,
    0x0, 0x0, 0x0, 0x0, 0x0, 0x4d, 0xdd, 0xdd,
    0xdd, 0xff, 0xfe, 0xdd, 0xdd, 0xdd, 0xd0, 0x0,
    0x0, 0x5f, 0xff, 0xff, 0xff, 0xff, 0xff, 0xff,
    0xff, 0xff, 0xf0, 0x0, 0x0, 0x5f, 0xff, 0xff,
    0xff, 0xff, 0xff, 0xff, 0xff, 0xff, 0xf0, 0x0,
    0x0, 0x13, 0x33, 0x33, 0x33, 0xff, 0xf9, 0x33,
    0x33, 0x33, 0x30, 0x0, 0x0, 0x0, 0x0, 0x0,
    0x0, 0xef, 0xf8, 0x0, 0x0, 0x0, 0x0, 0x0,
    0x0, 0x0, 0x0, 0x0, 0x0, 0xef, 0xf8, 0x0,
    0x0, 0x0, 0x0, 0x0, 0x0, 0x0, 0x0, 0x0,
    0x0, 0xef, 0xf8, 0x0, 0x0, 0x0, 0x0, 0x0,
    0x0, 0x0, 0x0, 0x0, 0x0, 0xef, 0xf8, 0x0,
    0x0, 0x0, 0x0, 0x0, 0x89, 0x99, 0x99, 0x99,
    0x99, 0xff, 0xfc, 0x99, 0x99, 0x99, 0x99, 0x95,
    0xdf, 0xff, 0xff, 0xff, 0xff, 0xff, 0xff, 0xff,
    0xff, 0xff, 0xff, 0xf8, 0xdf, 0xff, 0xff, 0xff,
    0xff, 0xff, 0xff, 0xff, 0xff, 0xff, 0xff, 0xf8,
    0x67, 0x77, 0x77, 0x77, 0x77, 0x77, 0x77, 0x77,
    0x77, 0x77, 0x77, 0x74,

    /* U+4E4B "之" */
    0x0, 0x0, 0x0, 0x0, 0x0, 0x0, 0x0, 0x0,
    0x0, 0x0, 0x0, 0x0, 0x0, 0x0, 0x0, 0x0,
    0x0, 0x7, 0xe9, 0x0, 0x0, 0x0, 0x0, 0x0,
    0x0, 0x0, 0x0, 0x0, 0x0, 0x8, 0xff, 0xf5,
    0x0, 0x0, 0x0, 0x0, 0x0, 0x0, 0x0, 0x0,
    0x0, 0x0, 0xd, 0xff, 0xe1, 0x0, 0x0, 0x0,
    0x0, 0x0, 0x0, 0x0, 0x0, 0x0, 0x0, 0x4f,
    0xff, 0xb0, 0x0, 0x0, 0x0, 0x0, 0x0, 0x11,
    0x11, 0x11, 0x11, 0x11, 0xbf, 0xe5, 0x11, 0x12,
    0x31, 0x0, 0x0, 0x9, 0xff, 0xff, 0xff, 0xff,
    0xff, 0xff, 0xff, 0xff, 0xff, 0xe5, 0x0, 0x0,
    0x9f, 0xff, 0xff, 0xff, 0xff, 0xff, 0xff, 0xff,
    0xff, 0xff, 0xf4, 0x0, 0x9, 0xff, 0xff, 0xff,
    0xff, 0xff, 0xff, 0xff, 0xff, 0xff, 0xfa, 0x0,
    0x0, 0x0, 0x0, 0x0, 0x0, 0x0, 0x0, 0x0,
    0x5, 0xff, 0xfd, 0x0, 0x0, 0x0, 0x0, 0x0,
    0x0, 0x0, 0x0, 0x0, 0x3, 0xff, 0xff, 0x20,
    0x0, 0x0, 0x0, 0x0, 0x0, 0x0, 0x0, 0x0,
    0x2, 0xef, 0xff, 0x40, 0x0, 0x0, 0x0, 0x0,
    0x0, 0x0, 0x0, 0x0, 0x2, 0xef, 0xff, 0x50,
    0x0, 0x0, 0x0, 0x0, 0x0, 0x0, 0x0, 0x0,
    0x3, 0xef, 0xff, 0x60, 0x0, 0x0, 0x0, 0x0,
    0x0, 0x0, 0x0, 0x0, 0x4, 0xff, 0xff, 0x60,
    0x0, 0x0, 0x0, 0x0, 0x0, 0x0, 0x0, 0x0,
    0x6, 0xff, 0xff, 0x50, 0x0, 0x0, 0x0, 0x0,
    0x0, 0x0, 0x0, 0x0, 0xa, 0xff, 0xfe, 0x30,
    0x0, 0x0, 0x0, 0x0, 0x0, 0x0, 0x0, 0x0,
    0x2d, 0xff, 0xfd, 0x20, 0x0, 0x0, 0x0, 0x0,
    0x0, 0x0, 0x0, 0x0, 0x7f, 0xff, 0xfa, 0x0,
    0x0, 0x0, 0x0, 0x0, 0x0, 0x0, 0x0, 0x5c,
    0xff, 0xff, 0xf6, 0x0, 0x0, 0x0, 0x0, 0x0,
    0x0, 0x0, 0x1, 0xbf, 0xff, 0xff, 0xe2, 0x0,
    0x0, 0x0, 0x0, 0x0, 0x0, 0x0, 0x2, 0xdf,
    0xff, 0xff, 0xff, 0xc7, 0x42, 0x11, 0x11, 0x12,
    0x34, 0x57, 0x91, 0xbf, 0xff, 0x70, 0x8f, 0xff,
    0xff, 0xff, 0xff, 0xff, 0xff, 0xff, 0xfe, 0x2,
    0xff, 0x90, 0x0, 0x3d, 0xff, 0xff, 0xff, 0xff,
    0xff, 0xff, 0xff, 0x90, 0x5, 0xe0, 0x0, 0x0,
    0x3, 0x8b, 0xde, 0xee, 0xee, 0xdd, 0xcc, 0xb4,
    0x0, 0x1, 0x0, 0x0, 0x0, 0x0, 0x0, 0x0,
    0x0, 0x0, 0x0, 0x0, 0x0,

    /* U+4E8B "事" */
    0x0, 0x0, 0x0, 0x0, 0x0, 0x1, 0x11, 0x0,
    0x0, 0x0, 0x0, 0x0, 0x0, 0x0, 0x0, 0x0,
    0x0, 0x0, 0xe, 0xff, 0x40, 0x0, 0x0, 0x0,
    0x0, 0x0, 0x4, 0x66, 0x66, 0x66, 0x66, 0x6f,
    0xff, 0x86, 0x66, 0x66, 0x66, 0x66, 0x30, 0xa,
    0xff, 0xff, 0xff, 0xff, 0xff, 0xff, 0xff, 0xff,
    0xff, 0xff, 0xff, 0x80, 0xa, 0xff, 0xff, 0xff,
    0xff, 0xff, 0xff, 0xff, 0xff, 0xff, 0xff, 0xff,
    0x80, 0x0, 0x11, 0x11, 0x11, 0x11, 0x1f, 0xff,
    0x41, 0x11, 0x11, 0x11, 0x11, 0x0, 0x0, 0x0,
    0xdf, 0xff, 0xff, 0xff, 0xff, 0xff, 0xff, 0xff,
    0xfd, 0x0, 0x0, 0x0, 0x0, 0xef, 0xff, 0xff,
    0xff, 0xff, 0xff, 0xff, 0xff, 0xfe, 0x0, 0x0,
    0x0, 0x0, 0xef, 0xf1, 0x0, 0xe, 0xff, 0x40,
    0x0, 0x5f, 0xfe, 0x0, 0x0, 0x0, 0x0, 0xef,
    0xfe, 0xee, 0xef, 0xff, 0xee, 0xee, 0xef, 0xfe,
    0x0, 0x0, 0x0, 0x0, 0xef, 0xff, 0xff, 0xff,
    0xff, 0xff, 0xff, 0xff, 0xfe, 0x0, 0x0, 0x0,
    0x0, 0x11, 0x11, 0x11, 0x1f, 0xff, 0x41, 0x11,
    0x11, 0x11, 0x0, 0x0, 0x0, 0x3, 0x55, 0x55,
    0x55, 0x5f, 0xff, 0x75, 0x55, 0x55, 0x55, 0x10,
    0x0, 0x0, 0xa, 0xff, 0xff, 0xff, 0xff, 0xff,
    0xff, 0xff, 0xff, 0xff, 0x50, 0x0, 0x0, 0x8,
    0xcc, 0xcc, 0xcc, 0xcf, 0xff, 0xdc, 0xcc, 0xcf,
    0xff, 0x50, 0x0, 0x3, 0x33, 0x33, 0x33, 0x33,
    0x3f, 0xff, 0x63, 0x33, 0x3d, 0xff, 0x73, 0x30,
    0x4f, 0xff, 0xff, 0xff, 0xff, 0xff, 0xff, 0xff,
    0xff, 0xff, 0xff, 0xff, 0xf1, 0x3f, 0xff, 0xff,
    0xff, 0xff, 0xff, 0xff, 0xff, 0xff, 0xff, 0xff,
    0xff, 0xf1, 0x0, 0x0, 0x0, 0x0, 0x0, 0xe,
    0xff, 0x40, 0x0, 0xd, 0xff, 0x50, 0x0, 0x0,
    0xc, 0xff, 0xff, 0xff, 0xff, 0xff, 0xff, 0xff,
    0xff, 0xff, 0x50, 0x0, 0x0, 0xd, 0xff, 0xff,
    0xff, 0xff, 0xff, 0xff, 0xff, 0xff, 0xff, 0x50,
    0x0, 0x0, 0x4, 0x55, 0x55, 0x55, 0x5f, 0xff,
    0x75, 0x55, 0x5e, 0xff, 0x50, 0x0, 0x0, 0x0,
    0x0, 0x3, 0x55, 0x6f, 0xff, 0x30, 0x0, 0x5,
    0x77, 0x20, 0x0, 0x0, 0x0, 0x0, 0x4, 0xff,
    0xff, 0xff, 0x10, 0x0, 0x0, 0x0, 0x0, 0x0,
    0x0, 0x0, 0x0, 0x0, 0xdf, 0xff, 0xb4, 0x0,
    0x0, 0x0, 0x0, 0x0, 0x0, 0x0, 0x0, 0x0,
    0x0, 0x1, 0x0, 0x0, 0x0, 0x0, 0x0, 0x0,
    0x0, 0x0,

    /* U+4E8E "于" */
    0x0, 0x33, 0x33, 0x33, 0x33, 0x33, 0x33, 0x33,
    0x33, 0x33, 0x33, 0x0, 0x0, 0xff, 0xff, 0xff,
    0xff, 0xff, 0xff, 0xff, 0xff, 0xff, 0xff, 0x0,
    0x0, 0xff, 0xff, 0xff, 0xff, 0xff, 0xff, 0xff,
    0xff, 0xff, 0xff, 0x0, 0x0, 0xde, 0xee, 0xee,
    0xee, 0xff, 0xff, 0xee, 0xee, 0xee, 0xed, 0x0,
    0x0, 0x0, 0x0, 0x0, 0x0, 0x6f, 0xfe, 0x0,
    0x0, 0x0, 0x0, 0x0, 0x0, 0x0, 0x0, 0x0,
    0x0, 0x6f, 0xfe, 0x0, 0x0, 0x0, 0x0, 0x0,
    0x0, 0x0, 0x0, 0x0, 0x0, 0x6f, 0xfe, 0x0,
    0x0, 0x0, 0x0, 0x0, 0x0, 0x0, 0x0, 0x0,
    0x0, 0x6f, 0xfe, 0x0, 0x0, 0x0, 0x0, 0x0,
    0x0, 0x0, 0x0, 0x0, 0x0, 0x6f, 0xfe, 0x0,
    0x0, 0x0, 0x0, 0x0, 0xbf, 0xff, 0xff, 0xff,
    0xff, 0xff, 0xff, 0xff, 0xff, 0xff, 0xff, 0xfb,
    0xbf, 0xff, 0xff, 0xff, 0xff, 0xff, 0xff, 0xff,
    0xff, 0xff, 0xff, 0xfb, 0xbf, 0xff, 0xff, 0xff,
    0xff, 0xff, 0xff, 0xff, 0xff, 0xff, 0xff, 0xfb,
    0x11, 0x11, 0x11, 0x11, 0x11, 0x7f, 0xff, 0x11,
    0x11, 0x11, 0x11, 0x11, 0x0, 0x0, 0x0, 0x0,
    0x0, 0x6f, 0xfe, 0x0, 0x0, 0x0, 0x0, 0x0,
    0x0, 0x0, 0x0, 0x0, 0x0, 0x6f, 0xfe, 0x0,
    0x0, 0x0, 0x0, 0x0, 0x0, 0x0, 0x0, 0x0,
    0x0, 0x6f, 0xfe, 0x0, 0x0, 0x0, 0x0, 0x0,
    0x0, 0x0, 0x0, 0x0, 0x0, 0x6f, 0xfe, 0x0,
    0x0, 0x0, 0x0, 0x0, 0x0, 0x0, 0x0, 0x0,
    0x0, 0x6f, 0xfe, 0x0, 0x0, 0x0, 0x0, 0x0,
    0x0, 0x0, 0x0, 0x0, 0x0, 0x6f, 0xfe, 0x0,
    0x0, 0x0, 0x0, 0x0, 0x0, 0x0, 0x3, 0x33,
    0x33, 0x9f, 0xfe, 0x0, 0x0, 0x0, 0x0, 0x0,
    0x0, 0x0, 0x6, 0xff, 0xff, 0xff, 0xfd, 0x0,
    0x0, 0x0, 0x0, 0x0, 0x0, 0x0, 0x0, 0xef,
    0xff, 0xff, 0xf6, 0x0, 0x0, 0x0, 0x0, 0x0,
    0x0, 0x0, 0x0, 0x9f, 0xfe, 0xda, 0x40, 0x0,
    0x0, 0x0, 0x0, 0x0,

    /* U+4EAC "京" */
    0x0, 0x0, 0x0, 0x0, 0x0, 0x0, 0x11, 0x0,
    0x0, 0x0, 0x0, 0x0, 0x0, 0x0, 0x0, 0x0,
    0x0, 0x4, 0xbf, 0xc0, 0x0, 0x0, 0x0, 0x0,
    0x0, 0x0, 0x0, 0x0, 0x0, 0x0, 0x4f, 0xff,
    0x60, 0x0, 0x0, 0x0, 0x0, 0x0, 0x12, 0x22,
    0x22, 0x22, 0x22, 0xdf, 0xfe, 0x22, 0x22, 0x22,
    0x22, 0x20, 0xb, 0xff, 0xff, 0xff, 0xff, 0xff,
    0xff, 0xff, 0xff, 0xff, 0xff, 0xff, 0x40, 0xbf,
    0xff, 0xff, 0xff, 0xff, 0xff, 0xff, 0xff, 0xff,
    0xff, 0xff, 0xf4, 0xb, 0xff, 0xff, 0xff, 0xff,
    0xff, 0xff, 0xff, 0xff, 0xff, 0xff, 0xff, 0x40,
    0x0, 0x0, 0x0, 0x0, 0x0, 0x0, 0x0, 0x0,
    0x0, 0x0, 0x0, 0x0, 0x0, 0x0, 0x9b, 0xbb,
    0xbb, 0xbb, 0xbb, 0xbb, 0xbb, 0xbb, 0xb6, 0x0,
    0x0, 0x0, 0xc, 0xff, 0xff, 0xff, 0xff, 0xff,
    0xff, 0xff, 0xff, 0x80, 0x0, 0x0, 0x0, 0xcf,
    0xff, 0xff, 0xff, 0xff, 0xff, 0xff, 0xff, 0xf8,
    0x0, 0x0, 0x0, 0xc, 0xff, 0x50, 0x0, 0x0,
    0x0, 0x0, 0xc, 0xff, 0x80, 0x0, 0x0, 0x0,
    0xcf, 0xf5, 0x0, 0x0, 0x0, 0x0, 0x0, 0xcf,
    0xf8, 0x0, 0x0, 0x0, 0xc, 0xff, 0xb8, 0x88,
    0x88, 0x88, 0x88, 0x8e, 0xff, 0x80, 0x0, 0x0,
    0x0, 0xcf, 0xff, 0xff, 0xff, 0xff, 0xff, 0xff,
    0xff, 0xf8, 0x0, 0x0, 0x0, 0xc, 0xff, 0xff,
    0xff, 0xff, 0xff, 0xff, 0xff, 0xff, 0x80, 0x0,
    0x0, 0x0, 0x22, 0x22, 0x22, 0x2c, 0xff, 0xa2,
    0x22, 0x22, 0x21, 0x0, 0x0, 0x0, 0x0, 0x72,
    0x0, 0x0, 0xcf, 0xf8, 0x0, 0x0, 0x70, 0x0,
    0x0, 0x0, 0x0, 0x8f, 0xfc, 0x0, 0xc, 0xff,
    0x80, 0x5, 0xef, 0xb0, 0x0, 0x0, 0x0, 0x4f,
    0xff, 0x80, 0x0, 0xcf, 0xf8, 0x0, 0x5f, 0xff,
    0xb0, 0x0, 0x0, 0x3f, 0xff, 0xc0, 0x0, 0xc,
    0xff, 0x80, 0x0, 0x7f, 0xff, 0x90, 0x0, 0x3f,
    0xff, 0xd1, 0x0, 0x0, 0xcf, 0xf8, 0x0, 0x0,
    0xaf, 0xff, 0x60, 0xd, 0xff, 0xe2, 0x8, 0xff,
    0xff, 0xff, 0x80, 0x0, 0x0, 0xdf, 0xfe, 0x0,
    0x1c, 0xe2, 0x0, 0x2f, 0xff, 0xff, 0xf4, 0x0,
    0x0, 0x2, 0xfb, 0x20, 0x0, 0x1, 0x0, 0x0,
    0xdf, 0xff, 0xc5, 0x0, 0x0, 0x0, 0x2, 0x0,
    0x0, 0x0, 0x0, 0x0, 0x0, 0x0, 0x0, 0x0,
    0x0, 0x0, 0x0, 0x0, 0x0,

    /* U+4EC5 "仅" */
    0x0, 0x0, 0x0, 0x57, 0x20, 0x0, 0x0, 0x0,
    0x0, 0x0, 0x0, 0x0, 0x0, 0x0, 0x0, 0x0,
    0xdf, 0xf8, 0x0, 0x0, 0x0, 0x0, 0x0, 0x0,
    0x0, 0x0, 0x0, 0x0, 0x4, 0xff, 0xf5, 0x22,
    0x22, 0x22, 0x22, 0x22, 0x24, 0x20, 0x0, 0x0,
    0x0, 0xc, 0xff, 0xc8, 0xff, 0xff, 0xff, 0xff,
    0xff, 0xff, 0xfc, 0x0, 0x0, 0x0, 0x5f, 0xff,
    0x48, 0xff, 0xff, 0xff, 0xff, 0xff, 0xff, 0xfe,
    0x0, 0x0, 0x1, 0xef, 0xfb, 0x6, 0xdf, 0xfc,
    0xcc, 0xcc, 0xcc, 0xef, 0xfb, 0x0, 0x0, 0xa,
    0xff, 0xf4, 0x0, 0xef, 0xf1, 0x0, 0x0, 0x0,
    0xaf, 0xf7, 0x0, 0x0, 0x6f, 0xff, 0xf3, 0x0,
    0xbf, 0xf5, 0x0, 0x0, 0x0, 0xef, 0xf3, 0x0,
    0x4, 0xff, 0xff, 0xf3, 0x0, 0x6f, 0xfa, 0x0,
    0x0, 0x3, 0xff, 0xf0, 0x0, 0x3f, 0xff, 0xff,
    0xf3, 0x0, 0x1f, 0xff, 0x0, 0x0, 0x8, 0xff,
    0xa0, 0x0, 0xaf, 0xff, 0xff, 0xf3, 0x0, 0xb,
    0xff, 0x60, 0x0, 0xe, 0xff, 0x50, 0x0, 0x1f,
    0xfb, 0xef, 0xf3, 0x0, 0x5, 0xff, 0xd0, 0x0,
    0x6f, 0xfe, 0x0, 0x0, 0x8, 0xc0, 0xef, 0xf3,
    0x0, 0x0, 0xef, 0xf5, 0x0, 0xdf, 0xf8, 0x0,
    0x0, 0x1, 0x10, 0xef, 0xf3, 0x0, 0x0, 0x7f,
    0xfd, 0x7, 0xff, 0xf1, 0x0, 0x0, 0x0, 0x0,
    0xef, 0xf3, 0x0, 0x0, 0xe, 0xff, 0xaf, 0xff,
    0x80, 0x0, 0x0, 0x0, 0x0, 0xef, 0xf3, 0x0,
    0x0, 0x6, 0xff, 0xff, 0xfe, 0x0, 0x0, 0x0,
    0x0, 0x0, 0xef, 0xf3, 0x0, 0x0, 0x0, 0xcf,
    0xff, 0xf4, 0x0, 0x0, 0x0, 0x0, 0x0, 0xef,
    0xf3, 0x0, 0x0, 0x0, 0xbf, 0xff, 0xe2, 0x0,
    0x0, 0x0, 0x0, 0x0, 0xef, 0xf3, 0x0, 0x0,
    0x1c, 0xff, 0xff, 0xfe, 0x40, 0x0, 0x0, 0x0,
    0x0, 0xef, 0xf3, 0x0, 0x5, 0xef, 0xff, 0xcf,
    0xff, 0xf8, 0x0, 0x0, 0x0, 0x0, 0xef, 0xf3,
    0x3, 0xbf, 0xff, 0xf8, 0x5, 0xff, 0xff, 0xe7,
    0x10, 0x0, 0x0, 0xef, 0xf3, 0xcf, 0xff, 0xfe,
    0x40, 0x0, 0x2d, 0xff, 0xff, 0xe1, 0x0, 0x0,
    0xef, 0xf3, 0x6f, 0xff, 0x80, 0x0, 0x0, 0x0,
    0x7e, 0xff, 0x50, 0x0, 0x0, 0xef, 0xf3, 0xb,
    0x91, 0x0, 0x0, 0x0, 0x0, 0x0, 0x78, 0x0,

    /* U+4ECD "仍" */
    0x0, 0x0, 0xb, 0x83, 0x0, 0x0, 0x0, 0x0,
    0x0, 0x0, 0x0, 0x0, 0x0, 0x0, 0x3, 0xff,
    0xe1, 0x22, 0x22, 0x22, 0x22, 0x23, 0x32, 0x0,
    0x0, 0x0, 0x0, 0x9f, 0xf9, 0x9f, 0xff, 0xff,
    0xff, 0xff, 0xff, 0xf0, 0x0, 0x0, 0x0, 0xf,
    0xff, 0x39, 0xff, 0xff, 0xff, 0xff, 0xff, 0xfd,
    0x0, 0x0, 0x0, 0x6, 0xff, 0xc0, 0x6a, 0xbf,
    0xff, 0xaa, 0xac, 0xff, 0xa0, 0x0, 0x0, 0x0,
    0xef, 0xf6, 0x0, 0x3, 0xff, 0xf0, 0x0, 0x7f,
    0xf7, 0x0, 0x0, 0x0, 0x7f, 0xff, 0x20, 0x0,
    0x4f, 0xff, 0x0, 0xa, 0xff, 0x30, 0x0, 0x0,
    0x1f, 0xff, 0xf2, 0x0, 0x4, 0xff, 0xe0, 0x0,
    0xef, 0xf0, 0x0, 0x0, 0xa, 0xff, 0xff, 0x20,
    0x0, 0x5f, 0xfd, 0x0, 0x1f, 0xfc, 0x1, 0x0,
    0x6, 0xff, 0xff, 0xf2, 0x0, 0x5, 0xff, 0xc0,
    0x5, 0xff, 0xff, 0xff, 0xf3, 0x8f, 0xff, 0xff,
    0x20, 0x0, 0x7f, 0xfb, 0x0, 0x9f, 0xff, 0xff,
    0xff, 0x21, 0xff, 0xef, 0xf2, 0x0, 0x8, 0xff,
    0x90, 0xa, 0xcc, 0xcc, 0xff, 0xf1, 0x9, 0x5d,
    0xff, 0x20, 0x0, 0xaf, 0xf7, 0x0, 0x0, 0x0,
    0xf, 0xff, 0x10, 0x0, 0xdf, 0xf2, 0x0, 0xc,
    0xff, 0x50, 0x0, 0x0, 0x0, 0xff, 0xf0, 0x0,
    0xd, 0xff, 0x20, 0x0, 0xff, 0xf2, 0x0, 0x0,
    0x0, 0x1f, 0xff, 0x0, 0x0, 0xdf, 0xf2, 0x0,
    0x3f, 0xff, 0x0, 0x0, 0x0, 0x2, 0xff, 0xe0,
    0x0, 0xd, 0xff, 0x20, 0x7, 0xff, 0xc0, 0x0,
    0x0, 0x0, 0x3f, 0xfd, 0x0, 0x0, 0xdf, 0xf2,
    0x0, 0xcf, 0xf7, 0x0, 0x0, 0x0, 0x4, 0xff,
    0xb0, 0x0, 0xd, 0xff, 0x20, 0x3f, 0xff, 0x20,
    0x0, 0x0, 0x0, 0x6f, 0xfa, 0x0, 0x0, 0xdf,
    0xf2, 0xa, 0xff, 0xc0, 0x0, 0x0, 0x0, 0x9,
    0xff, 0x80, 0x0, 0xd, 0xff, 0x24, 0xff, 0xf5,
    0x0, 0x0, 0x0, 0x1, 0xef, 0xf5, 0x0, 0x0,
    0xdf, 0xf3, 0xef, 0xfd, 0x0, 0x0, 0x1f, 0xfe,
    0xff, 0xff, 0x10, 0x0, 0xd, 0xff, 0x3c, 0xff,
    0x40, 0x0, 0x0, 0xbf, 0xff, 0xff, 0xa0, 0x0,
    0x0, 0xdf, 0xf2, 0xb, 0x80, 0x0, 0x0, 0x7,
    0xff, 0xfd, 0x80, 0x0, 0x0, 0x2, 0x22, 0x0,
    0x0, 0x0, 0x0, 0x0, 0x0, 0x0, 0x0, 0x0,
    0x0,

    /* U+4ECE "从" */
    0x0, 0x0, 0x0, 0xaa, 0xa4, 0x0, 0x0, 0x0,
    0x9a, 0xa5, 0x0, 0x0, 0x0, 0x0, 0x0, 0x0,
    0xff, 0xf7, 0x0, 0x0, 0x0, 0xef, 0xf8, 0x0,
    0x0, 0x0, 0x0, 0x0, 0x0, 0xff, 0xf6, 0x0,
    0x0, 0x0, 0xff, 0xf8, 0x0, 0x0, 0x0, 0x0,
    0x0, 0x1, 0xff, 0xf5, 0x0, 0x0, 0x0, 0xff,
    0xf6, 0x0, 0x0, 0x0, 0x0, 0x0, 0x2, 0xff,
    0xf4, 0x0, 0x0, 0x1, 0xff, 0xf5, 0x0, 0x0,
    0x0, 0x0, 0x0, 0x3, 0xff, 0xf3, 0x0, 0x0,
    0x2, 0xff, 0xf4, 0x0, 0x0, 0x0, 0x0, 0x0,
    0x4, 0xff, 0xf2, 0x0, 0x0, 0x4, 0xff, 0xf2,
    0x0, 0x0, 0x0, 0x0, 0x0, 0x6, 0xff, 0xf0,
    0x0, 0x0, 0x6, 0xff, 0xf0, 0x0, 0x0, 0x0,
    0x0, 0x0, 0x7, 0xff, 0xf0, 0x0, 0x0, 0x8,
    0xff, 0xf0, 0x0, 0x0, 0x0, 0x0, 0x0, 0x9,
    0xff, 0xf6, 0x0, 0x0, 0xa, 0xff, 0xf0, 0x0,
    0x0, 0x0, 0x0, 0x0, 0xb, 0xff, 0xff, 0x40,
    0x0, 0xd, 0xff, 0xf4, 0x0, 0x0, 0x0, 0x0,
    0x0, 0xe, 0xff, 0xff, 0xe1, 0x0, 0xf, 0xff,
    0xf9, 0x0, 0x0, 0x0, 0x0, 0x0, 0x1f, 0xff,
    0xff, 0xfc, 0x0, 0x3f, 0xff, 0xfe, 0x0, 0x0,
    0x0, 0x0, 0x0, 0x4f, 0xff, 0x7f, 0xff, 0x70,
    0x7f, 0xff, 0xff, 0x30, 0x0, 0x0, 0x0, 0x0,
    0x8f, 0xff, 0x9, 0xff, 0xf2, 0xcf, 0xff, 0xff,
    0xa0, 0x0, 0x0, 0x0, 0x0, 0xdf, 0xfb, 0x0,
    0xef, 0xf9, 0xff, 0xfb, 0xff, 0xf1, 0x0, 0x0,
    0x0, 0x2, 0xff, 0xf7, 0x0, 0x5f, 0x98, 0xff,
    0xf3, 0xdf, 0xf9, 0x0, 0x0, 0x0, 0x8, 0xff,
    0xf2, 0x0, 0x6, 0xe, 0xff, 0xd0, 0x6f, 0xff,
    0x30, 0x0, 0x0, 0xe, 0xff, 0xd0, 0x0, 0x0,
    0x7f, 0xff, 0x70, 0xe, 0xff, 0xd0, 0x0, 0x0,
    0x8f, 0xff, 0x70, 0x0, 0x2, 0xff, 0xff, 0x10,
    0x6, 0xff, 0xfa, 0x0, 0x2, 0xff, 0xff, 0x10,
    0x0, 0xd, 0xff, 0xf7, 0x0, 0x0, 0xdf, 0xff,
    0xb1, 0x1d, 0xff, 0xf8, 0x0, 0x0, 0xcf, 0xff,
    0xd0, 0x0, 0x0, 0x2f, 0xff, 0xc0, 0x8, 0xff,
    0xe0, 0x0, 0x0, 0x7f, 0xff, 0x30, 0x0, 0x0,
    0x5, 0xfe, 0x10, 0x0, 0x3d, 0x30, 0x0, 0x0,
    0x3, 0xd5, 0x0, 0x0, 0x0, 0x0, 0x63, 0x0,
    0x0, 0x0, 0x0, 0x0, 0x0, 0x0, 0x0, 0x0,
    0x0, 0x0, 0x0, 0x0, 0x0,

    /* U+4EF6 "件" */
    0x0, 0x0, 0x0, 0x8b, 0x61, 0x0, 0x0, 0x3,
    0xcc, 0xa0, 0x0, 0x0, 0x0, 0x0, 0x0, 0x0,
    0xef, 0xf7, 0x7, 0x63, 0x5, 0xff, 0xd0, 0x0,
    0x0, 0x0, 0x0, 0x0, 0x6, 0xff, 0xf1, 0xf,
    0xff, 0x25, 0xff, 0xd0, 0x0, 0x0, 0x0, 0x0,
    0x0, 0xd, 0xff, 0x90, 0x3f, 0xfe, 0x5, 0xff,
    0xd0, 0x0, 0x0, 0x0, 0x0, 0x0, 0x6f, 0xff,
    0x20, 0x7f, 0xfb, 0x15, 0xff, 0xe1, 0x11, 0x11,
    0x0, 0x0, 0x1, 0xef, 0xfa, 0x0, 0xcf, 0xff,
    0xff, 0xff, 0xff, 0xff, 0xff, 0x50, 0x0, 0xa,
    0xff, 0xf1, 0x2, 0xff, 0xff, 0xff, 0xff, 0xff,
    0xff, 0xff, 0x50, 0x0, 0x5f, 0xff, 0xe0, 0x8,
    0xff, 0xff, 0xff, 0xff, 0xff, 0xff, 0xff, 0x50,
    0x2, 0xff, 0xff, 0xe0, 0x1f, 0xff, 0x60, 0x5,
    0xff, 0xd0, 0x0, 0x0, 0x0, 0x1d, 0xff, 0xff,
    0xe0, 0x8f, 0xfe, 0x0, 0x5, 0xff, 0xd0, 0x0,
    0x0, 0x0, 0xe, 0xff, 0xff, 0xe0, 0x2a, 0xf7,
    0x0, 0x5, 0xff, 0xd0, 0x0, 0x0, 0x0, 0x6,
    0xfd, 0xff, 0xe0, 0x0, 0x40, 0x0, 0x5, 0xff,
    0xd0, 0x0, 0x0, 0x0, 0x0, 0xd3, 0xff, 0xe0,
    0x14, 0x44, 0x44, 0x47, 0xff, 0xe4, 0x44, 0x44,
    0x42, 0x0, 0x1, 0xff, 0xe0, 0x5f, 0xff, 0xff,
    0xff, 0xff, 0xff, 0xff, 0xff, 0xf8, 0x0, 0x1,
    0xff, 0xe0, 0x5f, 0xff, 0xff, 0xff, 0xff, 0xff,
    0xff, 0xff, 0xf8, 0x0, 0x1, 0xff, 0xe0, 0x4c,
    0xcc, 0xcc, 0xcd, 0xff, 0xfc, 0xcc, 0xcc, 0xc6,
    0x0, 0x1, 0xff, 0xe0, 0x0, 0x0, 0x0, 0x5,
    0xff, 0xd0, 0x0, 0x0, 0x0, 0x0, 0x1, 0xff,
    0xe0, 0x0, 0x0, 0x0, 0x5, 0xff, 0xd0, 0x0,
    0x0, 0x0, 0x0, 0x1, 0xff, 0xe0, 0x0, 0x0,
    0x0, 0x5, 0xff, 0xd0, 0x0, 0x0, 0x0, 0x0,
    0x1, 0xff, 0xe0, 0x0, 0x0, 0x0, 0x5, 0xff,
    0xd0, 0x0, 0x0, 0x0, 0x0, 0x1, 0xff, 0xe0,
    0x0, 0x0, 0x0, 0x5, 0xff, 0xd0, 0x0, 0x0,
    0x0, 0x0, 0x1, 0xff, 0xe0, 0x0, 0x0, 0x0,
    0x5, 0xff, 0xd0, 0x0, 0x0, 0x0, 0x0, 0x1,
    0xff, 0xe0, 0x0, 0x0, 0x0, 0x5, 0xff, 0xd0,
    0x0, 0x0, 0x0, 0x0, 0x1, 0xff, 0xd0, 0x0,
    0x0, 0x0, 0x5, 0xff, 0xd0, 0x0, 0x0, 0x0,

    /* U+4F1A "会" */
    0x0, 0x0, 0x0, 0x0, 0x0, 0x0, 0x0, 0x0,
    0x0, 0x0, 0x0, 0x0, 0x0, 0x0, 0x0, 0x0,
    0x0, 0x0, 0x0, 0x8b, 0x40, 0x0, 0x0, 0x0,
    0x0, 0x0, 0x0, 0x0, 0x0, 0x0, 0x0, 0x6,
    0xff, 0xf7, 0x0, 0x0, 0x0, 0x0, 0x0, 0x0,
    0x0, 0x0, 0x0, 0x0, 0x7f, 0xff, 0xf2, 0x0,
    0x0, 0x0, 0x0, 0x0, 0x0, 0x0, 0x0, 0x0,
    0x9, 0xff, 0xff, 0xfe, 0x50, 0x0, 0x0, 0x0,
    0x0, 0x0, 0x0, 0x0, 0x2, 0xcf, 0xff, 0xdc,
    0xff, 0xfa, 0x10, 0x0, 0x0, 0x0, 0x0, 0x0,
    0x0, 0x7f, 0xff, 0xfc, 0x10, 0xaf, 0xff, 0xf7,
    0x0, 0x0, 0x0, 0x0, 0x0, 0x5d, 0xff, 0xff,
    0xa0, 0x0, 0x6, 0xff, 0xff, 0xe6, 0x0, 0x0,
    0x0, 0x5c, 0xff, 0xff, 0xf7, 0x0, 0x0, 0x0,
    0x3d, 0xff, 0xff, 0xe8, 0x20, 0xd, 0xff, 0xff,
    0xff, 0xff, 0xff, 0xff, 0xff, 0xff, 0xff, 0xff,
    0xff, 0xe1, 0x3, 0xff, 0xfd, 0x5f, 0xff, 0xff,
    0xff, 0xff, 0xff, 0xf4, 0x9f, 0xff, 0x30, 0x0,
    0x7d, 0x60, 0xd, 0xdd, 0xdd, 0xdd, 0xdd, 0xdd,
    0xd2, 0x2, 0x97, 0x0, 0x0, 0x0, 0x0, 0x0,
    0x0, 0x0, 0x0, 0x0, 0x0, 0x0, 0x0, 0x0,
    0x0, 0x0, 0x11, 0x11, 0x11, 0x11, 0x11, 0x11,
    0x11, 0x11, 0x11, 0x11, 0x11, 0x0, 0x0, 0xbf,
    0xff, 0xff, 0xff, 0xff, 0xff, 0xff, 0xff, 0xff,
    0xff, 0xfe, 0x0, 0x0, 0xbf, 0xff, 0xff, 0xff,
    0xff, 0xff, 0xff, 0xff, 0xff, 0xff, 0xfe, 0x0,
    0x0, 0xaf, 0xff, 0xff, 0xff, 0xff, 0xff, 0xff,
    0xff, 0xff, 0xff, 0xfe, 0x0, 0x0, 0x0, 0x0,
    0x0, 0xdf, 0xff, 0x70, 0x0, 0x18, 0xc1, 0x0,
    0x0, 0x0, 0x0, 0x0, 0x0, 0xb, 0xff, 0xf9,
    0x0, 0x1, 0xef, 0xfd, 0x10, 0x0, 0x0, 0x0,
    0x0, 0x0, 0xaf, 0xff, 0xa0, 0x0, 0x0, 0x4f,
    0xff, 0xd1, 0x0, 0x0, 0x0, 0x0, 0x1b, 0xff,
    0xfa, 0x0, 0x0, 0x12, 0x38, 0xff, 0xfc, 0x0,
    0x0, 0x0, 0x5, 0xdf, 0xff, 0xfd, 0xde, 0xff,
    0xff, 0xff, 0xff, 0xff, 0xa0, 0x0, 0x0, 0xa,
    0xff, 0xff, 0xff, 0xff, 0xff, 0xff, 0xff, 0xff,
    0xff, 0xf6, 0x0, 0x0, 0x4, 0xff, 0xff, 0xff,
    0xff, 0xff, 0xdc, 0xba, 0x97, 0xdf, 0xff, 0x0,
    0x0, 0x0, 0xda, 0x86, 0x53, 0x21, 0x0, 0x0,
    0x0, 0x0, 0x2f, 0xc2, 0x0, 0x0, 0x0, 0x0,
    0x0, 0x0, 0x0, 0x0, 0x0, 0x0, 0x0, 0x3,
    0x0, 0x0,

    /* U+4F20 "传" */
    0x0, 0x0, 0x0, 0x77, 0x20, 0x0, 0x0, 0x57,
    0x51, 0x0, 0x0, 0x0, 0x0, 0x0, 0x0, 0x1,
    0xff, 0xf3, 0x0, 0x0, 0xdf, 0xf4, 0x0, 0x0,
    0x0, 0x0, 0x0, 0x0, 0x7, 0xff, 0xd1, 0x22,
    0x23, 0xff, 0xf2, 0x22, 0x22, 0x21, 0x0, 0x0,
    0x0, 0x1f, 0xff, 0x6a, 0xff, 0xff, 0xff, 0xff,
    0xff, 0xff, 0xff, 0x0, 0x0, 0x0, 0x9f, 0xfe,
    0xa, 0xff, 0xff, 0xff, 0xff, 0xff, 0xff, 0xff,
    0x0, 0x0, 0x3, 0xff, 0xf7, 0x7, 0xbb, 0xbf,
    0xff, 0xcb, 0xbb, 0xbb, 0xbb, 0x0, 0x0, 0xd,
    0xff, 0xf0, 0x0, 0x0, 0x1f, 0xff, 0x0, 0x0,
    0x0, 0x0, 0x0, 0x0, 0xaf, 0xff, 0xe1, 0xbb,
    0xbb, 0xcf, 0xff, 0xbb, 0xbb, 0xbb, 0xbb, 0xb3,
    0x7, 0xff, 0xff, 0xe2, 0xff, 0xff, 0xff, 0xff,
    0xff, 0xff, 0xff, 0xff, 0xf4, 0x4f, 0xff, 0xff,
    0xe2, 0xff, 0xff, 0xff, 0xff, 0xff, 0xff, 0xff,
    0xff, 0xf4, 0xe, 0xff, 0xff, 0xe0, 0x33, 0x35,
    0xff, 0xe3, 0x33, 0x33, 0x33, 0x33, 0x30, 0x8,
    0xfd, 0xff, 0xe0, 0x0, 0x7, 0xff, 0xa0, 0x0,
    0x0, 0x0, 0x0, 0x0, 0x1, 0xc3, 0xff, 0xe0,
    0x0, 0xc, 0xff, 0x72, 0x22, 0x22, 0x23, 0x20,
    0x0, 0x0, 0x2, 0xff, 0xe0, 0x0, 0x1f, 0xff,
    0xff, 0xff, 0xff, 0xff, 0xf9, 0x10, 0x0, 0x2,
    0xff, 0xe0, 0x0, 0x5f, 0xff, 0xff, 0xff, 0xff,
    0xff, 0xfe, 0x30, 0x0, 0x2, 0xff, 0xe0, 0x0,
    0x7c, 0xcc, 0xcc, 0xcc, 0xdf, 0xff, 0xf3, 0x0,
    0x0, 0x2, 0xff, 0xe0, 0x0, 0x0, 0x0, 0x0,
    0x1, 0xcf, 0xff, 0x30, 0x0, 0x0, 0x2, 0xff,
    0xe0, 0x0, 0x0, 0x6, 0x60, 0x1c, 0xff, 0xf3,
    0x0, 0x0, 0x0, 0x2, 0xff, 0xe0, 0x0, 0x0,
    0x9f, 0xfd, 0xdf, 0xff, 0x30, 0x0, 0x0, 0x0,
    0x2, 0xff, 0xe0, 0x0, 0x0, 0x8f, 0xff, 0xff,
    0xf3, 0x0, 0x0, 0x0, 0x0, 0x2, 0xff, 0xe0,
    0x0, 0x0, 0x2, 0xcf, 0xff, 0xf6, 0x0, 0x0,
    0x0, 0x0, 0x2, 0xff, 0xe0, 0x0, 0x0, 0x0,
    0x6, 0xff, 0xff, 0xb0, 0x0, 0x0, 0x0, 0x2,
    0xff, 0xe0, 0x0, 0x0, 0x0, 0x0, 0x2d, 0xff,
    0xa0, 0x0, 0x0, 0x0, 0x2, 0xff, 0xe0, 0x0,
    0x0, 0x0, 0x0, 0x0, 0xa9, 0x0, 0x0, 0x0,
    0x0, 0x0, 0x0, 0x0, 0x0, 0x0, 0x0, 0x0,
    0x0, 0x0, 0x0, 0x0, 0x0,

    /* U+4F4D "位" */
    0x0, 0x0, 0x0, 0x0, 0x0, 0x0, 0x0, 0x3,
    0x75, 0x0, 0x0, 0x0, 0x0, 0x0, 0x0, 0x8,
    0xfa, 0x40, 0x0, 0x6, 0xff, 0xd0, 0x0, 0x0,
    0x0, 0x0, 0x0, 0x0, 0xef, 0xf6, 0x0, 0x0,
    0x1f, 0xff, 0x20, 0x0, 0x0, 0x0, 0x0, 0x0,
    0x6f, 0xfe, 0x0, 0x0, 0x0, 0xcf, 0xf8, 0x0,
    0x0, 0x0, 0x0, 0x0, 0xd, 0xff, 0x80, 0x0,
    0x0, 0x8, 0xea, 0x40, 0x0, 0x0, 0x0, 0x0,
    0x7, 0xff, 0xf1, 0x7e, 0xee, 0xee, 0xfe, 0xee,
    0xee, 0xee, 0xe0, 0x0, 0x1, 0xff, 0xf8, 0x8,
    0xff, 0xff, 0xff, 0xff, 0xff, 0xff, 0xff, 0x0,
    0x0, 0xbf, 0xff, 0x30, 0x8f, 0xff, 0xff, 0xff,
    0xff, 0xff, 0xff, 0xf0, 0x0, 0x7f, 0xff, 0xf3,
    0x0, 0x11, 0x11, 0x11, 0x11, 0x12, 0x21, 0x11,
    0x0, 0x4f, 0xff, 0xff, 0x30, 0x0, 0x8c, 0xe0,
    0x0, 0x0, 0x5f, 0xeb, 0x0, 0x1f, 0xff, 0xff,
    0xf3, 0x0, 0xd, 0xff, 0x20, 0x0, 0x7, 0xff,
    0xd0, 0x0, 0xbf, 0xff, 0xff, 0x30, 0x0, 0xaf,
    0xf6, 0x0, 0x0, 0x9f, 0xfa, 0x0, 0x3, 0xf9,
    0xef, 0xf3, 0x0, 0x7, 0xff, 0x90, 0x0, 0xb,
    0xff, 0x70, 0x0, 0x6, 0xe, 0xff, 0x30, 0x0,
    0x4f, 0xfc, 0x0, 0x0, 0xdf, 0xf4, 0x0, 0x0,
    0x0, 0xef, 0xf3, 0x0, 0x2, 0xff, 0xf0, 0x0,
    0xf, 0xff, 0x0, 0x0, 0x0, 0xe, 0xff, 0x30,
    0x0, 0xf, 0xff, 0x10, 0x3, 0xff, 0xd0, 0x0,
    0x0, 0x0, 0xef, 0xf3, 0x0, 0x0, 0xdf, 0xf3,
    0x0, 0x6f, 0xfa, 0x0, 0x0, 0x0, 0xe, 0xff,
    0x30, 0x0, 0xb, 0xff, 0x60, 0x9, 0xff, 0x60,
    0x0, 0x0, 0x0, 0xef, 0xf3, 0x0, 0x0, 0x9f,
    0xf8, 0x0, 0xcf, 0xf2, 0x0, 0x0, 0x0, 0xe,
    0xff, 0x30, 0x0, 0x8, 0xfc, 0x50, 0xf, 0xfe,
    0x0, 0x0, 0x0, 0x0, 0xef, 0xf3, 0x0, 0x0,
    0x11, 0x0, 0x3, 0xff, 0xa0, 0x0, 0x0, 0x0,
    0xe, 0xff, 0x37, 0xff, 0xff, 0xff, 0xff, 0xff,
    0xff, 0xff, 0xfd, 0x0, 0x0, 0xef, 0xf3, 0x7f,
    0xff, 0xff, 0xff, 0xff, 0xff, 0xff, 0xff, 0xe0,
    0x0, 0xe, 0xff, 0x37, 0xff, 0xff, 0xff, 0xff,
    0xff, 0xff, 0xff, 0xfe, 0x0, 0x0, 0xef, 0xf3,
    0x1, 0x11, 0x11, 0x11, 0x11, 0x11, 0x11, 0x11,
    0x10,

    /* U+4F59 "余" */
    0x0, 0x0, 0x0, 0x0, 0x0, 0x0, 0x2, 0x0,
    0x0, 0x0, 0x0, 0x0, 0x0, 0x0, 0x0, 0x0,
    0x0, 0x0, 0x0, 0x9f, 0x81, 0x0, 0x0, 0x0,
    0x0, 0x0, 0x0, 0x0, 0x0, 0x0, 0x0, 0x8,
    0xff, 0xf4, 0x0, 0x0, 0x0, 0x0, 0x0, 0x0,
    0x0, 0x0, 0x0, 0x0, 0x9f, 0xff, 0xfe, 0x30,
    0x0, 0x0, 0x0, 0x0, 0x0, 0x0, 0x0, 0x0,
    0x1c, 0xff, 0xfe, 0xff, 0xf5, 0x0, 0x0, 0x0,
    0x0, 0x0, 0x0, 0x0, 0x5, 0xef, 0xff, 0x41,
    0xcf, 0xff, 0xa1, 0x0, 0x0, 0x0, 0x0, 0x0,
    0x1, 0xaf, 0xff, 0xe3, 0x0, 0xb, 0xff, 0xfe,
    0x60, 0x0, 0x0, 0x0, 0x1, 0x8f, 0xff, 0xfc,
    0x10, 0x0, 0x0, 0x8f, 0xff, 0xfd, 0x60, 0x0,
    0x1, 0x8f, 0xff, 0xff, 0xb3, 0x33, 0x33, 0x33,
    0x37, 0xff, 0xff, 0xfe, 0x71, 0x2f, 0xff, 0xff,
    0xff, 0xff, 0xff, 0xff, 0xff, 0xff, 0xff, 0xff,
    0xff, 0xf7, 0x5, 0xff, 0xf7, 0x9f, 0xff, 0xff,
    0xff, 0xff, 0xff, 0xfd, 0x2a, 0xff, 0xa0, 0x0,
    0x99, 0x10, 0x59, 0x99, 0x9c, 0xff, 0xf9, 0x99,
    0x97, 0x0, 0x29, 0x10, 0x0, 0x0, 0x0, 0x0,
    0x0, 0x6, 0xff, 0xe0, 0x0, 0x0, 0x0, 0x0,
    0x0, 0x0, 0x0, 0x0, 0x0, 0x0, 0x7, 0xff,
    0xe0, 0x0, 0x0, 0x0, 0x0, 0x0, 0x0, 0xf,
    0xff, 0xff, 0xff, 0xff, 0xff, 0xff, 0xff, 0xff,
    0xff, 0xfc, 0x0, 0x0, 0xf, 0xff, 0xff, 0xff,
    0xff, 0xff, 0xff, 0xff, 0xff, 0xff, 0xfc, 0x0,
    0x0, 0xd, 0xdd, 0xdd, 0xdd, 0xde, 0xff, 0xfd,
    0xdd, 0xdd, 0xdd, 0xda, 0x0, 0x0, 0x0, 0x0,
    0x31, 0x0, 0x6, 0xff, 0xe0, 0x0, 0x12, 0x0,
    0x0, 0x0, 0x0, 0x0, 0x3, 0xff, 0xa2, 0x6,
    0xff, 0xe0, 0x6, 0xef, 0x50, 0x0, 0x0, 0x0,
    0x0, 0x3e, 0xff, 0xc0, 0x6, 0xff, 0xe0, 0x1d,
    0xff, 0xf8, 0x0, 0x0, 0x0, 0x5, 0xff, 0xfd,
    0x10, 0x6, 0xff, 0xe0, 0x1, 0xbf, 0xff, 0xa0,
    0x0, 0x1, 0xaf, 0xff, 0xd1, 0x0, 0x7, 0xff,
    0xe0, 0x0, 0xa, 0xff, 0xfb, 0x0, 0x3, 0xef,
    0xfc, 0x10, 0xdf, 0xff, 0xff, 0xd0, 0x0, 0x0,
    0xaf, 0xff, 0x40, 0x0, 0x2d, 0xa0, 0x0, 0x7f,
    0xff, 0xff, 0x80, 0x0, 0x0, 0xb, 0xb2, 0x0,
    0x0, 0x0, 0x0, 0x0, 0x1f, 0xfe, 0xc6, 0x0,
    0x0, 0x0, 0x0, 0x0, 0x0,

    /* U+4F5C "作" */
    0x0, 0x0, 0x0, 0x0, 0x0, 0x0, 0x0, 0x0,
    0x0, 0x0, 0x0, 0x0, 0x0, 0x0, 0x0, 0x0,
    0xac, 0x71, 0x0, 0x9, 0xa6, 0x10, 0x0, 0x0,
    0x0, 0x0, 0x0, 0x0, 0x1, 0xff, 0xf5, 0x0,
    0x1f, 0xff, 0x30, 0x0, 0x0, 0x0, 0x0, 0x0,
    0x0, 0x8, 0xff, 0xe0, 0x0, 0x7f, 0xfd, 0x0,
    0x0, 0x0, 0x0, 0x0, 0x0, 0x0, 0xe, 0xff,
    0x70, 0x0, 0xdf, 0xf7, 0x0, 0x0, 0x0, 0x0,
    0x0, 0x0, 0x0, 0x8f, 0xff, 0x10, 0x5, 0xff,
    0xff, 0xee, 0xee, 0xee, 0xee, 0xe4, 0x0, 0x2,
    0xff, 0xf8, 0x0, 0xd, 0xff, 0xff, 0xff, 0xff,
    0xff, 0xff, 0xf5, 0x0, 0xb, 0xff, 0xf1, 0x0,
    0x7f, 0xff, 0xff, 0xff, 0xff, 0xff, 0xff, 0xf5,
    0x0, 0x7f, 0xff, 0xf0, 0x1, 0xff, 0xf8, 0x5f,
    0xfe, 0x0, 0x0, 0x0, 0x0, 0x3, 0xff, 0xff,
    0xf0, 0xc, 0xff, 0xe0, 0x4f, 0xfe, 0x0, 0x0,
    0x0, 0x0, 0x2e, 0xff, 0xff, 0xf0, 0x9f, 0xff,
    0x50, 0x4f, 0xfe, 0x0, 0x0, 0x0, 0x0, 0x1f,
    0xff, 0xff, 0xf1, 0x9f, 0xfa, 0x0, 0x4f, 0xff,
    0xff, 0xff, 0xff, 0xb0, 0x8, 0xfd, 0xff, 0xf0,
    0x7, 0xd0, 0x0, 0x4f, 0xff, 0xff, 0xff, 0xff,
    0xb0, 0x1, 0xc2, 0xff, 0xf0, 0x0, 0x10, 0x0,
    0x4f, 0xff, 0xdd, 0xdd, 0xdd, 0x80, 0x0, 0x1,
    0xff, 0xf0, 0x0, 0x0, 0x0, 0x4f, 0xfe, 0x0,
    0x0, 0x0, 0x0, 0x0, 0x1, 0xff, 0xf0, 0x0,
    0x0, 0x0, 0x4f, 0xfe, 0x0, 0x0, 0x0, 0x0,
    0x0, 0x1, 0xff, 0xf0, 0x0, 0x0, 0x0, 0x4f,
    0xff, 0x22, 0x22, 0x22, 0x20, 0x0, 0x1, 0xff,
    0xf0, 0x0, 0x0, 0x0, 0x4f, 0xff, 0xff, 0xff,
    0xff, 0xf0, 0x0, 0x1, 0xff, 0xf0, 0x0, 0x0,
    0x0, 0x4f, 0xff, 0xff, 0xff, 0xff, 0xf0, 0x0,
    0x1, 0xff, 0xf0, 0x0, 0x0, 0x0, 0x4f, 0xff,
    0xcc, 0xcc, 0xcc, 0xc0, 0x0, 0x1, 0xff, 0xf0,
    0x0, 0x0, 0x0, 0x4f, 0xfe, 0x0, 0x0, 0x0,
    0x0, 0x0, 0x1, 0xff, 0xf0, 0x0, 0x0, 0x0,
    0x4f, 0xfe, 0x0, 0x0, 0x0, 0x0, 0x0, 0x1,
    0xff, 0xf0, 0x0, 0x0, 0x0, 0x4f, 0xfe, 0x0,
    0x0, 0x0, 0x0, 0x0, 0x1, 0xff, 0xf0, 0x0,
    0x0, 0x0, 0x4f, 0xfe, 0x0, 0x0, 0x0, 0x0,
    0x0, 0x1, 0xff, 0xf0, 0x0, 0x0, 0x0, 0x4f,
    0xfe, 0x0, 0x0, 0x0, 0x0,

    /* U+4F7F "使" */
    0x0, 0x0, 0x0, 0x21, 0x0, 0x0, 0x0, 0x2,
    0x22, 0x0, 0x0, 0x0, 0x0, 0x0, 0x0, 0x0,
    0xbf, 0xc3, 0x0, 0x0, 0xe, 0xff, 0x20, 0x0,
    0x0, 0x0, 0x0, 0x0, 0x2, 0xff, 0xf2, 0x0,
    0x0, 0xe, 0xff, 0x20, 0x0, 0x0, 0x0, 0x0,
    0x0, 0xa, 0xff, 0xfc, 0xcc, 0xcc, 0xcf, 0xff,
    0xcc, 0xcc, 0xcc, 0xc0, 0x0, 0x0, 0x3f, 0xff,
    0xbf, 0xff, 0xff, 0xff, 0xff, 0xff, 0xff, 0xff,
    0xf1, 0x0, 0x0, 0xcf, 0xfb, 0x7f, 0xff, 0xff,
    0xff, 0xff, 0xff, 0xff, 0xff, 0xf1, 0x0, 0x6,
    0xff, 0xf3, 0x1, 0x11, 0x11, 0x1f, 0xff, 0x31,
    0x11, 0x11, 0x10, 0x0, 0x2f, 0xff, 0xf1, 0x0,
    0x0, 0x0, 0xe, 0xff, 0x20, 0x0, 0x0, 0x0,
    0x0, 0xcf, 0xff, 0xf1, 0xc, 0xff, 0xff, 0xff,
    0xff, 0xff, 0xff, 0xff, 0xb0, 0xa, 0xff, 0xff,
    0xf1, 0xd, 0xff, 0xff, 0xff, 0xff, 0xff, 0xff,
    0xff, 0xb0, 0x7f, 0xff, 0xff, 0xf1, 0xd, 0xff,
    0x99, 0x9f, 0xff, 0xa9, 0x9b, 0xff, 0xb0, 0x1f,
    0xfc, 0xef, 0xf1, 0xd, 0xff, 0x0, 0xe, 0xff,
    0x20, 0x4, 0xff, 0xb0, 0x8, 0xe1, 0xef, 0xf1,
    0xd, 0xff, 0x0, 0xe, 0xff, 0x20, 0x4, 0xff,
    0xb0, 0x1, 0x20, 0xef, 0xf1, 0xd, 0xff, 0xff,
    0xff, 0xff, 0xff, 0xff, 0xff, 0xb0, 0x0, 0x0,
    0xef, 0xf1, 0xd, 0xff, 0xff, 0xff, 0xff, 0xff,
    0xff, 0xff, 0xb0, 0x0, 0x0, 0xef, 0xf1, 0x7,
    0x9a, 0x99, 0xaf, 0xff, 0x99, 0x99, 0x99, 0x70,
    0x0, 0x0, 0xef, 0xf1, 0x7, 0xde, 0x10, 0x4f,
    0xfd, 0x0, 0x0, 0x0, 0x0, 0x0, 0x0, 0xef,
    0xf1, 0x5, 0xff, 0xd1, 0xaf, 0xf9, 0x0, 0x0,
    0x0, 0x0, 0x0, 0x0, 0xef, 0xf1, 0x0, 0x9f,
    0xfe, 0xff, 0xf4, 0x0, 0x0, 0x0, 0x0, 0x0,
    0x0, 0xef, 0xf1, 0x0, 0xa, 0xff, 0xff, 0xd0,
    0x0, 0x0, 0x0, 0x0, 0x0, 0x0, 0xef, 0xf1,
    0x0, 0x2, 0xff, 0xff, 0xf9, 0x30, 0x0, 0x0,
    0x0, 0x0, 0x0, 0xef, 0xf1, 0x2, 0x9f, 0xff,
    0xff, 0xff, 0xfe, 0xa6, 0x31, 0x0, 0x0, 0x0,
    0xef, 0xf3, 0xdf, 0xff, 0xff, 0x68, 0xff, 0xff,
    0xff, 0xff, 0xe2, 0x0, 0x0, 0xef, 0xf1, 0x8f,
    0xff, 0xb2, 0x0, 0x6, 0xbf, 0xff, 0xff, 0xa0,
    0x0, 0x0, 0xef, 0xf1, 0xb, 0x92, 0x0, 0x0,
    0x0, 0x0, 0x47, 0xad, 0x20,

    /* U+4FDD "保" */
    0x0, 0x0, 0x0, 0x0, 0x0, 0x0, 0x0, 0x0,
    0x0, 0x0, 0x0, 0x0, 0x0, 0x0, 0x0, 0x0,
    0x9b, 0x61, 0x0, 0x0, 0x0, 0x0, 0x0, 0x0,
    0x0, 0x0, 0x0, 0x0, 0x1, 0xff, 0xf3, 0xef,
    0xff, 0xff, 0xff, 0xff, 0xff, 0xfe, 0x0, 0x0,
    0x0, 0x7, 0xff, 0xc0, 0xff, 0xff, 0xff, 0xff,
    0xff, 0xff, 0xfe, 0x0, 0x0, 0x0, 0x1f, 0xff,
    0x50, 0xff, 0xfc, 0xcc, 0xcc, 0xcc, 0xdf, 0xfe,
    0x0, 0x0, 0x0, 0x9f, 0xfd, 0x0, 0xff, 0xf0,
    0x0, 0x0, 0x0, 0x3f, 0xfe, 0x0, 0x0, 0x3,
    0xff, 0xf5, 0x0, 0xff, 0xf0, 0x0, 0x0, 0x0,
    0x3f, 0xfe, 0x0, 0x0, 0xd, 0xff, 0xf1, 0x0,
    0xff, 0xf0, 0x0, 0x0, 0x0, 0x3f, 0xfe, 0x0,
    0x0, 0x9f, 0xff, 0xf1, 0x0, 0xff, 0xfb, 0xbb,
    0xbb, 0xbb, 0xcf, 0xfe, 0x0, 0x6, 0xff, 0xff,
    0xf1, 0x0, 0xff, 0xff, 0xff, 0xff, 0xff, 0xff,
    0xfe, 0x0, 0x4f, 0xff, 0xff, 0xf1, 0x0, 0xff,
    0xff, 0xff, 0xff, 0xff, 0xff, 0xfe, 0x0, 0x1e,
    0xff, 0xff, 0xf1, 0x0, 0x0, 0x0, 0xe, 0xff,
    0x30, 0x0, 0x0, 0x0, 0x7, 0xf4, 0xef, 0xf1,
    0x0, 0x0, 0x0, 0xe, 0xff, 0x30, 0x0, 0x0,
    0x0, 0x0, 0x50, 0xef, 0xf1, 0x9c, 0xcc, 0xcc,
    0xcf, 0xff, 0xdc, 0xcc, 0xcc, 0xb0, 0x0, 0x0,
    0xef, 0xf1, 0xcf, 0xff, 0xff, 0xff, 0xff, 0xff,
    0xff, 0xff, 0xf0, 0x0, 0x0, 0xef, 0xf1, 0xcf,
    0xff, 0xff, 0xff, 0xff, 0xff, 0xff, 0xff, 0xf0,
    0x0, 0x0, 0xef, 0xf1, 0x0, 0x0, 0x1c, 0xff,
    0xff, 0xff, 0x20, 0x0, 0x0, 0x0, 0x0, 0xef,
    0xf1, 0x0, 0x0, 0x9f, 0xff, 0xff, 0xff, 0xd0,
    0x0, 0x0, 0x0, 0x0, 0xef, 0xf1, 0x0, 0x8,
    0xff, 0xff, 0xff, 0xdf, 0xfb, 0x0, 0x0, 0x0,
    0x0, 0xef, 0xf1, 0x0, 0x9f, 0xff, 0x5e, 0xff,
    0x4d, 0xff, 0xc1, 0x0, 0x0, 0x0, 0xef, 0xf1,
    0x2c, 0xff, 0xf8, 0xe, 0xff, 0x32, 0xef, 0xfd,
    0x20, 0x0, 0x0, 0xef, 0xf6, 0xff, 0xff, 0x90,
    0xe, 0xff, 0x30, 0x3f, 0xff, 0xf5, 0x0, 0x0,
    0xef, 0xf1, 0xbf, 0xf8, 0x0, 0xe, 0xff, 0x30,
    0x4, 0xff, 0xd0, 0x0, 0x0, 0xef, 0xf1, 0xc,
    0x50, 0x0, 0xe, 0xff, 0x30, 0x0, 0x2d, 0x20,
    0x0, 0x0, 0xde, 0xe1, 0x0, 0x0, 0x0, 0xe,
    0xff, 0x30, 0x0, 0x0, 0x0,

    /* U+5019 "候" */
    0x0, 0x0, 0xd, 0x95, 0x0, 0x0, 0x0, 0x0,
    0x0, 0x0, 0x0, 0x0, 0x0, 0x0, 0x0, 0x4f,
    0xfd, 0x0, 0x0, 0xbf, 0xff, 0xff, 0xff, 0xff,
    0xf1, 0x0, 0x0, 0x0, 0x9f, 0xf8, 0x0, 0x0,
    0xcf, 0xff, 0xff, 0xff, 0xff, 0xf0, 0x0, 0x0,
    0x0, 0xff, 0xf2, 0x0, 0x0, 0x69, 0x99, 0x99,
    0x99, 0xff, 0xe0, 0x0, 0x0, 0x6, 0xff, 0xc0,
    0x0, 0x0, 0x0, 0x0, 0x0, 0x3, 0xff, 0xc0,
    0x0, 0x0, 0xd, 0xff, 0x69, 0xff, 0x27, 0x77,
    0x77, 0x77, 0x7a, 0xff, 0xc7, 0x50, 0x0, 0x5f,
    0xff, 0x2a, 0xff, 0x3f, 0xff, 0xff, 0xff, 0xff,
    0xff, 0xff, 0xc0, 0x0, 0xdf, 0xff, 0x2a, 0xff,
    0x3f, 0xff, 0xff, 0xff, 0xff, 0xff, 0xff, 0xc0,
    0x8, 0xff, 0xff, 0x2a, 0xff, 0x13, 0x3d, 0xd9,
    0x43, 0x33, 0x33, 0x33, 0x20, 0x3f, 0xff, 0xff,
    0x2a, 0xff, 0x10, 0x1f, 0xff, 0x10, 0x0, 0x0,
    0x0, 0x0, 0x5f, 0xff, 0xff, 0x2a, 0xff, 0x10,
    0x9f, 0xff, 0xdd, 0xdd, 0xdd, 0xdd, 0x40, 0xd,
    0xff, 0xff, 0x2a, 0xff, 0x12, 0xff, 0xff, 0xff,
    0xff, 0xff, 0xff, 0x50, 0x6, 0x9d, 0xff, 0x2a,
    0xff, 0x1c, 0xff, 0xdb, 0xdf, 0xfe, 0xbb, 0xbb,
    0x30, 0x1, 0xd, 0xff, 0x2a, 0xff, 0x7f, 0xff,
    0x20, 0x6f, 0xfa, 0x0, 0x0, 0x0, 0x0, 0xd,
    0xff, 0x2a, 0xff, 0x13, 0xc6, 0x0, 0x6f, 0xfa,
    0x0, 0x0, 0x0, 0x0, 0xd, 0xff, 0x2a, 0xff,
    0x2d, 0xdd, 0xdd, 0xef, 0xff, 0xdd, 0xdd, 0xc0,
    0x0, 0xd, 0xff, 0x2a, 0xff, 0x2f, 0xff, 0xff,
    0xff, 0xff, 0xff, 0xff, 0xe0, 0x0, 0xd, 0xff,
    0x2a, 0xff, 0x2c, 0xcc, 0xcc, 0xff, 0xff, 0xcc,
    0xcc, 0xa0, 0x0, 0xd, 0xff, 0x2a, 0xff, 0x10,
    0x0, 0x6, 0xff, 0xff, 0x60, 0x0, 0x0, 0x0,
    0xd, 0xff, 0x20, 0x11, 0x0, 0x0, 0x6f, 0xff,
    0xff, 0xf5, 0x0, 0x0, 0x0, 0xd, 0xff, 0x20,
    0x0, 0x0, 0x2b, 0xff, 0xf9, 0x5f, 0xff, 0xa2,
    0x0, 0x0, 0xd, 0xff, 0x20, 0x1, 0x6b, 0xff,
    0xff, 0x80, 0x7, 0xff, 0xff, 0xc2, 0x0, 0xd,
    0xff, 0x20, 0x0, 0xaf, 0xff, 0xd4, 0x0, 0x0,
    0x4e, 0xff, 0xb0, 0x0, 0xd, 0xff, 0x20, 0x0,
    0xa, 0xc5, 0x0, 0x0, 0x0, 0x0, 0x6c, 0x20,
    0x0, 0x0, 0x0, 0x0, 0x0, 0x0, 0x0, 0x0,
    0x0, 0x0, 0x0, 0x0, 0x0,

    /* U+503C "值" */
    0x0, 0x0, 0x0, 0x0, 0x0, 0x0, 0x0, 0x0,
    0x0, 0x0, 0x0, 0x0, 0x0, 0x0, 0x0, 0x0,
    0xc9, 0x40, 0x0, 0x0, 0xd, 0xff, 0x60, 0x0,
    0x0, 0x0, 0x0, 0x0, 0x3, 0xff, 0xe0, 0x0,
    0x0, 0xe, 0xff, 0x30, 0x0, 0x0, 0x0, 0x0,
    0x0, 0xa, 0xff, 0xab, 0xbb, 0xbb, 0xbf, 0xff,
    0xbb, 0xbb, 0xbb, 0x80, 0x0, 0x0, 0x1f, 0xff,
    0x3f, 0xff, 0xff, 0xff, 0xff, 0xff, 0xff, 0xff,
    0xc0, 0x0, 0x0, 0x9f, 0xfb, 0x1f, 0xff, 0xff,
    0xff, 0xff, 0xff, 0xff, 0xff, 0xb0, 0x0, 0x2,
    0xff, 0xf3, 0x0, 0x0, 0x0, 0x7f, 0xf7, 0x0,
    0x0, 0x0, 0x0, 0x0, 0xb, 0xff, 0xc0, 0x0,
    0x44, 0x44, 0xbf, 0xf7, 0x44, 0x44, 0x40, 0x0,
    0x0, 0x6f, 0xff, 0xb0, 0x2, 0xff, 0xff, 0xff,
    0xff, 0xff, 0xff, 0xf2, 0x0, 0x2, 0xff, 0xff,
    0xb0, 0x2, 0xff, 0xff, 0xff, 0xff, 0xff, 0xff,
    0xf2, 0x0, 0x1d, 0xff, 0xff, 0xb0, 0x2, 0xff,
    0x90, 0x0, 0x0, 0x0, 0xbf, 0xf2, 0x0, 0xd,
    0xff, 0xff, 0xb0, 0x2, 0xff, 0xb5, 0x55, 0x55,
    0x55, 0xdf, 0xf2, 0x0, 0x5, 0xfd, 0xff, 0xb0,
    0x2, 0xff, 0xff, 0xff, 0xff, 0xff, 0xff, 0xf2,
    0x0, 0x0, 0xc4, 0xff, 0xb0, 0x2, 0xff, 0xed,
    0xdd, 0xdd, 0xdd, 0xff, 0xf2, 0x0, 0x0, 0x3,
    0xff, 0xb0, 0x2, 0xff, 0x90, 0x0, 0x0, 0x0,
    0xbf, 0xf2, 0x0, 0x0, 0x3, 0xff, 0xb0, 0x2,
    0xff, 0xff, 0xff, 0xff, 0xff, 0xff, 0xf2, 0x0,
    0x0, 0x3, 0xff, 0xb0, 0x2, 0xff, 0xff, 0xff,
    0xff, 0xff, 0xff, 0xf2, 0x0, 0x0, 0x3, 0xff,
    0xb0, 0x2, 0xff, 0xa2, 0x22, 0x22, 0x22, 0xcf,
    0xf2, 0x0, 0x0, 0x3, 0xff, 0xb0, 0x2, 0xff,
    0xa2, 0x22, 0x22, 0x22, 0xcf, 0xf2, 0x0, 0x0,
    0x3, 0xff, 0xb0, 0x2, 0xff, 0xff, 0xff, 0xff,
    0xff, 0xff, 0xf2, 0x0, 0x0, 0x3, 0xff, 0xb0,
    0x2, 0xff, 0xff, 0xff, 0xff, 0xff, 0xff, 0xf2,
    0x0, 0x0, 0x3, 0xff, 0xb0, 0x2, 0xff, 0x90,
    0x0, 0x0, 0x0, 0xbf, 0xf2, 0x0, 0x0, 0x3,
    0xff, 0xb5, 0xcd, 0xff, 0xec, 0xcc, 0xcc, 0xcc,
    0xff, 0xfd, 0xc2, 0x0, 0x3, 0xff, 0xb7, 0xff,
    0xff, 0xff, 0xff, 0xff, 0xff, 0xff, 0xff, 0xf2,
    0x0, 0x3, 0xff, 0xb7, 0xff, 0xff, 0xff, 0xff,
    0xff, 0xff, 0xff, 0xff, 0xf2,

    /* U+505C "停" */
    0x0, 0x0, 0x0, 0x0, 0x0, 0x0, 0x0, 0x2,
    0x60, 0x0, 0x0, 0x0, 0x0, 0x0, 0x0, 0x7f,
    0xa2, 0x0, 0x0, 0xa, 0xff, 0x70, 0x0, 0x0,
    0x0, 0x0, 0x0, 0xd, 0xff, 0x75, 0x55, 0x55,
    0x9f, 0xfe, 0x55, 0x55, 0x55, 0x20, 0x0, 0x4,
    0xff, 0xde, 0xff, 0xff, 0xff, 0xff, 0xff, 0xff,
    0xff, 0xf7, 0x0, 0x0, 0xbf, 0xf7, 0xef, 0xff,
    0xff, 0xff, 0xff, 0xff, 0xff, 0xff, 0x70, 0x0,
    0x3f, 0xff, 0x3, 0x33, 0x33, 0x33, 0x33, 0x33,
    0x33, 0x33, 0x31, 0x0, 0xb, 0xff, 0x80, 0x4,
    0xcc, 0xcc, 0xcc, 0xcc, 0xcc, 0xcc, 0x80, 0x0,
    0x5, 0xff, 0xf3, 0x0, 0x5f, 0xff, 0xff, 0xff,
    0xff, 0xff, 0xfa, 0x0, 0x1, 0xef, 0xff, 0x20,
    0x5, 0xff, 0xa4, 0x44, 0x44, 0x48, 0xff, 0xa0,
    0x0, 0xaf, 0xff, 0xf2, 0x0, 0x5f, 0xf9, 0x11,
    0x11, 0x11, 0x6f, 0xfa, 0x0, 0x6f, 0xff, 0xff,
    0x20, 0x5, 0xff, 0xff, 0xff, 0xff, 0xff, 0xff,
    0xa0, 0x3, 0xff, 0xff, 0xf2, 0x0, 0x5f, 0xff,
    0xff, 0xff, 0xff, 0xff, 0xfa, 0x0, 0xb, 0xfc,
    0xff, 0x20, 0x0, 0x0, 0x0, 0x0, 0x0, 0x0,
    0x0, 0x0, 0x0, 0x45, 0xaf, 0xf2, 0xf, 0xff,
    0xff, 0xff, 0xff, 0xff, 0xff, 0xff, 0xfa, 0x0,
    0xa, 0xff, 0x21, 0xff, 0xff, 0xff, 0xff, 0xff,
    0xff, 0xff, 0xff, 0xa0, 0x0, 0xaf, 0xf2, 0x1f,
    0xf9, 0x77, 0x77, 0x77, 0x77, 0x77, 0x8f, 0xfa,
    0x0, 0xa, 0xff, 0x21, 0xff, 0x42, 0x22, 0x22,
    0x22, 0x22, 0x24, 0xff, 0xa0, 0x0, 0xaf, 0xf2,
    0xc, 0xcf, 0xff, 0xff, 0xff, 0xff, 0xff, 0xfc,
    0xc8, 0x0, 0xa, 0xff, 0x20, 0x0, 0xdf, 0xff,
    0xff, 0xff, 0xff, 0xfe, 0x0, 0x0, 0x0, 0xaf,
    0xf2, 0x0, 0x3, 0x44, 0x48, 0xff, 0xd4, 0x44,
    0x40, 0x0, 0x0, 0xa, 0xff, 0x20, 0x0, 0x0,
    0x0, 0x5f, 0xfd, 0x0, 0x0, 0x0, 0x0, 0x0,
    0xaf, 0xf2, 0x0, 0x0, 0x0, 0x5, 0xff, 0xd0,
    0x0, 0x0, 0x0, 0x0, 0xa, 0xff, 0x20, 0x0,
    0x9, 0xaa, 0xcf, 0xfc, 0x0, 0x0, 0x0, 0x0,
    0x0, 0xaf, 0xf2, 0x0, 0x0, 0x8f, 0xff, 0xff,
    0x90, 0x0, 0x0, 0x0, 0x0, 0xa, 0xff, 0x20,
    0x0, 0x3, 0xff, 0xfe, 0x91, 0x0, 0x0, 0x0,
    0x0, 0x0, 0x12, 0x20, 0x0, 0x0, 0x0, 0x0,
    0x0, 0x0, 0x0, 0x0, 0x0,

    /* U+5065 "健" */
    0x0, 0x0, 0x10, 0x0, 0x0, 0x0, 0x0, 0x0,
    0x1, 0x10, 0x0, 0x0, 0x0, 0x0, 0x0, 0xaf,
    0xb1, 0x0, 0x0, 0x0, 0x0, 0x1f, 0xf7, 0x0,
    0x0, 0x0, 0x0, 0x0, 0xef, 0xfa, 0xaa, 0xad,
    0x80, 0x55, 0x6f, 0xfa, 0x55, 0x52, 0x0, 0x0,
    0x3, 0xff, 0xbe, 0xff, 0xff, 0xf7, 0xef, 0xff,
    0xff, 0xff, 0xf6, 0x0, 0x0, 0x9, 0xff, 0x6e,
    0xff, 0xff, 0xf1, 0xbd, 0xdf, 0xfe, 0xdf, 0xf6,
    0x0, 0x0, 0xe, 0xff, 0x10, 0x3, 0xff, 0xa0,
    0x0, 0x1f, 0xf7, 0xe, 0xf6, 0x0, 0x0, 0x5f,
    0xfc, 0x0, 0xa, 0xff, 0x3e, 0xff, 0xff, 0xff,
    0xff, 0xff, 0xf0, 0x0, 0xcf, 0xfc, 0x0, 0x1f,
    0xfc, 0xf, 0xff, 0xff, 0xff, 0xff, 0xff, 0xf0,
    0x4, 0xff, 0xfc, 0x0, 0x8f, 0xf5, 0x4, 0x55,
    0x5f, 0xfa, 0x5f, 0xf9, 0x50, 0xd, 0xff, 0xfc,
    0x2, 0xff, 0xc0, 0x0, 0x11, 0x2f, 0xf8, 0x1e,
    0xf6, 0x0, 0x5f, 0xff, 0xfc, 0xc, 0xff, 0xfe,
    0xb4, 0xef, 0xff, 0xff, 0xff, 0xf6, 0x0, 0x1f,
    0xff, 0xfc, 0x8f, 0xff, 0xff, 0xf6, 0xef, 0xff,
    0xff, 0xff, 0xf6, 0x0, 0x9, 0xbe, 0xfc, 0xe,
    0x87, 0xbf, 0xf4, 0x0, 0x1f, 0xf8, 0x0, 0x0,
    0x0, 0x2, 0x1e, 0xfc, 0x0, 0x0, 0x9f, 0xf3,
    0xee, 0xff, 0xff, 0xee, 0xe7, 0x0, 0x0, 0xe,
    0xfc, 0x17, 0x70, 0xbf, 0xf1, 0xff, 0xff, 0xff,
    0xff, 0xf8, 0x0, 0x0, 0xe, 0xfc, 0x6f, 0xe0,
    0xef, 0xc0, 0x66, 0x7f, 0xfb, 0x66, 0x63, 0x0,
    0x0, 0xe, 0xfc, 0x1f, 0xf7, 0xff, 0x81, 0x22,
    0x3f, 0xf8, 0x22, 0x22, 0x0, 0x0, 0xe, 0xfc,
    0xc, 0xff, 0xff, 0x49, 0xff, 0xff, 0xff, 0xff,
    0xff, 0x60, 0x0, 0xe, 0xfc, 0x5, 0xff, 0xfe,
    0x9, 0xff, 0xff, 0xff, 0xff, 0xff, 0x60, 0x0,
    0xe, 0xfc, 0x0, 0xdf, 0xf9, 0x2, 0x44, 0x5f,
    0xfa, 0x44, 0x44, 0x10, 0x0, 0xe, 0xfc, 0x0,
    0xaf, 0xfe, 0x30, 0x0, 0x1f, 0xf7, 0x0, 0x0,
    0x0, 0x0, 0xe, 0xfc, 0x4, 0xff, 0xff, 0xfa,
    0x30, 0xa, 0xa5, 0x0, 0x0, 0x0, 0x0, 0xe,
    0xfc, 0x3f, 0xfe, 0x9f, 0xff, 0xff, 0xca, 0xaa,
    0xaa, 0xaa, 0x80, 0x0, 0xe, 0xfd, 0xef, 0xf3,
    0x4, 0xdf, 0xff, 0xff, 0xff, 0xff, 0xff, 0x90,
    0x0, 0xe, 0xfc, 0x2d, 0x40, 0x0, 0x3, 0x8b,
    0xdf, 0xff, 0xff, 0xff, 0x50, 0x0, 0x0, 0x0,
    0x0, 0x0, 0x0, 0x0, 0x0, 0x0, 0x0, 0x0,
    0x0, 0x0,

    /* U+50A8 "储" */
    0x0, 0x0, 0x10, 0x0, 0x0, 0x0, 0x0, 0x0,
    0x11, 0x10, 0x0, 0x0, 0x0, 0x0, 0x0, 0x7f,
    0xb2, 0x0, 0x0, 0x0, 0x2, 0xff, 0xb0, 0x0,
    0x66, 0x20, 0x0, 0x0, 0xcf, 0xf0, 0x25, 0x0,
    0x0, 0x2, 0xff, 0xb0, 0x0, 0xef, 0xf1, 0x0,
    0x1, 0xff, 0xb6, 0xff, 0x70, 0x7, 0x89, 0xff,
    0xe8, 0x86, 0xff, 0xb0, 0x0, 0x6, 0xff, 0x53,
    0xff, 0xf6, 0xd, 0xff, 0xff, 0xff, 0xfe, 0xff,
    0x40, 0x0, 0xc, 0xff, 0x0, 0x5f, 0xff, 0x3d,
    0xff, 0xff, 0xff, 0xff, 0xfd, 0x0, 0x0, 0x3f,
    0xfb, 0x0, 0x9, 0xfc, 0x20, 0x2, 0xff, 0xb1,
    0xef, 0xf4, 0x0, 0x0, 0xaf, 0xfa, 0x0, 0x1,
    0x60, 0x0, 0x2, 0xff, 0xb9, 0xff, 0xc0, 0x0,
    0x2, 0xff, 0xfa, 0x0, 0x0, 0x0, 0x79, 0x9a,
    0xff, 0xef, 0xff, 0xb9, 0x93, 0xb, 0xff, 0xfa,
    0xcf, 0xff, 0xf1, 0xbf, 0xff, 0xff, 0xff, 0xff,
    0xff, 0xf6, 0x5f, 0xff, 0xfa, 0xcf, 0xff, 0xf1,
    0xbf, 0xff, 0xff, 0xff, 0xff, 0xff, 0xf6, 0x4f,
    0xff, 0xfa, 0xbf, 0xff, 0xf1, 0x23, 0x34, 0xef,
    0xfe, 0x43, 0x33, 0x31, 0xc, 0xbf, 0xfa, 0x0,
    0x8f, 0xf1, 0x0, 0x2d, 0xff, 0xf3, 0x0, 0x0,
    0x0, 0x5, 0x2f, 0xfa, 0x0, 0x8f, 0xf1, 0x5,
    0xef, 0xff, 0xc8, 0x88, 0x88, 0x30, 0x0, 0xf,
    0xfa, 0x0, 0x8f, 0xf3, 0xaf, 0xff, 0xff, 0xff,
    0xff, 0xff, 0x60, 0x0, 0xf, 0xfa, 0x0, 0x8f,
    0xf4, 0xef, 0xff, 0xff, 0xff, 0xff, 0xff, 0x60,
    0x0, 0xf, 0xfa, 0x0, 0x8f, 0xf1, 0x2e, 0xef,
    0xf6, 0x0, 0x5, 0xff, 0x60, 0x0, 0xf, 0xfa,
    0x0, 0x8f, 0xf1, 0x2, 0x3f, 0xf9, 0x44, 0x48,
    0xff, 0x60, 0x0, 0xf, 0xfa, 0x0, 0x8f, 0xf1,
    0x1, 0x3f, 0xff, 0xff, 0xff, 0xff, 0x60, 0x0,
    0xf, 0xfa, 0x0, 0x8f, 0xf7, 0xea, 0x3f, 0xff,
    0xff, 0xff, 0xff, 0x60, 0x0, 0xf, 0xfa, 0x0,
    0xbf, 0xff, 0xff, 0x4f, 0xf6, 0x0, 0x5, 0xff,
    0x60, 0x0, 0xf, 0xfa, 0x5, 0xff, 0xff, 0xd5,
    0x3f, 0xfa, 0x77, 0x7a, 0xff, 0x60, 0x0, 0xf,
    0xfa, 0x3, 0xff, 0xf7, 0x0, 0x3f, 0xff, 0xff,
    0xff, 0xff, 0x60, 0x0, 0xf, 0xfa, 0x0, 0x8b,
    0x20, 0x0, 0x3f, 0xff, 0xff, 0xff, 0xff, 0x60,
    0x0, 0xf, 0xfa, 0x0, 0x10, 0x0, 0x0, 0x3f,
    0xf7, 0x0, 0x5, 0xff, 0x60, 0x0, 0x1, 0x11,
    0x0, 0x0, 0x0, 0x0, 0x1, 0x10, 0x0, 0x0,
    0x0, 0x0,

    /* U+50CF "像" */
    0x0, 0x0, 0x0, 0x0, 0x0, 0x0, 0x0, 0x0,
    0x0, 0x0, 0x0, 0x0, 0x0, 0x0, 0x0, 0x0,
    0xd9, 0x30, 0x0, 0xdd, 0xa2, 0x0, 0x0, 0x0,
    0x0, 0x0, 0x0, 0x0, 0x6, 0xff, 0xd0, 0x7,
    0xff, 0xe4, 0x44, 0x43, 0x0, 0x0, 0x0, 0x0,
    0x0, 0xc, 0xff, 0x70, 0x3f, 0xff, 0xff, 0xff,
    0xff, 0x60, 0x0, 0x0, 0x0, 0x0, 0x4f, 0xff,
    0x11, 0xef, 0xff, 0xff, 0xff, 0xff, 0x90, 0x0,
    0x0, 0x0, 0x0, 0xdf, 0xf9, 0x1d, 0xff, 0xa1,
    0x11, 0x7f, 0xfc, 0x0, 0x0, 0x0, 0x0, 0x6,
    0xff, 0xf5, 0xef, 0xff, 0xaa, 0xaa, 0xff, 0xfc,
    0xaa, 0xa9, 0x0, 0x0, 0x1e, 0xff, 0xcd, 0xff,
    0xff, 0xff, 0xff, 0xff, 0xff, 0xff, 0xfe, 0x0,
    0x0, 0xaf, 0xff, 0xc1, 0xdf, 0xff, 0x99, 0x9c,
    0xff, 0x99, 0x9f, 0xfe, 0x0, 0x7, 0xff, 0xff,
    0xc0, 0xa, 0xff, 0x10, 0xc, 0xfe, 0x0, 0xf,
    0xfe, 0x0, 0x2f, 0xff, 0xff, 0xc0, 0xa, 0xff,
    0xff, 0xff, 0xff, 0xff, 0xff, 0xfe, 0x0, 0xc,
    0xff, 0xff, 0xc0, 0xa, 0xff, 0xff, 0xff, 0xff,
    0xff, 0xff, 0xfe, 0x0, 0x4, 0xf9, 0xff, 0xc0,
    0x3, 0x45, 0xdf, 0xff, 0x64, 0x44, 0x44, 0x53,
    0x0, 0x0, 0x63, 0xff, 0xc0, 0x1, 0x7e, 0xff,
    0xff, 0xb0, 0x0, 0x8, 0xe3, 0x0, 0x0, 0x3,
    0xff, 0xc2, 0xbf, 0xff, 0xf9, 0x9f, 0xf8, 0x4,
    0xdf, 0xff, 0x30, 0x0, 0x3, 0xff, 0xc0, 0x9f,
    0xe9, 0x25, 0xef, 0xff, 0xcf, 0xff, 0xd5, 0x0,
    0x0, 0x3, 0xff, 0xc0, 0x4, 0x4, 0xcf, 0xfc,
    0xff, 0xff, 0xff, 0x30, 0x0, 0x0, 0x3, 0xff,
    0xc0, 0x27, 0xdf, 0xfe, 0x63, 0xff, 0xf5, 0xff,
    0xa0, 0x0, 0x0, 0x3, 0xff, 0xc0, 0xcf, 0xff,
    0x81, 0x7f, 0xff, 0xf2, 0xbf, 0xf3, 0x0, 0x0,
    0x3, 0xff, 0xc0, 0x1c, 0x81, 0x4d, 0xff, 0xff,
    0xf3, 0x4f, 0xfd, 0x0, 0x0, 0x3, 0xff, 0xc0,
    0x0, 0x5c, 0xff, 0xf9, 0x9f, 0xf4, 0xc, 0xff,
    0xc1, 0x0, 0x3, 0xff, 0xc2, 0x9e, 0xff, 0xfd,
    0x40, 0xcf, 0xf2, 0x3, 0xff, 0xf6, 0x0, 0x3,
    0xff, 0xc0, 0xdf, 0xfe, 0x66, 0x9b, 0xff, 0xe0,
    0x0, 0x5f, 0x80, 0x0, 0x3, 0xff, 0xc0, 0x2c,
    0x50, 0x4, 0xff, 0xff, 0x70, 0x0, 0x3, 0x0,
    0x0, 0x2, 0xff, 0xb0, 0x0, 0x0, 0x1, 0xff,
    0xd7, 0x0, 0x0, 0x0, 0x0, 0x0, 0x0, 0x0,
    0x0, 0x0, 0x0, 0x0, 0x0, 0x0, 0x0, 0x0,
    0x0, 0x0,

    /* U+5145 "充" */
    0x0, 0x0, 0x0, 0x0, 0x0, 0x0, 0x10, 0x0,
    0x0, 0x0, 0x0, 0x0, 0x0, 0x0, 0x0, 0x0,
    0x0, 0x29, 0xdf, 0x40, 0x0, 0x0, 0x0, 0x0,
    0x0, 0x0, 0x0, 0x0, 0x0, 0x0, 0xef, 0xfd,
    0x0, 0x0, 0x0, 0x0, 0x0, 0x0, 0x0, 0x0,
    0x0, 0x0, 0x6, 0xff, 0xf6, 0x0, 0x0, 0x0,
    0x0, 0x0, 0x1, 0x11, 0x11, 0x11, 0x11, 0x1e,
    0xfb, 0x51, 0x11, 0x11, 0x11, 0x10, 0x3, 0xff,
    0xff, 0xff, 0xff, 0xff, 0xff, 0xff, 0xff, 0xff,
    0xff, 0xff, 0xa0, 0x3f, 0xff, 0xff, 0xff, 0xff,
    0xff, 0xff, 0xff, 0xff, 0xff, 0xff, 0xfa, 0x2,
    0xff, 0xff, 0xff, 0xff, 0xff, 0xff, 0xff, 0xff,
    0xff, 0xff, 0xff, 0x90, 0x0, 0x0, 0x0, 0xcf,
    0xff, 0x60, 0x0, 0x1, 0xab, 0x0, 0x0, 0x0,
    0x0, 0x0, 0x0, 0xaf, 0xff, 0x90, 0x0, 0x2,
    0xff, 0xfd, 0x10, 0x0, 0x0, 0x0, 0x0, 0x8f,
    0xff, 0xa0, 0x0, 0x0, 0x6, 0xff, 0xfd, 0x10,
    0x0, 0x0, 0x0, 0x9f, 0xff, 0xb1, 0x22, 0x33,
    0x44, 0x5b, 0xff, 0xfd, 0x10, 0x0, 0x0, 0xcf,
    0xff, 0xff, 0xff, 0xff, 0xff, 0xff, 0xff, 0xff,
    0xfd, 0x10, 0x0, 0xa, 0xff, 0xff, 0xff, 0xff,
    0xff, 0xff, 0xff, 0xff, 0xff, 0xfc, 0x0, 0x0,
    0x4f, 0xff, 0xff, 0xff, 0xec, 0xbd, 0xff, 0xf7,
    0x6b, 0xff, 0xf4, 0x0, 0x1, 0x63, 0x10, 0xff,
    0xf8, 0x0, 0x8f, 0xfe, 0x0, 0xd, 0xc2, 0x0,
    0x0, 0x0, 0x0, 0x1f, 0xff, 0x60, 0x8, 0xff,
    0xe0, 0x0, 0x10, 0x0, 0x0, 0x0, 0x0, 0x5,
    0xff, 0xf3, 0x0, 0x8f, 0xfe, 0x0, 0x0, 0x0,
    0x0, 0x0, 0x0, 0x0, 0xcf, 0xff, 0x0, 0x8,
    0xff, 0xe0, 0x0, 0x6, 0x81, 0x0, 0x0, 0x0,
    0x5f, 0xff, 0x90, 0x0, 0x8f, 0xfe, 0x0, 0x0,
    0x7f, 0xf7, 0x0, 0x0, 0x5f, 0xff, 0xf2, 0x0,
    0x8, 0xff, 0xe0, 0x0, 0x9, 0xff, 0x70, 0x2,
    0x9f, 0xff, 0xf7, 0x0, 0x0, 0x8f, 0xff, 0x0,
    0x0, 0xcf, 0xf5, 0x4b, 0xff, 0xff, 0xf9, 0x0,
    0x0, 0x6, 0xff, 0xff, 0xff, 0xff, 0xff, 0x12,
    0xff, 0xff, 0xf7, 0x0, 0x0, 0x0, 0x2f, 0xff,
    0xff, 0xff, 0xff, 0xb0, 0x7, 0xff, 0xa2, 0x0,
    0x0, 0x0, 0x0, 0x5c, 0xff, 0xff, 0xff, 0xa1,
    0x0, 0x6, 0x10, 0x0, 0x0, 0x0, 0x0, 0x0,
    0x0, 0x0, 0x0, 0x0, 0x0,

    /* U+5148 "先" */
    0x0, 0x0, 0x0, 0x0, 0x0, 0x15, 0x54, 0x0,
    0x0, 0x0, 0x0, 0x0, 0x0, 0x0, 0x3c, 0x96,
    0x0, 0x5f, 0xfd, 0x0, 0x0, 0x0, 0x0, 0x0,
    0x0, 0x0, 0x7f, 0xfd, 0x0, 0x5f, 0xfd, 0x0,
    0x0, 0x0, 0x0, 0x0, 0x0, 0x0, 0xbf, 0xf9,
    0x0, 0x5f, 0xfd, 0x0, 0x0, 0x0, 0x0, 0x0,
    0x0, 0x1, 0xff, 0xfd, 0xcc, 0xdf, 0xff, 0xcc,
    0xcc, 0xcc, 0xca, 0x0, 0x0, 0x7, 0xff, 0xff,
    0xff, 0xff, 0xff, 0xff, 0xff, 0xff, 0xfd, 0x0,
    0x0, 0xd, 0xff, 0xff, 0xff, 0xff, 0xff, 0xff,
    0xff, 0xff, 0xfd, 0x0, 0x0, 0x5f, 0xff, 0x43,
    0x33, 0x7f, 0xfd, 0x33, 0x33, 0x33, 0x32, 0x0,
    0x0, 0xdf, 0xfb, 0x0, 0x0, 0x5f, 0xfd, 0x0,
    0x0, 0x0, 0x0, 0x0, 0x5, 0xff, 0xf3, 0x0,
    0x0, 0x5f, 0xfd, 0x0, 0x0, 0x0, 0x0, 0x0,
    0x0, 0x2b, 0x90, 0x0, 0x0, 0x5f, 0xfd, 0x0,
    0x0, 0x0, 0x0, 0x0, 0x2, 0x22, 0x22, 0x22,
    0x22, 0x7f, 0xfd, 0x22, 0x22, 0x22, 0x22, 0x21,
    0x5f, 0xff, 0xff, 0xff, 0xff, 0xff, 0xff, 0xff,
    0xff, 0xff, 0xff, 0xfa, 0x5f, 0xff, 0xff, 0xff,
    0xff, 0xff, 0xff, 0xff, 0xff, 0xff, 0xff, 0xfa,
    0x3b, 0xbb, 0xbb, 0xcf, 0xff, 0xbb, 0xbb, 0xff,
    0xfb, 0xbb, 0xbb, 0xb7, 0x0, 0x0, 0x0, 0x4f,
    0xff, 0x0, 0x2, 0xff, 0xf0, 0x0, 0x0, 0x0,
    0x0, 0x0, 0x0, 0x7f, 0xfc, 0x0, 0x2, 0xff,
    0xf0, 0x0, 0x0, 0x0, 0x0, 0x0, 0x0, 0xcf,
    0xf9, 0x0, 0x2, 0xff, 0xf0, 0x0, 0x0, 0x0,
    0x0, 0x0, 0x2, 0xff, 0xf4, 0x0, 0x2, 0xff,
    0xf0, 0x0, 0x3, 0x0, 0x0, 0x0, 0xb, 0xff,
    0xe0, 0x0, 0x2, 0xff, 0xf0, 0x0, 0xc, 0xc5,
    0x0, 0x0, 0x9f, 0xff, 0x70, 0x0, 0x2, 0xff,
    0xf0, 0x0, 0xd, 0xfc, 0x0, 0x2c, 0xff, 0xfc,
    0x0, 0x0, 0x1, 0xff, 0xf1, 0x0, 0x1f, 0xfa,
    0x3a, 0xff, 0xff, 0xe1, 0x0, 0x0, 0x0, 0xff,
    0xff, 0xff, 0xff, 0xf7, 0x2f, 0xff, 0xfc, 0x10,
    0x0, 0x0, 0x0, 0xcf, 0xff, 0xff, 0xff, 0xf2,
    0x6, 0xff, 0x70, 0x0, 0x0, 0x0, 0x0, 0x2b,
    0xff, 0xff, 0xfd, 0x60, 0x0, 0x60, 0x0, 0x0,
    0x0, 0x0, 0x0, 0x0, 0x0, 0x0, 0x0, 0x0,

    /* U+5165 "入" */
    0x0, 0x0, 0x0, 0x0, 0x58, 0x0, 0x0, 0x0,
    0x0, 0x0, 0x0, 0x0, 0x0, 0x0, 0x0, 0x0,
    0x1, 0xef, 0xb0, 0x0, 0x0, 0x0, 0x0, 0x0,
    0x0, 0x0, 0x0, 0x0, 0x0, 0xb, 0xff, 0xfc,
    0x0, 0x0, 0x0, 0x0, 0x0, 0x0, 0x0, 0x0,
    0x0, 0x0, 0x2, 0xdf, 0xff, 0xa0, 0x0, 0x0,
    0x0, 0x0, 0x0, 0x0, 0x0, 0x0, 0x0, 0x0,
    0xc, 0xff, 0xf7, 0x0, 0x0, 0x0, 0x0, 0x0,
    0x0, 0x0, 0x0, 0x0, 0x0, 0x0, 0xdf, 0xff,
    0x30, 0x0, 0x0, 0x0, 0x0, 0x0, 0x0, 0x0,
    0x0, 0x0, 0x0, 0x2f, 0xff, 0xd0, 0x0, 0x0,
    0x0, 0x0, 0x0, 0x0, 0x0, 0x0, 0x0, 0x0,
    0xf, 0xff, 0xf7, 0x0, 0x0, 0x0, 0x0, 0x0,
    0x0, 0x0, 0x0, 0x0, 0x0, 0x4f, 0xff, 0xff,
    0x10, 0x0, 0x0, 0x0, 0x0, 0x0, 0x0, 0x0,
    0x0, 0x0, 0x9f, 0xff, 0xff, 0x90, 0x0, 0x0,
    0x0, 0x0, 0x0, 0x0, 0x0, 0x0, 0x0, 0xef,
    0xff, 0xff, 0xf2, 0x0, 0x0, 0x0, 0x0, 0x0,
    0x0, 0x0, 0x0, 0x4, 0xff, 0xf8, 0xef, 0xfb,
    0x0, 0x0, 0x0, 0x0, 0x0, 0x0, 0x0, 0x0,
    0xb, 0xff, 0xf1, 0x7f, 0xff, 0x40, 0x0, 0x0,
    0x0, 0x0, 0x0, 0x0, 0x0, 0x3f, 0xff, 0xa0,
    0xe, 0xff, 0xd0, 0x0, 0x0, 0x0, 0x0, 0x0,
    0x0, 0x0, 0xcf, 0xff, 0x30, 0x6, 0xff, 0xf7,
    0x0, 0x0, 0x0, 0x0, 0x0, 0x0, 0x6, 0xff,
    0xfa, 0x0, 0x0, 0xdf, 0xff, 0x20, 0x0, 0x0,
    0x0, 0x0, 0x0, 0x2f, 0xff, 0xf2, 0x0, 0x0,
    0x4f, 0xff, 0xd1, 0x0, 0x0, 0x0, 0x0, 0x1,
    0xdf, 0xff, 0x70, 0x0, 0x0, 0xa, 0xff, 0xfb,
    0x0, 0x0, 0x0, 0x0, 0x1c, 0xff, 0xfc, 0x0,
    0x0, 0x0, 0x1, 0xef, 0xff, 0xb0, 0x0, 0x0,
    0x2, 0xdf, 0xff, 0xe1, 0x0, 0x0, 0x0, 0x0,
    0x5f, 0xff, 0xfd, 0x20, 0x0, 0x7f, 0xff, 0xfe,
    0x20, 0x0, 0x0, 0x0, 0x0, 0x7, 0xff, 0xff,
    0xf3, 0xc, 0xff, 0xff, 0xe3, 0x0, 0x0, 0x0,
    0x0, 0x0, 0x0, 0x8f, 0xff, 0xe0, 0x1, 0xcf,
    0xfc, 0x10, 0x0, 0x0, 0x0, 0x0, 0x0, 0x0,
    0x7, 0xff, 0x70, 0x0, 0xb, 0x80, 0x0, 0x0,
    0x0, 0x0, 0x0, 0x0, 0x0, 0x0, 0x3d, 0x10,
    0x0, 0x0, 0x0, 0x0, 0x0, 0x0, 0x0, 0x0,
    0x0, 0x0, 0x0, 0x0, 0x0,

    /* U+5168 "全" */
    0x0, 0x0, 0x0, 0x0, 0x0, 0x0, 0x20, 0x0,
    0x0, 0x0, 0x0, 0x0, 0x0, 0x0, 0x0, 0x0,
    0x0, 0x0, 0x5, 0xfc, 0x40, 0x0, 0x0, 0x0,
    0x0, 0x0, 0x0, 0x0, 0x0, 0x0, 0x0, 0x3f,
    0xff, 0xb0, 0x0, 0x0, 0x0, 0x0, 0x0, 0x0,
    0x0, 0x0, 0x0, 0x2, 0xef, 0xff, 0xf6, 0x0,
    0x0, 0x0, 0x0, 0x0, 0x0, 0x0, 0x0, 0x0,
    0x2e, 0xff, 0xff, 0xff, 0x70, 0x0, 0x0, 0x0,
    0x0, 0x0, 0x0, 0x0, 0x4, 0xff, 0xff, 0x3a,
    0xff, 0xf9, 0x0, 0x0, 0x0, 0x0, 0x0, 0x0,
    0x0, 0x8f, 0xff, 0xe3, 0x0, 0xaf, 0xff, 0xd2,
    0x0, 0x0, 0x0, 0x0, 0x0, 0x2c, 0xff, 0xfe,
    0x20, 0x0, 0x8, 0xff, 0xff, 0x80, 0x0, 0x0,
    0x0, 0x19, 0xff, 0xff, 0xc1, 0x0, 0x0, 0x0,
    0x6f, 0xff, 0xfe, 0x50, 0x0, 0x18, 0xff, 0xff,
    0xf8, 0x0, 0x0, 0x0, 0x0, 0x2, 0xdf, 0xff,
    0xfd, 0x50, 0x5f, 0xff, 0xff, 0xeb, 0xbb, 0xbb,
    0xbb, 0xbb, 0xbb, 0xbf, 0xff, 0xff, 0xe1, 0x7,
    0xff, 0x9f, 0xff, 0xff, 0xff, 0xff, 0xff, 0xff,
    0xff, 0xeb, 0xff, 0x20, 0x0, 0x61, 0x2f, 0xff,
    0xff, 0xff, 0xff, 0xff, 0xff, 0xff, 0xd0, 0x46,
    0x0, 0x0, 0x0, 0x0, 0x0, 0x0, 0xd, 0xff,
    0x70, 0x0, 0x0, 0x0, 0x0, 0x0, 0x0, 0x0,
    0x0, 0x0, 0x0, 0xd, 0xff, 0x60, 0x0, 0x0,
    0x0, 0x0, 0x0, 0x0, 0x0, 0x0, 0x0, 0x0,
    0xd, 0xff, 0x60, 0x0, 0x0, 0x0, 0x0, 0x0,
    0x0, 0x0, 0xc, 0xff, 0xff, 0xff, 0xff, 0xff,
    0xff, 0xff, 0x90, 0x0, 0x0, 0x0, 0x0, 0xd,
    0xff, 0xff, 0xff, 0xff, 0xff, 0xff, 0xff, 0x90,
    0x0, 0x0, 0x0, 0x0, 0x9, 0xcc, 0xcc, 0xcf,
    0xff, 0xdc, 0xcc, 0xcc, 0x70, 0x0, 0x0, 0x0,
    0x0, 0x0, 0x0, 0x0, 0xd, 0xff, 0x60, 0x0,
    0x0, 0x0, 0x0, 0x0, 0x0, 0x0, 0x0, 0x0,
    0x0, 0xd, 0xff, 0x60, 0x0, 0x0, 0x0, 0x0,
    0x0, 0x0, 0x0, 0x0, 0x0, 0x0, 0xd, 0xff,
    0x70, 0x0, 0x0, 0x0, 0x0, 0x0, 0x4, 0xff,
    0xff, 0xff, 0xff, 0xff, 0xff, 0xff, 0xff, 0xff,
    0xff, 0xff, 0x0, 0x4, 0xff, 0xff, 0xff, 0xff,
    0xff, 0xff, 0xff, 0xff, 0xff, 0xff, 0xff, 0x0,
    0x2, 0xbb, 0xbb, 0xbb, 0xbb, 0xbb, 0xbb, 0xbb,
    0xbb, 0xbb, 0xbb, 0xbb, 0x0,

    /* U+5173 "关" */
    0x0, 0x0, 0x0, 0x0, 0x0, 0x0, 0x0, 0x0,
    0x0, 0x10, 0x0, 0x0, 0x0, 0x0, 0x0, 0x1,
    0x8f, 0x80, 0x0, 0x0, 0x0, 0x5, 0xfc, 0x71,
    0x0, 0x0, 0x0, 0x0, 0x6, 0xff, 0xf3, 0x0,
    0x0, 0x0, 0xc, 0xff, 0xe1, 0x0, 0x0, 0x0,
    0x0, 0x0, 0xbf, 0xfd, 0x0, 0x0, 0x0, 0x4f,
    0xff, 0x60, 0x0, 0x0, 0x0, 0x0, 0x0, 0x2f,
    0xff, 0x60, 0x0, 0x0, 0xcf, 0xfc, 0x0, 0x0,
    0x0, 0x0, 0x0, 0x0, 0x9, 0xfc, 0x30, 0x0,
    0x6, 0xff, 0xf2, 0x0, 0x0, 0x0, 0x0, 0xb,
    0xff, 0xff, 0xff, 0xff, 0xff, 0xff, 0xff, 0xff,
    0xff, 0xf2, 0x0, 0x0, 0xb, 0xff, 0xff, 0xff,
    0xff, 0xff, 0xff, 0xff, 0xff, 0xff, 0xf2, 0x0,
    0x0, 0xb, 0xff, 0xff, 0xff, 0xff, 0xff, 0xff,
    0xff, 0xff, 0xff, 0xf2, 0x0, 0x0, 0x0, 0x11,
    0x11, 0x11, 0x1a, 0xff, 0xf1, 0x11, 0x11, 0x11,
    0x10, 0x0, 0x0, 0x0, 0x0, 0x0, 0x0, 0x9,
    0xff, 0xf0, 0x0, 0x0, 0x0, 0x0, 0x0, 0x0,
    0x0, 0x0, 0x0, 0x0, 0x9, 0xff, 0xf0, 0x0,
    0x0, 0x0, 0x0, 0x0, 0x1, 0x22, 0x22, 0x22,
    0x22, 0x2a, 0xff, 0xf2, 0x22, 0x22, 0x22, 0x22,
    0x10, 0x7, 0xff, 0xff, 0xff, 0xff, 0xff, 0xff,
    0xff, 0xff, 0xff, 0xff, 0xff, 0x80, 0x7, 0xff,
    0xff, 0xff, 0xff, 0xff, 0xff, 0xff, 0xff, 0xff,
    0xff, 0xff, 0x80, 0x6, 0xff, 0xff, 0xff, 0xff,
    0xff, 0xff, 0xff, 0xff, 0xff, 0xff, 0xff, 0x70,
    0x0, 0x0, 0x0, 0x0, 0x0, 0x9f, 0xff, 0xff,
    0x20, 0x0, 0x0, 0x0, 0x0, 0x0, 0x0, 0x0,
    0x0, 0x4, 0xff, 0xff, 0xff, 0xd1, 0x0, 0x0,
    0x0, 0x0, 0x0, 0x0, 0x0, 0x0, 0x3f, 0xff,
    0xfa, 0xff, 0xfd, 0x10, 0x0, 0x0, 0x0, 0x0,
    0x0, 0x0, 0x6, 0xff, 0xff, 0xc0, 0x7f, 0xff,
    0xe4, 0x0, 0x0, 0x0, 0x0, 0x0, 0x4, 0xcf,
    0xff, 0xfd, 0x10, 0xa, 0xff, 0xff, 0xa2, 0x0,
    0x0, 0x0, 0x6, 0xcf, 0xff, 0xff, 0xc1, 0x0,
    0x0, 0xaf, 0xff, 0xff, 0xb6, 0x10, 0xa, 0xff,
    0xff, 0xff, 0xf7, 0x0, 0x0, 0x0, 0x7, 0xff,
    0xff, 0xff, 0xf2, 0x4, 0xff, 0xff, 0xf9, 0x10,
    0x0, 0x0, 0x0, 0x0, 0x2b, 0xff, 0xff, 0x50,
    0x0, 0x7f, 0xd8, 0x10, 0x0, 0x0, 0x0, 0x0,
    0x0, 0x0, 0x3a, 0xfa, 0x0, 0x0, 0x3, 0x0,
    0x0, 0x0, 0x0, 0x0, 0x0, 0x0, 0x0, 0x0,
    0x0, 0x0,

    /* U+5185 "内" */
    0x0, 0x0, 0x0, 0x0, 0x4, 0x44, 0x10, 0x0,
    0x0, 0x0, 0x0, 0x0, 0x0, 0x0, 0x0, 0xe,
    0xff, 0x50, 0x0, 0x0, 0x0, 0x0, 0x0, 0x0,
    0x0, 0x0, 0xe, 0xff, 0x50, 0x0, 0x0, 0x0,
    0x0, 0x0, 0x0, 0x0, 0x0, 0xe, 0xff, 0x50,
    0x0, 0x0, 0x0, 0x0, 0x0, 0x0, 0x0, 0x0,
    0xe, 0xff, 0x50, 0x0, 0x0, 0x0, 0x0, 0xdf,
    0xff, 0xff, 0xff, 0xff, 0xff, 0xff, 0xff, 0xff,
    0xff, 0xfa, 0xef, 0xff, 0xff, 0xff, 0xff, 0xff,
    0xff, 0xff, 0xff, 0xff, 0xfa, 0xef, 0xff, 0xff,
    0xff, 0xff, 0xff, 0xff, 0xff, 0xff, 0xff, 0xfa,
    0xef, 0xf4, 0x11, 0x11, 0x1f, 0xff, 0x41, 0x11,
    0x11, 0x7f, 0xfa, 0xef, 0xf3, 0x0, 0x0, 0x1f,
    0xff, 0x20, 0x0, 0x0, 0x6f, 0xfa, 0xef, 0xf3,
    0x0, 0x0, 0x4f, 0xff, 0x0, 0x0, 0x0, 0x6f,
    0xfa, 0xef, 0xf3, 0x0, 0x0, 0x7f, 0xff, 0x80,
    0x0, 0x0, 0x6f, 0xfa, 0xef, 0xf3, 0x0, 0x0,
    0xdf, 0xff, 0xf9, 0x0, 0x0, 0x6f, 0xfa, 0xef,
    0xf3, 0x0, 0x5, 0xff, 0xff, 0xff, 0xa0, 0x0,
    0x6f, 0xfa, 0xef, 0xf3, 0x0, 0x1e, 0xff, 0xa9,
    0xff, 0xfb, 0x0, 0x6f, 0xfa, 0xef, 0xf3, 0x1,
    0xcf, 0xff, 0x20, 0x9f, 0xff, 0xc0, 0x6f, 0xfa,
    0xef, 0xf3, 0x3d, 0xff, 0xf5, 0x0, 0xa, 0xff,
    0xfb, 0x7f, 0xfa, 0xef, 0xfa, 0xff, 0xff, 0x70,
    0x0, 0x0, 0xbf, 0xff, 0xbf, 0xfa, 0xef, 0xf4,
    0xdf, 0xf6, 0x0, 0x0, 0x0, 0xc, 0xe3, 0x6f,
    0xfa, 0xef, 0xf3, 0x1b, 0x30, 0x0, 0x0, 0x0,
    0x1, 0x10, 0x6f, 0xfa, 0xef, 0xf3, 0x0, 0x0,
    0x0, 0x0, 0x0, 0x0, 0x0, 0x6f, 0xfa, 0xef,
    0xf3, 0x0, 0x0, 0x0, 0x0, 0x0, 0x11, 0x11,
    0x8f, 0xfa, 0xef, 0xf3, 0x0, 0x0, 0x0, 0x0,
    0x0, 0xbf, 0xff, 0xff, 0xf9, 0xef, 0xf3, 0x0,
    0x0, 0x0, 0x0, 0x0, 0x5f, 0xff, 0xff, 0xf4,
    0xef, 0xf3, 0x0, 0x0, 0x0, 0x0, 0x0, 0xf,
    0xfe, 0xda, 0x30,

    /* U+518D "再" */
    0x1, 0xdd, 0xdd, 0xdd, 0xdd, 0xdd, 0xdd, 0xdd,
    0xdd, 0xdd, 0xdd, 0xdd, 0x10, 0x1, 0xff, 0xff,
    0xff, 0xff, 0xff, 0xff, 0xff, 0xff, 0xff, 0xff,
    0xff, 0x10, 0x1, 0xff, 0xff, 0xff, 0xff, 0xff,
    0xff, 0xff, 0xff, 0xff, 0xff, 0xff, 0x10, 0x0,
    0x0, 0x0, 0x0, 0x0, 0xc, 0xff, 0x50, 0x0,
    0x0, 0x0, 0x0, 0x0, 0x0, 0x0, 0x0, 0x0,
    0x0, 0xc, 0xff, 0x50, 0x0, 0x1, 0x10, 0x0,
    0x0, 0x0, 0x2, 0xff, 0xff, 0xff, 0xff, 0xff,
    0xff, 0xff, 0xff, 0xff, 0x30, 0x0, 0x0, 0x2,
    0xff, 0xff, 0xff, 0xff, 0xff, 0xff, 0xff, 0xff,
    0xff, 0x30, 0x0, 0x0, 0x2, 0xff, 0xfc, 0xcc,
    0xcf, 0xff, 0xdc, 0xcc, 0xcf, 0xff, 0x30, 0x0,
    0x0, 0x2, 0xff, 0xe0, 0x0, 0xc, 0xff, 0x50,
    0x0, 0xe, 0xff, 0x30, 0x0, 0x0, 0x2, 0xff,
    0xf1, 0x11, 0x1d, 0xff, 0x51, 0x11, 0x1f, 0xff,
    0x30, 0x0, 0x0, 0x2, 0xff, 0xff, 0xff, 0xff,
    0xff, 0xff, 0xff, 0xff, 0xff, 0x30, 0x0, 0x0,
    0x2, 0xff, 0xff, 0xff, 0xff, 0xff, 0xff, 0xff,
    0xff, 0xff, 0x30, 0x0, 0x0, 0x2, 0xff, 0xf9,
    0x99, 0x9e, 0xff, 0xb9, 0x99, 0x9f, 0xff, 0x30,
    0x0, 0x0, 0x2, 0xff, 0xe0, 0x0, 0xc, 0xff,
    0x50, 0x0, 0xe, 0xff, 0x30, 0x0, 0x1c, 0xcc,
    0xff, 0xfc, 0xcc, 0xcf, 0xff, 0xdc, 0xcc, 0xcf,
    0xff, 0xcc, 0xc1, 0x2f, 0xff, 0xff, 0xff, 0xff,
    0xff, 0xff, 0xff, 0xff, 0xff, 0xff, 0xff, 0xf2,
    0x2f, 0xff, 0xff, 0xff, 0xff, 0xff, 0xff, 0xff,
    0xff, 0xff, 0xff, 0xff, 0xf2, 0x2, 0x24, 0xff,
    0xf2, 0x22, 0x22, 0x22, 0x22, 0x22, 0x2f, 0xff,
    0x42, 0x20, 0x0, 0x2, 0xff, 0xe0, 0x0, 0x0,
    0x0, 0x0, 0x0, 0xe, 0xff, 0x30, 0x0, 0x0,
    0x2, 0xff, 0xe0, 0x0, 0x0, 0x0, 0x0, 0x0,
    0xe, 0xff, 0x30, 0x0, 0x0, 0x2, 0xff, 0xe0,
    0x0, 0x0, 0x0, 0xc, 0xcc, 0xdf, 0xff, 0x20,
    0x0, 0x0, 0x2, 0xff, 0xe0, 0x0, 0x0, 0x0,
    0x9, 0xff, 0xff, 0xfd, 0x0, 0x0, 0x0, 0x2,
    0xff, 0xe0, 0x0, 0x0, 0x0, 0x4, 0xff, 0xfe,
    0xa2, 0x0, 0x0, 0x0, 0x0, 0x11, 0x10, 0x0,
    0x0, 0x0, 0x0, 0x10, 0x0, 0x0, 0x0, 0x0,

    /* U+5199 "写" */
    0x2e, 0xee, 0xee, 0xee, 0xee, 0xee, 0xee, 0xee,
    0xee, 0xee, 0xee, 0xe4, 0x3f, 0xff, 0xff, 0xff,
    0xff, 0xff, 0xff, 0xff, 0xff, 0xff, 0xff, 0xf5,
    0x3f, 0xff, 0xff, 0xff, 0xff, 0xff, 0xff, 0xff,
    0xff, 0xff, 0xff, 0xf5, 0x3f, 0xfe, 0x0, 0x68,
    0x73, 0x0, 0x0, 0x0, 0x0, 0x0, 0xdf, 0xf5,
    0x3f, 0xfe, 0x0, 0xcf, 0xf6, 0x0, 0x0, 0x0,
    0x0, 0x0, 0xdf, 0xf5, 0x3f, 0xfe, 0x0, 0xff,
    0xf4, 0x11, 0x11, 0x11, 0x11, 0x10, 0xdf, 0xf5,
    0x0, 0x0, 0x2, 0xff, 0xff, 0xff, 0xff, 0xff,
    0xff, 0xff, 0x0, 0x0, 0x0, 0x0, 0x5, 0xff,
    0xff, 0xff, 0xff, 0xff, 0xff, 0xff, 0x0, 0x0,
    0x0, 0x0, 0x8, 0xff, 0xda, 0xaa, 0xaa, 0xaa,
    0xaa, 0xa9, 0x0, 0x0, 0x0, 0x0, 0xc, 0xff,
    0x60, 0x0, 0x0, 0x0, 0x0, 0x0, 0x0, 0x0,
    0x0, 0x0, 0xf, 0xff, 0xba, 0xaa, 0xaa, 0xaa,
    0xaa, 0xba, 0xa0, 0x0, 0x0, 0x0, 0x3f, 0xff,
    0xff, 0xff, 0xff, 0xff, 0xff, 0xff, 0xf0, 0x0,
    0x0, 0x0, 0x7f, 0xff, 0xff, 0xff, 0xff, 0xff,
    0xff, 0xff, 0xd0, 0x0, 0x0, 0x0, 0x11, 0x22,
    0x11, 0x11, 0x11, 0x11, 0x15, 0xff, 0xc0, 0x0,
    0x0, 0x0, 0x0, 0x0, 0x0, 0x0, 0x0, 0x0,
    0x5, 0xff, 0xa0, 0x0, 0x9, 0xee, 0xee, 0xee,
    0xee, 0xee, 0xee, 0xeb, 0x7, 0xff, 0x80, 0x0,
    0xa, 0xff, 0xff, 0xff, 0xff, 0xff, 0xff, 0xfc,
    0x9, 0xff, 0x60, 0x0, 0xa, 0xff, 0xff, 0xff,
    0xff, 0xff, 0xff, 0xfc, 0xc, 0xff, 0x40, 0x0,
    0x0, 0x0, 0x0, 0x0, 0x0, 0x0, 0x0, 0x0,
    0xf, 0xff, 0x10, 0x0, 0x0, 0x0, 0x0, 0x0,
    0x0, 0x0, 0x0, 0x0, 0x7f, 0xfd, 0x0, 0x0,
    0x0, 0x0, 0x0, 0x0, 0x0, 0xb, 0xcb, 0xbb,
    0xff, 0xf9, 0x0, 0x0, 0x0, 0x0, 0x0, 0x0,
    0x0, 0x8, 0xff, 0xff, 0xff, 0xf2, 0x0, 0x0,
    0x0, 0x0, 0x0, 0x0, 0x0, 0x3, 0xff, 0xff,
    0xfc, 0x30, 0x0, 0x0, 0x0, 0x0, 0x0, 0x0,
    0x0, 0x0, 0x11, 0x11, 0x0, 0x0, 0x0, 0x0,

    /* U+51C6 "准" */
    0x0, 0x0, 0x0, 0x0, 0x0, 0x0, 0x0, 0x0,
    0x0, 0x0, 0x0, 0x0, 0x0, 0x0, 0x0, 0x0,
    0x0, 0x0, 0xb, 0xa5, 0x0, 0x28, 0xc0, 0x0,
    0x0, 0x0, 0x1, 0x8d, 0x10, 0x0, 0x0, 0x2f,
    0xff, 0x0, 0xef, 0xf7, 0x0, 0x0, 0x0, 0xe,
    0xff, 0xa0, 0x0, 0x0, 0x9f, 0xf9, 0x0, 0x6f,
    0xff, 0x10, 0x0, 0x0, 0x6, 0xff, 0xf3, 0x0,
    0x1, 0xff, 0xf3, 0x0, 0xd, 0xff, 0x70, 0x0,
    0x0, 0x0, 0xdf, 0xfc, 0x0, 0x8, 0xff, 0xf9,
    0x99, 0x9c, 0xfe, 0x99, 0x99, 0x90, 0x0, 0x5f,
    0xff, 0x40, 0x1f, 0xff, 0xff, 0xff, 0xff, 0xff,
    0xff, 0xff, 0xf0, 0x0, 0xd, 0xff, 0xc0, 0xaf,
    0xff, 0xff, 0xff, 0xff, 0xff, 0xff, 0xff, 0xf0,
    0x0, 0x5, 0xfd, 0x65, 0xff, 0xff, 0x11, 0x11,
    0x4f, 0xfe, 0x11, 0x11, 0x10, 0x0, 0x0, 0x40,
    0x2f, 0xff, 0xff, 0x0, 0x0, 0x3f, 0xfe, 0x0,
    0x0, 0x0, 0x0, 0x0, 0x1, 0xdf, 0xff, 0xff,
    0xaa, 0xaa, 0xbf, 0xff, 0xaa, 0xaa, 0x50, 0x0,
    0x0, 0xb, 0xff, 0xff, 0xff, 0xff, 0xff, 0xff,
    0xff, 0xff, 0xff, 0x80, 0x0, 0x0, 0x1, 0xdf,
    0x7f, 0xff, 0xff, 0xff, 0xff, 0xff, 0xff, 0xff,
    0x80, 0x0, 0x0, 0x0, 0x28, 0xf, 0xff, 0x0,
    0x0, 0x3f, 0xfe, 0x0, 0x0, 0x0, 0x0, 0x0,
    0x8c, 0x30, 0xf, 0xff, 0x0, 0x0, 0x3f, 0xfe,
    0x0, 0x0, 0x0, 0x0, 0x0, 0xef, 0xf6, 0xf,
    0xff, 0x11, 0x11, 0x4f, 0xfe, 0x11, 0x11, 0x0,
    0x0, 0x4, 0xff, 0xf3, 0xf, 0xff, 0xff, 0xff,
    0xff, 0xff, 0xff, 0xff, 0x70, 0x0, 0xb, 0xff,
    0xd0, 0xf, 0xff, 0xff, 0xff, 0xff, 0xff, 0xff,
    0xff, 0x70, 0x0, 0x2f, 0xff, 0x70, 0xf, 0xff,
    0x99, 0x99, 0xaf, 0xff, 0x99, 0x99, 0x40, 0x0,
    0x9f, 0xff, 0x10, 0xf, 0xff, 0x0, 0x0, 0x3f,
    0xfe, 0x0, 0x0, 0x0, 0x1, 0xff, 0xfa, 0x0,
    0xf, 0xff, 0x0, 0x0, 0x3f, 0xfe, 0x0, 0x0,
    0x0, 0x7, 0xff, 0xf4, 0x0, 0xf, 0xff, 0xff,
    0xff, 0xff, 0xff, 0xff, 0xff, 0xf6, 0xd, 0xff,
    0xd0, 0x0, 0xf, 0xff, 0xff, 0xff, 0xff, 0xff,
    0xff, 0xff, 0xf6, 0x0, 0x6c, 0x70, 0x0, 0xf,
    0xff, 0xbb, 0xbb, 0xbb, 0xbb, 0xbb, 0xbb, 0xb4,
    0x0, 0x0, 0x0, 0x0, 0xf, 0xff, 0x0, 0x0,
    0x0, 0x0, 0x0, 0x0, 0x0,

    /* U+51FA "出" */
    0x0, 0x0, 0x0, 0x0, 0xc, 0xdd, 0x70, 0x0,
    0x0, 0x0, 0x0, 0x0, 0x0, 0x0, 0x0, 0xf,
    0xff, 0x80, 0x0, 0x0, 0x0, 0x0, 0x5, 0xaa,
    0x70, 0x0, 0xf, 0xff, 0x80, 0x0, 0xa, 0xaa,
    0x50, 0x9, 0xff, 0xb0, 0x0, 0xf, 0xff, 0x80,
    0x0, 0xf, 0xff, 0x80, 0x9, 0xff, 0xb0, 0x0,
    0xf, 0xff, 0x80, 0x0, 0xf, 0xff, 0x80, 0x9,
    0xff, 0xb0, 0x0, 0xf, 0xff, 0x80, 0x0, 0xf,
    0xff, 0x80, 0x9, 0xff, 0xb0, 0x0, 0xf, 0xff,
    0x80, 0x0, 0xf, 0xff, 0x80, 0x9, 0xff, 0xb0,
    0x0, 0xf, 0xff, 0x80, 0x0, 0xf, 0xff, 0x80,
    0x9, 0xff, 0xc3, 0x33, 0x3f, 0xff, 0x93, 0x33,
    0x3f, 0xff, 0x80, 0x9, 0xff, 0xff, 0xff, 0xff,
    0xff, 0xff, 0xff, 0xff, 0xff, 0x80, 0x9, 0xff,
    0xff, 0xff, 0xff, 0xff, 0xff, 0xff, 0xff, 0xff,
    0x80, 0x7, 0xdd, 0xdd, 0xdd, 0xdf, 0xff, 0xed,
    0xdd, 0xdd, 0xdd, 0x60, 0x0, 0x0, 0x0, 0x0,
    0xf, 0xff, 0x80, 0x0, 0x0, 0x0, 0x0, 0xcd,
    0xd8, 0x0, 0x0, 0xf, 0xff, 0x80, 0x0, 0x0,
    0xcd, 0xd7, 0xef, 0xf9, 0x0, 0x0, 0xf, 0xff,
    0x80, 0x0, 0x0, 0xff, 0xf8, 0xef, 0xf9, 0x0,
    0x0, 0xf, 0xff, 0x80, 0x0, 0x0, 0xff, 0xf8,
    0xef, 0xf9, 0x0, 0x0, 0xf, 0xff, 0x80, 0x0,
    0x0, 0xff, 0xf8, 0xef, 0xf9, 0x0, 0x0, 0xf,
    0xff, 0x80, 0x0, 0x0, 0xff, 0xf8, 0xef, 0xf9,
    0x0, 0x0, 0xf, 0xff, 0x80, 0x0, 0x0, 0xff,
    0xf8, 0xef, 0xf9, 0x0, 0x0, 0xf, 0xff, 0x80,
    0x0, 0x0, 0xff, 0xf8, 0xef, 0xff, 0xff, 0xff,
    0xff, 0xff, 0xff, 0xff, 0xff, 0xff, 0xf8, 0xef,
    0xff, 0xff, 0xff, 0xff, 0xff, 0xff, 0xff, 0xff,
    0xff, 0xf8, 0xef, 0xff, 0xff, 0xff, 0xff, 0xff,
    0xff, 0xff, 0xff, 0xff, 0xf8, 0x1, 0x11, 0x11,
    0x11, 0x11, 0x11, 0x11, 0x11, 0x11, 0xff, 0xf8,

    /* U+5206 "分" */
    0x0, 0x0, 0x0, 0x0, 0x0, 0x0, 0x0, 0x0,
    0x0, 0x0, 0x0, 0x0, 0x0, 0x0, 0x0, 0x0,
    0x3, 0xd8, 0x40, 0x0, 0x1, 0x7d, 0x20, 0x0,
    0x0, 0x0, 0x0, 0x0, 0x0, 0xa, 0xff, 0xf2,
    0x0, 0xc, 0xff, 0xb0, 0x0, 0x0, 0x0, 0x0,
    0x0, 0x0, 0x2f, 0xff, 0xb0, 0x0, 0x4, 0xff,
    0xf5, 0x0, 0x0, 0x0, 0x0, 0x0, 0x0, 0xaf,
    0xff, 0x30, 0x0, 0x0, 0xbf, 0xfe, 0x10, 0x0,
    0x0, 0x0, 0x0, 0x4, 0xff, 0xfa, 0x0, 0x0,
    0x0, 0x2f, 0xff, 0xb0, 0x0, 0x0, 0x0, 0x0,
    0x1e, 0xff, 0xf2, 0x0, 0x0, 0x0, 0x7, 0xff,
    0xf8, 0x0, 0x0, 0x0, 0x0, 0xbf, 0xff, 0x70,
    0x0, 0x0, 0x0, 0x0, 0xcf, 0xff, 0x60, 0x0,
    0x0, 0x9, 0xff, 0xfc, 0x0, 0x0, 0x0, 0x0,
    0x0, 0x2f, 0xff, 0xf5, 0x0, 0x0, 0x9f, 0xff,
    0xe1, 0x0, 0x0, 0x0, 0x0, 0x0, 0x5, 0xff,
    0xff, 0x50, 0xb, 0xff, 0xff, 0xec, 0xcc, 0xcc,
    0xcc, 0xcc, 0xcc, 0xcc, 0xff, 0xff, 0xe1, 0x5,
    0xff, 0xff, 0xff, 0xff, 0xff, 0xff, 0xff, 0xff,
    0xff, 0xfe, 0xfe, 0x20, 0x0, 0x4f, 0x5f, 0xff,
    0xff, 0xff, 0xff, 0xff, 0xff, 0xff, 0xf5, 0xb3,
    0x0, 0x0, 0x1, 0x4, 0x55, 0x5e, 0xff, 0xa5,
    0x55, 0x55, 0xff, 0xf4, 0x0, 0x0, 0x0, 0x0,
    0x0, 0x0, 0xf, 0xff, 0x50, 0x0, 0x0, 0xff,
    0xf3, 0x0, 0x0, 0x0, 0x0, 0x0, 0x0, 0x3f,
    0xff, 0x20, 0x0, 0x1, 0xff, 0xf2, 0x0, 0x0,
    0x0, 0x0, 0x0, 0x0, 0x8f, 0xfe, 0x0, 0x0,
    0x2, 0xff, 0xf1, 0x0, 0x0, 0x0, 0x0, 0x0,
    0x0, 0xef, 0xf9, 0x0, 0x0, 0x3, 0xff, 0xf0,
    0x0, 0x0, 0x0, 0x0, 0x0, 0x8, 0xff, 0xf3,
    0x0, 0x0, 0x4, 0xff, 0xf0, 0x0, 0x0, 0x0,
    0x0, 0x0, 0x5f, 0xff, 0xb0, 0x0, 0x0, 0x6,
    0xff, 0xe0, 0x0, 0x0, 0x0, 0x0, 0x6, 0xff,
    0xff, 0x20, 0x0, 0x0, 0x9, 0xff, 0xc0, 0x0,
    0x0, 0x0, 0x3, 0xbf, 0xff, 0xf5, 0x0, 0x11,
    0x0, 0x2e, 0xff, 0x90, 0x0, 0x0, 0x2, 0xcf,
    0xff, 0xff, 0x50, 0x0, 0x2f, 0xff, 0xff, 0xff,
    0x50, 0x0, 0x0, 0x0, 0xbf, 0xff, 0xd3, 0x0,
    0x0, 0xc, 0xff, 0xff, 0xfe, 0x0, 0x0, 0x0,
    0x0, 0x1e, 0xe7, 0x0, 0x0, 0x0, 0x8, 0xff,
    0xfe, 0xa2, 0x0, 0x0, 0x0, 0x0, 0x2, 0x0,
    0x0, 0x0, 0x0, 0x0, 0x0, 0x0, 0x0, 0x0,
    0x0, 0x0,

    /* U+5207 "切" */
    0x0, 0x2, 0xee, 0xc0, 0x0, 0x0, 0x0, 0x0,
    0x0, 0x0, 0x0, 0x0, 0x0, 0x0, 0x2f, 0xfd,
    0x0, 0x0, 0xdf, 0xff, 0xff, 0xff, 0xff, 0xff,
    0xfe, 0x0, 0x2, 0xff, 0xd0, 0x0, 0xd, 0xff,
    0xff, 0xff, 0xff, 0xff, 0xff, 0xe0, 0x0, 0x2f,
    0xfd, 0x0, 0x0, 0xdf, 0xff, 0xff, 0xff, 0xff,
    0xff, 0xfd, 0x0, 0x2, 0xff, 0xd0, 0x0, 0x0,
    0x0, 0x4f, 0xfe, 0x0, 0x5, 0xff, 0xd0, 0x0,
    0x2f, 0xfe, 0x57, 0xad, 0x60, 0x4, 0xff, 0xd0,
    0x0, 0x5f, 0xfd, 0x3, 0x6a, 0xff, 0xff, 0xff,
    0xf9, 0x0, 0x5f, 0xfc, 0x0, 0x6, 0xff, 0xc2,
    0xff, 0xff, 0xff, 0xff, 0xff, 0xa0, 0x5, 0xff,
    0xc0, 0x0, 0x6f, 0xfc, 0xf, 0xff, 0xff, 0xf9,
    0x63, 0x0, 0x0, 0x6f, 0xfb, 0x0, 0x7, 0xff,
    0xb0, 0x98, 0x7f, 0xfd, 0x0, 0x0, 0x0, 0x7,
    0xff, 0x90, 0x0, 0x7f, 0xfb, 0x0, 0x2, 0xff,
    0xd0, 0x0, 0x0, 0x0, 0x9f, 0xf8, 0x0, 0x8,
    0xff, 0xa0, 0x0, 0x2f, 0xfd, 0x0, 0x0, 0x0,
    0xb, 0xff, 0x60, 0x0, 0x8f, 0xf9, 0x0, 0x2,
    0xff, 0xd0, 0x0, 0x0, 0x0, 0xef, 0xf3, 0x0,
    0x9, 0xff, 0x90, 0x0, 0x2f, 0xfd, 0x0, 0x6,
    0x40, 0x2f, 0xff, 0x0, 0x0, 0xaf, 0xf8, 0x0,
    0x2, 0xff, 0xd2, 0x9f, 0xf8, 0x7, 0xff, 0xc0,
    0x0, 0xb, 0xff, 0x70, 0x0, 0x3f, 0xff, 0xff,
    0xff, 0xb0, 0xdf, 0xf8, 0x0, 0x0, 0xcf, 0xf6,
    0x0, 0xb, 0xff, 0xff, 0xff, 0x92, 0x5f, 0xff,
    0x20, 0x0, 0xe, 0xff, 0x50, 0x4, 0xff, 0xff,
    0xe8, 0x10, 0x1e, 0xff, 0xc0, 0x0, 0x0, 0xff,
    0xf4, 0x0, 0xc, 0xfe, 0x70, 0x0, 0xb, 0xff,
    0xf4, 0x0, 0x0, 0x3f, 0xff, 0x20, 0x0, 0x48,
    0x0, 0x0, 0xb, 0xff, 0xfa, 0x1, 0x21, 0x1a,
    0xff, 0xf0, 0x0, 0x0, 0x0, 0x0, 0x3d, 0xff,
    0xfd, 0x0, 0x4f, 0xff, 0xff, 0xfb, 0x0, 0x0,
    0x0, 0x0, 0x1, 0xdf, 0xfd, 0x20, 0x0, 0xef,
    0xff, 0xff, 0x30, 0x0, 0x0, 0x0, 0x0, 0x1,
    0xec, 0x10, 0x0, 0xa, 0xff, 0xfc, 0x40, 0x0,
    0x0, 0x0, 0x0, 0x0, 0x2, 0x0, 0x0, 0x0,
    0x0, 0x0, 0x0, 0x0,

    /* U+5217 "列" */
    0x0, 0x0, 0x0, 0x0, 0x0, 0x0, 0x0, 0x0,
    0x0, 0x0, 0x3, 0xaa, 0x80, 0x7b, 0xbb, 0xbb,
    0xbb, 0xbb, 0xbb, 0xba, 0x0, 0x0, 0x0, 0x5f,
    0xfd, 0xb, 0xff, 0xff, 0xff, 0xff, 0xff, 0xff,
    0xe0, 0x11, 0x10, 0x5, 0xff, 0xd0, 0xbf, 0xff,
    0xff, 0xff, 0xff, 0xff, 0xfe, 0xe, 0xff, 0x20,
    0x5f, 0xfd, 0x3, 0x55, 0x8f, 0xfe, 0x55, 0x55,
    0x55, 0x40, 0xef, 0xf2, 0x5, 0xff, 0xd0, 0x0,
    0x8, 0xff, 0xa0, 0x0, 0x0, 0x0, 0xe, 0xff,
    0x20, 0x5f, 0xfd, 0x0, 0x0, 0xcf, 0xf5, 0x0,
    0x0, 0x0, 0x0, 0xef, 0xf2, 0x5, 0xff, 0xd0,
    0x0, 0x1f, 0xff, 0xee, 0xee, 0xfe, 0xb3, 0xe,
    0xff, 0x20, 0x5f, 0xfd, 0x0, 0x7, 0xff, 0xff,
    0xff, 0xff, 0xff, 0x50, 0xef, 0xf2, 0x5, 0xff,
    0xd0, 0x0, 0xef, 0xff, 0xff, 0xff, 0xff, 0xf2,
    0xe, 0xff, 0x20, 0x5f, 0xfd, 0x0, 0x6f, 0xff,
    0x0, 0x0, 0x2f, 0xfe, 0x0, 0xef, 0xf2, 0x5,
    0xff, 0xd0, 0xe, 0xff, 0x80, 0x0, 0x6, 0xff,
    0xa0, 0xe, 0xff, 0x20, 0x5f, 0xfd, 0xa, 0xff,
    0xf1, 0x40, 0x0, 0xcf, 0xf6, 0x0, 0xef, 0xf2,
    0x5, 0xff, 0xd0, 0xbf, 0xf7, 0x6f, 0x90, 0x2f,
    0xff, 0x10, 0xe, 0xff, 0x20, 0x5f, 0xfd, 0x0,
    0xac, 0x3f, 0xff, 0xca, 0xff, 0xb0, 0x0, 0xef,
    0xf2, 0x5, 0xff, 0xd0, 0x0, 0x10, 0xaf, 0xff,
    0xff, 0xf4, 0x0, 0xe, 0xff, 0x20, 0x5f, 0xfd,
    0x0, 0x0, 0x0, 0x8f, 0xff, 0xfc, 0x0, 0x0,
    0xef, 0xf2, 0x5, 0xff, 0xd0, 0x0, 0x0, 0x0,
    0xcf, 0xff, 0x30, 0x0, 0xc, 0xee, 0x20, 0x5f,
    0xfd, 0x0, 0x0, 0x0, 0x7f, 0xff, 0x90, 0x0,
    0x0, 0x0, 0x0, 0x5, 0xff, 0xd0, 0x0, 0x0,
    0x9f, 0xff, 0xc0, 0x0, 0x0, 0x0, 0x0, 0x0,
    0x5f, 0xfd, 0x0, 0x3, 0xcf, 0xff, 0xd1, 0x0,
    0x0, 0x0, 0x0, 0x0, 0x5, 0xff, 0xc0, 0x1b,
    0xff, 0xff, 0xc1, 0x0, 0x0, 0x0, 0x0, 0x1f,
    0xff, 0xff, 0xfb, 0x0, 0xbf, 0xff, 0x90, 0x0,
    0x0, 0x0, 0x0, 0x0, 0xbf, 0xff, 0xff, 0x60,
    0x1, 0xec, 0x30, 0x0, 0x0, 0x0, 0x0, 0x0,
    0x6, 0xff, 0xeb, 0x50, 0x0, 0x2, 0x0, 0x0,
    0x0, 0x0, 0x0, 0x0, 0x0, 0x0, 0x0, 0x0,
    0x0,

    /* U+521A "刚" */
    0x0, 0x0, 0x0, 0x0, 0x0, 0x0, 0x0, 0x0,
    0x0, 0x0, 0x46, 0x60, 0xa, 0xaa, 0xaa, 0xaa,
    0xaa, 0xaa, 0xca, 0x60, 0x0, 0x0, 0xbf, 0xf2,
    0x1f, 0xff, 0xff, 0xff, 0xff, 0xff, 0xff, 0x90,
    0x12, 0x20, 0xbf, 0xf2, 0x1f, 0xff, 0xff, 0xff,
    0xff, 0xff, 0xff, 0x90, 0xaf, 0xf1, 0xbf, 0xf2,
    0x1f, 0xfd, 0x11, 0x11, 0x11, 0x14, 0xff, 0x90,
    0xaf, 0xf1, 0xbf, 0xf2, 0x1f, 0xfd, 0x2, 0x0,
    0x4e, 0xc6, 0xff, 0x90, 0xaf, 0xf1, 0xbf, 0xf2,
    0x1f, 0xfe, 0xaf, 0x20, 0x8f, 0xf4, 0xff, 0x90,
    0xaf, 0xf1, 0xbf, 0xf2, 0x1f, 0xfd, 0xef, 0xb0,
    0xcf, 0xc3, 0xff, 0x90, 0xaf, 0xf1, 0xbf, 0xf2,
    0x1f, 0xfd, 0x6f, 0xf4, 0xff, 0x83, 0xff, 0x90,
    0xaf, 0xf1, 0xbf, 0xf2, 0x1f, 0xfd, 0xe, 0xff,
    0xff, 0x33, 0xff, 0x90, 0xaf, 0xf1, 0xbf, 0xf2,
    0x1f, 0xfd, 0x6, 0xff, 0xfe, 0x3, 0xff, 0x90,
    0xaf, 0xf1, 0xbf, 0xf2, 0x1f, 0xfd, 0x0, 0xef,
    0xf9, 0x3, 0xff, 0x90, 0xaf, 0xf1, 0xbf, 0xf2,
    0x1f, 0xfd, 0x0, 0x8f, 0xf5, 0x3, 0xff, 0x90,
    0xaf, 0xf1, 0xbf, 0xf2, 0x1f, 0xfd, 0x0, 0xaf,
    0xfa, 0x3, 0xff, 0x90, 0xaf, 0xf1, 0xbf, 0xf2,
    0x1f, 0xfd, 0x1, 0xff, 0xff, 0x13, 0xff, 0x90,
    0xaf, 0xf1, 0xbf, 0xf2, 0x1f, 0xfd, 0x8, 0xff,
    0xff, 0x83, 0xff, 0x90, 0xaf, 0xf1, 0xbf, 0xf2,
    0x1f, 0xfd, 0xe, 0xfb, 0xbf, 0xe3, 0xff, 0x90,
    0xaf, 0xf1, 0xbf, 0xf2, 0x1f, 0xfd, 0x7f, 0xf4,
    0x5f, 0xf7, 0xff, 0x90, 0x8d, 0xd0, 0xbf, 0xf2,
    0x1f, 0xfe, 0xff, 0xc0, 0xf, 0xc6, 0xff, 0x90,
    0x0, 0x0, 0xbf, 0xf2, 0x1f, 0xff, 0xef, 0x40,
    0x3, 0x3, 0xff, 0x90, 0x0, 0x0, 0xbf, 0xf2,
    0x1f, 0xfd, 0x6, 0x0, 0x0, 0x3, 0xff, 0x90,
    0x0, 0x0, 0xbf, 0xf2, 0x1f, 0xfd, 0x0, 0x0,
    0x9e, 0xef, 0xff, 0x80, 0xb, 0xcc, 0xff, 0xf1,
    0x1f, 0xfd, 0x0, 0x0, 0x4f, 0xff, 0xff, 0x30,
    0x9, 0xff, 0xff, 0xd0, 0x1f, 0xfd, 0x0, 0x0,
    0xb, 0xba, 0x82, 0x0, 0x4, 0xfe, 0xda, 0x20,

    /* U+5224 "判" */
    0x0, 0x0, 0x5, 0xff, 0xc0, 0x0, 0x0, 0x0,
    0x0, 0x0, 0x89, 0x91, 0x1, 0x64, 0x5, 0xff,
    0xc0, 0x8, 0x61, 0x0, 0x0, 0x0, 0xff, 0xf2,
    0x2f, 0xfd, 0x5, 0xff, 0xc0, 0x3f, 0xfe, 0x0,
    0x0, 0x0, 0xff, 0xf2, 0xc, 0xff, 0x55, 0xff,
    0xc0, 0xaf, 0xf7, 0x3f, 0xfc, 0x0, 0xff, 0xf2,
    0x4, 0xff, 0xd5, 0xff, 0xc2, 0xff, 0xf0, 0x3f,
    0xfd, 0x0, 0xff, 0xf2, 0x0, 0xdf, 0xf9, 0xff,
    0xca, 0xff, 0x80, 0x3f, 0xfd, 0x0, 0xff, 0xf2,
    0x0, 0x6f, 0x97, 0xff, 0xda, 0xff, 0x10, 0x3f,
    0xfd, 0x0, 0xff, 0xf2, 0x8, 0x99, 0x8a, 0xff,
    0xe8, 0xac, 0x80, 0x3f, 0xfd, 0x0, 0xff, 0xf2,
    0x1f, 0xff, 0xff, 0xff, 0xff, 0xff, 0xf0, 0x3f,
    0xfd, 0x0, 0xff, 0xf2, 0x1f, 0xff, 0xff, 0xff,
    0xff, 0xff, 0xf0, 0x3f, 0xfd, 0x0, 0xff, 0xf2,
    0x6, 0x66, 0x6a, 0xff, 0xe6, 0x66, 0x60, 0x3f,
    0xfd, 0x0, 0xff, 0xf2, 0x0, 0x0, 0x5, 0xff,
    0xc0, 0x0, 0x0, 0x3f, 0xfd, 0x0, 0xff, 0xf2,
    0x0, 0x0, 0x6, 0xff, 0xb0, 0x0, 0x0, 0x3f,
    0xfd, 0x0, 0xff, 0xf2, 0x44, 0x44, 0x4a, 0xff,
    0xc4, 0x44, 0x43, 0x3f, 0xfd, 0x0, 0xff, 0xf2,
    0xff, 0xff, 0xff, 0xff, 0xff, 0xff, 0xfd, 0x3f,
    0xfd, 0x0, 0xff, 0xf2, 0xff, 0xff, 0xff, 0xff,
    0xff, 0xff, 0xfd, 0x3f, 0xfd, 0x0, 0xff, 0xf2,
    0x89, 0x99, 0xbf, 0xff, 0xa9, 0x99, 0x97, 0x3f,
    0xfd, 0x0, 0xff, 0xf2, 0x0, 0x0, 0x8f, 0xfe,
    0x0, 0x0, 0x0, 0x2c, 0xc9, 0x0, 0xff, 0xf2,
    0x0, 0x1, 0xff, 0xf9, 0x0, 0x0, 0x0, 0x0,
    0x0, 0x0, 0xff, 0xf2, 0x0, 0xb, 0xff, 0xf2,
    0x0, 0x0, 0x0, 0x0, 0x0, 0x0, 0xff, 0xf2,
    0x0, 0xaf, 0xff, 0x90, 0x0, 0x0, 0x0, 0x2,
    0x33, 0x23, 0xff, 0xf1, 0x1c, 0xff, 0xfd, 0x0,
    0x0, 0x0, 0x0, 0x4, 0xff, 0xff, 0xff, 0xf0,
    0xa, 0xff, 0xe2, 0x0, 0x0, 0x0, 0x0, 0x0,
    0xef, 0xff, 0xff, 0xa0, 0x0, 0xab, 0x10, 0x0,
    0x0, 0x0, 0x0, 0x0, 0x9f, 0xfd, 0xb7, 0x0,
    0x0, 0x0, 0x0, 0x0, 0x0, 0x0, 0x0, 0x0,
    0x0, 0x0, 0x0, 0x0,

    /* U+5229 "利" */
    0x0, 0x0, 0x0, 0x0, 0x4, 0xab, 0x0, 0x0,
    0x0, 0x0, 0x9, 0x99, 0x0, 0x0, 0x0, 0x37,
    0xbf, 0xff, 0xfa, 0x0, 0x0, 0x0, 0x0, 0xff,
    0xf1, 0x6, 0x9c, 0xff, 0xff, 0xff, 0xff, 0xc3,
    0x0, 0x0, 0x0, 0xf, 0xff, 0x10, 0xcf, 0xff,
    0xff, 0xff, 0xb6, 0x10, 0x1, 0xff, 0xe0, 0x0,
    0xff, 0xf1, 0x7, 0xfd, 0xa8, 0xff, 0xf2, 0x0,
    0x0, 0x1f, 0xfe, 0x0, 0xf, 0xff, 0x10, 0x0,
    0x0, 0xe, 0xff, 0x20, 0x0, 0x1, 0xff, 0xe0,
    0x0, 0xff, 0xf1, 0x0, 0x0, 0x0, 0xef, 0xf2,
    0x0, 0x0, 0x1f, 0xfe, 0x0, 0xf, 0xff, 0x10,
    0x56, 0x66, 0x6f, 0xff, 0x76, 0x66, 0x31, 0xff,
    0xe0, 0x0, 0xff, 0xf1, 0xe, 0xff, 0xff, 0xff,
    0xff, 0xff, 0xf9, 0x1f, 0xfe, 0x0, 0xf, 0xff,
    0x10, 0xef, 0xff, 0xff, 0xff, 0xff, 0xff, 0x91,
    0xff, 0xe0, 0x0, 0xff, 0xf1, 0x7, 0x88, 0x8d,
    0xff, 0xf9, 0x88, 0x84, 0x1f, 0xfe, 0x0, 0xf,
    0xff, 0x10, 0x0, 0x1, 0xff, 0xff, 0x20, 0x0,
    0x1, 0xff, 0xe0, 0x0, 0xff, 0xf1, 0x0, 0x0,
    0x8f, 0xff, 0xfc, 0x10, 0x0, 0x1f, 0xfe, 0x0,
    0xf, 0xff, 0x10, 0x0, 0x2f, 0xff, 0xff, 0xfe,
    0x30, 0x1, 0xff, 0xe0, 0x0, 0xff, 0xf1, 0x0,
    0xb, 0xff, 0xff, 0xff, 0xff, 0x50, 0x1f, 0xfe,
    0x0, 0xf, 0xff, 0x10, 0x6, 0xff, 0xbe, 0xff,
    0xbf, 0xff, 0x61, 0xff, 0xe0, 0x0, 0xff, 0xf1,
    0x3, 0xff, 0xf2, 0xef, 0xf2, 0xaf, 0xf2, 0x1f,
    0xfe, 0x0, 0xf, 0xff, 0x12, 0xef, 0xf9, 0xe,
    0xff, 0x20, 0xc6, 0x1, 0xaa, 0x90, 0x0, 0xff,
    0xf1, 0x2f, 0xfe, 0x0, 0xef, 0xf2, 0x0, 0x0,
    0x0, 0x0, 0x0, 0xf, 0xff, 0x10, 0x8f, 0x30,
    0xe, 0xff, 0x20, 0x0, 0x0, 0x0, 0x0, 0x0,
    0xff, 0xf1, 0x1, 0x50, 0x0, 0xef, 0xf2, 0x0,
    0x0, 0x0, 0x12, 0x21, 0x3f, 0xff, 0x10, 0x0,
    0x0, 0xe, 0xff, 0x20, 0x0, 0x0, 0x4, 0xff,
    0xff, 0xff, 0xf0, 0x0, 0x0, 0x0, 0xef, 0xf2,
    0x0, 0x0, 0x0, 0xe, 0xff, 0xff, 0xfa, 0x0,
    0x0, 0x0, 0xe, 0xff, 0x20, 0x0, 0x0, 0x0,
    0x9f, 0xfe, 0xc7, 0x0, 0x0, 0x0, 0x0, 0x0,
    0x0, 0x0, 0x0, 0x0, 0x0, 0x0, 0x0, 0x0,
    0x0,

    /* U+5230 "到" */
    0x0, 0x0, 0x0, 0x0, 0x0, 0x0, 0x0, 0x0,
    0x0, 0x0, 0xde, 0xe1, 0x4a, 0xaa, 0xaa, 0xaa,
    0xaa, 0xaa, 0xaa, 0x10, 0x0, 0x0, 0xef, 0xf2,
    0x6f, 0xff, 0xff, 0xff, 0xff, 0xff, 0xff, 0x39,
    0xbb, 0x0, 0xef, 0xf2, 0x6f, 0xff, 0xff, 0xff,
    0xff, 0xff, 0xff, 0x3c, 0xff, 0x10, 0xef, 0xf2,
    0x1, 0x16, 0xff, 0xf2, 0x17, 0xc1, 0x11, 0xc,
    0xff, 0x10, 0xef, 0xf2, 0x0, 0xd, 0xff, 0x80,
    0x8f, 0xf8, 0x0, 0xc, 0xff, 0x10, 0xef, 0xf2,
    0x0, 0x6f, 0xfd, 0x0, 0x1e, 0xff, 0x40, 0xc,
    0xff, 0x10, 0xef, 0xf2, 0x2, 0xef, 0xf7, 0x45,
    0x6b, 0xff, 0xe0, 0xc, 0xff, 0x10, 0xef, 0xf2,
    0xc, 0xff, 0xff, 0xff, 0xff, 0xff, 0xf8, 0xc,
    0xff, 0x10, 0xef, 0xf2, 0x6, 0xff, 0xff, 0xff,
    0xff, 0xff, 0xfe, 0xc, 0xff, 0x10, 0xef, 0xf2,
    0x1, 0xda, 0x87, 0x54, 0x31, 0x9, 0xb2, 0xc,
    0xff, 0x10, 0xef, 0xf2, 0x0, 0x0, 0x0, 0xff,
    0xe0, 0x0, 0x0, 0xc, 0xff, 0x10, 0xef, 0xf2,
    0x0, 0x0, 0x0, 0xff, 0xf0, 0x0, 0x0, 0xc,
    0xff, 0x10, 0xef, 0xf2, 0x8, 0xaa, 0xaa, 0xff,
    0xfa, 0xaa, 0xa6, 0xc, 0xff, 0x10, 0xef, 0xf2,
    0xc, 0xff, 0xff, 0xff, 0xff, 0xff, 0xf9, 0xc,
    0xff, 0x10, 0xef, 0xf2, 0xc, 0xff, 0xff, 0xff,
    0xff, 0xff, 0xf9, 0xc, 0xff, 0x10, 0xef, 0xf2,
    0x0, 0x0, 0x1, 0xff, 0xf0, 0x0, 0x0, 0xc,
    0xff, 0x10, 0xef, 0xf2, 0x0, 0x0, 0x0, 0xff,
    0xf0, 0x0, 0x0, 0xc, 0xff, 0x10, 0xef, 0xf2,
    0x0, 0x0, 0x0, 0xff, 0xf0, 0x35, 0x8a, 0x0,
    0x0, 0x0, 0xef, 0xf2, 0x0, 0x0, 0x25, 0xff,
    0xff, 0xff, 0xff, 0x0, 0x0, 0x0, 0xef, 0xf2,
    0x5b, 0xdf, 0xff, 0xff, 0xff, 0xff, 0xff, 0x0,
    0x0, 0x0, 0xff, 0xf1, 0x6f, 0xff, 0xff, 0xff,
    0xfe, 0xb8, 0x52, 0x0, 0x6f, 0xef, 0xff, 0xf0,
    0x3f, 0xff, 0xc9, 0x64, 0x10, 0x0, 0x0, 0x0,
    0xf, 0xff, 0xff, 0xc0, 0x5, 0x20, 0x0, 0x0,
    0x0, 0x0, 0x0, 0x0, 0xb, 0xfe, 0xc8, 0x10,

    /* U+5236 "制" */
    0x0, 0x8, 0x41, 0x1e, 0xed, 0x0, 0x0, 0x0,
    0x0, 0x0, 0x8, 0xaa, 0x10, 0x4, 0xff, 0xb1,
    0xff, 0xe0, 0x0, 0x0, 0x0, 0x0, 0x0, 0xdf,
    0xf2, 0x0, 0x8f, 0xf7, 0x1f, 0xfe, 0x0, 0x0,
    0x0, 0x1f, 0xfc, 0xd, 0xff, 0x20, 0xc, 0xff,
    0xba, 0xff, 0xfa, 0xaa, 0xa5, 0x1, 0xff, 0xd0,
    0xdf, 0xf2, 0x2, 0xff, 0xff, 0xff, 0xff, 0xff,
    0xff, 0x90, 0x1f, 0xfd, 0xd, 0xff, 0x20, 0x8f,
    0xff, 0xff, 0xff, 0xff, 0xff, 0xf9, 0x1, 0xff,
    0xd0, 0xdf, 0xf2, 0x1f, 0xff, 0x43, 0x4f, 0xfe,
    0x33, 0x33, 0x10, 0x1f, 0xfd, 0xd, 0xff, 0x21,
    0x8e, 0xa0, 0x1, 0xff, 0xe0, 0x0, 0x0, 0x1,
    0xff, 0xd0, 0xdf, 0xf2, 0xe, 0xee, 0xee, 0xef,
    0xff, 0xee, 0xee, 0xe8, 0x1f, 0xfd, 0xd, 0xff,
    0x20, 0xff, 0xff, 0xff, 0xff, 0xff, 0xff, 0xff,
    0x91, 0xff, 0xd0, 0xdf, 0xf2, 0xf, 0xff, 0xff,
    0xff, 0xff, 0xff, 0xff, 0xf8, 0x1f, 0xfd, 0xd,
    0xff, 0x20, 0x0, 0x0, 0x1, 0xff, 0xe0, 0x0,
    0x0, 0x1, 0xff, 0xd0, 0xdf, 0xf2, 0x0, 0x22,
    0x22, 0x3f, 0xfe, 0x22, 0x42, 0x20, 0x1f, 0xfd,
    0xd, 0xff, 0x20, 0xf, 0xff, 0xff, 0xff, 0xff,
    0xff, 0xfe, 0x1, 0xff, 0xd0, 0xdf, 0xf2, 0x0,
    0xff, 0xff, 0xff, 0xff, 0xff, 0xff, 0xe0, 0x1f,
    0xfd, 0xd, 0xff, 0x20, 0xf, 0xfe, 0xaa, 0xff,
    0xfa, 0xaf, 0xfe, 0x1, 0xff, 0xd0, 0xdf, 0xf2,
    0x0, 0xff, 0xc0, 0x1f, 0xfe, 0x0, 0xef, 0xe0,
    0xc, 0xca, 0xd, 0xff, 0x20, 0xf, 0xfc, 0x1,
    0xff, 0xe0, 0xe, 0xfe, 0x0, 0x0, 0x0, 0xdf,
    0xf2, 0x0, 0xff, 0xc0, 0x1f, 0xfe, 0x0, 0xef,
    0xe0, 0x0, 0x0, 0xd, 0xff, 0x20, 0xf, 0xfc,
    0x1, 0xff, 0xe1, 0x2f, 0xfe, 0x0, 0x0, 0x0,
    0xdf, 0xf2, 0x0, 0xff, 0xc0, 0x1f, 0xfe, 0x8f,
    0xff, 0xd0, 0x0, 0x21, 0x1e, 0xff, 0x20, 0xf,
    0xfc, 0x1, 0xff, 0xe3, 0xff, 0xf7, 0x0, 0xe,
    0xff, 0xff, 0xf1, 0x0, 0x55, 0x40, 0x1f, 0xfe,
    0x7, 0x63, 0x0, 0x0, 0x8f, 0xff, 0xfc, 0x0,
    0x0, 0x0, 0x1, 0xff, 0xe0, 0x0, 0x0, 0x0,
    0x4, 0xff, 0xd9, 0x10, 0x0, 0x0, 0x0, 0x0,
    0x0, 0x0, 0x0, 0x0, 0x0, 0x0, 0x0, 0x0,
    0x0,

    /* U+5237 "刷" */
    0x0, 0x0, 0x0, 0x0, 0x0, 0x0, 0x0, 0x0,
    0x0, 0x0, 0x5, 0x66, 0x0, 0x5, 0x88, 0x88,
    0x88, 0x88, 0x88, 0x86, 0x0, 0x0, 0x0, 0xdf,
    0xf2, 0x0, 0xbf, 0xff, 0xff, 0xff, 0xff, 0xff,
    0xd0, 0x45, 0x50, 0xd, 0xff, 0x20, 0xb, 0xff,
    0xff, 0xff, 0xff, 0xff, 0xfd, 0xd, 0xff, 0x10,
    0xdf, 0xf2, 0x0, 0xbf, 0xf3, 0x22, 0x22, 0x23,
    0xff, 0xd0, 0xdf, 0xf1, 0xd, 0xff, 0x20, 0xb,
    0xff, 0x10, 0x0, 0x0, 0x1f, 0xfd, 0xd, 0xff,
    0x10, 0xdf, 0xf2, 0x0, 0xbf, 0xfe, 0xdd, 0xdd,
    0xdd, 0xff, 0xd0, 0xdf, 0xf1, 0xd, 0xff, 0x20,
    0xb, 0xff, 0xff, 0xff, 0xff, 0xff, 0xfd, 0xd,
    0xff, 0x10, 0xdf, 0xf2, 0x0, 0xbf, 0xff, 0xff,
    0xff, 0xff, 0xff, 0xc0, 0xdf, 0xf1, 0xd, 0xff,
    0x20, 0xb, 0xff, 0x10, 0x8, 0xff, 0x10, 0x0,
    0xd, 0xff, 0x10, 0xdf, 0xf2, 0x0, 0xbf, 0xf0,
    0x0, 0x8f, 0xf1, 0x0, 0x0, 0xdf, 0xf1, 0xd,
    0xff, 0x20, 0xb, 0xff, 0xdd, 0xde, 0xff, 0xdd,
    0xed, 0xd, 0xff, 0x10, 0xdf, 0xf2, 0x0, 0xbf,
    0xff, 0xff, 0xff, 0xff, 0xff, 0xf0, 0xdf, 0xf1,
    0xd, 0xff, 0x20, 0xc, 0xff, 0xff, 0xde, 0xff,
    0xde, 0xff, 0xd, 0xff, 0x10, 0xdf, 0xf2, 0x0,
    0xdf, 0xff, 0xf2, 0x8f, 0xf1, 0x7f, 0xf0, 0xdf,
    0xf1, 0xd, 0xff, 0x20, 0xe, 0xfe, 0xff, 0x28,
    0xff, 0x17, 0xff, 0xd, 0xff, 0x10, 0xdf, 0xf2,
    0x0, 0xff, 0xcf, 0xf2, 0x8f, 0xf1, 0x7f, 0xf0,
    0xdf, 0xf1, 0xd, 0xff, 0x20, 0x2f, 0xfa, 0xff,
    0x28, 0xff, 0x17, 0xff, 0xa, 0xcc, 0x10, 0xdf,
    0xf2, 0x5, 0xff, 0x7f, 0xf2, 0x8f, 0xf1, 0x7f,
    0xf0, 0x0, 0x0, 0xd, 0xff, 0x20, 0x9f, 0xf4,
    0xff, 0x28, 0xff, 0xaf, 0xff, 0x0, 0x0, 0x0,
    0xdf, 0xf2, 0xe, 0xff, 0x1f, 0xf2, 0x8f, 0xf6,
    0xff, 0xb0, 0x0, 0x11, 0x1e, 0xff, 0x24, 0xff,
    0xa0, 0x99, 0x18, 0xff, 0x27, 0x50, 0x0, 0x3f,
    0xff, 0xff, 0xf1, 0x19, 0xf4, 0x0, 0x0, 0x8f,
    0xf1, 0x0, 0x0, 0x0, 0xdf, 0xff, 0xfc, 0x0,
    0x4, 0x0, 0x0, 0x8, 0xff, 0x10, 0x0, 0x0,
    0x9, 0xfe, 0xd9, 0x10,

    /* U+523B "刻" */
    0x0, 0x0, 0x0, 0x0, 0x0, 0x0, 0x0, 0x0,
    0x0, 0x0, 0x0, 0x0, 0x0, 0x0, 0x0, 0x6,
    0xbf, 0x60, 0x0, 0x0, 0x0, 0x0, 0x0, 0x89,
    0x92, 0x0, 0x0, 0x0, 0x6f, 0xfe, 0x0, 0x0,
    0x0, 0x0, 0x0, 0xd, 0xff, 0x40, 0x0, 0x0,
    0x0, 0xef, 0xf6, 0x0, 0x0, 0x0, 0x0, 0x0,
    0xdf, 0xf4, 0xc, 0xdd, 0xdd, 0xdf, 0xff, 0xfd,
    0xdd, 0xd9, 0x1f, 0xfd, 0xd, 0xff, 0x40, 0xef,
    0xff, 0xff, 0xff, 0xff, 0xff, 0xff, 0xb1, 0xff,
    0xd0, 0xdf, 0xf4, 0xe, 0xff, 0xff, 0xff, 0xff,
    0xff, 0xff, 0xfb, 0x1f, 0xfd, 0xd, 0xff, 0x40,
    0x0, 0x1, 0xef, 0xf9, 0x0, 0x10, 0x0, 0x1,
    0xff, 0xd0, 0xdf, 0xf4, 0x0, 0x0, 0xcf, 0xfb,
    0x0, 0x1f, 0xd7, 0x0, 0x1f, 0xfd, 0xd, 0xff,
    0x40, 0x0, 0xbf, 0xfc, 0x0, 0x9, 0xff, 0xb0,
    0x1, 0xff, 0xd0, 0xdf, 0xf4, 0x2, 0xcf, 0xff,
    0x99, 0xab, 0xff, 0xf2, 0x0, 0x1f, 0xfd, 0xd,
    0xff, 0x40, 0x4f, 0xff, 0xff, 0xff, 0xff, 0xf8,
    0x0, 0x1, 0xff, 0xd0, 0xdf, 0xf4, 0x0, 0xef,
    0xff, 0xff, 0xff, 0xfc, 0x2, 0x0, 0x1f, 0xfd,
    0xd, 0xff, 0x40, 0x5, 0x53, 0x11, 0xcf, 0xfe,
    0x17, 0xfc, 0x51, 0xff, 0xd0, 0xdf, 0xf4, 0x0,
    0x0, 0x2, 0xdf, 0xfe, 0x22, 0xff, 0xf7, 0x1f,
    0xfd, 0xd, 0xff, 0x40, 0x0, 0x6, 0xff, 0xfe,
    0x31, 0xdf, 0xfc, 0x1, 0xff, 0xd0, 0xdf, 0xf4,
    0x0, 0x3c, 0xff, 0xfd, 0x20, 0xcf, 0xfe, 0x10,
    0x1f, 0xfd, 0xd, 0xff, 0x40, 0x6f, 0xff, 0xfb,
    0x11, 0xcf, 0xff, 0x30, 0x1, 0xff, 0xd0, 0xdf,
    0xf4, 0x0, 0xdf, 0xf6, 0x3, 0xef, 0xff, 0x50,
    0x0, 0x9, 0x97, 0xd, 0xff, 0x40, 0x2, 0x91,
    0x7, 0xff, 0xff, 0xfd, 0x20, 0x0, 0x0, 0x0,
    0xdf, 0xf4, 0x0, 0x0, 0x3d, 0xff, 0xfe, 0xdf,
    0xff, 0x50, 0x0, 0x0, 0xd, 0xff, 0x40, 0x3,
    0xbf, 0xff, 0xfc, 0x11, 0xcf, 0xff, 0x80, 0x0,
    0x0, 0xef, 0xf3, 0xa, 0xff, 0xff, 0xf7, 0x0,
    0x0, 0xaf, 0xfc, 0x16, 0xff, 0xff, 0xff, 0x20,
    0x4f, 0xff, 0xb2, 0x0, 0x0, 0x0, 0xab, 0x0,
    0x1f, 0xff, 0xff, 0xe0, 0x0, 0x8c, 0x40, 0x0,
    0x0, 0x0, 0x0, 0x0, 0x0, 0xcf, 0xed, 0x92,
    0x0, 0x0, 0x0, 0x0, 0x0, 0x0, 0x0, 0x0,
    0x0, 0x0, 0x0, 0x0, 0x0,

    /* U+524D "前" */
    0x0, 0x0, 0x28, 0xd2, 0x0, 0x0, 0x0, 0x0,
    0x2d, 0x94, 0x0, 0x0, 0x0, 0x0, 0xdf, 0xfd,
    0x0, 0x0, 0x0, 0x0, 0xaf, 0xff, 0x20, 0x0,
    0x0, 0x0, 0x3f, 0xff, 0xa0, 0x0, 0x0, 0x2,
    0xff, 0xf7, 0x0, 0x0, 0x0, 0x0, 0x9, 0xff,
    0xb1, 0x0, 0x0, 0xc, 0xff, 0xd1, 0x0, 0x0,
    0xef, 0xff, 0xff, 0xff, 0xff, 0xff, 0xff, 0xff,
    0xff, 0xff, 0xff, 0xfb, 0xef, 0xff, 0xff, 0xff,
    0xff, 0xff, 0xff, 0xff, 0xff, 0xff, 0xff, 0xfb,
    0xbc, 0xcc, 0xcc, 0xcc, 0xcc, 0xcc, 0xcc, 0xcc,
    0xcc, 0xcc, 0xcc, 0xc9, 0x0, 0x0, 0x0, 0x0,
    0x0, 0x0, 0x0, 0x0, 0x0, 0x1, 0x22, 0x0,
    0x5, 0xcc, 0xcc, 0xcc, 0xcd, 0xcb, 0x0, 0x79,
    0x80, 0xb, 0xff, 0x50, 0x6, 0xff, 0xff, 0xff,
    0xff, 0xfe, 0x0, 0xdf, 0xf0, 0xb, 0xff, 0x50,
    0x6, 0xff, 0xec, 0xcc, 0xcf, 0xfe, 0x0, 0xdf,
    0xf0, 0xb, 0xff, 0x50, 0x6, 0xff, 0x80, 0x0,
    0x1f, 0xfe, 0x0, 0xdf, 0xf0, 0xb, 0xff, 0x50,
    0x6, 0xff, 0xd9, 0x99, 0xaf, 0xfe, 0x0, 0xdf,
    0xf0, 0xb, 0xff, 0x50, 0x6, 0xff, 0xff, 0xff,
    0xff, 0xfe, 0x0, 0xdf, 0xf0, 0xb, 0xff, 0x50,
    0x6, 0xff, 0xdb, 0xbb, 0xbf, 0xfe, 0x0, 0xdf,
    0xf0, 0xb, 0xff, 0x50, 0x6, 0xff, 0x80, 0x0,
    0x1f, 0xfe, 0x0, 0xdf, 0xf0, 0xb, 0xff, 0x50,
    0x6, 0xff, 0xd9, 0x99, 0xaf, 0xfe, 0x0, 0xdf,
    0xf0, 0xb, 0xff, 0x50, 0x6, 0xff, 0xff, 0xff,
    0xff, 0xfe, 0x0, 0xdf, 0xf0, 0xb, 0xff, 0x50,
    0x6, 0xff, 0xdb, 0xbb, 0xbf, 0xfe, 0x0, 0xdf,
    0xf0, 0xb, 0xff, 0x50, 0x6, 0xff, 0x80, 0x0,
    0x1f, 0xfe, 0x0, 0x11, 0x10, 0xb, 0xff, 0x50,
    0x6, 0xff, 0x80, 0x0, 0x1f, 0xfe, 0x0, 0x0,
    0x0, 0xb, 0xff, 0x50, 0x6, 0xff, 0x80, 0x79,
    0xaf, 0xfe, 0x0, 0x1, 0xee, 0xef, 0xff, 0x40,
    0x6, 0xff, 0x80, 0x5f, 0xff, 0xfa, 0x0, 0x0,
    0xaf, 0xff, 0xff, 0x10, 0x6, 0xee, 0x70, 0xf,
    0xfe, 0x91, 0x0, 0x0, 0x5f, 0xfd, 0xa3, 0x0,

    /* U+5269 "剩" */
    0x0, 0x0, 0x0, 0x0, 0x0, 0x0, 0x0, 0x0,
    0x0, 0x0, 0x0, 0x0, 0x0, 0x0, 0x0, 0x0,
    0x13, 0x57, 0xae, 0xe2, 0x0, 0x0, 0x0, 0xdf,
    0xf2, 0x0, 0xab, 0xcd, 0xff, 0xff, 0xff, 0xff,
    0xd1, 0x0, 0x0, 0xd, 0xff, 0x20, 0xc, 0xff,
    0xff, 0xff, 0xff, 0xfd, 0xa6, 0x10, 0x0, 0x0,
    0xdf, 0xf2, 0x0, 0x7c, 0xbb, 0x9f, 0xff, 0x40,
    0x0, 0x0, 0xc, 0xfe, 0xd, 0xff, 0x20, 0x12,
    0x22, 0x22, 0xef, 0xf3, 0x22, 0x22, 0x20, 0xdf,
    0xf0, 0xdf, 0xf2, 0xf, 0xff, 0xff, 0xff, 0xff,
    0xff, 0xff, 0xff, 0x2d, 0xff, 0xd, 0xff, 0x20,
    0xff, 0xff, 0xff, 0xff, 0xff, 0xff, 0xff, 0xf2,
    0xdf, 0xf0, 0xdf, 0xf2, 0x7, 0x77, 0x77, 0x7e,
    0xff, 0x87, 0x77, 0x77, 0x1d, 0xff, 0xd, 0xff,
    0x20, 0x0, 0xe, 0xf4, 0xdf, 0xf1, 0xde, 0x40,
    0x0, 0xdf, 0xf0, 0xdf, 0xf2, 0x3, 0x77, 0xff,
    0x5d, 0xff, 0x1e, 0xf7, 0xc2, 0xd, 0xff, 0xd,
    0xff, 0x20, 0x6f, 0xff, 0xf5, 0xdf, 0xf1, 0xef,
    0xff, 0xd0, 0xdf, 0xf0, 0xdf, 0xf2, 0x4, 0xaa,
    0xff, 0x5d, 0xff, 0x1e, 0xff, 0x91, 0xd, 0xff,
    0xd, 0xff, 0x20, 0x0, 0x1f, 0xf5, 0xdf, 0xf1,
    0xef, 0x52, 0x10, 0xdf, 0xf0, 0xdf, 0xf2, 0x7,
    0xdf, 0xff, 0x5d, 0xff, 0x1e, 0xf5, 0x6f, 0x5d,
    0xff, 0xd, 0xff, 0x20, 0x8f, 0xff, 0xf5, 0xef,
    0xf1, 0xdf, 0xff, 0xf3, 0xdf, 0xf0, 0xdf, 0xf2,
    0x2, 0x50, 0xff, 0xaf, 0xff, 0x25, 0xde, 0xe9,
    0xd, 0xff, 0xd, 0xff, 0x20, 0x0, 0x1, 0x4f,
    0xff, 0xff, 0x80, 0x0, 0x0, 0xdf, 0xf0, 0xdf,
    0xf2, 0x0, 0x0, 0x2e, 0xff, 0xff, 0xff, 0xe5,
    0x0, 0xa, 0xcb, 0xd, 0xff, 0x20, 0x0, 0x2e,
    0xff, 0xff, 0xfb, 0xff, 0xfb, 0x20, 0x0, 0x0,
    0xdf, 0xf2, 0x0, 0x5f, 0xff, 0xbd, 0xff, 0x16,
    0xff, 0xfd, 0x0, 0x0, 0xd, 0xff, 0x21, 0xaf,
    0xff, 0xd1, 0xdf, 0xf1, 0x2, 0xdf, 0x50, 0x0,
    0x0, 0xdf, 0xf2, 0x9, 0xff, 0xd1, 0xd, 0xff,
    0x10, 0x0, 0x60, 0x1, 0xef, 0xff, 0xff, 0x10,
    0xa, 0xb1, 0x0, 0xdf, 0xf1, 0x0, 0x0, 0x0,
    0xb, 0xff, 0xff, 0xd0, 0x0, 0x0, 0x0, 0xb,
    0xdd, 0x10, 0x0, 0x0, 0x0, 0x7f, 0xfd, 0x91,
    0x0,

    /* U+529F "功" */
    0x0, 0x0, 0x0, 0x0, 0x0, 0x0, 0x0, 0x4e,
    0xec, 0x0, 0x0, 0x0, 0x0, 0x0, 0x0, 0x0,
    0x0, 0x0, 0x0, 0x5, 0xff, 0xd0, 0x0, 0x0,
    0x0, 0x4, 0x44, 0x44, 0x44, 0x44, 0x30, 0x0,
    0x5f, 0xfd, 0x0, 0x0, 0x0, 0x2, 0xff, 0xff,
    0xff, 0xff, 0xfa, 0x0, 0x5, 0xff, 0xd0, 0x0,
    0x0, 0x0, 0x2f, 0xff, 0xff, 0xff, 0xff, 0xa0,
    0x0, 0x5f, 0xfc, 0x0, 0x0, 0x0, 0x1, 0x77,
    0x7e, 0xff, 0xa7, 0x74, 0xcc, 0xcd, 0xff, 0xfc,
    0xcc, 0xcc, 0xc3, 0x0, 0x0, 0xcf, 0xf4, 0x0,
    0xf, 0xff, 0xff, 0xff, 0xff, 0xff, 0xff, 0x40,
    0x0, 0xc, 0xff, 0x40, 0x0, 0xff, 0xff, 0xff,
    0xff, 0xff, 0xff, 0xf3, 0x0, 0x0, 0xcf, 0xf4,
    0x0, 0x3, 0x33, 0x9f, 0xfb, 0x33, 0x3e, 0xff,
    0x30, 0x0, 0xc, 0xff, 0x40, 0x0, 0x0, 0x8,
    0xff, 0x90, 0x0, 0xef, 0xf3, 0x0, 0x0, 0xcf,
    0xf4, 0x0, 0x0, 0x0, 0xaf, 0xf7, 0x0, 0xe,
    0xff, 0x20, 0x0, 0xc, 0xff, 0x40, 0x0, 0x0,
    0xc, 0xff, 0x60, 0x0, 0xff, 0xf1, 0x0, 0x0,
    0xcf, 0xf4, 0x0, 0x0, 0x0, 0xff, 0xf3, 0x0,
    0xf, 0xff, 0x10, 0x0, 0xc, 0xff, 0x40, 0x0,
    0x0, 0x2f, 0xff, 0x0, 0x0, 0xff, 0xf0, 0x0,
    0x0, 0xcf, 0xf7, 0x6b, 0xe0, 0x6, 0xff, 0xd0,
    0x0, 0x1f, 0xff, 0x0, 0x0, 0x2d, 0xff, 0xff,
    0xff, 0x20, 0xcf, 0xf9, 0x0, 0x2, 0xff, 0xe0,
    0x4a, 0xef, 0xff, 0xff, 0xff, 0xf3, 0x2f, 0xff,
    0x40, 0x0, 0x3f, 0xfd, 0x5, 0xff, 0xff, 0xff,
    0xfc, 0x72, 0xb, 0xff, 0xe0, 0x0, 0x4, 0xff,
    0xc0, 0x1f, 0xff, 0xea, 0x51, 0x0, 0x5, 0xff,
    0xf7, 0x0, 0x0, 0x6f, 0xfb, 0x0, 0xa7, 0x30,
    0x0, 0x0, 0x3, 0xff, 0xfd, 0x0, 0x0, 0x9,
    0xff, 0x90, 0x0, 0x0, 0x0, 0x0, 0x5, 0xff,
    0xff, 0x40, 0x0, 0x1, 0xef, 0xf7, 0x0, 0x0,
    0x0, 0x0, 0xa, 0xff, 0xff, 0x70, 0xe, 0xff,
    0xff, 0xff, 0x30, 0x0, 0x0, 0x0, 0x0, 0x7f,
    0xff, 0x70, 0x0, 0x8f, 0xff, 0xff, 0xb0, 0x0,
    0x0, 0x0, 0x0, 0x0, 0x9e, 0x40, 0x0, 0x5,
    0xff, 0xfd, 0x90, 0x0, 0x0, 0x0, 0x0, 0x0,
    0x0, 0x10, 0x0, 0x0, 0x0, 0x0, 0x0, 0x0,
    0x0,

    /* U+52A0 "加" */
    0x0, 0x0, 0x47, 0x73, 0x0, 0x0, 0x0, 0x0,
    0x0, 0x0, 0x0, 0x0, 0x0, 0x0, 0x9, 0xff,
    0x70, 0x0, 0x0, 0x0, 0x0, 0x0, 0x0, 0x0,
    0x0, 0x0, 0x0, 0x9f, 0xf7, 0x0, 0x0, 0x0,
    0x0, 0x0, 0x0, 0x0, 0x0, 0x0, 0x0, 0x9,
    0xff, 0x70, 0x0, 0x0, 0x6, 0xee, 0xee, 0xee,
    0xee, 0xe0, 0x2, 0x33, 0xbf, 0xf8, 0x33, 0x43,
    0x30, 0x7f, 0xff, 0xff, 0xff, 0xff, 0x0, 0xbf,
    0xff, 0xff, 0xff, 0xff, 0xff, 0x27, 0xff, 0xff,
    0xff, 0xff, 0xf0, 0xb, 0xff, 0xff, 0xff, 0xff,
    0xff, 0xf2, 0x7f, 0xf9, 0x22, 0x3f, 0xff, 0x0,
    0x9d, 0xdf, 0xff, 0xed, 0xdf, 0xff, 0x17, 0xff,
    0x80, 0x1, 0xff, 0xf0, 0x0, 0x0, 0xbf, 0xf5,
    0x0, 0xef, 0xf1, 0x7f, 0xf8, 0x0, 0x1f, 0xff,
    0x0, 0x0, 0xb, 0xff, 0x40, 0xe, 0xff, 0x17,
    0xff, 0x80, 0x1, 0xff, 0xf0, 0x0, 0x0, 0xcf,
    0xf3, 0x0, 0xff, 0xf0, 0x7f, 0xf8, 0x0, 0x1f,
    0xff, 0x0, 0x0, 0xd, 0xff, 0x20, 0xf, 0xff,
    0x7, 0xff, 0x80, 0x1, 0xff, 0xf0, 0x0, 0x0,
    0xff, 0xf0, 0x0, 0xff, 0xf0, 0x7f, 0xf8, 0x0,
    0x1f, 0xff, 0x0, 0x0, 0x1f, 0xfe, 0x0, 0xf,
    0xff, 0x7, 0xff, 0x80, 0x1, 0xff, 0xf0, 0x0,
    0x3, 0xff, 0xc0, 0x1, 0xff, 0xf0, 0x7f, 0xf8,
    0x0, 0x1f, 0xff, 0x0, 0x0, 0x6f, 0xfa, 0x0,
    0x1f, 0xfe, 0x7, 0xff, 0x80, 0x1, 0xff, 0xf0,
    0x0, 0xa, 0xff, 0x70, 0x2, 0xff, 0xd0, 0x7f,
    0xf8, 0x0, 0x1f, 0xff, 0x0, 0x0, 0xef, 0xf3,
    0x0, 0x3f, 0xfc, 0x7, 0xff, 0x80, 0x1, 0xff,
    0xf0, 0x0, 0x4f, 0xfe, 0x0, 0x5, 0xff, 0xb0,
    0x7f, 0xf8, 0x0, 0x1f, 0xff, 0x0, 0xb, 0xff,
    0xa0, 0x0, 0x7f, 0xfa, 0x7, 0xff, 0xed, 0xdd,
    0xff, 0xf0, 0x3, 0xff, 0xf4, 0x10, 0x1d, 0xff,
    0x80, 0x7f, 0xff, 0xff, 0xff, 0xff, 0x0, 0xdf,
    0xfc, 0xe, 0xff, 0xff, 0xf5, 0x7, 0xff, 0xff,
    0xff, 0xff, 0xf0, 0x2e, 0xff, 0x40, 0x9f, 0xff,
    0xfd, 0x0, 0x7f, 0xf9, 0x22, 0x4f, 0xff, 0x0,
    0x2e, 0x90, 0x6, 0xff, 0xfb, 0x20, 0x7, 0xff,
    0x80, 0x1, 0xdd, 0xd0, 0x0, 0x20, 0x0, 0x0,
    0x0, 0x0, 0x0, 0x0, 0x0, 0x0, 0x0, 0x0,
    0x0,

    /* U+52A8 "动" */
    0x0, 0x0, 0x0, 0x0, 0x0, 0x0, 0x0, 0x8,
    0xaa, 0x20, 0x0, 0x0, 0x0, 0x0, 0x0, 0x0,
    0x0, 0x0, 0x0, 0x0, 0xdf, 0xf4, 0x0, 0x0,
    0x0, 0xc, 0xff, 0xff, 0xff, 0xff, 0xf7, 0x0,
    0xd, 0xff, 0x40, 0x0, 0x0, 0x0, 0xcf, 0xff,
    0xff, 0xff, 0xff, 0x70, 0x0, 0xdf, 0xf3, 0x0,
    0x0, 0x0, 0x8, 0xbb, 0xbb, 0xbb, 0xbb, 0xb5,
    0x0, 0xd, 0xff, 0x30, 0x0, 0x0, 0x0, 0x0,
    0x0, 0x0, 0x0, 0x0, 0x5, 0x66, 0xef, 0xf8,
    0x66, 0x87, 0x60, 0x0, 0x0, 0x0, 0x0, 0x0,
    0x0, 0xcf, 0xff, 0xff, 0xff, 0xff, 0xff, 0x10,
    0x0, 0x0, 0x0, 0x0, 0x0, 0xc, 0xff, 0xff,
    0xff, 0xff, 0xff, 0xf0, 0xaf, 0xff, 0xff, 0xff,
    0xff, 0xfe, 0x68, 0x8f, 0xff, 0x98, 0x8f, 0xff,
    0xa, 0xff, 0xff, 0xff, 0xff, 0xff, 0xe0, 0x0,
    0xff, 0xf0, 0x0, 0xff, 0xf0, 0x8c, 0xce, 0xff,
    0xfc, 0xcc, 0xcb, 0x0, 0x1f, 0xff, 0x0, 0x1f,
    0xff, 0x0, 0x0, 0x8f, 0xfa, 0x0, 0x0, 0x0,
    0x2, 0xff, 0xe0, 0x1, 0xff, 0xf0, 0x0, 0xc,
    0xff, 0x50, 0x5, 0x30, 0x0, 0x4f, 0xfc, 0x0,
    0x2f, 0xfe, 0x0, 0x1, 0xff, 0xf0, 0xf, 0xfc,
    0x0, 0x7, 0xff, 0xa0, 0x2, 0xff, 0xe0, 0x0,
    0x5f, 0xfb, 0x0, 0xaf, 0xf3, 0x0, 0xaf, 0xf7,
    0x0, 0x3f, 0xfd, 0x0, 0xa, 0xff, 0x50, 0x4,
    0xff, 0x90, 0xd, 0xff, 0x40, 0x4, 0xff, 0xc0,
    0x1, 0xff, 0xe0, 0x4, 0x8f, 0xfe, 0x2, 0xff,
    0xf1, 0x0, 0x5f, 0xfb, 0x0, 0x7f, 0xfe, 0xcf,
    0xff, 0xff, 0xf4, 0x7f, 0xfc, 0x0, 0x7, 0xff,
    0xa0, 0x3f, 0xff, 0xff, 0xff, 0xff, 0xff, 0xae,
    0xff, 0x70, 0x0, 0x8f, 0xf9, 0x2, 0xff, 0xff,
    0xfd, 0x94, 0x1f, 0xbc, 0xff, 0xf1, 0x0, 0xb,
    0xff, 0x70, 0xd, 0xfb, 0x61, 0x0, 0x0, 0x2,
    0xff, 0xfa, 0x0, 0x2, 0xff, 0xf4, 0x0, 0x30,
    0x0, 0x0, 0x0, 0x1, 0xdf, 0xff, 0x2d, 0xff,
    0xff, 0xff, 0x10, 0x0, 0x0, 0x0, 0x0, 0x0,
    0x9, 0xff, 0x70, 0x8f, 0xff, 0xff, 0xa0, 0x0,
    0x0, 0x0, 0x0, 0x0, 0x0, 0xa, 0xb0, 0x4,
    0xff, 0xfd, 0x80, 0x0, 0x0, 0x0, 0x0, 0x0,
    0x0, 0x0, 0x0, 0x0, 0x0, 0x0, 0x0, 0x0,
    0x0,

    /* U+5317 "北" */
    0x0, 0x0, 0x0, 0x5, 0xbb, 0x80, 0x0, 0xab,
    0xb3, 0x0, 0x0, 0x0, 0x0, 0x0, 0x0, 0x0,
    0x7, 0xff, 0xc0, 0x0, 0xef, 0xf5, 0x0, 0x0,
    0x0, 0x0, 0x0, 0x0, 0x0, 0x7, 0xff, 0xc0,
    0x0, 0xef, 0xf5, 0x0, 0x0, 0x0, 0x0, 0x0,
    0x0, 0x0, 0x7, 0xff, 0xc0, 0x0, 0xef, 0xf5,
    0x0, 0x0, 0x0, 0x0, 0x0, 0x0, 0x0, 0x7,
    0xff, 0xc0, 0x0, 0xef, 0xf5, 0x0, 0x1, 0x90,
    0x0, 0x0, 0x0, 0x0, 0x7, 0xff, 0xc0, 0x0,
    0xef, 0xf5, 0x0, 0x3e, 0xf9, 0x0, 0x9, 0xff,
    0xff, 0xff, 0xff, 0xc0, 0x0, 0xef, 0xf5, 0x6,
    0xff, 0xff, 0x60, 0xa, 0xff, 0xff, 0xff, 0xff,
    0xc0, 0x0, 0xef, 0xf6, 0xbf, 0xff, 0xfd, 0x30,
    0xa, 0xff, 0xff, 0xff, 0xff, 0xc0, 0x0, 0xef,
    0xff, 0xff, 0xff, 0x70, 0x0, 0x1, 0x22, 0x22,
    0x28, 0xff, 0xc0, 0x0, 0xef, 0xff, 0xff, 0xa2,
    0x0, 0x0, 0x0, 0x0, 0x0, 0x7, 0xff, 0xc0,
    0x0, 0xef, 0xff, 0xd4, 0x0, 0x0, 0x0, 0x0,
    0x0, 0x0, 0x7, 0xff, 0xc0, 0x0, 0xef, 0xf8,
    0x0, 0x0, 0x0, 0x0, 0x0, 0x0, 0x0, 0x7,
    0xff, 0xc0, 0x0, 0xef, 0xf5, 0x0, 0x0, 0x0,
    0x0, 0x0, 0x0, 0x0, 0x7, 0xff, 0xc0, 0x0,
    0xef, 0xf5, 0x0, 0x0, 0x0, 0x0, 0x0, 0x0,
    0x0, 0x7, 0xff, 0xc0, 0x0, 0xef, 0xf5, 0x0,
    0x0, 0x0, 0x0, 0x0, 0x0, 0x0, 0x1a, 0xff,
    0xc0, 0x0, 0xef, 0xf5, 0x0, 0x0, 0x20, 0x0,
    0x0, 0x0, 0x5b, 0xff, 0xff, 0xc0, 0x0, 0xef,
    0xf5, 0x0, 0x0, 0xbb, 0x40, 0x15, 0xbf, 0xff,
    0xff, 0xff, 0xc0, 0x0, 0xef, 0xf5, 0x0, 0x0,
    0xcf, 0xf4, 0x5f, 0xff, 0xff, 0xff, 0xff, 0xc0,
    0x0, 0xef, 0xf5, 0x0, 0x0, 0xdf, 0xf2, 0xe,
    0xff, 0xfb, 0x47, 0xff, 0xc0, 0x0, 0xef, 0xf5,
    0x0, 0x0, 0xff, 0xf1, 0x7, 0xe8, 0x20, 0x7,
    0xff, 0xc0, 0x0, 0xdf, 0xf8, 0x11, 0x15, 0xff,
    0xe0, 0x0, 0x0, 0x0, 0x7, 0xff, 0xc0, 0x0,
    0xbf, 0xff, 0xff, 0xff, 0xff, 0xa0, 0x0, 0x0,
    0x0, 0x7, 0xff, 0xc0, 0x0, 0x6f, 0xff, 0xff,
    0xff, 0xff, 0x30, 0x0, 0x0, 0x0, 0x7, 0xff,
    0xc0, 0x0, 0x7, 0xdf, 0xff, 0xff, 0xd5, 0x0,
    0x0, 0x0, 0x0, 0x1, 0x33, 0x20, 0x0, 0x0,
    0x0, 0x0, 0x0, 0x0, 0x0,

    /* U+533A "区" */
    0xef, 0xff, 0xff, 0xff, 0xff, 0xff, 0xff, 0xff,
    0xff, 0xff, 0xff, 0x2e, 0xff, 0xff, 0xff, 0xff,
    0xff, 0xff, 0xff, 0xff, 0xff, 0xff, 0xf2, 0xef,
    0xff, 0xff, 0xff, 0xff, 0xff, 0xff, 0xff, 0xff,
    0xff, 0xff, 0x2e, 0xff, 0x20, 0x0, 0x0, 0x0,
    0x0, 0x0, 0x0, 0x0, 0x0, 0x0, 0xef, 0xf2,
    0x0, 0x10, 0x0, 0x0, 0x0, 0x0, 0xbc, 0x50,
    0x0, 0xe, 0xff, 0x20, 0x1d, 0xd2, 0x0, 0x0,
    0x0, 0x6f, 0xff, 0x40, 0x0, 0xef, 0xf2, 0xd,
    0xff, 0xf4, 0x0, 0x0, 0x2f, 0xff, 0xa0, 0x0,
    0xe, 0xff, 0x20, 0x3e, 0xff, 0xf7, 0x0, 0xd,
    0xff, 0xe1, 0x0, 0x0, 0xef, 0xf2, 0x0, 0x1c,
    0xff, 0xfa, 0xb, 0xff, 0xf3, 0x0, 0x0, 0xe,
    0xff, 0x20, 0x0, 0xa, 0xff, 0xff, 0xff, 0xf6,
    0x0, 0x0, 0x0, 0xef, 0xf2, 0x0, 0x0, 0x8,
    0xff, 0xff, 0xf9, 0x0, 0x0, 0x0, 0xe, 0xff,
    0x20, 0x0, 0x0, 0xd, 0xff, 0xff, 0x60, 0x0,
    0x0, 0x0, 0xef, 0xf2, 0x0, 0x0, 0x1b, 0xff,
    0xff, 0xff, 0x70, 0x0, 0x0, 0xe, 0xff, 0x20,
    0x0, 0x3d, 0xff, 0xfb, 0xef, 0xff, 0x90, 0x0,
    0x0, 0xef, 0xf2, 0x0, 0x7f, 0xff, 0xf9, 0x2,
    0xef, 0xff, 0xa0, 0x0, 0xe, 0xff, 0x23, 0xcf,
    0xff, 0xf7, 0x0, 0x1, 0xdf, 0xff, 0xa0, 0x0,
    0xef, 0xf3, 0xdf, 0xff, 0xe4, 0x0, 0x0, 0x1,
    0xdf, 0xff, 0x20, 0xe, 0xff, 0x21, 0xdf, 0xb1,
    0x0, 0x0, 0x0, 0x1, 0xee, 0x30, 0x0, 0xef,
    0xf2, 0x2, 0x60, 0x0, 0x0, 0x0, 0x0, 0x3,
    0x30, 0x0, 0xe, 0xff, 0x53, 0x33, 0x33, 0x33,
    0x33, 0x33, 0x33, 0x33, 0x33, 0x32, 0xef, 0xff,
    0xff, 0xff, 0xff, 0xff, 0xff, 0xff, 0xff, 0xff,
    0xff, 0xde, 0xff, 0xff, 0xff, 0xff, 0xff, 0xff,
    0xff, 0xff, 0xff, 0xff, 0xfd, 0xcd, 0xdd, 0xdd,
    0xdd, 0xdd, 0xdd, 0xdd, 0xdd, 0xdd, 0xdd, 0xdd,
    0xb0,

    /* U+5355 "单" */
    0x0, 0x0, 0x0, 0x7c, 0x10, 0x0, 0x0, 0x0,
    0x1b, 0x61, 0x0, 0x0, 0x0, 0x0, 0x0, 0xdf,
    0xfc, 0x0, 0x0, 0x0, 0x8, 0xff, 0xf2, 0x0,
    0x0, 0x0, 0x0, 0x3, 0xff, 0xf8, 0x0, 0x0,
    0x1, 0xff, 0xf9, 0x0, 0x0, 0x0, 0x0, 0x0,
    0x8, 0xff, 0xf2, 0x0, 0x0, 0xaf, 0xfd, 0x0,
    0x0, 0x0, 0x0, 0x29, 0x99, 0xaf, 0xfd, 0x99,
    0x99, 0xaf, 0xff, 0xc9, 0x98, 0x0, 0x0, 0x3,
    0xff, 0xff, 0xff, 0xff, 0xff, 0xff, 0xff, 0xff,
    0xff, 0xf0, 0x0, 0x0, 0x3f, 0xff, 0xff, 0xff,
    0xff, 0xff, 0xff, 0xff, 0xff, 0xff, 0x0, 0x0,
    0x3, 0xff, 0xd0, 0x0, 0x4, 0xff, 0xe0, 0x0,
    0x4, 0xff, 0xf0, 0x0, 0x0, 0x3f, 0xfe, 0x55,
    0x55, 0x8f, 0xff, 0x55, 0x55, 0x8f, 0xff, 0x0,
    0x0, 0x3, 0xff, 0xff, 0xff, 0xff, 0xff, 0xff,
    0xff, 0xff, 0xff, 0xf0, 0x0, 0x0, 0x3f, 0xff,
    0xff, 0xff, 0xff, 0xff, 0xff, 0xff, 0xff, 0xff,
    0x0, 0x0, 0x3, 0xff, 0xd0, 0x0, 0x5, 0xff,
    0xe0, 0x0, 0x4, 0xff, 0xf0, 0x0, 0x0, 0x3f,
    0xfd, 0x0, 0x0, 0x5f, 0xfe, 0x0, 0x0, 0x5f,
    0xff, 0x0, 0x0, 0x3, 0xff, 0xff, 0xff, 0xff,
    0xff, 0xff, 0xff, 0xff, 0xff, 0xf0, 0x0, 0x0,
    0x3f, 0xff, 0xff, 0xff, 0xff, 0xff, 0xff, 0xff,
    0xff, 0xff, 0x0, 0x0, 0x1, 0x88, 0x88, 0x88,
    0x8a, 0xff, 0xf8, 0x88, 0x88, 0x88, 0x70, 0x0,
    0x0, 0x0, 0x0, 0x0, 0x0, 0x4f, 0xfe, 0x0,
    0x0, 0x0, 0x0, 0x0, 0x7, 0xee, 0xee, 0xee,
    0xee, 0xef, 0xff, 0xfe, 0xee, 0xee, 0xee, 0xee,
    0xe0, 0x8f, 0xff, 0xff, 0xff, 0xff, 0xff, 0xff,
    0xff, 0xff, 0xff, 0xff, 0xff, 0x8, 0xff, 0xff,
    0xff, 0xff, 0xff, 0xff, 0xff, 0xff, 0xff, 0xff,
    0xff, 0xf0, 0x0, 0x0, 0x0, 0x0, 0x0, 0x4f,
    0xfe, 0x0, 0x0, 0x0, 0x0, 0x0, 0x0, 0x0,
    0x0, 0x0, 0x0, 0x4, 0xff, 0xe0, 0x0, 0x0,
    0x0, 0x0, 0x0, 0x0, 0x0, 0x0, 0x0, 0x0,
    0x4f, 0xfe, 0x0, 0x0, 0x0, 0x0, 0x0, 0x0,
    0x0, 0x0, 0x0, 0x0, 0x4, 0xff, 0xe0, 0x0,
    0x0, 0x0, 0x0, 0x0,

    /* U+5361 "卡" */
    0x0, 0x0, 0x0, 0x0, 0x0, 0x11, 0x10, 0x0,
    0x0, 0x0, 0x0, 0x0, 0x0, 0x0, 0x0, 0x0,
    0x5, 0xff, 0xf0, 0x0, 0x0, 0x0, 0x0, 0x0,
    0x0, 0x0, 0x0, 0x0, 0x5, 0xff, 0xf0, 0x0,
    0x0, 0x0, 0x0, 0x0, 0x0, 0x0, 0x0, 0x0,
    0x5, 0xff, 0xf0, 0x0, 0x0, 0x0, 0x0, 0x0,
    0x0, 0x0, 0x0, 0x0, 0x5, 0xff, 0xff, 0xff,
    0xff, 0xff, 0xf6, 0x0, 0x0, 0x0, 0x0, 0x0,
    0x5, 0xff, 0xff, 0xff, 0xff, 0xff, 0xf6, 0x0,
    0x0, 0x0, 0x0, 0x0, 0x5, 0xff, 0xff, 0xff,
    0xff, 0xff, 0xf6, 0x0, 0x0, 0x0, 0x0, 0x0,
    0x5, 0xff, 0xf0, 0x0, 0x0, 0x0, 0x0, 0x0,
    0x0, 0x0, 0x0, 0x0, 0x5, 0xff, 0xf0, 0x0,
    0x0, 0x0, 0x0, 0x0, 0x0, 0x0, 0x0, 0x0,
    0x5, 0xff, 0xf0, 0x0, 0x0, 0x0, 0x0, 0x0,
    0xbe, 0xee, 0xee, 0xee, 0xef, 0xff, 0xfe, 0xee,
    0xee, 0xee, 0xee, 0xec, 0xcf, 0xff, 0xff, 0xff,
    0xff, 0xff, 0xff, 0xff, 0xff, 0xff, 0xff, 0xfe,
    0xcf, 0xff, 0xff, 0xff, 0xff, 0xff, 0xff, 0xff,
    0xff, 0xff, 0xff, 0xfe, 0x22, 0x22, 0x22, 0x22,
    0x25, 0xff, 0xf4, 0x22, 0x22, 0x22, 0x22, 0x22,
    0x0, 0x0, 0x0, 0x0, 0x3, 0xff, 0xf1, 0x0,
    0x0, 0x0, 0x0, 0x0, 0x0, 0x0, 0x0, 0x0,
    0x3, 0xff, 0xf3, 0xb5, 0x0, 0x0, 0x0, 0x0,
    0x0, 0x0, 0x0, 0x0, 0x3, 0xff, 0xfc, 0xff,
    0xf9, 0x30, 0x0, 0x0, 0x0, 0x0, 0x0, 0x0,
    0x3, 0xff, 0xff, 0xff, 0xff, 0xfc, 0x60, 0x0,
    0x0, 0x0, 0x0, 0x0, 0x3, 0xff, 0xf1, 0x5c,
    0xff, 0xff, 0xfe, 0x70, 0x0, 0x0, 0x0, 0x0,
    0x3, 0xff, 0xf1, 0x0, 0x3a, 0xff, 0xff, 0x50,
    0x0, 0x0, 0x0, 0x0, 0x3, 0xff, 0xf1, 0x0,
    0x0, 0x19, 0xfa, 0x0, 0x0, 0x0, 0x0, 0x0,
    0x3, 0xff, 0xf1, 0x0, 0x0, 0x0, 0x11, 0x0,
    0x0, 0x0, 0x0, 0x0, 0x3, 0xff, 0xf1, 0x0,
    0x0, 0x0, 0x0, 0x0, 0x0, 0x0, 0x0, 0x0,
    0x3, 0xff, 0xf1, 0x0, 0x0, 0x0, 0x0, 0x0,
    0x0, 0x0, 0x0, 0x0, 0x3, 0xff, 0xf1, 0x0,
    0x0, 0x0, 0x0, 0x0,

    /* U+5373 "即" */
    0x0, 0xdf, 0xff, 0xff, 0xff, 0xff, 0xf2, 0x2d,
    0xdd, 0xdd, 0xde, 0xdc, 0x0, 0xdf, 0xff, 0xff,
    0xff, 0xff, 0xf2, 0x3f, 0xff, 0xff, 0xff, 0xff,
    0x0, 0xdf, 0xfd, 0xcc, 0xcc, 0xff, 0xf2, 0x3f,
    0xff, 0xff, 0xff, 0xff, 0x0, 0xdf, 0xf5, 0x0,
    0x0, 0xff, 0xf2, 0x3f, 0xfe, 0x0, 0x2f, 0xff,
    0x0, 0xdf, 0xf5, 0x0, 0x0, 0xff, 0xf2, 0x3f,
    0xfe, 0x0, 0x1f, 0xff, 0x0, 0xdf, 0xfd, 0xcc,
    0xcc, 0xff, 0xf2, 0x3f, 0xfe, 0x0, 0x1f, 0xff,
    0x0, 0xdf, 0xff, 0xff, 0xff, 0xff, 0xf2, 0x3f,
    0xfe, 0x0, 0x1f, 0xff, 0x0, 0xdf, 0xff, 0xff,
    0xff, 0xff, 0xf2, 0x3f, 0xfe, 0x0, 0x1f, 0xff,
    0x0, 0xdf, 0xf5, 0x0, 0x0, 0xff, 0xf2, 0x3f,
    0xfe, 0x0, 0x1f, 0xff, 0x0, 0xdf, 0xf5, 0x0,
    0x0, 0xff, 0xf2, 0x3f, 0xfe, 0x0, 0x1f, 0xff,
    0x0, 0xdf, 0xfd, 0xbb, 0xbb, 0xff, 0xf2, 0x3f,
    0xfe, 0x0, 0x1f, 0xff, 0x0, 0xdf, 0xff, 0xff,
    0xff, 0xff, 0xf2, 0x3f, 0xfe, 0x0, 0x1f, 0xff,
    0x0, 0xdf, 0xff, 0xff, 0xff, 0xff, 0xf2, 0x3f,
    0xfe, 0x0, 0x1f, 0xff, 0x0, 0xdf, 0xf6, 0x0,
    0x1, 0x20, 0x0, 0x3f, 0xfe, 0x0, 0x1f, 0xff,
    0x0, 0xdf, 0xf5, 0x0, 0x6e, 0xc0, 0x0, 0x3f,
    0xfe, 0x0, 0x1f, 0xff, 0x0, 0xdf, 0xf5, 0x2,
    0xff, 0xf6, 0x0, 0x3f, 0xfe, 0x12, 0x4f, 0xff,
    0x0, 0xdf, 0xf5, 0x0, 0x9f, 0xfe, 0x0, 0x3f,
    0xfe, 0x5f, 0xff, 0xfe, 0x0, 0xdf, 0xf5, 0x4,
    0xaf, 0xff, 0x80, 0x3f, 0xfe, 0xf, 0xff, 0xf9,
    0x0, 0xff, 0xfd, 0xff, 0xff, 0xff, 0xf1, 0x3f,
    0xfe, 0xa, 0xca, 0x60, 0xc, 0xff, 0xff, 0xff,
    0xff, 0xff, 0xf8, 0x3f, 0xfe, 0x0, 0x0, 0x0,
    0x8, 0xff, 0xff, 0xfa, 0x51, 0x8f, 0xfa, 0x3f,
    0xfe, 0x0, 0x0, 0x0, 0x2, 0xff, 0xa5, 0x0,
    0x0, 0x2a, 0x30, 0x3f, 0xfe, 0x0, 0x0, 0x0,
    0x0, 0x71, 0x0, 0x0, 0x0, 0x0, 0x0, 0x3f,
    0xfe, 0x0, 0x0, 0x0,

    /* U+5386 "历" */
    0x0, 0x0, 0x1, 0x0, 0x0, 0x0, 0x0, 0x0,
    0x0, 0x0, 0x0, 0x0, 0x0, 0x4, 0xff, 0xff,
    0xff, 0xff, 0xff, 0xff, 0xff, 0xff, 0xff, 0xff,
    0xff, 0x0, 0x4f, 0xff, 0xff, 0xff, 0xff, 0xff,
    0xff, 0xff, 0xff, 0xff, 0xff, 0xf0, 0x4, 0xff,
    0xfe, 0xee, 0xee, 0xee, 0xee, 0xee, 0xee, 0xee,
    0xee, 0xed, 0x0, 0x4f, 0xfe, 0x0, 0x0, 0x0,
    0x0, 0x0, 0x0, 0x0, 0x0, 0x0, 0x0, 0x4,
    0xff, 0xe0, 0x0, 0x0, 0x2, 0xcc, 0xc0, 0x0,
    0x0, 0x0, 0x0, 0x0, 0x4f, 0xfe, 0x0, 0x0,
    0x0, 0x3f, 0xff, 0x0, 0x0, 0x0, 0x0, 0x0,
    0x4, 0xff, 0xe0, 0x0, 0x0, 0x4, 0xff, 0xf0,
    0x0, 0x0, 0x0, 0x0, 0x0, 0x4f, 0xfe, 0x0,
    0x0, 0x0, 0x5f, 0xfe, 0x0, 0x0, 0x1, 0x0,
    0x0, 0x4, 0xff, 0xe1, 0xff, 0xff, 0xff, 0xff,
    0xff, 0xff, 0xff, 0xff, 0xf1, 0x0, 0x4f, 0xfe,
    0x1f, 0xff, 0xff, 0xff, 0xff, 0xff, 0xff, 0xff,
    0xff, 0x0, 0x4, 0xff, 0xe1, 0xee, 0xee, 0xef,
    0xff, 0xfe, 0xee, 0xee, 0xff, 0xf0, 0x0, 0x5f,
    0xfd, 0x0, 0x0, 0x0, 0xbf, 0xf8, 0x0, 0x0,
    0x2f, 0xfe, 0x0, 0x5, 0xff, 0xd0, 0x0, 0x0,
    0xe, 0xff, 0x50, 0x0, 0x3, 0xff, 0xd0, 0x0,
    0x6f, 0xfc, 0x0, 0x0, 0x2, 0xff, 0xf1, 0x0,
    0x0, 0x4f, 0xfc, 0x0, 0x7, 0xff, 0xb0, 0x0,
    0x0, 0x7f, 0xfd, 0x0, 0x0, 0x5, 0xff, 0xb0,
    0x0, 0x8f, 0xf9, 0x0, 0x0, 0xd, 0xff, 0x80,
    0x0, 0x0, 0x7f, 0xfa, 0x0, 0xb, 0xff, 0x80,
    0x0, 0x5, 0xff, 0xf2, 0x0, 0x0, 0x8, 0xff,
    0x90, 0x0, 0xdf, 0xf5, 0x0, 0x1, 0xef, 0xfa,
    0x0, 0x0, 0x0, 0xaf, 0xf7, 0x0, 0x1f, 0xff,
    0x30, 0x0, 0xcf, 0xff, 0x20, 0x0, 0x0, 0xe,
    0xff, 0x50, 0x4, 0xff, 0xf0, 0x1, 0xcf, 0xff,
    0x60, 0x2, 0x10, 0x6, 0xff, 0xf2, 0x0, 0xaf,
    0xfc, 0x5, 0xef, 0xff, 0x80, 0x0, 0xbf, 0xff,
    0xff, 0xfe, 0x0, 0xf, 0xff, 0x70, 0xaf, 0xff,
    0x80, 0x0, 0x5, 0xff, 0xff, 0xff, 0x60, 0x0,
    0x2b, 0xf1, 0x0, 0xbe, 0x40, 0x0, 0x0, 0x1f,
    0xff, 0xfc, 0x50, 0x0, 0x0, 0x3, 0x0, 0x1,
    0x0, 0x0, 0x0, 0x0, 0x0, 0x0, 0x0, 0x0,
    0x0,

    /* U+538B "压" */
    0x0, 0x1f, 0xff, 0xff, 0xff, 0xff, 0xff, 0xff,
    0xff, 0xff, 0xff, 0xff, 0xf4, 0x0, 0x1f, 0xff,
    0xff, 0xff, 0xff, 0xff, 0xff, 0xff, 0xff, 0xff,
    0xff, 0xf5, 0x0, 0x1f, 0xff, 0xff, 0xff, 0xff,
    0xff, 0xff, 0xff, 0xff, 0xff, 0xff, 0xf5, 0x0,
    0x1f, 0xfe, 0x0, 0x0, 0x0, 0x0, 0x0, 0x0,
    0x0, 0x0, 0x0, 0x0, 0x0, 0x1f, 0xfe, 0x0,
    0x0, 0x0, 0x3, 0xcc, 0xb0, 0x0, 0x0, 0x0,
    0x0, 0x0, 0x1f, 0xfe, 0x0, 0x0, 0x0, 0x4,
    0xff, 0xe0, 0x0, 0x0, 0x0, 0x0, 0x0, 0x1f,
    0xfe, 0x0, 0x0, 0x0, 0x4, 0xff, 0xe0, 0x0,
    0x0, 0x0, 0x0, 0x0, 0x1f, 0xfe, 0x0, 0x0,
    0x0, 0x4, 0xff, 0xe0, 0x0, 0x0, 0x0, 0x0,
    0x0, 0x1f, 0xfe, 0x0, 0x0, 0x0, 0x5, 0xff,
    0xe0, 0x0, 0x0, 0x0, 0x0, 0x0, 0x1f, 0xfe,
    0xd, 0xff, 0xff, 0xff, 0xff, 0xff, 0xff, 0xff,
    0xff, 0x30, 0x0, 0x1f, 0xfd, 0xd, 0xff, 0xff,
    0xff, 0xff, 0xff, 0xff, 0xff, 0xff, 0x30, 0x0,
    0x2f, 0xfc, 0xc, 0xee, 0xee, 0xef, 0xff, 0xfe,
    0xee, 0xee, 0xee, 0x30, 0x0, 0x3f, 0xfb, 0x0,
    0x0, 0x0, 0x4, 0xff, 0xe0, 0x0, 0x10, 0x0,
    0x0, 0x0, 0x4f, 0xfa, 0x0, 0x0, 0x0, 0x4,
    0xff, 0xe0, 0x2c, 0xe3, 0x0, 0x0, 0x0, 0x5f,
    0xf9, 0x0, 0x0, 0x0, 0x4, 0xff, 0xe0, 0x9f,
    0xff, 0x50, 0x0, 0x0, 0x7f, 0xf7, 0x0, 0x0,
    0x0, 0x4, 0xff, 0xe0, 0x8, 0xff, 0xf5, 0x0,
    0x0, 0xaf, 0xf5, 0x0, 0x0, 0x0, 0x4, 0xff,
    0xe0, 0x0, 0x8f, 0xfb, 0x0, 0x0, 0xdf, 0xf2,
    0x0, 0x0, 0x0, 0x4, 0xff, 0xe0, 0x0, 0xa,
    0x80, 0x0, 0x1, 0xff, 0xf0, 0x0, 0x0, 0x0,
    0x4, 0xff, 0xe0, 0x0, 0x0, 0x0, 0x0, 0x6,
    0xff, 0xb5, 0xcc, 0xcc, 0xcc, 0xcd, 0xff, 0xfc,
    0xcc, 0xcc, 0xcc, 0xc2, 0xc, 0xff, 0x77, 0xff,
    0xff, 0xff, 0xff, 0xff, 0xff, 0xff, 0xff, 0xff,
    0xf3, 0x1d, 0xff, 0x17, 0xff, 0xff, 0xff, 0xff,
    0xff, 0xff, 0xff, 0xff, 0xff, 0xf3, 0x0, 0x8a,
    0x1, 0x33, 0x33, 0x33, 0x33, 0x33, 0x33, 0x33,
    0x33, 0x33, 0x30, 0x0, 0x0, 0x0, 0x0, 0x0,
    0x0, 0x0, 0x0, 0x0, 0x0, 0x0, 0x0, 0x0,

    /* U+539F "原" */
    0x0, 0xf, 0xff, 0xff, 0xff, 0xff, 0xff, 0xff,
    0xff, 0xff, 0xff, 0xff, 0xc0, 0x0, 0xf, 0xff,
    0xff, 0xff, 0xff, 0xff, 0xff, 0xff, 0xff, 0xff,
    0xff, 0xc0, 0x0, 0xf, 0xff, 0xdd, 0xdd, 0xdd,
    0xde, 0xdd, 0xdd, 0xdd, 0xdd, 0xdd, 0xa0, 0x0,
    0xf, 0xff, 0x0, 0x0, 0x0, 0xe, 0xfd, 0x90,
    0x0, 0x0, 0x0, 0x0, 0x0, 0xf, 0xff, 0x0,
    0x44, 0x44, 0x7f, 0xff, 0x84, 0x44, 0x44, 0x40,
    0x0, 0x0, 0xf, 0xff, 0x1, 0xff, 0xff, 0xff,
    0xff, 0xff, 0xff, 0xff, 0xf0, 0x0, 0x0, 0xf,
    0xff, 0x1, 0xff, 0xff, 0xff, 0xff, 0xff, 0xff,
    0xff, 0xf0, 0x0, 0x0, 0xf, 0xff, 0x1, 0xff,
    0xe1, 0x11, 0x11, 0x11, 0x14, 0xff, 0xf0, 0x0,
    0x0, 0xf, 0xff, 0x1, 0xff, 0xf3, 0x33, 0x33,
    0x33, 0x35, 0xff, 0xf0, 0x0, 0x0, 0x1f, 0xff,
    0x1, 0xff, 0xff, 0xff, 0xff, 0xff, 0xff, 0xff,
    0xf0, 0x0, 0x0, 0x1f, 0xff, 0x1, 0xff, 0xff,
    0xff, 0xff, 0xff, 0xff, 0xff, 0xf0, 0x0, 0x0,
    0x2f, 0xfe, 0x1, 0xff, 0xe0, 0x0, 0x0, 0x0,
    0x3, 0xff, 0xf0, 0x0, 0x0, 0x3f, 0xfd, 0x1,
    0xff, 0xf5, 0x55, 0x55, 0x55, 0x57, 0xff, 0xf0,
    0x0, 0x0, 0x5f, 0xfc, 0x1, 0xff, 0xff, 0xff,
    0xff, 0xff, 0xff, 0xff, 0xf0, 0x0, 0x0, 0x6f,
    0xfa, 0x1, 0xff, 0xff, 0xff, 0xff, 0xff, 0xff,
    0xff, 0xf0, 0x0, 0x0, 0x9f, 0xf8, 0x0, 0x2,
    0x0, 0x1, 0xff, 0xe0, 0x0, 0x20, 0x0, 0x0,
    0x0, 0xcf, 0xf5, 0x0, 0x2f, 0xfa, 0x21, 0xff,
    0xe0, 0x4c, 0xf5, 0x0, 0x0, 0x0, 0xff, 0xf2,
    0x0, 0xdf, 0xfc, 0x1, 0xff, 0xe0, 0x6f, 0xff,
    0x40, 0x0, 0x4, 0xff, 0xe0, 0xb, 0xff, 0xf2,
    0x1, 0xff, 0xe0, 0x9, 0xff, 0xf3, 0x0, 0xa,
    0xff, 0xa0, 0xbf, 0xff, 0x50, 0x1, 0xff, 0xe0,
    0x0, 0xbf, 0xfe, 0x20, 0x2f, 0xff, 0x45, 0xff,
    0xf7, 0x1b, 0xbb, 0xff, 0xe0, 0x0, 0x1d, 0xff,
    0xc0, 0x5, 0xdd, 0x0, 0x2c, 0x90, 0xd, 0xff,
    0xff, 0xb0, 0x0, 0x2, 0xf8, 0x10, 0x0, 0x3,
    0x0, 0x0, 0x0, 0x9, 0xff, 0xeb, 0x20, 0x0,
    0x0, 0x0, 0x0, 0x0, 0x0, 0x0, 0x0, 0x0,
    0x0, 0x0, 0x0, 0x0, 0x0, 0x0, 0x0, 0x0,

    /* U+53C2 "参" */
    0x0, 0x0, 0x0, 0x0, 0x0, 0x10, 0x0, 0x0,
    0x0, 0x0, 0x0, 0x0, 0x0, 0x0, 0x0, 0x0,
    0x0, 0x3, 0xee, 0x60, 0x0, 0x11, 0x0, 0x0,
    0x0, 0x0, 0x0, 0x0, 0x0, 0x0, 0x6f, 0xff,
    0xe3, 0x6, 0xff, 0x60, 0x0, 0x0, 0x0, 0x0,
    0x0, 0x0, 0x1b, 0xff, 0xfc, 0x10, 0x2d, 0xff,
    0xfa, 0x0, 0x0, 0x0, 0x0, 0x0, 0x7, 0xff,
    0xff, 0x60, 0x0, 0x12, 0xbf, 0xff, 0xd2, 0x0,
    0x0, 0x0, 0x3, 0xff, 0xff, 0xff, 0xff, 0xff,
    0xff, 0xff, 0xff, 0xff, 0x40, 0x0, 0x0, 0x0,
    0xff, 0xff, 0xff, 0xff, 0xff, 0xff, 0xff, 0xff,
    0xff, 0xf5, 0x0, 0x0, 0x0, 0xbe, 0xdc, 0xbe,
    0xff, 0xe7, 0x66, 0x55, 0x44, 0xef, 0xb2, 0x0,
    0x0, 0x0, 0x0, 0x0, 0xe, 0xff, 0x80, 0x0,
    0x0, 0x0, 0x25, 0x0, 0x0, 0x9, 0xcc, 0xcc,
    0xcc, 0xdf, 0xff, 0xdc, 0xcc, 0xcc, 0xcc, 0xcc,
    0xcc, 0xb0, 0xc, 0xff, 0xff, 0xff, 0xff, 0xff,
    0xff, 0xff, 0xff, 0xff, 0xff, 0xff, 0xe0, 0xb,
    0xff, 0xff, 0xff, 0xff, 0xff, 0xff, 0xff, 0xff,
    0xff, 0xff, 0xff, 0xe0, 0x0, 0x0, 0x1, 0xcf,
    0xff, 0x40, 0x1, 0x1, 0xef, 0xfb, 0x0, 0x0,
    0x0, 0x0, 0x0, 0x2d, 0xff, 0xf7, 0x4, 0x9f,
    0xe5, 0x3f, 0xff, 0xd2, 0x0, 0x0, 0x0, 0x5,
    0xff, 0xff, 0xea, 0xef, 0xff, 0xfa, 0x15, 0xff,
    0xff, 0x60, 0x0, 0x3, 0xcf, 0xff, 0xff, 0xff,
    0xff, 0xe9, 0x21, 0x10, 0x5f, 0xff, 0xfc, 0x40,
    0x1e, 0xff, 0xff, 0x53, 0xfd, 0x94, 0x1, 0x8f,
    0xf8, 0x13, 0xef, 0xff, 0xe1, 0x2, 0xef, 0xc2,
    0x0, 0x0, 0x37, 0xcf, 0xff, 0xfb, 0x10, 0x1a,
    0xff, 0x30, 0x0, 0x35, 0x0, 0x58, 0xbe, 0xff,
    0xff, 0xfb, 0x40, 0x47, 0x0, 0x35, 0x0, 0x0,
    0x0, 0x0, 0x7f, 0xff, 0xff, 0xd8, 0x20, 0x19,
    0xff, 0xf7, 0x0, 0x0, 0x0, 0x0, 0x0, 0xc,
    0xeb, 0x72, 0x0, 0x39, 0xff, 0xff, 0xc1, 0x0,
    0x0, 0x0, 0x0, 0x0, 0x0, 0x0, 0x36, 0xae,
    0xff, 0xff, 0xf7, 0x0, 0x0, 0x0, 0x0, 0x0,
    0x57, 0x9b, 0xdf, 0xff, 0xff, 0xff, 0xe8, 0x10,
    0x0, 0x0, 0x0, 0x0, 0x0, 0x5f, 0xff, 0xff,
    0xff, 0xfe, 0xa5, 0x0, 0x0, 0x0, 0x0, 0x0,
    0x0, 0x0, 0xc, 0xff, 0xfc, 0x96, 0x20, 0x0,
    0x0, 0x0, 0x0, 0x0, 0x0, 0x0, 0x0, 0x2,
    0x42, 0x0, 0x0, 0x0, 0x0, 0x0, 0x0, 0x0,
    0x0, 0x0,

    /* U+53CC "双" */
    0x0, 0x0, 0x0, 0x0, 0x1, 0x0, 0x0, 0x0,
    0x0, 0x0, 0x1, 0x10, 0x0, 0x8f, 0xff, 0xff,
    0xff, 0xff, 0xa5, 0xff, 0xff, 0xff, 0xff, 0xff,
    0xc1, 0x8, 0xff, 0xff, 0xff, 0xff, 0xfd, 0x5f,
    0xff, 0xff, 0xff, 0xff, 0xff, 0x0, 0x8f, 0xff,
    0xff, 0xff, 0xff, 0xb5, 0xff, 0xff, 0xff, 0xff,
    0xff, 0xe0, 0x0, 0x0, 0x0, 0x0, 0x6f, 0xf9,
    0x2f, 0xfd, 0x0, 0x0, 0x5f, 0xfc, 0x0, 0x0,
    0x0, 0x0, 0x9, 0xff, 0x70, 0xff, 0xf0, 0x0,
    0x8, 0xff, 0x90, 0x0, 0x4d, 0x20, 0x0, 0xcf,
    0xf4, 0xc, 0xff, 0x30, 0x0, 0xbf, 0xf6, 0x0,
    0x5f, 0xfe, 0x10, 0xf, 0xff, 0x10, 0x9f, 0xf6,
    0x0, 0xf, 0xff, 0x30, 0x2, 0xef, 0xfd, 0x3,
    0xff, 0xe0, 0x5, 0xff, 0xa0, 0x3, 0xff, 0xf0,
    0x0, 0x3, 0xff, 0xfb, 0x8f, 0xfa, 0x0, 0x1f,
    0xff, 0x0, 0x9f, 0xfb, 0x0, 0x0, 0x6, 0xff,
    0xff, 0xff, 0x60, 0x0, 0xdf, 0xf4, 0xe, 0xff,
    0x60, 0x0, 0x0, 0x9, 0xff, 0xff, 0xf1, 0x0,
    0x8, 0xff, 0x95, 0xff, 0xf1, 0x0, 0x0, 0x0,
    0xc, 0xff, 0xfc, 0x0, 0x0, 0x3f, 0xff, 0xdf,
    0xfb, 0x0, 0x0, 0x0, 0x0, 0x2f, 0xff, 0xd0,
    0x0, 0x0, 0xef, 0xff, 0xff, 0x40, 0x0, 0x0,
    0x0, 0x6, 0xff, 0xff, 0x80, 0x0, 0x7, 0xff,
    0xff, 0xc0, 0x0, 0x0, 0x0, 0x0, 0xef, 0xff,
    0xff, 0x30, 0x0, 0x1f, 0xff, 0xf4, 0x0, 0x0,
    0x0, 0x0, 0x8f, 0xff, 0xff, 0xfc, 0x0, 0x6,
    0xff, 0xff, 0x20, 0x0, 0x0, 0x0, 0x2f, 0xff,
    0xa6, 0xff, 0xf4, 0x4, 0xff, 0xff, 0xfd, 0x10,
    0x0, 0x0, 0x1d, 0xff, 0xf1, 0xc, 0xf8, 0x6,
    0xff, 0xff, 0xff, 0xfc, 0x0, 0x0, 0xc, 0xff,
    0xf6, 0x0, 0x46, 0x1a, 0xff, 0xff, 0x6b, 0xff,
    0xfd, 0x20, 0x1c, 0xff, 0xfa, 0x0, 0x0, 0x5e,
    0xff, 0xff, 0x60, 0x1d, 0xff, 0xff, 0x70, 0xcf,
    0xfc, 0x0, 0x0, 0x1, 0xef, 0xfe, 0x40, 0x0,
    0x1c, 0xff, 0xf4, 0x1, 0xdc, 0x0, 0x0, 0x0,
    0x4, 0xfa, 0x10, 0x0, 0x0, 0xa, 0xf6, 0x0,
    0x2, 0x0, 0x0, 0x0, 0x0, 0x2, 0x0, 0x0,
    0x0, 0x0, 0x3, 0x0,

    /* U+53D1 "发" */
    0x0, 0x0, 0x0, 0x0, 0x0, 0x4, 0x52, 0x0,
    0x0, 0x1, 0x0, 0x0, 0x0, 0x0, 0x0, 0x8,
    0x96, 0x30, 0xb, 0xff, 0xd0, 0x0, 0x7f, 0x60,
    0x0, 0x0, 0x0, 0x0, 0xf, 0xff, 0x60, 0xd,
    0xff, 0xb0, 0x5, 0xff, 0xf5, 0x0, 0x0, 0x0,
    0x0, 0x5f, 0xff, 0x10, 0xf, 0xff, 0x80, 0x0,
    0x9f, 0xff, 0x30, 0x0, 0x0, 0x0, 0xbf, 0xfa,
    0x0, 0x3f, 0xff, 0x60, 0x0, 0xb, 0xff, 0x80,
    0x0, 0x0, 0x3, 0xff, 0xf3, 0x0, 0x6f, 0xff,
    0x20, 0x0, 0x1, 0xc4, 0x0, 0x0, 0x0, 0x1d,
    0xff, 0xfd, 0xdd, 0xef, 0xff, 0xdd, 0xdd, 0xdd,
    0xdd, 0xdd, 0x70, 0x0, 0x4f, 0xff, 0xff, 0xff,
    0xff, 0xff, 0xff, 0xff, 0xff, 0xff, 0xff, 0x90,
    0x0, 0xe, 0xff, 0xff, 0xff, 0xff, 0xff, 0xff,
    0xff, 0xff, 0xff, 0xff, 0x90, 0x0, 0x7, 0x53,
    0x33, 0x39, 0xff, 0xf5, 0x33, 0x33, 0x33, 0x33,
    0x33, 0x10, 0x0, 0x0, 0x0, 0x0, 0xd, 0xff,
    0xe0, 0x0, 0x0, 0x0, 0x0, 0x0, 0x0, 0x0,
    0x0, 0x0, 0x0, 0x3f, 0xff, 0xb4, 0x44, 0x44,
    0x44, 0x41, 0x0, 0x0, 0x0, 0x0, 0x0, 0x0,
    0xaf, 0xff, 0xff, 0xff, 0xff, 0xff, 0xff, 0x80,
    0x0, 0x0, 0x0, 0x0, 0x2, 0xff, 0xff, 0xff,
    0xff, 0xff, 0xff, 0xff, 0xa0, 0x0, 0x0, 0x0,
    0x0, 0xb, 0xff, 0xff, 0xdc, 0xcc, 0xcc, 0xef,
    0xff, 0x40, 0x0, 0x0, 0x0, 0x0, 0x6f, 0xff,
    0xff, 0x90, 0x0, 0x1, 0xef, 0xfc, 0x0, 0x0,
    0x0, 0x0, 0x2, 0xff, 0xff, 0xff, 0xf5, 0x0,
    0xa, 0xff, 0xf3, 0x0, 0x0, 0x0, 0x0, 0x1d,
    0xff, 0xf8, 0x6f, 0xff, 0x40, 0x8f, 0xff, 0x90,
    0x0, 0x0, 0x0, 0x1, 0xdf, 0xff, 0xc0, 0xa,
    0xff, 0xfa, 0xff, 0xfc, 0x0, 0x0, 0x0, 0x0,
    0x4e, 0xff, 0xfd, 0x10, 0x0, 0xcf, 0xff, 0xff,
    0xd1, 0x0, 0x0, 0x0, 0x19, 0xff, 0xff, 0xd1,
    0x0, 0x0, 0x8f, 0xff, 0xff, 0x80, 0x0, 0x0,
    0x0, 0x1d, 0xff, 0xfb, 0x10, 0x2, 0x8e, 0xff,
    0xff, 0xff, 0xfe, 0x83, 0x0, 0x0, 0x1, 0xef,
    0x70, 0x38, 0xcf, 0xff, 0xff, 0xe9, 0xff, 0xff,
    0xff, 0xea, 0x61, 0x0, 0x32, 0x0, 0x5f, 0xff,
    0xff, 0xe7, 0x0, 0x19, 0xff, 0xff, 0xff, 0xc0,
    0x0, 0x0, 0x0, 0xb, 0xff, 0xb5, 0x0, 0x0,
    0x0, 0x17, 0xcf, 0xff, 0x20, 0x0, 0x0, 0x0,
    0x2, 0x61, 0x0, 0x0, 0x0, 0x0, 0x0, 0x1,
    0x55, 0x0,

    /* U+53D6 "取" */
    0xd, 0xdd, 0xdd, 0xdd, 0xdd, 0xdd, 0x90, 0x0,
    0x0, 0x0, 0x0, 0x0, 0x0, 0xf, 0xff, 0xff,
    0xff, 0xff, 0xff, 0xb2, 0x22, 0x22, 0x22, 0x23,
    0x20, 0x0, 0xf, 0xff, 0xff, 0xff, 0xff, 0xff,
    0xcf, 0xff, 0xff, 0xff, 0xff, 0xfe, 0x10, 0x0,
    0x9f, 0xf6, 0x0, 0xef, 0xf2, 0x2f, 0xff, 0xff,
    0xff, 0xff, 0xff, 0x0, 0x0, 0x9f, 0xf6, 0x0,
    0xef, 0xf2, 0x1b, 0xff, 0xda, 0xaa, 0xaf, 0xfe,
    0x0, 0x0, 0x9f, 0xfc, 0x99, 0xff, 0xf2, 0x1,
    0xff, 0xa0, 0x0, 0x3f, 0xfc, 0x0, 0x0, 0x9f,
    0xff, 0xff, 0xff, 0xf2, 0x0, 0xef, 0xe0, 0x0,
    0x6f, 0xf9, 0x0, 0x0, 0x9f, 0xff, 0xff, 0xff,
    0xf2, 0x0, 0xbf, 0xf1, 0x0, 0x9f, 0xf6, 0x0,
    0x0, 0x9f, 0xf7, 0x0, 0xef, 0xf2, 0x0, 0x7f,
    0xf5, 0x0, 0xdf, 0xf2, 0x0, 0x0, 0x9f, 0xf6,
    0x0, 0xef, 0xf2, 0x0, 0x3f, 0xfa, 0x2, 0xff,
    0xe0, 0x0, 0x0, 0x9f, 0xf7, 0x0, 0xef, 0xf2,
    0x0, 0xe, 0xff, 0x7, 0xff, 0xa0, 0x0, 0x0,
    0x9f, 0xff, 0xff, 0xff, 0xf2, 0x0, 0xa, 0xff,
    0x5d, 0xff, 0x50, 0x0, 0x0, 0x9f, 0xff, 0xff,
    0xff, 0xf2, 0x0, 0x5, 0xff, 0xdf, 0xfe, 0x0,
    0x0, 0x0, 0x9f, 0xfc, 0x99, 0xff, 0xf2, 0x0,
    0x0, 0xef, 0xff, 0xf9, 0x0, 0x0, 0x0, 0x9f,
    0xf6, 0x0, 0xef, 0xf2, 0x0, 0x0, 0x8f, 0xff,
    0xf2, 0x0, 0x0, 0x0, 0x9f, 0xf6, 0x0, 0xef,
    0xf7, 0x81, 0x0, 0x2f, 0xff, 0xa0, 0x0, 0x0,
    0x0, 0xaf, 0xfc, 0xbd, 0xff, 0xff, 0xf3, 0x0,
    0x7f, 0xff, 0xd0, 0x0, 0x0, 0x3f, 0xff, 0xff,
    0xff, 0xff, 0xff, 0xf4, 0x3, 0xff, 0xff, 0xf9,
    0x0, 0x0, 0xf, 0xff, 0xff, 0xfe, 0xff, 0xf5,
    0x0, 0x3e, 0xff, 0xef, 0xff, 0x70, 0x0, 0xb,
    0xc9, 0x64, 0x10, 0xef, 0xf2, 0x4, 0xef, 0xfe,
    0x1a, 0xff, 0xf9, 0x0, 0x0, 0x0, 0x0, 0x0,
    0xef, 0xf2, 0x7f, 0xff, 0xe2, 0x0, 0xcf, 0xff,
    0xb0, 0x0, 0x0, 0x0, 0x0, 0xef, 0xf2, 0x4f,
    0xfd, 0x20, 0x0, 0xb, 0xfe, 0x20, 0x0, 0x0,
    0x0, 0x0, 0xef, 0xf2, 0x7, 0xa1, 0x0, 0x0,
    0x0, 0x83, 0x0, 0x0, 0x0, 0x0, 0x0, 0x0,
    0x0, 0x0, 0x0, 0x0, 0x0, 0x0, 0x0, 0x0,

    /* U+53D7 "受" */
    0x0, 0x0, 0x0, 0x0, 0x0, 0x0, 0x0, 0x0,
    0x0, 0x0, 0x20, 0x0, 0x0, 0x0, 0x0, 0x0,
    0x0, 0x0, 0x2, 0x35, 0x79, 0xbd, 0xff, 0x60,
    0x0, 0x6, 0x88, 0x9a, 0xbc, 0xde, 0xff, 0xff,
    0xff, 0xff, 0xff, 0xff, 0x40, 0x0, 0x9f, 0xff,
    0xff, 0xff, 0xff, 0xff, 0xff, 0xff, 0xff, 0xdb,
    0x84, 0x0, 0x5, 0xff, 0xff, 0xff, 0xed, 0xcd,
    0xf8, 0x65, 0x31, 0x44, 0x10, 0x0, 0x0, 0x2,
    0x6c, 0xf5, 0x0, 0xa, 0xff, 0x50, 0x0, 0xd,
    0xff, 0xb0, 0x0, 0x0, 0x4, 0xff, 0xd0, 0x0,
    0x5f, 0xfb, 0x0, 0x5, 0xff, 0xf4, 0x0, 0x0,
    0x0, 0xc, 0xff, 0x50, 0x0, 0xff, 0xf0, 0x0,
    0xcf, 0xfa, 0x0, 0x0, 0x1a, 0xaa, 0xdf, 0xea,
    0xaa, 0xaf, 0xeb, 0xaa, 0xbf, 0xff, 0xba, 0xa8,
    0x2, 0xff, 0xff, 0xff, 0xff, 0xff, 0xff, 0xff,
    0xff, 0xff, 0xff, 0xff, 0xd0, 0x2f, 0xff, 0xff,
    0xff, 0xff, 0xff, 0xff, 0xff, 0xff, 0xff, 0xff,
    0xfd, 0x2, 0xff, 0xc0, 0x0, 0x0, 0x0, 0x0,
    0x0, 0x0, 0x0, 0x3, 0xff, 0xd0, 0x2f, 0xfc,
    0x0, 0x0, 0x0, 0x0, 0x0, 0x0, 0x0, 0x0,
    0x3f, 0xfd, 0x2, 0xff, 0xc7, 0xff, 0xff, 0xff,
    0xff, 0xff, 0xff, 0xfe, 0x63, 0xff, 0xd0, 0x0,
    0x0, 0x7f, 0xff, 0xff, 0xff, 0xff, 0xff, 0xff,
    0xff, 0x70, 0x0, 0x0, 0x0, 0x7, 0xff, 0xff,
    0xff, 0xff, 0xff, 0xff, 0xff, 0xf1, 0x0, 0x0,
    0x0, 0x0, 0xc, 0xff, 0xc0, 0x0, 0x0, 0xb,
    0xff, 0xf6, 0x0, 0x0, 0x0, 0x0, 0x0, 0x3f,
    0xff, 0xd2, 0x0, 0x1b, 0xff, 0xfa, 0x0, 0x0,
    0x0, 0x0, 0x0, 0x0, 0x3f, 0xff, 0xf7, 0x4d,
    0xff, 0xfb, 0x0, 0x0, 0x0, 0x0, 0x0, 0x0,
    0x0, 0x3e, 0xff, 0xff, 0xff, 0xfa, 0x0, 0x0,
    0x0, 0x0, 0x0, 0x0, 0x0, 0x1, 0x7f, 0xff,
    0xff, 0xfe, 0x51, 0x0, 0x0, 0x0, 0x0, 0x0,
    0x25, 0x8c, 0xff, 0xff, 0xff, 0xff, 0xff, 0xfd,
    0x96, 0x41, 0x0, 0x5d, 0xff, 0xff, 0xff, 0xff,
    0xf9, 0x6c, 0xff, 0xff, 0xff, 0xff, 0xfe, 0x10,
    0xdf, 0xff, 0xff, 0xfb, 0x60, 0x0, 0x3, 0x8d,
    0xff, 0xff, 0xff, 0x40, 0x3, 0xfd, 0xa7, 0x30,
    0x0, 0x0, 0x0, 0x0, 0x1, 0x58, 0xbe, 0xb0,
    0x0, 0x0, 0x0, 0x0, 0x0, 0x0, 0x0, 0x0,
    0x0, 0x0, 0x0, 0x0, 0x0,

    /* U+53D8 "变" */
    0x0, 0x0, 0x0, 0x0, 0x0, 0x1, 0x54, 0x0,
    0x0, 0x0, 0x0, 0x0, 0x0, 0x0, 0x0, 0x0,
    0x0, 0x4, 0xff, 0xf1, 0x0, 0x0, 0x0, 0x0,
    0x0, 0x0, 0x0, 0x0, 0x0, 0x0, 0xd, 0xff,
    0x80, 0x0, 0x0, 0x0, 0x0, 0x0, 0x5b, 0xbb,
    0xbb, 0xbb, 0xbb, 0xef, 0xff, 0xbb, 0xbb, 0xbb,
    0xbb, 0xa0, 0x7, 0xff, 0xff, 0xff, 0xff, 0xff,
    0xff, 0xff, 0xff, 0xff, 0xff, 0xfe, 0x0, 0x7f,
    0xff, 0xff, 0xff, 0xff, 0xff, 0xff, 0xff, 0xff,
    0xff, 0xff, 0xe0, 0x0, 0x0, 0x22, 0x0, 0xef,
    0xf3, 0x0, 0xef, 0xf4, 0x2, 0x0, 0x0, 0x0,
    0x0, 0xb, 0xfe, 0x4e, 0xff, 0x30, 0xe, 0xff,
    0x47, 0xfc, 0x0, 0x0, 0x0, 0x5, 0xff, 0xe1,
    0xef, 0xf3, 0x0, 0xef, 0xf6, 0xdf, 0xfc, 0x0,
    0x0, 0x2, 0xff, 0xf6, 0xe, 0xff, 0x30, 0xe,
    0xff, 0x41, 0xcf, 0xfc, 0x0, 0x2, 0xef, 0xfc,
    0x0, 0xef, 0xf3, 0x0, 0xef, 0xf4, 0x1, 0xdf,
    0xf9, 0x0, 0x19, 0xfe, 0x10, 0xe, 0xff, 0x30,
    0xe, 0xff, 0x40, 0x2, 0xee, 0x30, 0x0, 0x4,
    0x20, 0x0, 0xef, 0xf3, 0x0, 0xef, 0xf4, 0x0,
    0x4, 0x10, 0x0, 0x0, 0x0, 0x0, 0x4, 0x44,
    0x10, 0x3, 0x44, 0x10, 0x10, 0x0, 0x0, 0x0,
    0xc, 0xff, 0xff, 0xff, 0xff, 0xff, 0xff, 0xff,
    0xff, 0xc2, 0x0, 0x0, 0x0, 0xcf, 0xff, 0xff,
    0xff, 0xff, 0xff, 0xff, 0xff, 0xff, 0xa0, 0x0,
    0x0, 0x8, 0xbe, 0xff, 0xfb, 0xbb, 0xbb, 0xbb,
    0xbf, 0xff, 0xe1, 0x0, 0x0, 0x0, 0x0, 0x3f,
    0xff, 0x80, 0x0, 0x0, 0x8, 0xff, 0xf4, 0x0,
    0x0, 0x0, 0x0, 0x0, 0x4f, 0xff, 0xb1, 0x0,
    0x2c, 0xff, 0xf5, 0x0, 0x0, 0x0, 0x0, 0x0,
    0x0, 0x4f, 0xff, 0xf7, 0x9f, 0xff, 0xf4, 0x0,
    0x0, 0x0, 0x0, 0x0, 0x0, 0x0, 0x2d, 0xff,
    0xff, 0xff, 0xc2, 0x0, 0x0, 0x0, 0x0, 0x0,
    0x0, 0x3, 0x7b, 0xff, 0xff, 0xff, 0xfd, 0x95,
    0x10, 0x0, 0x0, 0x6, 0x8b, 0xdf, 0xff, 0xff,
    0xff, 0xdf, 0xff, 0xff, 0xff, 0xeb, 0x97, 0x30,
    0x9f, 0xff, 0xff, 0xff, 0xe9, 0x30, 0x17, 0xcf,
    0xff, 0xff, 0xff, 0xf1, 0x1, 0xff, 0xfd, 0xa6,
    0x20, 0x0, 0x0, 0x0, 0x15, 0x9d, 0xff, 0xf7,
    0x0, 0x3, 0x30, 0x0, 0x0, 0x0, 0x0, 0x0,
    0x0, 0x0, 0x0, 0x25, 0x0,

    /* U+53E3 "口" */
    0x15, 0x55, 0x55, 0x55, 0x55, 0x55, 0x55, 0x55,
    0x55, 0x55, 0x51, 0x4f, 0xff, 0xff, 0xff, 0xff,
    0xff, 0xff, 0xff, 0xff, 0xff, 0xf4, 0x4f, 0xff,
    0xff, 0xff, 0xff, 0xff, 0xff, 0xff, 0xff, 0xff,
    0xf4, 0x4f, 0xff, 0xdd, 0xdd, 0xdd, 0xdd, 0xdd,
    0xdd, 0xdd, 0xff, 0xf4, 0x4f, 0xff, 0x0, 0x0,
    0x0, 0x0, 0x0, 0x0, 0x1, 0xff, 0xf4, 0x4f,
    0xff, 0x0, 0x0, 0x0, 0x0, 0x0, 0x0, 0x1,
    0xff, 0xf4, 0x4f, 0xff, 0x0, 0x0, 0x0, 0x0,
    0x0, 0x0, 0x1, 0xff, 0xf4, 0x4f, 0xff, 0x0,
    0x0, 0x0, 0x0, 0x0, 0x0, 0x1, 0xff, 0xf4,
    0x4f, 0xff, 0x0, 0x0, 0x0, 0x0, 0x0, 0x0,
    0x1, 0xff, 0xf4, 0x4f, 0xff, 0x0, 0x0, 0x0,
    0x0, 0x0, 0x0, 0x1, 0xff, 0xf4, 0x4f, 0xff,
    0x0, 0x0, 0x0, 0x0, 0x0, 0x0, 0x1, 0xff,
    0xf4, 0x4f, 0xff, 0x0, 0x0, 0x0, 0x0, 0x0,
    0x0, 0x1, 0xff, 0xf4, 0x4f, 0xff, 0x0, 0x0,
    0x0, 0x0, 0x0, 0x0, 0x1, 0xff, 0xf4, 0x4f,
    0xff, 0x0, 0x0, 0x0, 0x0, 0x0, 0x0, 0x1,
    0xff, 0xf4, 0x4f, 0xff, 0x0, 0x0, 0x0, 0x0,
    0x0, 0x0, 0x1, 0xff, 0xf4, 0x4f, 0xff, 0x0,
    0x0, 0x0, 0x0, 0x0, 0x0, 0x1, 0xff, 0xf4,
    0x4f, 0xff, 0x44, 0x44, 0x44, 0x44, 0x44, 0x44,
    0x46, 0xff, 0xf4, 0x4f, 0xff, 0xff, 0xff, 0xff,
    0xff, 0xff, 0xff, 0xff, 0xff, 0xf4, 0x4f, 0xff,
    0xff, 0xff, 0xff, 0xff, 0xff, 0xff, 0xff, 0xff,
    0xf4, 0x4f, 0xff, 0xee, 0xee, 0xee, 0xee, 0xee,
    0xee, 0xee, 0xff, 0xf4, 0x4f, 0xff, 0x0, 0x0,
    0x0, 0x0, 0x0, 0x0, 0x1, 0xff, 0xf4, 0x4f,
    0xff, 0x0, 0x0, 0x0, 0x0, 0x0, 0x0, 0x1,
    0xff, 0xf4, 0x0, 0x0, 0x0, 0x0, 0x0, 0x0,
    0x0, 0x0, 0x0, 0x0, 0x0,

    /* U+53EA "只" */
    0x0, 0x0, 0x0, 0x0, 0x0, 0x0, 0x0, 0x0,
    0x0, 0x0, 0x0, 0x0, 0x0, 0x2f, 0xff, 0xff,
    0xff, 0xff, 0xff, 0xff, 0xff, 0xff, 0xf4, 0x0,
    0x0, 0x2f, 0xff, 0xff, 0xff, 0xff, 0xff, 0xff,
    0xff, 0xff, 0xf4, 0x0, 0x0, 0x2f, 0xff, 0xee,
    0xee, 0xee, 0xee, 0xee, 0xee, 0xff, 0xf4, 0x0,
    0x0, 0x2f, 0xff, 0x0, 0x0, 0x0, 0x0, 0x0,
    0x1, 0xff, 0xf4, 0x0, 0x0, 0x2f, 0xff, 0x0,
    0x0, 0x0, 0x0, 0x0, 0x1, 0xff, 0xf4, 0x0,
    0x0, 0x2f, 0xff, 0x0, 0x0, 0x0, 0x0, 0x0,
    0x1, 0xff, 0xf4, 0x0, 0x0, 0x2f, 0xff, 0x0,
    0x0, 0x0, 0x0, 0x0, 0x1, 0xff, 0xf4, 0x0,
    0x0, 0x2f, 0xff, 0x0, 0x0, 0x0, 0x0, 0x0,
    0x1, 0xff, 0xf4, 0x0, 0x0, 0x2f, 0xff, 0x0,
    0x0, 0x0, 0x0, 0x0, 0x1, 0xff, 0xf4, 0x0,
    0x0, 0x2f, 0xff, 0xdd, 0xdd, 0xdd, 0xdd, 0xdd,
    0xdd, 0xff, 0xf4, 0x0, 0x0, 0x2f, 0xff, 0xff,
    0xff, 0xff, 0xff, 0xff, 0xff, 0xff, 0xf4, 0x0,
    0x0, 0x2f, 0xff, 0xff, 0xff, 0xff, 0xff, 0xff,
    0xff, 0xff, 0xf4, 0x0, 0x0, 0x1, 0x11, 0x11,
    0x11, 0x11, 0x11, 0x11, 0x11, 0x11, 0x10, 0x0,
    0x0, 0x0, 0x0, 0x0, 0x0, 0x0, 0x0, 0x0,
    0x0, 0x0, 0x0, 0x0, 0x0, 0x0, 0x0, 0x2e,
    0x93, 0x0, 0x0, 0x7, 0xf7, 0x0, 0x0, 0x0,
    0x0, 0x0, 0x1, 0xdf, 0xff, 0x60, 0x0, 0xbf,
    0xff, 0xa0, 0x0, 0x0, 0x0, 0x0, 0x2e, 0xff,
    0xf9, 0x0, 0x0, 0x1b, 0xff, 0xfc, 0x10, 0x0,
    0x0, 0x4, 0xef, 0xff, 0x90, 0x0, 0x0, 0x0,
    0xaf, 0xff, 0xe2, 0x0, 0x0, 0x7f, 0xff, 0xf8,
    0x0, 0x0, 0x0, 0x0, 0x9, 0xff, 0xfe, 0x30,
    0x3c, 0xff, 0xff, 0x60, 0x0, 0x0, 0x0, 0x0,
    0x0, 0x8f, 0xff, 0xf3, 0x3e, 0xff, 0xe4, 0x0,
    0x0, 0x0, 0x0, 0x0, 0x0, 0x8, 0xff, 0xe4,
    0x1, 0xdb, 0x10, 0x0, 0x0, 0x0, 0x0, 0x0,
    0x0, 0x0, 0xa9, 0x10, 0x0, 0x0, 0x0, 0x0,
    0x0, 0x0, 0x0, 0x0, 0x0, 0x0, 0x0, 0x0,

    /* U+53EF "可" */
    0x23, 0x33, 0x33, 0x33, 0x33, 0x33, 0x33, 0x33,
    0x33, 0x33, 0x33, 0x33, 0xcf, 0xff, 0xff, 0xff,
    0xff, 0xff, 0xff, 0xff, 0xff, 0xff, 0xff, 0xff,
    0xcf, 0xff, 0xff, 0xff, 0xff, 0xff, 0xff, 0xff,
    0xff, 0xff, 0xff, 0xff, 0xbf, 0xff, 0xff, 0xff,
    0xff, 0xff, 0xff, 0xff, 0xff, 0xff, 0xff, 0xfe,
    0x0, 0x0, 0x0, 0x0, 0x0, 0x0, 0x0, 0x0,
    0x5, 0xff, 0xe0, 0x0, 0x0, 0x0, 0x0, 0x0,
    0x0, 0x0, 0x0, 0x0, 0x5, 0xff, 0xe0, 0x0,
    0x0, 0x1, 0x21, 0x11, 0x11, 0x11, 0x10, 0x0,
    0x5, 0xff, 0xe0, 0x0, 0x0, 0x5f, 0xff, 0xff,
    0xff, 0xff, 0xfe, 0x0, 0x5, 0xff, 0xe0, 0x0,
    0x0, 0x5f, 0xff, 0xff, 0xff, 0xff, 0xfe, 0x0,
    0x5, 0xff, 0xe0, 0x0, 0x0, 0x5f, 0xff, 0xee,
    0xee, 0xef, 0xfe, 0x0, 0x5, 0xff, 0xe0, 0x0,
    0x0, 0x5f, 0xfb, 0x0, 0x0, 0x2f, 0xfe, 0x0,
    0x5, 0xff, 0xe0, 0x0, 0x0, 0x5f, 0xfb, 0x0,
    0x0, 0x2f, 0xfe, 0x0, 0x5, 0xff, 0xe0, 0x0,
    0x0, 0x5f, 0xfb, 0x0, 0x0, 0x2f, 0xfe, 0x0,
    0x5, 0xff, 0xe0, 0x0, 0x0, 0x5f, 0xfb, 0x0,
    0x0, 0x2f, 0xfe, 0x0, 0x5, 0xff, 0xe0, 0x0,
    0x0, 0x5f, 0xff, 0xff, 0xff, 0xff, 0xfe, 0x0,
    0x5, 0xff, 0xe0, 0x0, 0x0, 0x5f, 0xff, 0xff,
    0xff, 0xff, 0xfe, 0x0, 0x5, 0xff, 0xe0, 0x0,
    0x0, 0x5f, 0xff, 0xff, 0xff, 0xff, 0xfe, 0x0,
    0x5, 0xff, 0xe0, 0x0, 0x0, 0x5f, 0xfb, 0x0,
    0x0, 0x0, 0x0, 0x0, 0x5, 0xff, 0xe0, 0x0,
    0x0, 0x5f, 0xfa, 0x0, 0x0, 0x0, 0x0, 0x0,
    0x5, 0xff, 0xe0, 0x0, 0x0, 0x0, 0x0, 0x0,
    0x0, 0x0, 0x22, 0x22, 0x28, 0xff, 0xe0, 0x0,
    0x0, 0x0, 0x0, 0x0, 0x0, 0x0, 0x8f, 0xff,
    0xff, 0xff, 0xd0, 0x0, 0x0, 0x0, 0x0, 0x0,
    0x0, 0x0, 0x1f, 0xff, 0xff, 0xff, 0x70, 0x0,
    0x0, 0x0, 0x0, 0x0, 0x0, 0x0, 0xb, 0xff,
    0xfe, 0xb6, 0x0, 0x0, 0x0, 0x0, 0x0, 0x0,
    0x0, 0x0, 0x0, 0x10, 0x0, 0x0, 0x0, 0x0,

    /* U+53F0 "台" */
    0x0, 0x0, 0x0, 0x0, 0x82, 0x0, 0x0, 0x0,
    0x0, 0x0, 0x0, 0x0, 0x0, 0x0, 0x0, 0x9f,
    0xfb, 0x10, 0x0, 0x0, 0x0, 0x0, 0x0, 0x0,
    0x0, 0x0, 0x4f, 0xff, 0xa0, 0x0, 0x0, 0x0,
    0x0, 0x0, 0x0, 0x0, 0x0, 0x1e, 0xff, 0xd0,
    0x0, 0x3, 0xb2, 0x0, 0x0, 0x0, 0x0, 0x0,
    0xc, 0xff, 0xf2, 0x0, 0x6, 0xff, 0xe2, 0x0,
    0x0, 0x0, 0x0, 0x9, 0xff, 0xf4, 0x0, 0x0,
    0x3f, 0xff, 0xe2, 0x0, 0x0, 0x0, 0x7, 0xff,
    0xf5, 0x0, 0x0, 0x0, 0x3f, 0xff, 0xd1, 0x0,
    0x0, 0x7, 0xff, 0xf6, 0x0, 0x0, 0x0, 0x0,
    0x5f, 0xff, 0xd0, 0x0, 0x1a, 0xff, 0xff, 0xbc,
    0xcd, 0xee, 0xff, 0xff, 0xff, 0xff, 0xb0, 0x4,
    0xff, 0xff, 0xff, 0xff, 0xff, 0xff, 0xff, 0xff,
    0xff, 0xff, 0x90, 0xe, 0xff, 0xff, 0xff, 0xff,
    0xff, 0xfe, 0xed, 0xcb, 0xef, 0xff, 0x30, 0x8b,
    0x87, 0x54, 0x33, 0x21, 0x0, 0x0, 0x0, 0x2,
    0xff, 0x80, 0x0, 0x0, 0x0, 0x0, 0x0, 0x0,
    0x0, 0x0, 0x0, 0x6, 0x50, 0x0, 0x0, 0x0,
    0x0, 0x0, 0x0, 0x0, 0x0, 0x0, 0x0, 0x0,
    0x0, 0x0, 0x9f, 0xff, 0xff, 0xff, 0xff, 0xff,
    0xff, 0xff, 0xfd, 0x0, 0x0, 0x9, 0xff, 0xff,
    0xff, 0xff, 0xff, 0xff, 0xff, 0xff, 0xd0, 0x0,
    0x0, 0x9f, 0xff, 0xff, 0xff, 0xff, 0xff, 0xff,
    0xff, 0xfd, 0x0, 0x0, 0x9, 0xff, 0x90, 0x0,
    0x0, 0x0, 0x0, 0x8, 0xff, 0xd0, 0x0, 0x0,
    0x9f, 0xf9, 0x0, 0x0, 0x0, 0x0, 0x0, 0x8f,
    0xfd, 0x0, 0x0, 0x9, 0xff, 0x90, 0x0, 0x0,
    0x0, 0x0, 0x8, 0xff, 0xd0, 0x0, 0x0, 0x9f,
    0xf9, 0x0, 0x0, 0x0, 0x0, 0x0, 0x9f, 0xfd,
    0x0, 0x0, 0x9, 0xff, 0xff, 0xff, 0xff, 0xff,
    0xff, 0xff, 0xff, 0xd0, 0x0, 0x0, 0x9f, 0xff,
    0xff, 0xff, 0xff, 0xff, 0xff, 0xff, 0xfd, 0x0,
    0x0, 0x9, 0xff, 0xff, 0xff, 0xff, 0xff, 0xff,
    0xff, 0xff, 0xd0, 0x0, 0x0, 0x9f, 0xf9, 0x0,
    0x0, 0x0, 0x0, 0x0, 0x8f, 0xfd, 0x0, 0x0,
    0x0, 0x0, 0x0, 0x0, 0x0, 0x0, 0x0, 0x0,
    0x0, 0x0, 0x0,

    /* U+53F2 "史" */
    0x0, 0x0, 0x0, 0x0, 0x0, 0x4, 0xbb, 0xa0,
    0x0, 0x0, 0x0, 0x0, 0x0, 0x0, 0x0, 0x0,
    0x0, 0x0, 0x5, 0xff, 0xe0, 0x0, 0x0, 0x0,
    0x0, 0x0, 0x0, 0x0, 0x0, 0x0, 0x0, 0x5,
    0xff, 0xe0, 0x0, 0x0, 0x0, 0x0, 0x0, 0x0,
    0x1, 0x11, 0x11, 0x11, 0x17, 0xff, 0xe1, 0x11,
    0x11, 0x11, 0x11, 0x0, 0x0, 0x2f, 0xff, 0xff,
    0xff, 0xff, 0xff, 0xff, 0xff, 0xff, 0xff, 0xfa,
    0x0, 0x0, 0x2f, 0xff, 0xff, 0xff, 0xff, 0xff,
    0xff, 0xff, 0xff, 0xff, 0xfa, 0x0, 0x0, 0x2f,
    0xff, 0xee, 0xee, 0xee, 0xff, 0xfe, 0xee, 0xee,
    0xff, 0xfa, 0x0, 0x0, 0x2f, 0xfe, 0x0, 0x0,
    0x5, 0xff, 0xe0, 0x0, 0x0, 0x9f, 0xfa, 0x0,
    0x0, 0x2f, 0xfe, 0x0, 0x0, 0x5, 0xff, 0xe0,
    0x0, 0x0, 0x9f, 0xfa, 0x0, 0x0, 0x2f, 0xfe,
    0x0, 0x0, 0x5, 0xff, 0xe0, 0x0, 0x0, 0x9f,
    0xfa, 0x0, 0x0, 0x2f, 0xff, 0xee, 0xee, 0xef,
    0xff, 0xfe, 0xee, 0xee, 0xff, 0xfa, 0x0, 0x0,
    0x2f, 0xff, 0xff, 0xff, 0xff, 0xff, 0xff, 0xff,
    0xff, 0xff, 0xfa, 0x0, 0x0, 0x2f, 0xff, 0xff,
    0xff, 0xff, 0xff, 0xff, 0xff, 0xff, 0xff, 0xfa,
    0x0, 0x0, 0x1, 0x13, 0x81, 0x11, 0x18, 0xff,
    0xd1, 0x11, 0x11, 0x11, 0x11, 0x0, 0x0, 0x0,
    0xbf, 0xf7, 0x0, 0x9, 0xff, 0xa0, 0x0, 0x0,
    0x0, 0x0, 0x0, 0x0, 0x0, 0x8f, 0xff, 0x30,
    0xd, 0xff, 0x70, 0x0, 0x0, 0x0, 0x0, 0x0,
    0x0, 0x0, 0xe, 0xff, 0xe2, 0x3f, 0xff, 0x30,
    0x0, 0x0, 0x0, 0x0, 0x0, 0x0, 0x0, 0x3,
    0xff, 0xff, 0xdf, 0xfc, 0x0, 0x0, 0x0, 0x0,
    0x0, 0x0, 0x0, 0x0, 0x0, 0x5f, 0xff, 0xff,
    0xf4, 0x0, 0x0, 0x0, 0x0, 0x0, 0x0, 0x0,
    0x0, 0x0, 0xa, 0xff, 0xff, 0xfb, 0x51, 0x0,
    0x0, 0x0, 0x0, 0x0, 0x0, 0x0, 0x38, 0xef,
    0xff, 0xff, 0xff, 0xff, 0xdb, 0x97, 0x65, 0x43,
    0x21, 0x7, 0xbe, 0xff, 0xff, 0xfe, 0x8d, 0xff,
    0xff, 0xff, 0xff, 0xff, 0xff, 0xf6, 0x7, 0xff,
    0xff, 0xff, 0x81, 0x0, 0x38, 0xdf, 0xff, 0xff,
    0xff, 0xff, 0xe0, 0x0, 0xcf, 0xfb, 0x50, 0x0,
    0x0, 0x0, 0x1, 0x46, 0x9b, 0xce, 0xff, 0x80,
    0x0, 0x23, 0x0, 0x0, 0x0, 0x0, 0x0, 0x0,
    0x0, 0x0, 0x0, 0x0, 0x0,

    /* U+53F7 "号" */
    0x0, 0x0, 0x0, 0x0, 0x0, 0x0, 0x0, 0x0,
    0x0, 0x0, 0x0, 0x0, 0x0, 0xc, 0xff, 0xff,
    0xff, 0xff, 0xff, 0xff, 0xff, 0xff, 0x50, 0x0,
    0x0, 0xc, 0xff, 0xff, 0xff, 0xff, 0xff, 0xff,
    0xff, 0xff, 0x50, 0x0, 0x0, 0xc, 0xff, 0xcb,
    0xbb, 0xbb, 0xbb, 0xbb, 0xbf, 0xff, 0x50, 0x0,
    0x0, 0xc, 0xff, 0x60, 0x0, 0x0, 0x0, 0x0,
    0xf, 0xff, 0x50, 0x0, 0x0, 0xc, 0xff, 0x60,
    0x0, 0x0, 0x0, 0x0, 0x1f, 0xff, 0x50, 0x0,
    0x0, 0xc, 0xff, 0xff, 0xff, 0xff, 0xff, 0xff,
    0xff, 0xff, 0x50, 0x0, 0x0, 0xc, 0xff, 0xff,
    0xff, 0xff, 0xff, 0xff, 0xff, 0xff, 0x50, 0x0,
    0x0, 0x7, 0xaa, 0xaa, 0xaa, 0xaa, 0xaa, 0xaa,
    0xaa, 0xaa, 0x30, 0x0, 0x0, 0x0, 0x0, 0x0,
    0x0, 0x0, 0x0, 0x0, 0x0, 0x0, 0x0, 0x0,
    0xac, 0xcc, 0xcc, 0xcc, 0xcc, 0xcc, 0xcc, 0xcc,
    0xcc, 0xcc, 0xcc, 0xc3, 0xdf, 0xff, 0xff, 0xff,
    0xff, 0xff, 0xff, 0xff, 0xff, 0xff, 0xff, 0xf4,
    0xdf, 0xff, 0xff, 0xff, 0xff, 0xff, 0xff, 0xff,
    0xff, 0xff, 0xff, 0xf4, 0x0, 0x0, 0x2f, 0xff,
    0x70, 0x0, 0x0, 0x0, 0x0, 0x0, 0x0, 0x0,
    0x0, 0x0, 0x7f, 0xff, 0x10, 0x0, 0x0, 0x0,
    0x0, 0x0, 0x0, 0x0, 0x0, 0x0, 0xcf, 0xff,
    0xff, 0xff, 0xff, 0xff, 0xff, 0xff, 0x50, 0x0,
    0x0, 0x1, 0xff, 0xff, 0xff, 0xff, 0xff, 0xff,
    0xff, 0xff, 0x40, 0x0, 0x0, 0x6, 0xef, 0xfe,
    0xee, 0xee, 0xee, 0xee, 0xef, 0xff, 0x10, 0x0,
    0x0, 0x0, 0x0, 0x0, 0x0, 0x0, 0x0, 0x0,
    0x6f, 0xff, 0x0, 0x0, 0x0, 0x0, 0x0, 0x0,
    0x0, 0x0, 0x0, 0x0, 0xbf, 0xfb, 0x0, 0x0,
    0x0, 0x0, 0x0, 0x0, 0x0, 0x0, 0x0, 0x2,
    0xff, 0xf7, 0x0, 0x0, 0x0, 0x0, 0x0, 0x0,
    0x0, 0xde, 0xdc, 0xcf, 0xff, 0xf2, 0x0, 0x0,
    0x0, 0x0, 0x0, 0x0, 0x0, 0x8f, 0xff, 0xff,
    0xff, 0xa0, 0x0, 0x0, 0x0, 0x0, 0x0, 0x0,
    0x0, 0x3f, 0xff, 0xff, 0xd8, 0x0, 0x0, 0x0,
    0x0, 0x0, 0x0, 0x0, 0x0, 0x0, 0x0, 0x0,
    0x0, 0x0, 0x0, 0x0,

    /* U+540C "同" */
    0xe, 0xee, 0xee, 0xee, 0xee, 0xee, 0xee, 0xee,
    0xee, 0xee, 0xff, 0xe1, 0xf, 0xff, 0xff, 0xff,
    0xff, 0xff, 0xff, 0xff, 0xff, 0xff, 0xff, 0xf1,
    0xf, 0xff, 0xff, 0xff, 0xff, 0xff, 0xff, 0xff,
    0xff, 0xff, 0xff, 0xf1, 0xf, 0xff, 0x0, 0x0,
    0x0, 0x0, 0x0, 0x0, 0x0, 0x0, 0xff, 0xf1,
    0xf, 0xff, 0x0, 0x0, 0x0, 0x0, 0x0, 0x0,
    0x0, 0x0, 0xff, 0xf1, 0xf, 0xff, 0xc, 0xff,
    0xff, 0xff, 0xff, 0xff, 0xff, 0x40, 0xff, 0xf1,
    0xf, 0xff, 0xc, 0xff, 0xff, 0xff, 0xff, 0xff,
    0xff, 0x40, 0xff, 0xf1, 0xf, 0xff, 0x6, 0x99,
    0x99, 0x99, 0x99, 0x99, 0x99, 0x20, 0xff, 0xf1,
    0xf, 0xff, 0x0, 0x0, 0x0, 0x0, 0x0, 0x0,
    0x0, 0x0, 0xff, 0xf1, 0xf, 0xff, 0x0, 0x28,
    0x88, 0x88, 0x88, 0x88, 0x81, 0x0, 0xff, 0xf1,
    0xf, 0xff, 0x0, 0x4f, 0xff, 0xff, 0xff, 0xff,
    0xf2, 0x0, 0xff, 0xf1, 0xf, 0xff, 0x0, 0x4f,
    0xff, 0xff, 0xff, 0xff, 0xf2, 0x0, 0xff, 0xf1,
    0xf, 0xff, 0x0, 0x4f, 0xf8, 0x0, 0x0, 0xbf,
    0xf2, 0x0, 0xff, 0xf1, 0xf, 0xff, 0x0, 0x4f,
    0xf8, 0x0, 0x0, 0xbf, 0xf2, 0x0, 0xff, 0xf1,
    0xf, 0xff, 0x0, 0x4f, 0xf8, 0x0, 0x0, 0xbf,
    0xf2, 0x0, 0xff, 0xf1, 0xf, 0xff, 0x0, 0x4f,
    0xf8, 0x11, 0x11, 0xbf, 0xf2, 0x0, 0xff, 0xf1,
    0xf, 0xff, 0x0, 0x4f, 0xff, 0xff, 0xff, 0xff,
    0xf2, 0x0, 0xff, 0xf1, 0xf, 0xff, 0x0, 0x4f,
    0xff, 0xff, 0xff, 0xff, 0xf2, 0x0, 0xff, 0xf1,
    0xf, 0xff, 0x0, 0x4f, 0xfc, 0x88, 0x88, 0x88,
    0x81, 0x0, 0xff, 0xf1, 0xf, 0xff, 0x0, 0x4f,
    0xf8, 0x0, 0x0, 0x0, 0x0, 0x1, 0xff, 0xf1,
    0xf, 0xff, 0x0, 0x14, 0x42, 0x0, 0x0, 0x0,
    0xcf, 0xff, 0xff, 0xf0, 0xf, 0xff, 0x0, 0x0,
    0x0, 0x0, 0x0, 0x0, 0x6f, 0xff, 0xff, 0xb0,
    0xf, 0xff, 0x0, 0x0, 0x0, 0x0, 0x0, 0x0,
    0x2f, 0xfe, 0xc8, 0x0, 0x0, 0x0, 0x0, 0x0,
    0x0, 0x0, 0x0, 0x0, 0x0, 0x0, 0x0, 0x0,

    /* U+540D "名" */
    0x0, 0x0, 0x0, 0x0, 0x2, 0x41, 0x0, 0x0,
    0x0, 0x0, 0x0, 0x0, 0x0, 0x0, 0x0, 0x1,
    0xef, 0xfd, 0x0, 0x0, 0x0, 0x0, 0x0, 0x0,
    0x0, 0x0, 0x0, 0xcf, 0xff, 0x50, 0x0, 0x0,
    0x0, 0x0, 0x0, 0x0, 0x0, 0x0, 0xbf, 0xff,
    0xfc, 0xcc, 0xcc, 0xcc, 0xc9, 0x10, 0x0, 0x0,
    0x1, 0xcf, 0xff, 0xff, 0xff, 0xff, 0xff, 0xff,
    0xfd, 0x0, 0x0, 0x5, 0xef, 0xff, 0xff, 0xff,
    0xff, 0xff, 0xff, 0xff, 0x70, 0x0, 0x2b, 0xff,
    0xff, 0xa1, 0x11, 0x11, 0x11, 0x2e, 0xff, 0xd0,
    0x0, 0x8f, 0xff, 0xff, 0x70, 0x0, 0x0, 0x0,
    0xb, 0xff, 0xf3, 0x0, 0x2, 0xff, 0xfd, 0x34,
    0xb2, 0x0, 0x0, 0xb, 0xff, 0xf7, 0x0, 0x0,
    0x4, 0xe7, 0x8, 0xff, 0xf4, 0x0, 0x1c, 0xff,
    0xf9, 0x0, 0x0, 0x0, 0x0, 0x0, 0x6f, 0xff,
    0xf6, 0x4e, 0xff, 0xf9, 0x0, 0x0, 0x0, 0x0,
    0x0, 0x0, 0x4f, 0xff, 0xff, 0xff, 0xf7, 0x0,
    0x0, 0x0, 0x0, 0x0, 0x0, 0x0, 0x3f, 0xff,
    0xff, 0xe4, 0x0, 0x0, 0x0, 0x0, 0x0, 0x0,
    0x1, 0x8e, 0xff, 0xff, 0xd4, 0x22, 0x23, 0x32,
    0x20, 0x0, 0x1, 0x6b, 0xff, 0xff, 0xff, 0xff,
    0xff, 0xff, 0xff, 0xff, 0x22, 0x8c, 0xff, 0xff,
    0xff, 0xff, 0xff, 0xff, 0xff, 0xff, 0xff, 0xf2,
    0xd, 0xff, 0xff, 0xff, 0xfb, 0xaa, 0xaa, 0xaa,
    0xaa, 0xbf, 0xff, 0x20, 0x4f, 0xfb, 0x7f, 0xff,
    0x10, 0x0, 0x0, 0x0, 0x1, 0xff, 0xf2, 0x0,
    0x40, 0x0, 0xff, 0xf1, 0x0, 0x0, 0x0, 0x0,
    0x1f, 0xff, 0x20, 0x0, 0x0, 0xf, 0xff, 0x10,
    0x0, 0x0, 0x0, 0x1, 0xff, 0xf2, 0x0, 0x0,
    0x0, 0xff, 0xf1, 0x0, 0x0, 0x0, 0x0, 0x1f,
    0xff, 0x20, 0x0, 0x0, 0xf, 0xff, 0xdc, 0xcc,
    0xcc, 0xcc, 0xcd, 0xff, 0xf2, 0x0, 0x0, 0x0,
    0xff, 0xff, 0xff, 0xff, 0xff, 0xff, 0xff, 0xff,
    0x20, 0x0, 0x0, 0xf, 0xff, 0xff, 0xff, 0xff,
    0xff, 0xff, 0xff, 0xf2, 0x0, 0x0, 0x0, 0xff,
    0xf2, 0x0, 0x0, 0x0, 0x0, 0x2f, 0xff, 0x20,

    /* U+540E "后" */
    0x0, 0x0, 0x0, 0x0, 0x0, 0x0, 0x0, 0x0,
    0x0, 0x0, 0x0, 0x0, 0x0, 0x0, 0x0, 0x0,
    0x0, 0x0, 0x0, 0x0, 0x0, 0x25, 0x7b, 0xe6,
    0x0, 0x0, 0x0, 0x0, 0x0, 0x12, 0x35, 0x68,
    0xac, 0xef, 0xff, 0xff, 0xff, 0x60, 0x0, 0x0,
    0x8, 0xff, 0xff, 0xff, 0xff, 0xff, 0xff, 0xff,
    0xff, 0xff, 0xc1, 0x0, 0x0, 0x8, 0xff, 0xff,
    0xff, 0xff, 0xff, 0xfe, 0xca, 0x85, 0x20, 0x0,
    0x0, 0x0, 0x8, 0xff, 0xea, 0x98, 0x75, 0x42,
    0x0, 0x0, 0x0, 0x0, 0x0, 0x0, 0x0, 0x8,
    0xff, 0xc0, 0x0, 0x0, 0x0, 0x0, 0x0, 0x0,
    0x0, 0x0, 0x0, 0x0, 0x8, 0xff, 0xc0, 0x0,
    0x0, 0x0, 0x0, 0x0, 0x0, 0x0, 0x0, 0x0,
    0x0, 0x8, 0xff, 0xfe, 0xee, 0xee, 0xee, 0xee,
    0xee, 0xee, 0xee, 0xee, 0xe1, 0x0, 0x8, 0xff,
    0xff, 0xff, 0xff, 0xff, 0xff, 0xff, 0xff, 0xff,
    0xff, 0xf1, 0x0, 0x8, 0xff, 0xff, 0xff, 0xff,
    0xff, 0xff, 0xff, 0xff, 0xff, 0xff, 0xf1, 0x0,
    0x8, 0xff, 0xb0, 0x0, 0x0, 0x0, 0x0, 0x0,
    0x0, 0x0, 0x0, 0x0, 0x0, 0x8, 0xff, 0xb0,
    0x0, 0x0, 0x0, 0x0, 0x0, 0x0, 0x0, 0x0,
    0x0, 0x0, 0x9, 0xff, 0xa0, 0x0, 0x0, 0x0,
    0x0, 0x0, 0x0, 0x0, 0x0, 0x0, 0x0, 0xa,
    0xff, 0x81, 0xff, 0xff, 0xff, 0xff, 0xff, 0xff,
    0xff, 0xf5, 0x0, 0x0, 0xc, 0xff, 0x71, 0xff,
    0xff, 0xff, 0xff, 0xff, 0xff, 0xff, 0xf5, 0x0,
    0x0, 0xe, 0xff, 0x51, 0xff, 0xfd, 0xdd, 0xdd,
    0xdd, 0xdd, 0xff, 0xf5, 0x0, 0x0, 0x1f, 0xff,
    0x21, 0xff, 0xf1, 0x0, 0x0, 0x0, 0x0, 0xff,
    0xf5, 0x0, 0x0, 0x5f, 0xff, 0x1, 0xff, 0xf1,
    0x0, 0x0, 0x0, 0x0, 0xff, 0xf5, 0x0, 0x0,
    0xaf, 0xfb, 0x1, 0xff, 0xf1, 0x0, 0x0, 0x0,
    0x0, 0xff, 0xf5, 0x0, 0x1, 0xff, 0xf6, 0x1,
    0xff, 0xf1, 0x0, 0x0, 0x0, 0x0, 0xff, 0xf5,
    0x0, 0x8, 0xff, 0xf1, 0x1, 0xff, 0xfd, 0xdd,
    0xdd, 0xdd, 0xdd, 0xff, 0xf5, 0x0, 0x2f, 0xff,
    0xa0, 0x1, 0xff, 0xff, 0xff, 0xff, 0xff, 0xff,
    0xff, 0xf5, 0x0, 0x2d, 0xff, 0x20, 0x1, 0xff,
    0xff, 0xff, 0xff, 0xff, 0xff, 0xff, 0xf5, 0x0,
    0x0, 0xa8, 0x0, 0x1, 0xff, 0xf2, 0x0, 0x0,
    0x0, 0x0, 0xff, 0xf5, 0x0, 0x0, 0x0, 0x0,
    0x0, 0x11, 0x10, 0x0, 0x0, 0x0, 0x0, 0x0,
    0x0, 0x0,

    /* U+5410 "吐" */
    0x0, 0x0, 0x0, 0x0, 0x0, 0x0, 0x0, 0x7,
    0x77, 0x10, 0x0, 0x0, 0x0, 0x0, 0x0, 0x0,
    0x0, 0x0, 0x0, 0x1, 0xff, 0xf3, 0x0, 0x0,
    0x0, 0x1f, 0xff, 0xff, 0xff, 0xd0, 0x0, 0x0,
    0x1f, 0xff, 0x30, 0x0, 0x0, 0x2, 0xff, 0xff,
    0xff, 0xfd, 0x0, 0x0, 0x1, 0xff, 0xf3, 0x0,
    0x0, 0x0, 0x2f, 0xff, 0xff, 0xff, 0xd0, 0x0,
    0x0, 0x1f, 0xff, 0x30, 0x0, 0x0, 0x2, 0xff,
    0xc1, 0x1f, 0xfd, 0x0, 0x0, 0x1, 0xff, 0xf3,
    0x0, 0x0, 0x0, 0x2f, 0xfc, 0x0, 0xff, 0xd0,
    0x0, 0x0, 0x1f, 0xff, 0x30, 0x0, 0x0, 0x2,
    0xff, 0xc0, 0xf, 0xfd, 0x1, 0x11, 0x12, 0xff,
    0xf4, 0x11, 0x11, 0x0, 0x2f, 0xfc, 0x0, 0xff,
    0xd3, 0xff, 0xff, 0xff, 0xff, 0xff, 0xff, 0xfb,
    0x2, 0xff, 0xc0, 0xf, 0xfd, 0x3f, 0xff, 0xff,
    0xff, 0xff, 0xff, 0xff, 0xb0, 0x2f, 0xfc, 0x0,
    0xff, 0xd3, 0xff, 0xff, 0xff, 0xff, 0xff, 0xff,
    0xfa, 0x2, 0xff, 0xc0, 0xf, 0xfd, 0x0, 0x0,
    0x1, 0xff, 0xf3, 0x0, 0x0, 0x0, 0x2f, 0xfc,
    0x0, 0xff, 0xd0, 0x0, 0x0, 0x1f, 0xff, 0x30,
    0x0, 0x0, 0x2, 0xff, 0xc0, 0xf, 0xfd, 0x0,
    0x0, 0x1, 0xff, 0xf3, 0x0, 0x0, 0x0, 0x2f,
    0xfc, 0x11, 0xff, 0xd0, 0x0, 0x0, 0x1f, 0xff,
    0x30, 0x0, 0x0, 0x2, 0xff, 0xff, 0xff, 0xfd,
    0x0, 0x0, 0x1, 0xff, 0xf3, 0x0, 0x0, 0x0,
    0x2f, 0xff, 0xff, 0xff, 0xd0, 0x0, 0x0, 0x1f,
    0xff, 0x30, 0x0, 0x0, 0x2, 0xff, 0xff, 0xff,
    0xfd, 0x0, 0x0, 0x1, 0xff, 0xf3, 0x0, 0x0,
    0x0, 0x2f, 0xfc, 0x0, 0x0, 0x0, 0x0, 0x0,
    0x1f, 0xff, 0x30, 0x0, 0x0, 0x2, 0xff, 0xc0,
    0x0, 0x0, 0x0, 0x0, 0x1, 0xff, 0xf3, 0x0,
    0x0, 0x0, 0x0, 0x0, 0x0, 0x0, 0xbb, 0xbb,
    0xbb, 0xbf, 0xff, 0xcb, 0xbb, 0xbb, 0x50, 0x0,
    0x0, 0x0, 0xf, 0xff, 0xff, 0xff, 0xff, 0xff,
    0xff, 0xff, 0xf7, 0x0, 0x0, 0x0, 0x0, 0xff,
    0xff, 0xff, 0xff, 0xff, 0xff, 0xff, 0xff, 0x70,
    0x0, 0x0, 0x0, 0x6, 0x66, 0x66, 0x66, 0x66,
    0x66, 0x66, 0x66, 0x63,

    /* U+541E "吞" */
    0x0, 0x2d, 0xdd, 0xdd, 0xdd, 0xdd, 0xdd, 0xdd,
    0xdd, 0xdd, 0xdd, 0xd5, 0x0, 0x0, 0x2f, 0xff,
    0xff, 0xff, 0xff, 0xff, 0xff, 0xff, 0xff, 0xff,
    0xf6, 0x0, 0x0, 0x2f, 0xff, 0xff, 0xff, 0xff,
    0xff, 0xff, 0xff, 0xff, 0xff, 0xf6, 0x0, 0x0,
    0x0, 0x0, 0x0, 0x0, 0xcf, 0xfb, 0x0, 0x0,
    0x0, 0x0, 0x0, 0x0, 0x0, 0x0, 0x0, 0x0,
    0x2, 0xff, 0xf5, 0x0, 0x0, 0x0, 0x0, 0x0,
    0x0, 0x0, 0x0, 0x0, 0x0, 0x9, 0xff, 0xe0,
    0x0, 0x0, 0x0, 0x0, 0x0, 0x0, 0xa, 0xdd,
    0xdd, 0xdd, 0xdf, 0xff, 0xfd, 0xdd, 0xdd, 0xdd,
    0xdd, 0xdd, 0xc0, 0xc, 0xff, 0xff, 0xff, 0xff,
    0xff, 0xff, 0xff, 0xff, 0xff, 0xff, 0xff, 0xe0,
    0xc, 0xff, 0xff, 0xff, 0xff, 0xff, 0xff, 0xff,
    0xff, 0xff, 0xff, 0xff, 0xe0, 0x0, 0x0, 0x0,
    0x3f, 0xff, 0xc0, 0x0, 0x1d, 0xff, 0xd1, 0x0,
    0x0, 0x0, 0x0, 0x0, 0x2, 0xef, 0xff, 0x20,
    0x0, 0x2, 0xff, 0xfd, 0x20, 0x0, 0x0, 0x0,
    0x0, 0x3e, 0xff, 0xf4, 0x0, 0x0, 0x0, 0x4f,
    0xff, 0xf6, 0x0, 0x0, 0x0, 0x8, 0xff, 0xff,
    0xfd, 0xdd, 0xdd, 0xdd, 0xdf, 0xff, 0xff, 0xd5,
    0x0, 0x6, 0xdf, 0xff, 0xff, 0xff, 0xff, 0xff,
    0xff, 0xff, 0xff, 0xff, 0xff, 0xf4, 0x1f, 0xff,
    0xff, 0xff, 0xff, 0xff, 0xff, 0xff, 0xff, 0xff,
    0xff, 0xff, 0xf0, 0x6, 0xff, 0xaf, 0xff, 0x30,
    0x0, 0x0, 0x0, 0x3, 0xff, 0xf7, 0xcf, 0x90,
    0x0, 0x82, 0x1f, 0xff, 0x20, 0x0, 0x0, 0x0,
    0x3, 0xff, 0xf3, 0x3, 0x30, 0x0, 0x0, 0x1f,
    0xff, 0x20, 0x0, 0x0, 0x0, 0x3, 0xff, 0xf3,
    0x0, 0x0, 0x0, 0x0, 0x1f, 0xff, 0x20, 0x0,
    0x0, 0x0, 0x3, 0xff, 0xf3, 0x0, 0x0, 0x0,
    0x0, 0x1f, 0xff, 0xdd, 0xdd, 0xdd, 0xdd, 0xdd,
    0xff, 0xf3, 0x0, 0x0, 0x0, 0x0, 0x1f, 0xff,
    0xff, 0xff, 0xff, 0xff, 0xff, 0xff, 0xf3, 0x0,
    0x0, 0x0, 0x0, 0x1f, 0xff, 0xff, 0xff, 0xff,
    0xff, 0xff, 0xff, 0xf3, 0x0, 0x0, 0x0, 0x0,
    0x1f, 0xff, 0x30, 0x0, 0x0, 0x0, 0x3, 0xff,
    0xf3, 0x0, 0x0, 0x0, 0x0, 0x1, 0x11, 0x0,
    0x0, 0x0, 0x0, 0x0, 0x0, 0x0, 0x0, 0x0,

    /* U+542F "启" */
    0x0, 0x0, 0x0, 0x0, 0x0, 0x0, 0x3, 0x0,
    0x0, 0x0, 0x0, 0x0, 0x0, 0x0, 0x0, 0x0,
    0x0, 0x9, 0xff, 0x70, 0x0, 0x0, 0x0, 0x0,
    0x0, 0x0, 0x0, 0x0, 0x0, 0x7, 0xff, 0xe0,
    0x0, 0x0, 0x0, 0x0, 0x0, 0x0, 0x0, 0x0,
    0x0, 0x1, 0xff, 0xf5, 0x0, 0x0, 0x0, 0x0,
    0x0, 0x2, 0xcc, 0xcc, 0xcc, 0xcc, 0xff, 0xfe,
    0xcc, 0xcc, 0xcc, 0xc1, 0x0, 0x3, 0xff, 0xff,
    0xff, 0xff, 0xff, 0xff, 0xff, 0xff, 0xff, 0xf1,
    0x0, 0x3, 0xff, 0xff, 0xff, 0xff, 0xff, 0xff,
    0xff, 0xff, 0xff, 0xf1, 0x0, 0x3, 0xff, 0xf2,
    0x22, 0x22, 0x22, 0x22, 0x22, 0x22, 0xff, 0xf1,
    0x0, 0x3, 0xff, 0xf0, 0x0, 0x0, 0x0, 0x0,
    0x0, 0x0, 0xff, 0xf1, 0x0, 0x3, 0xff, 0xf0,
    0x0, 0x0, 0x0, 0x0, 0x0, 0x1, 0xff, 0xf1,
    0x0, 0x3, 0xff, 0xff, 0xff, 0xff, 0xff, 0xff,
    0xff, 0xff, 0xff, 0xf1, 0x0, 0x3, 0xff, 0xff,
    0xff, 0xff, 0xff, 0xff, 0xff, 0xff, 0xff, 0xf1,
    0x0, 0x3, 0xff, 0xfd, 0xdd, 0xdd, 0xdd, 0xdd,
    0xdd, 0xdd, 0xdd, 0xd1, 0x0, 0x4, 0xff, 0xe0,
    0x0, 0x0, 0x0, 0x0, 0x0, 0x0, 0x0, 0x0,
    0x0, 0x5, 0xff, 0xd0, 0x22, 0x22, 0x22, 0x22,
    0x22, 0x22, 0x22, 0x21, 0x0, 0x7, 0xff, 0xb4,
    0xff, 0xff, 0xff, 0xff, 0xff, 0xff, 0xff, 0xfb,
    0x0, 0x9, 0xff, 0x94, 0xff, 0xff, 0xff, 0xff,
    0xff, 0xff, 0xff, 0xfb, 0x0, 0xb, 0xff, 0x74,
    0xff, 0xeb, 0xbb, 0xbb, 0xbb, 0xbb, 0xdf, 0xfb,
    0x0, 0xf, 0xff, 0x44, 0xff, 0xc0, 0x0, 0x0,
    0x0, 0x0, 0x7f, 0xfb, 0x0, 0x4f, 0xff, 0x14,
    0xff, 0xc0, 0x0, 0x0, 0x0, 0x0, 0x7f, 0xfb,
    0x0, 0xaf, 0xfc, 0x4, 0xff, 0xc0, 0x0, 0x0,
    0x0, 0x0, 0x7f, 0xfb, 0x1, 0xff, 0xf7, 0x4,
    0xff, 0xff, 0xff, 0xff, 0xff, 0xff, 0xff, 0xfb,
    0xb, 0xff, 0xf1, 0x4, 0xff, 0xff, 0xff, 0xff,
    0xff, 0xff, 0xff, 0xfb, 0x1c, 0xff, 0x80, 0x4,
    0xff, 0xfd, 0xdd, 0xdd, 0xdd, 0xdd, 0xef, 0xfb,
    0x0, 0x8d, 0x0, 0x4, 0xff, 0xc0, 0x0, 0x0,
    0x0, 0x0, 0x7f, 0xfb, 0x0, 0x1, 0x0, 0x0,
    0x0, 0x0, 0x0, 0x0, 0x0, 0x0, 0x0, 0x0,

    /* U+544A "告" */
    0x0, 0x0, 0x0, 0x0, 0x0, 0x3, 0x33, 0x0,
    0x0, 0x0, 0x0, 0x0, 0x0, 0x0, 0x8e, 0xa5,
    0x0, 0xf, 0xff, 0x40, 0x0, 0x0, 0x0, 0x0,
    0x0, 0x0, 0xef, 0xf8, 0x0, 0xf, 0xff, 0x40,
    0x0, 0x0, 0x0, 0x0, 0x0, 0x5, 0xff, 0xf2,
    0x0, 0xf, 0xff, 0x40, 0x0, 0x0, 0x0, 0x0,
    0x0, 0xd, 0xff, 0xfd, 0xdd, 0xdf, 0xff, 0xdd,
    0xdd, 0xdd, 0xdb, 0x0, 0x0, 0x7f, 0xff, 0xff,
    0xff, 0xff, 0xff, 0xff, 0xff, 0xff, 0xfe, 0x0,
    0x2, 0xff, 0xff, 0xff, 0xff, 0xff, 0xff, 0xff,
    0xff, 0xff, 0xfe, 0x0, 0xd, 0xff, 0xf2, 0x0,
    0x0, 0x1f, 0xff, 0x40, 0x0, 0x0, 0x0, 0x0,
    0x5f, 0xff, 0x60, 0x0, 0x0, 0xf, 0xff, 0x40,
    0x0, 0x0, 0x0, 0x0, 0x1, 0xaa, 0x0, 0x0,
    0x0, 0xf, 0xff, 0x40, 0x0, 0x0, 0x0, 0x0,
    0x7d, 0xdd, 0xdd, 0xdd, 0xdd, 0xdf, 0xff, 0xdd,
    0xdd, 0xdd, 0xdd, 0xd5, 0x8f, 0xff, 0xff, 0xff,
    0xff, 0xff, 0xff, 0xff, 0xff, 0xff, 0xff, 0xf7,
    0x8f, 0xff, 0xff, 0xff, 0xff, 0xff, 0xff, 0xff,
    0xff, 0xff, 0xff, 0xf7, 0x1, 0x11, 0x11, 0x11,
    0x11, 0x11, 0x11, 0x11, 0x11, 0x11, 0x11, 0x10,
    0x0, 0x0, 0x0, 0x0, 0x0, 0x0, 0x0, 0x0,
    0x0, 0x0, 0x0, 0x0, 0x0, 0x9, 0xff, 0xff,
    0xff, 0xff, 0xff, 0xff, 0xff, 0xff, 0xd0, 0x0,
    0x0, 0x9, 0xff, 0xff, 0xff, 0xff, 0xff, 0xff,
    0xff, 0xff, 0xd0, 0x0, 0x0, 0x9, 0xff, 0xed,
    0xdd, 0xdd, 0xdd, 0xdd, 0xde, 0xff, 0xd0, 0x0,
    0x0, 0x9, 0xff, 0xa0, 0x0, 0x0, 0x0, 0x0,
    0x7, 0xff, 0xd0, 0x0, 0x0, 0x9, 0xff, 0xa0,
    0x0, 0x0, 0x0, 0x0, 0x7, 0xff, 0xd0, 0x0,
    0x0, 0x9, 0xff, 0xa0, 0x0, 0x0, 0x0, 0x0,
    0x7, 0xff, 0xd0, 0x0, 0x0, 0x9, 0xff, 0xfd,
    0xdd, 0xdd, 0xdd, 0xdd, 0xde, 0xff, 0xd0, 0x0,
    0x0, 0x9, 0xff, 0xff, 0xff, 0xff, 0xff, 0xff,
    0xff, 0xff, 0xd0, 0x0, 0x0, 0x9, 0xff, 0xff,
    0xff, 0xff, 0xff, 0xff, 0xff, 0xff, 0xd0, 0x0,
    0x0, 0x9, 0xff, 0xa0, 0x0, 0x0, 0x0, 0x0,
    0x8, 0xff, 0xd0, 0x0, 0x0, 0x0, 0x11, 0x0,
    0x0, 0x0, 0x0, 0x0, 0x0, 0x0, 0x0, 0x0,

    /* U+5468 "周" */
    0x0, 0xa, 0xdf, 0xed, 0xdd, 0xdd, 0xdd, 0xdd,
    0xdd, 0xdd, 0xfe, 0xd2, 0x0, 0xc, 0xff, 0xff,
    0xff, 0xff, 0xff, 0xff, 0xff, 0xff, 0xff, 0xf3,
    0x0, 0xc, 0xff, 0xff, 0xff, 0xff, 0xff, 0xff,
    0xff, 0xff, 0xff, 0xf3, 0x0, 0xc, 0xff, 0x50,
    0x0, 0x5, 0xbb, 0x50, 0x0, 0x0, 0xef, 0xf3,
    0x0, 0xc, 0xff, 0x40, 0x0, 0x6, 0xff, 0x70,
    0x0, 0x0, 0xef, 0xf3, 0x0, 0xc, 0xff, 0x43,
    0xff, 0xff, 0xff, 0xff, 0xff, 0xa0, 0xef, 0xf3,
    0x0, 0xc, 0xff, 0x43, 0xff, 0xff, 0xff, 0xff,
    0xff, 0xb0, 0xef, 0xf3, 0x0, 0xc, 0xff, 0x41,
    0x66, 0x6a, 0xff, 0xb6, 0x66, 0x40, 0xef, 0xf3,
    0x0, 0xc, 0xff, 0x40, 0x0, 0x6, 0xff, 0x70,
    0x0, 0x0, 0xef, 0xf3, 0x0, 0xc, 0xff, 0x4b,
    0xff, 0xff, 0xff, 0xff, 0xff, 0xf3, 0xef, 0xf3,
    0x0, 0xd, 0xff, 0x4c, 0xff, 0xff, 0xff, 0xff,
    0xff, 0xf3, 0xef, 0xf3, 0x0, 0xd, 0xff, 0x36,
    0x88, 0x88, 0x88, 0x88, 0x88, 0x81, 0xef, 0xf3,
    0x0, 0xe, 0xff, 0x20, 0x0, 0x0, 0x0, 0x0,
    0x0, 0x0, 0xef, 0xf3, 0x0, 0xf, 0xff, 0x10,
    0xdf, 0xff, 0xff, 0xff, 0xff, 0x10, 0xef, 0xf3,
    0x0, 0x1f, 0xff, 0x0, 0xef, 0xff, 0xff, 0xff,
    0xff, 0x10, 0xef, 0xf3, 0x0, 0x3f, 0xfd, 0x0,
    0xef, 0xf6, 0x66, 0x6e, 0xff, 0x10, 0xef, 0xf3,
    0x0, 0x6f, 0xfa, 0x0, 0xef, 0xe0, 0x0, 0xd,
    0xff, 0x10, 0xef, 0xf3, 0x0, 0xaf, 0xf7, 0x0,
    0xef, 0xf2, 0x22, 0x2d, 0xff, 0x10, 0xef, 0xf3,
    0x0, 0xff, 0xf3, 0x0, 0xef, 0xff, 0xff, 0xff,
    0xff, 0x10, 0xef, 0xf3, 0x6, 0xff, 0xe0, 0x0,
    0xef, 0xff, 0xff, 0xff, 0xff, 0x10, 0xff, 0xf3,
    0xd, 0xff, 0x80, 0x0, 0xef, 0xf3, 0x33, 0x33,
    0xaf, 0xee, 0xff, 0xf2, 0x3e, 0xff, 0x10, 0x0,
    0x9a, 0x90, 0x0, 0x0, 0x3f, 0xff, 0xff, 0xd0,
    0x1, 0xb7, 0x0, 0x0, 0x0, 0x0, 0x0, 0x0,
    0xe, 0xff, 0xd9, 0x10, 0x0, 0x0, 0x0, 0x0,
    0x0, 0x0, 0x0, 0x0, 0x0, 0x0, 0x0, 0x0,

    /* U+547D "命" */
    0x0, 0x0, 0x0, 0x0, 0x0, 0x0, 0x1, 0x0,
    0x0, 0x0, 0x0, 0x0, 0x0, 0x0, 0x0, 0x0,
    0x0, 0x0, 0x0, 0x3f, 0x90, 0x0, 0x0, 0x0,
    0x0, 0x0, 0x0, 0x0, 0x0, 0x0, 0x0, 0x4,
    0xff, 0xfb, 0x0, 0x0, 0x0, 0x0, 0x0, 0x0,
    0x0, 0x0, 0x0, 0x0, 0x7f, 0xff, 0xfc, 0x10,
    0x0, 0x0, 0x0, 0x0, 0x0, 0x0, 0x0, 0x0,
    0x2b, 0xff, 0xff, 0xff, 0xe3, 0x0, 0x0, 0x0,
    0x0, 0x0, 0x0, 0x0, 0x18, 0xff, 0xff, 0xd4,
    0xef, 0xff, 0x91, 0x0, 0x0, 0x0, 0x0, 0x0,
    0x29, 0xff, 0xff, 0xf9, 0x0, 0x2d, 0xff, 0xff,
    0x92, 0x0, 0x0, 0x2, 0x6c, 0xff, 0xff, 0xfe,
    0x62, 0x22, 0x23, 0xcf, 0xff, 0xff, 0xc7, 0x30,
    0x1e, 0xff, 0xff, 0xff, 0xff, 0xff, 0xff, 0xff,
    0xff, 0xff, 0xff, 0xff, 0xd1, 0x5, 0xff, 0xfe,
    0x75, 0xff, 0xff, 0xff, 0xff, 0xff, 0xe7, 0xef,
    0xff, 0x30, 0x0, 0xba, 0x40, 0x3, 0xbb, 0xbb,
    0xbb, 0xbb, 0xbb, 0x90, 0x5, 0xb7, 0x0, 0x0,
    0x0, 0x0, 0x0, 0x0, 0x0, 0x0, 0x0, 0x0,
    0x0, 0x0, 0x0, 0x0, 0x0, 0xf, 0xff, 0xff,
    0xff, 0xff, 0x0, 0xff, 0xff, 0xff, 0xff, 0xf3,
    0x0, 0x0, 0xf, 0xff, 0xff, 0xff, 0xff, 0x0,
    0xff, 0xff, 0xff, 0xff, 0xf3, 0x0, 0x0, 0xf,
    0xff, 0xbb, 0xbf, 0xff, 0x0, 0xff, 0xfc, 0xcc,
    0xff, 0xf3, 0x0, 0x0, 0xf, 0xfe, 0x0, 0xf,
    0xff, 0x0, 0xff, 0xf0, 0x0, 0xdf, 0xf3, 0x0,
    0x0, 0xf, 0xfe, 0x0, 0xf, 0xff, 0x0, 0xff,
    0xf0, 0x0, 0xdf, 0xf3, 0x0, 0x0, 0xf, 0xfe,
    0x0, 0xf, 0xff, 0x0, 0xff, 0xf0, 0x0, 0xdf,
    0xf3, 0x0, 0x0, 0xf, 0xff, 0x77, 0x7f, 0xff,
    0x0, 0xff, 0xf0, 0x0, 0xdf, 0xf3, 0x0, 0x0,
    0xf, 0xff, 0xff, 0xff, 0xff, 0x0, 0xff, 0xf1,
    0xaa, 0xff, 0xf2, 0x0, 0x0, 0xf, 0xff, 0xff,
    0xff, 0xff, 0x0, 0xff, 0xf0, 0xbf, 0xff, 0xf0,
    0x0, 0x0, 0xf, 0xff, 0x33, 0x33, 0x33, 0x0,
    0xff, 0xf0, 0x7f, 0xfe, 0x50, 0x0, 0x0, 0xf,
    0xfe, 0x0, 0x0, 0x0, 0x0, 0xff, 0xf0, 0x1,
    0x0, 0x0, 0x0, 0x0, 0x7, 0x76, 0x0, 0x0,
    0x0, 0x0, 0xff, 0xf0, 0x0, 0x0, 0x0, 0x0,
    0x0, 0x0, 0x0, 0x0, 0x0, 0x0, 0x0, 0xff,
    0xf0, 0x0, 0x0, 0x0, 0x0,

    /* U+5668 "器" */
    0x0, 0x0, 0x0, 0x0, 0x0, 0x0, 0x0, 0x0,
    0x0, 0x0, 0x0, 0x0, 0x0, 0x0, 0xd, 0xff,
    0xff, 0xff, 0xfd, 0x0, 0xef, 0xff, 0xff, 0xff,
    0xf1, 0x0, 0x0, 0xd, 0xff, 0xff, 0xff, 0xfd,
    0x0, 0xef, 0xff, 0xff, 0xff, 0xf1, 0x0, 0x0,
    0xd, 0xff, 0x99, 0xaf, 0xfd, 0x0, 0xef, 0xf9,
    0x99, 0xff, 0xf1, 0x0, 0x0, 0xd, 0xff, 0x0,
    0x2f, 0xfd, 0x0, 0xef, 0xe0, 0x0, 0xff, 0xf1,
    0x0, 0x0, 0xd, 0xff, 0x0, 0x2f, 0xfd, 0x0,
    0xef, 0xe0, 0x0, 0xff, 0xf1, 0x0, 0x0, 0xd,
    0xff, 0xff, 0xff, 0xfd, 0x0, 0xef, 0xff, 0xff,
    0xff, 0xf1, 0x0, 0x0, 0xd, 0xff, 0xff, 0xff,
    0xfd, 0x0, 0xef, 0xff, 0xff, 0xff, 0xf1, 0x0,
    0x0, 0x7, 0x99, 0x99, 0x99, 0xde, 0x62, 0x89,
    0xcf, 0xfa, 0x99, 0x90, 0x0, 0x0, 0x0, 0x0,
    0x0, 0x1, 0xef, 0xf6, 0x0, 0xcf, 0xff, 0x70,
    0x0, 0x0, 0x0, 0x0, 0x0, 0x0, 0xb, 0xff,
    0xd1, 0x0, 0x6, 0xef, 0xd1, 0x0, 0x0, 0xc,
    0xff, 0xff, 0xff, 0xff, 0xff, 0xff, 0xff, 0xff,
    0xff, 0xff, 0xff, 0xe0, 0xc, 0xff, 0xff, 0xff,
    0xff, 0xff, 0xff, 0xff, 0xff, 0xff, 0xff, 0xff,
    0xe0, 0x8, 0xaa, 0xab, 0xff, 0xff, 0xba, 0xaa,
    0xaf, 0xff, 0xfb, 0xaa, 0xaa, 0x90, 0x0, 0x0,
    0x4d, 0xff, 0xf8, 0x0, 0x0, 0x4, 0xff, 0xfe,
    0x50, 0x0, 0x0, 0x0, 0x3b, 0xff, 0xff, 0x60,
    0x0, 0x0, 0x0, 0x3e, 0xff, 0xfd, 0x61, 0x0,
    0x2c, 0xff, 0xff, 0xff, 0xff, 0xfc, 0x0, 0xdf,
    0xff, 0xff, 0xff, 0xff, 0xb4, 0xa, 0xff, 0xff,
    0xff, 0xff, 0xfd, 0x0, 0xef, 0xff, 0xff, 0xff,
    0xff, 0xd1, 0x1, 0xdf, 0xff, 0xbb, 0xcf, 0xfd,
    0x0, 0xef, 0xfb, 0xbb, 0xff, 0xff, 0x20, 0x0,
    0xd, 0xff, 0x0, 0x2f, 0xfd, 0x0, 0xef, 0xf0,
    0x0, 0xff, 0xf1, 0x0, 0x0, 0xd, 0xff, 0x0,
    0x2f, 0xfd, 0x0, 0xef, 0xf0, 0x0, 0xff, 0xf1,
    0x0, 0x0, 0xd, 0xff, 0xff, 0xff, 0xfd, 0x0,
    0xef, 0xff, 0xff, 0xff, 0xf1, 0x0, 0x0, 0xd,
    0xff, 0xff, 0xff, 0xfd, 0x0, 0xef, 0xff, 0xff,
    0xff, 0xf1, 0x0, 0x0, 0xd, 0xff, 0xbb, 0xcf,
    0xfd, 0x0, 0xef, 0xfb, 0xbb, 0xff, 0xf1, 0x0,
    0x0, 0x2, 0x22, 0x0, 0x0, 0x0, 0x0, 0x22,
    0x20, 0x0, 0x0, 0x0, 0x0,

    /* U+566A "噪" */
    0x0, 0x0, 0x0, 0x0, 0x0, 0x13, 0x33, 0x33,
    0x33, 0x33, 0x20, 0x0, 0x0, 0x0, 0x0, 0x0,
    0x0, 0x8, 0xff, 0xff, 0xff, 0xff, 0xfe, 0x0,
    0x0, 0x7f, 0xff, 0xff, 0xf3, 0x0, 0x8f, 0xff,
    0xff, 0xff, 0xff, 0xe0, 0x0, 0x7, 0xff, 0xff,
    0xff, 0x30, 0x8, 0xff, 0x20, 0x0, 0xe, 0xfe,
    0x0, 0x0, 0x7f, 0xff, 0xff, 0xf3, 0x0, 0x8f,
    0xf6, 0x55, 0x55, 0xff, 0xe0, 0x0, 0x7, 0xff,
    0x4, 0xff, 0x30, 0x8, 0xff, 0xff, 0xff, 0xff,
    0xfe, 0x0, 0x0, 0x7f, 0xf0, 0x3f, 0xf3, 0x0,
    0x7e, 0xee, 0xee, 0xee, 0xee, 0xd0, 0x0, 0x7,
    0xff, 0x3, 0xff, 0x32, 0x22, 0x22, 0x22, 0x2,
    0x22, 0x22, 0x22, 0x0, 0x7f, 0xf0, 0x3f, 0xf3,
    0xef, 0xff, 0xff, 0xf1, 0xef, 0xff, 0xff, 0xf4,
    0x7, 0xff, 0x3, 0xff, 0x3e, 0xff, 0xff, 0xff,
    0x1e, 0xff, 0xff, 0xff, 0x40, 0x7f, 0xf0, 0x3f,
    0xf3, 0xef, 0x70, 0x6f, 0xf1, 0xef, 0x70, 0x2f,
    0xf4, 0x7, 0xff, 0x3, 0xff, 0x3e, 0xf8, 0x27,
    0xff, 0x1e, 0xf8, 0x23, 0xff, 0x40, 0x7f, 0xf0,
    0x3f, 0xf3, 0xef, 0xff, 0xff, 0xf1, 0xef, 0xff,
    0xff, 0xf4, 0x7, 0xff, 0x3, 0xff, 0x3e, 0xff,
    0xff, 0xff, 0x3e, 0xff, 0xff, 0xff, 0x40, 0x7f,
    0xf1, 0x5f, 0xf3, 0x0, 0x0, 0x0, 0xef, 0xf1,
    0x0, 0x0, 0x0, 0x7, 0xff, 0xff, 0xff, 0x57,
    0x77, 0x77, 0x7f, 0xff, 0x87, 0x77, 0x77, 0x40,
    0x7f, 0xff, 0xff, 0xf7, 0xff, 0xff, 0xff, 0xff,
    0xff, 0xff, 0xff, 0xfa, 0x7, 0xff, 0xdd, 0xdd,
    0x6f, 0xff, 0xff, 0xff, 0xff, 0xff, 0xff, 0xff,
    0xa0, 0x7f, 0xf0, 0x0, 0x0, 0x0, 0x2, 0xdf,
    0xff, 0xff, 0xd3, 0x0, 0x0, 0x7, 0xff, 0x0,
    0x0, 0x0, 0x7, 0xff, 0xff, 0xff, 0xff, 0xf6,
    0x0, 0x0, 0x0, 0x0, 0x0, 0x1, 0x7e, 0xff,
    0xf8, 0xef, 0xf6, 0xff, 0xfd, 0x60, 0x0, 0x0,
    0x0, 0x8, 0xff, 0xff, 0xe4, 0xe, 0xff, 0x13,
    0xdf, 0xff, 0xc0, 0x0, 0x0, 0x0, 0x1e, 0xff,
    0x80, 0x0, 0xef, 0xf1, 0x0, 0x8f, 0xe1, 0x0,
    0x0, 0x0, 0x0, 0x36, 0x0, 0x0, 0xe, 0xff,
    0x10, 0x0, 0x12, 0x0,

    /* U+56DE "回" */
    0x3, 0x33, 0x33, 0x33, 0x33, 0x33, 0x33, 0x33,
    0x33, 0x33, 0x33, 0x31, 0x2f, 0xff, 0xff, 0xff,
    0xff, 0xff, 0xff, 0xff, 0xff, 0xff, 0xff, 0xf5,
    0x2f, 0xff, 0xff, 0xff, 0xff, 0xff, 0xff, 0xff,
    0xff, 0xff, 0xff, 0xf5, 0x2f, 0xff, 0xff, 0xff,
    0xff, 0xff, 0xff, 0xff, 0xff, 0xff, 0xff, 0xf5,
    0x2f, 0xff, 0x10, 0x0, 0x0, 0x0, 0x0, 0x0,
    0x0, 0x1, 0xff, 0xf5, 0x2f, 0xff, 0x10, 0x0,
    0x0, 0x0, 0x0, 0x0, 0x0, 0x1, 0xff, 0xf5,
    0x2f, 0xff, 0x10, 0x0, 0x0, 0x0, 0x0, 0x0,
    0x0, 0x1, 0xff, 0xf5, 0x2f, 0xff, 0x10, 0x2f,
    0xff, 0xff, 0xff, 0xff, 0xf3, 0x1, 0xff, 0xf5,
    0x2f, 0xff, 0x10, 0x3f, 0xff, 0xff, 0xff, 0xff,
    0xf3, 0x1, 0xff, 0xf5, 0x2f, 0xff, 0x10, 0x3f,
    0xff, 0xcc, 0xcc, 0xff, 0xf3, 0x1, 0xff, 0xf5,
    0x2f, 0xff, 0x10, 0x3f, 0xfc, 0x0, 0x0, 0xef,
    0xf3, 0x1, 0xff, 0xf5, 0x2f, 0xff, 0x10, 0x3f,
    0xfc, 0x0, 0x0, 0xef, 0xf3, 0x1, 0xff, 0xf5,
    0x2f, 0xff, 0x10, 0x3f, 0xfc, 0x0, 0x0, 0xef,
    0xf3, 0x1, 0xff, 0xf5, 0x2f, 0xff, 0x10, 0x3f,
    0xfc, 0x0, 0x0, 0xef, 0xf3, 0x1, 0xff, 0xf5,
    0x2f, 0xff, 0x10, 0x3f, 0xfe, 0xbb, 0xbb, 0xff,
    0xf3, 0x1, 0xff, 0xf5, 0x2f, 0xff, 0x10, 0x3f,
    0xff, 0xff, 0xff, 0xff, 0xf3, 0x1, 0xff, 0xf5,
    0x2f, 0xff, 0x10, 0x2f, 0xff, 0xff, 0xff, 0xff,
    0xf3, 0x1, 0xff, 0xf5, 0x2f, 0xff, 0x10, 0x0,
    0x0, 0x0, 0x0, 0x0, 0x0, 0x1, 0xff, 0xf5,
    0x2f, 0xff, 0x10, 0x0, 0x0, 0x0, 0x0, 0x0,
    0x0, 0x1, 0xff, 0xf5, 0x2f, 0xff, 0x10, 0x0,
    0x0, 0x0, 0x0, 0x0, 0x0, 0x1, 0xff, 0xf5,
    0x2f, 0xff, 0xff, 0xff, 0xff, 0xff, 0xff, 0xff,
    0xff, 0xff, 0xff, 0xf5, 0x2f, 0xff, 0xff, 0xff,
    0xff, 0xff, 0xff, 0xff, 0xff, 0xff, 0xff, 0xf5,
    0x2f, 0xff, 0xee, 0xee, 0xee, 0xee, 0xee, 0xee,
    0xee, 0xee, 0xff, 0xf5, 0x2f, 0xff, 0x10, 0x0,
    0x0, 0x0, 0x0, 0x0, 0x0, 0x1, 0xff, 0xf5,

    /* U+56FA "固" */
    0xf, 0xff, 0xff, 0xff, 0xff, 0xff, 0xff, 0xff,
    0xff, 0xff, 0xff, 0xf1, 0xf, 0xff, 0xff, 0xff,
    0xff, 0xff, 0xff, 0xff, 0xff, 0xff, 0xff, 0xf2,
    0xf, 0xff, 0xff, 0xff, 0xff, 0xff, 0xff, 0xff,
    0xff, 0xff, 0xff, 0xf2, 0xf, 0xff, 0x10, 0x0,
    0x0, 0x57, 0x71, 0x0, 0x0, 0x2, 0xff, 0xf2,
    0xf, 0xff, 0x10, 0x0, 0x0, 0xbf, 0xf3, 0x0,
    0x0, 0x2, 0xff, 0xf2, 0xf, 0xff, 0x10, 0x0,
    0x0, 0xbf, 0xf3, 0x0, 0x0, 0x2, 0xff, 0xf2,
    0xf, 0xff, 0x1f, 0xff, 0xff, 0xff, 0xff, 0xff,
    0xff, 0x92, 0xff, 0xf2, 0xf, 0xff, 0x1f, 0xff,
    0xff, 0xff, 0xff, 0xff, 0xff, 0xa2, 0xff, 0xf2,
    0xf, 0xff, 0x18, 0x88, 0x88, 0xef, 0xfa, 0x88,
    0x88, 0x52, 0xff, 0xf2, 0xf, 0xff, 0x10, 0x0,
    0x0, 0xbf, 0xf3, 0x0, 0x0, 0x2, 0xff, 0xf2,
    0xf, 0xff, 0x10, 0x23, 0x33, 0xcf, 0xf6, 0x33,
    0x32, 0x2, 0xff, 0xf2, 0xf, 0xff, 0x10, 0xaf,
    0xff, 0xff, 0xff, 0xff, 0xfc, 0x2, 0xff, 0xf2,
    0xf, 0xff, 0x10, 0xaf, 0xff, 0xff, 0xff, 0xff,
    0xfc, 0x2, 0xff, 0xf2, 0xf, 0xff, 0x10, 0xaf,
    0xf2, 0x11, 0x11, 0x2f, 0xfc, 0x2, 0xff, 0xf2,
    0xf, 0xff, 0x10, 0xaf, 0xf1, 0x0, 0x0, 0x1f,
    0xfc, 0x2, 0xff, 0xf2, 0xf, 0xff, 0x10, 0xaf,
    0xf7, 0x66, 0x66, 0x7f, 0xfc, 0x2, 0xff, 0xf2,
    0xf, 0xff, 0x10, 0xaf, 0xff, 0xff, 0xff, 0xff,
    0xfc, 0x2, 0xff, 0xf2, 0xf, 0xff, 0x10, 0x8e,
    0xee, 0xee, 0xee, 0xee, 0xeb, 0x2, 0xff, 0xf2,
    0xf, 0xff, 0x10, 0x0, 0x0, 0x0, 0x0, 0x0,
    0x0, 0x2, 0xff, 0xf2, 0xf, 0xff, 0xdd, 0xdd,
    0xdd, 0xdd, 0xdd, 0xdd, 0xdd, 0xde, 0xff, 0xf2,
    0xf, 0xff, 0xff, 0xff, 0xff, 0xff, 0xff, 0xff,
    0xff, 0xff, 0xff, 0xf2, 0xf, 0xff, 0xff, 0xff,
    0xff, 0xff, 0xff, 0xff, 0xff, 0xff, 0xff, 0xf2,
    0xf, 0xff, 0x10, 0x0, 0x0, 0x0, 0x0, 0x0,
    0x0, 0x2, 0xff, 0xf2,

    /* U+56FE "图" */
    0x0, 0x0, 0x0, 0x0, 0x0, 0x0, 0x0, 0x0,
    0x0, 0x0, 0x0, 0x0, 0x1f, 0xff, 0xff, 0xff,
    0xff, 0xff, 0xff, 0xff, 0xff, 0xff, 0xff, 0xf3,
    0x1f, 0xff, 0xff, 0xff, 0xff, 0xff, 0xff, 0xff,
    0xff, 0xff, 0xff, 0xf3, 0x1f, 0xff, 0xcc, 0xcc,
    0xce, 0xcc, 0xcc, 0xcc, 0xcc, 0xcc, 0xff, 0xf3,
    0x1f, 0xfe, 0x0, 0x0, 0x2f, 0xf9, 0x0, 0x0,
    0x0, 0x0, 0xef, 0xf3, 0x1f, 0xfe, 0x0, 0x1,
    0xdf, 0xf9, 0x44, 0x44, 0x54, 0x0, 0xef, 0xf3,
    0x1f, 0xfe, 0x0, 0x2d, 0xff, 0xff, 0xff, 0xff,
    0xff, 0xb0, 0xef, 0xf3, 0x1f, 0xfe, 0x5, 0xff,
    0xff, 0xff, 0xff, 0xff, 0xff, 0x70, 0xef, 0xf3,
    0x1f, 0xfe, 0x8f, 0xff, 0xff, 0x50, 0x4, 0xef,
    0xf9, 0x0, 0xef, 0xf3, 0x1f, 0xfe, 0x1d, 0xf9,
    0xff, 0xfa, 0xaf, 0xff, 0x90, 0x0, 0xef, 0xf3,
    0x1f, 0xfe, 0x1, 0x30, 0x2e, 0xff, 0xff, 0xf6,
    0x0, 0x0, 0xef, 0xf3, 0x1f, 0xfe, 0x0, 0x27,
    0xcf, 0xff, 0xff, 0xfd, 0x73, 0x0, 0xef, 0xf3,
    0x1f, 0xff, 0x9d, 0xff, 0xff, 0xfc, 0xaf, 0xff,
    0xff, 0xfb, 0xff, 0xf3, 0x1f, 0xfe, 0xcf, 0xff,
    0xff, 0xb2, 0x2, 0x8e, 0xff, 0xf7, 0xef, 0xf3,
    0x1f, 0xfe, 0x4f, 0xb6, 0x5f, 0xff, 0xe9, 0x30,
    0x48, 0x90, 0xef, 0xf3, 0x1f, 0xfe, 0x0, 0x0,
    0x27, 0xcf, 0xff, 0xfa, 0x0, 0x0, 0xef, 0xf3,
    0x1f, 0xfe, 0x0, 0x6, 0x63, 0x1, 0x6c, 0xf3,
    0x0, 0x0, 0xef, 0xf3, 0x1f, 0xfe, 0x0, 0x5f,
    0xff, 0xfd, 0xa6, 0x50, 0x0, 0x0, 0xef, 0xf3,
    0x1f, 0xfe, 0x0, 0x8c, 0xef, 0xff, 0xff, 0xfe,
    0xa4, 0x0, 0xef, 0xf3, 0x1f, 0xfe, 0x0, 0x0,
    0x1, 0x58, 0xcf, 0xff, 0xf5, 0x0, 0xef, 0xf3,
    0x1f, 0xff, 0x22, 0x22, 0x22, 0x22, 0x22, 0x7c,
    0xc2, 0x22, 0xff, 0xf3, 0x1f, 0xff, 0xff, 0xff,
    0xff, 0xff, 0xff, 0xff, 0xff, 0xff, 0xff, 0xf3,
    0x1f, 0xff, 0xff, 0xff, 0xff, 0xff, 0xff, 0xff,
    0xff, 0xff, 0xff, 0xf3, 0x1f, 0xff, 0x99, 0x99,
    0x99, 0x99, 0x99, 0x99, 0x99, 0x99, 0xff, 0xf3,

    /* U+5728 "在" */
    0x0, 0x0, 0x0, 0x0, 0x5, 0xb7, 0x20, 0x0,
    0x0, 0x0, 0x0, 0x0, 0x0, 0x0, 0x0, 0x0,
    0x0, 0xaf, 0xfb, 0x0, 0x0, 0x0, 0x0, 0x0,
    0x0, 0x0, 0x0, 0x0, 0x0, 0xf, 0xff, 0x60,
    0x0, 0x0, 0x0, 0x0, 0x0, 0x0, 0x14, 0x44,
    0x44, 0x48, 0xff, 0xf5, 0x44, 0x44, 0x44, 0x44,
    0x44, 0x43, 0x5, 0xff, 0xff, 0xff, 0xff, 0xff,
    0xff, 0xff, 0xff, 0xff, 0xff, 0xff, 0xd0, 0x5f,
    0xff, 0xff, 0xff, 0xff, 0xff, 0xff, 0xff, 0xff,
    0xff, 0xff, 0xfd, 0x3, 0xbb, 0xbb, 0xbf, 0xff,
    0xeb, 0xbb, 0xbb, 0xbb, 0xbb, 0xbb, 0xbb, 0x90,
    0x0, 0x0, 0x4, 0xff, 0xf4, 0x0, 0x0, 0x45,
    0x52, 0x0, 0x0, 0x0, 0x0, 0x0, 0x0, 0xdf,
    0xfc, 0x0, 0x0, 0xc, 0xff, 0x50, 0x0, 0x0,
    0x0, 0x0, 0x0, 0x8f, 0xff, 0x30, 0x0, 0x0,
    0xcf, 0xf5, 0x0, 0x0, 0x0, 0x0, 0x0, 0x4f,
    0xff, 0x90, 0x0, 0x0, 0xc, 0xff, 0x50, 0x0,
    0x0, 0x0, 0x0, 0x2e, 0xff, 0xe0, 0x0, 0x0,
    0x0, 0xcf, 0xf6, 0x0, 0x0, 0x0, 0x0, 0x2e,
    0xff, 0xfa, 0x1, 0xff, 0xff, 0xff, 0xff, 0xff,
    0xff, 0xf9, 0x0, 0x5f, 0xff, 0xff, 0xa0, 0x1f,
    0xff, 0xff, 0xff, 0xff, 0xff, 0xff, 0x90, 0xe,
    0xff, 0xff, 0xfa, 0x1, 0xdd, 0xdd, 0xdf, 0xff,
    0xed, 0xdd, 0xd7, 0x0, 0x6f, 0xfc, 0xff, 0xa0,
    0x0, 0x0, 0x0, 0xcf, 0xf5, 0x0, 0x0, 0x0,
    0x0, 0xc4, 0x6f, 0xfa, 0x0, 0x0, 0x0, 0xc,
    0xff, 0x50, 0x0, 0x0, 0x0, 0x0, 0x6, 0xff,
    0xa0, 0x0, 0x0, 0x0, 0xcf, 0xf5, 0x0, 0x0,
    0x0, 0x0, 0x0, 0x6f, 0xfa, 0x0, 0x0, 0x0,
    0xc, 0xff, 0x50, 0x0, 0x0, 0x0, 0x0, 0x6,
    0xff, 0xa0, 0x0, 0x0, 0x0, 0xcf, 0xf5, 0x0,
    0x0, 0x0, 0x0, 0x0, 0x6f, 0xfa, 0x0, 0x0,
    0x0, 0xc, 0xff, 0x60, 0x0, 0x0, 0x0, 0x0,
    0x6, 0xff, 0xa1, 0xff, 0xff, 0xff, 0xff, 0xff,
    0xff, 0xff, 0xfc, 0x0, 0x0, 0x6f, 0xfa, 0x1f,
    0xff, 0xff, 0xff, 0xff, 0xff, 0xff, 0xff, 0xc0,
    0x0, 0x6, 0xff, 0xa1, 0xdd, 0xdd, 0xdd, 0xdd,
    0xdd, 0xdd, 0xdd, 0xda,

    /* U+5747 "均" */
    0x0, 0x0, 0x0, 0x0, 0x0, 0x0, 0x0, 0x0,
    0x0, 0x0, 0x0, 0x0, 0x0, 0x0, 0xb, 0xba,
    0x0, 0x0, 0x0, 0x7, 0xd8, 0x20, 0x0, 0x0,
    0x0, 0x0, 0x1, 0xff, 0xe0, 0x0, 0x0, 0x0,
    0xef, 0xf6, 0x0, 0x0, 0x0, 0x0, 0x0, 0x1f,
    0xfe, 0x0, 0x0, 0x0, 0x6f, 0xfe, 0x0, 0x0,
    0x0, 0x0, 0x0, 0x1, 0xff, 0xe0, 0x0, 0x0,
    0x1e, 0xff, 0x82, 0x22, 0x22, 0x32, 0x10, 0x0,
    0x1f, 0xfe, 0x0, 0x0, 0x9, 0xff, 0xff, 0xff,
    0xff, 0xff, 0xfd, 0x0, 0x2, 0xff, 0xe0, 0x0,
    0x5, 0xff, 0xff, 0xff, 0xff, 0xff, 0xff, 0xc0,
    0xdf, 0xff, 0xff, 0xff, 0xb2, 0xff, 0xfd, 0xaa,
    0xaa, 0xaa, 0xbf, 0xfc, 0xd, 0xff, 0xff, 0xff,
    0xfc, 0xef, 0xfe, 0x10, 0x0, 0x0, 0x1, 0xff,
    0xb0, 0xce, 0xef, 0xff, 0xee, 0xef, 0xff, 0x50,
    0x0, 0x0, 0x0, 0x2f, 0xfb, 0x0, 0x1, 0xff,
    0xe0, 0x0, 0xaf, 0x81, 0xd8, 0x0, 0x0, 0x2,
    0xff, 0xb0, 0x0, 0x1f, 0xfe, 0x0, 0x0, 0x80,
    0xdf, 0xfb, 0x0, 0x0, 0x3f, 0xfa, 0x0, 0x1,
    0xff, 0xe0, 0x0, 0x0, 0x3, 0xef, 0xfc, 0x10,
    0x3, 0xff, 0xa0, 0x0, 0x1f, 0xfe, 0x0, 0x0,
    0x0, 0x2, 0xef, 0xfb, 0x0, 0x4f, 0xf9, 0x0,
    0x1, 0xff, 0xe0, 0x0, 0x0, 0x0, 0x2, 0xef,
    0x31, 0x54, 0xff, 0x80, 0x0, 0x1f, 0xfe, 0x18,
    0xf4, 0x0, 0x0, 0x2, 0x58, 0xff, 0x6f, 0xf8,
    0x0, 0x1, 0xff, 0xff, 0xff, 0x80, 0x0, 0x1,
    0x8f, 0xff, 0xfb, 0xff, 0x70, 0x0, 0x4f, 0xff,
    0xff, 0xf6, 0x0, 0x19, 0xff, 0xff, 0xd5, 0x7f,
    0xf6, 0x6, 0xcf, 0xff, 0xff, 0x91, 0x3, 0xaf,
    0xff, 0xfe, 0x60, 0x9, 0xff, 0x50, 0xef, 0xff,
    0xf9, 0x10, 0x3, 0xff, 0xff, 0xf7, 0x0, 0x0,
    0xbf, 0xf3, 0x8, 0xff, 0xa2, 0x0, 0x0, 0xc,
    0xff, 0x81, 0x0, 0x0, 0xe, 0xff, 0x10, 0x3a,
    0x20, 0x0, 0x0, 0x0, 0x58, 0x10, 0x0, 0x0,
    0x3, 0xff, 0xf0, 0x0, 0x0, 0x0, 0x0, 0x0,
    0x0, 0x0, 0x2, 0xed, 0xdd, 0xff, 0xfb, 0x0,
    0x0, 0x0, 0x0, 0x0, 0x0, 0x0, 0x0, 0xb,
    0xff, 0xff, 0xff, 0x30, 0x0, 0x0, 0x0, 0x0,
    0x0, 0x0, 0x0, 0x0, 0x7f, 0xff, 0xfb, 0x40,
    0x0, 0x0, 0x0, 0x0, 0x0, 0x0, 0x0, 0x0,
    0x0, 0x0, 0x0, 0x0, 0x0,

    /* U+578B "型" */
    0x0, 0x11, 0x11, 0x11, 0x11, 0x11, 0x11, 0x0,
    0x0, 0x0, 0x69, 0x92, 0x0, 0xd, 0xff, 0xff,
    0xff, 0xff, 0xff, 0xe0, 0x9, 0x97, 0xc, 0xff,
    0x30, 0x0, 0xdf, 0xff, 0xff, 0xff, 0xff, 0xfe,
    0x1, 0xff, 0xc0, 0xcf, 0xf3, 0x0, 0x8, 0x9e,
    0xff, 0xa9, 0xff, 0xfa, 0x90, 0x1f, 0xfc, 0xc,
    0xff, 0x30, 0x0, 0x0, 0xcf, 0xf1, 0xd, 0xff,
    0x10, 0x1, 0xff, 0xc0, 0xcf, 0xf3, 0x0, 0x0,
    0xc, 0xff, 0x10, 0xdf, 0xf1, 0x0, 0x1f, 0xfc,
    0xc, 0xff, 0x30, 0x8, 0xbb, 0xff, 0xfb, 0xbf,
    0xff, 0xbb, 0x51, 0xff, 0xc0, 0xcf, 0xf3, 0x0,
    0xbf, 0xff, 0xff, 0xff, 0xff, 0xff, 0xf8, 0x1f,
    0xfc, 0xc, 0xff, 0x30, 0xb, 0xff, 0xff, 0xff,
    0xff, 0xff, 0xff, 0x81, 0xff, 0xc0, 0xcf, 0xf3,
    0x0, 0x0, 0x4f, 0xfc, 0x0, 0xdf, 0xf2, 0x0,
    0x1f, 0xfc, 0xc, 0xff, 0x30, 0x0, 0xb, 0xff,
    0x80, 0xd, 0xff, 0x10, 0x0, 0x44, 0x30, 0xcf,
    0xf3, 0x0, 0x8, 0xff, 0xf1, 0x0, 0xdf, 0xf1,
    0x0, 0x0, 0x12, 0x2c, 0xff, 0x30, 0xc, 0xff,
    0xf7, 0x0, 0xd, 0xff, 0x10, 0x0, 0x5, 0xff,
    0xff, 0xf2, 0x0, 0x7f, 0xfa, 0x0, 0x0, 0xdf,
    0xf5, 0x41, 0x0, 0xf, 0xff, 0xfb, 0x0, 0x0,
    0x86, 0x0, 0x0, 0x2, 0x2e, 0xff, 0x40, 0x0,
    0x78, 0x74, 0x0, 0x0, 0x0, 0x1, 0x11, 0x11,
    0x11, 0xef, 0xf5, 0x11, 0x11, 0x11, 0x10, 0x0,
    0x0, 0x7, 0xff, 0xff, 0xff, 0xff, 0xff, 0xff,
    0xff, 0xff, 0xfd, 0x0, 0x0, 0x0, 0x7f, 0xff,
    0xff, 0xff, 0xff, 0xff, 0xff, 0xff, 0xff, 0xd0,
    0x0, 0x0, 0x5, 0xbb, 0xbb, 0xbb, 0xbf, 0xff,
    0xdb, 0xbb, 0xbb, 0xb9, 0x0, 0x0, 0x0, 0x0,
    0x0, 0x0, 0x0, 0xef, 0xf4, 0x0, 0x0, 0x0,
    0x0, 0x0, 0x2, 0x33, 0x33, 0x33, 0x33, 0x3e,
    0xff, 0x73, 0x33, 0x33, 0x33, 0x33, 0x10, 0xff,
    0xff, 0xff, 0xff, 0xff, 0xff, 0xff, 0xff, 0xff,
    0xff, 0xff, 0xf6, 0xf, 0xff, 0xff, 0xff, 0xff,
    0xff, 0xff, 0xff, 0xff, 0xff, 0xff, 0xff, 0x60,
    0xab, 0xbb, 0xbb, 0xbb, 0xbb, 0xbb, 0xbb, 0xbb,
    0xbb, 0xbb, 0xbb, 0xb4,

    /* U+58F0 "声" */
    0x0, 0x0, 0x0, 0x0, 0x0, 0x0, 0x0, 0x0,
    0x0, 0x0, 0x0, 0x0, 0x0, 0x0, 0x0, 0x0,
    0x0, 0x0, 0x4f, 0xfe, 0x0, 0x0, 0x0, 0x0,
    0x0, 0x0, 0x0, 0x0, 0x0, 0x0, 0x4, 0xff,
    0xe0, 0x0, 0x0, 0x0, 0x0, 0x0, 0x1f, 0xff,
    0xff, 0xff, 0xff, 0xff, 0xff, 0xff, 0xff, 0xff,
    0xff, 0xfc, 0x1, 0xff, 0xff, 0xff, 0xff, 0xff,
    0xff, 0xff, 0xff, 0xff, 0xff, 0xff, 0xc0, 0x9,
    0x99, 0x99, 0x99, 0x99, 0xbf, 0xff, 0x99, 0x99,
    0x99, 0x99, 0x97, 0x0, 0x0, 0x0, 0x0, 0x0,
    0x4, 0xff, 0xe0, 0x0, 0x0, 0x0, 0x0, 0x0,
    0x0, 0x5f, 0xff, 0xff, 0xff, 0xff, 0xff, 0xff,
    0xff, 0xff, 0xff, 0x80, 0x0, 0x6, 0xff, 0xff,
    0xff, 0xff, 0xff, 0xff, 0xff, 0xff, 0xff, 0xf9,
    0x0, 0x0, 0x3a, 0xaa, 0xaa, 0xaa, 0xaa, 0xaa,
    0xaa, 0xaa, 0xaa, 0xaa, 0x50, 0x0, 0x0, 0x0,
    0x0, 0x0, 0x0, 0x0, 0x0, 0x0, 0x0, 0x0,
    0x0, 0x0, 0x0, 0x2d, 0xde, 0xdd, 0xdd, 0xdd,
    0xdd, 0xdd, 0xdd, 0xdd, 0xdd, 0x0, 0x0, 0x2,
    0xff, 0xff, 0xff, 0xff, 0xff, 0xff, 0xff, 0xff,
    0xff, 0xf1, 0x0, 0x0, 0x2f, 0xff, 0xbb, 0xbb,
    0xcf, 0xff, 0xbb, 0xbb, 0xbf, 0xff, 0x10, 0x0,
    0x2, 0xff, 0xe0, 0x0, 0x3, 0xff, 0xd0, 0x0,
    0x1, 0xff, 0xf1, 0x0, 0x0, 0x3f, 0xfe, 0x0,
    0x0, 0x3f, 0xfd, 0x0, 0x0, 0x1f, 0xff, 0x10,
    0x0, 0x4, 0xff, 0xf9, 0x99, 0x9a, 0xff, 0xf9,
    0x99, 0x9a, 0xff, 0xf1, 0x0, 0x0, 0x6f, 0xff,
    0xff, 0xff, 0xff, 0xff, 0xff, 0xff, 0xff, 0xff,
    0x10, 0x0, 0x9, 0xff, 0xff, 0xff, 0xff, 0xff,
    0xff, 0xff, 0xff, 0xff, 0xf1, 0x0, 0x0, 0xdf,
    0xf6, 0x0, 0x0, 0x0, 0x0, 0x0, 0x0, 0x1f,
    0xff, 0x10, 0x0, 0x3f, 0xff, 0x10, 0x0, 0x0,
    0x0, 0x0, 0x0, 0x0, 0x77, 0x70, 0x0, 0xb,
    0xff, 0xc0, 0x0, 0x0, 0x0, 0x0, 0x0, 0x0,
    0x0, 0x0, 0x0, 0x6, 0xff, 0xf5, 0x0, 0x0,
    0x0, 0x0, 0x0, 0x0, 0x0, 0x0, 0x0, 0x0,
    0xbf, 0xfc, 0x0, 0x0, 0x0, 0x0, 0x0, 0x0,
    0x0, 0x0, 0x0, 0x0, 0x0, 0xaf, 0x20, 0x0,
    0x0, 0x0, 0x0, 0x0, 0x0, 0x0, 0x0, 0x0,
    0x0, 0x0, 0x20, 0x0, 0x0, 0x0, 0x0, 0x0,
    0x0, 0x0, 0x0, 0x0, 0x0,

    /* U+5904 "处" */
    0x0, 0x0, 0x0, 0x0, 0x0, 0x0, 0x0, 0x1,
    0x11, 0x0, 0x0, 0x0, 0x0, 0x0, 0x0, 0x2e,
    0xb8, 0x0, 0x0, 0x0, 0xe, 0xff, 0x60, 0x0,
    0x0, 0x0, 0x0, 0x0, 0x5f, 0xff, 0x0, 0x0,
    0x0, 0xe, 0xff, 0x60, 0x0, 0x0, 0x0, 0x0,
    0x0, 0x8f, 0xfd, 0x0, 0x0, 0x0, 0xe, 0xff,
    0x60, 0x0, 0x0, 0x0, 0x0, 0x0, 0xbf, 0xf9,
    0x0, 0x0, 0x0, 0xe, 0xff, 0x60, 0x0, 0x0,
    0x0, 0x0, 0x0, 0xef, 0xff, 0xff, 0xff, 0xc4,
    0xe, 0xff, 0x60, 0x0, 0x0, 0x0, 0x0, 0x3,
    0xff, 0xff, 0xff, 0xff, 0xf6, 0xe, 0xff, 0x60,
    0x0, 0x0, 0x0, 0x0, 0x7, 0xff, 0xfe, 0xee,
    0xff, 0xf4, 0xe, 0xff, 0xdb, 0x0, 0x0, 0x0,
    0x0, 0xc, 0xff, 0x80, 0x0, 0xff, 0xf2, 0xe,
    0xff, 0xff, 0x80, 0x0, 0x0, 0x0, 0x1f, 0xff,
    0x40, 0x3, 0xff, 0xf0, 0xe, 0xff, 0xff, 0xf5,
    0x0, 0x0, 0x0, 0x7f, 0xff, 0x50, 0x6, 0xff,
    0xd0, 0xe, 0xff, 0xff, 0xff, 0x20, 0x0, 0x0,
    0xef, 0xff, 0xa0, 0x9, 0xff, 0x90, 0xe, 0xff,
    0x7e, 0xff, 0xd0, 0x0, 0x6, 0xff, 0xff, 0xf0,
    0xd, 0xff, 0x60, 0xe, 0xff, 0x63, 0xff, 0xf9,
    0x0, 0x1e, 0xff, 0xff, 0xf5, 0x2f, 0xff, 0x10,
    0xe, 0xff, 0x60, 0x9f, 0xff, 0x40, 0x5, 0xef,
    0x3f, 0xfc, 0x8f, 0xfc, 0x0, 0xe, 0xff, 0x60,
    0xe, 0xfa, 0x10, 0x0, 0x14, 0xc, 0xff, 0xff,
    0xf7, 0x0, 0xe, 0xff, 0x60, 0x5, 0x40, 0x0,
    0x0, 0x0, 0x4, 0xff, 0xff, 0xf1, 0x0, 0xe,
    0xff, 0x60, 0x0, 0x0, 0x0, 0x0, 0x0, 0x0,
    0xcf, 0xff, 0x90, 0x0, 0xe, 0xff, 0x60, 0x0,
    0x0, 0x0, 0x0, 0x0, 0x0, 0xbf, 0xff, 0x90,
    0x0, 0xe, 0xff, 0x60, 0x0, 0x0, 0x0, 0x0,
    0x0, 0x8, 0xff, 0xff, 0xfb, 0x10, 0xe, 0xff,
    0x60, 0x0, 0x0, 0x0, 0x0, 0x0, 0x8f, 0xff,
    0xff, 0xff, 0xe7, 0x15, 0x66, 0x20, 0x0, 0x0,
    0x0, 0x0, 0x1b, 0xff, 0xff, 0x3b, 0xff, 0xff,
    0xfc, 0x97, 0x55, 0x55, 0x55, 0x50, 0x6, 0xef,
    0xff, 0xf4, 0x0, 0x8f, 0xff, 0xff, 0xff, 0xff,
    0xff, 0xff, 0xd0, 0x3e, 0xff, 0xfe, 0x30, 0x0,
    0x2, 0xaf, 0xff, 0xff, 0xff, 0xff, 0xff, 0x70,
    0x2, 0xef, 0xb1, 0x0, 0x0, 0x0, 0x1, 0x59,
    0xbd, 0xef, 0xff, 0xff, 0x20, 0x0, 0x25, 0x0,
    0x0, 0x0, 0x0, 0x0, 0x0, 0x0, 0x0, 0x0,
    0x0, 0x0,

    /* U+5907 "备" */
    0x0, 0x0, 0x0, 0x0, 0x1, 0x0, 0x0, 0x0,
    0x0, 0x0, 0x0, 0x0, 0x0, 0x0, 0x0, 0x0,
    0x0, 0x4f, 0xeb, 0x20, 0x0, 0x0, 0x0, 0x0,
    0x0, 0x0, 0x0, 0x0, 0x0, 0x2, 0xff, 0xfb,
    0x0, 0x0, 0x0, 0x0, 0x0, 0x0, 0x0, 0x0,
    0x0, 0x0, 0x3e, 0xff, 0xff, 0xff, 0xff, 0xff,
    0xff, 0xc3, 0x0, 0x0, 0x0, 0x0, 0x5, 0xff,
    0xff, 0xff, 0xff, 0xff, 0xff, 0xff, 0xfa, 0x0,
    0x0, 0x0, 0x1, 0xaf, 0xff, 0xfb, 0xbb, 0xbb,
    0xbb, 0xcf, 0xff, 0xd1, 0x0, 0x0, 0x1, 0x8f,
    0xff, 0xff, 0xfb, 0x10, 0x0, 0x4, 0xef, 0xfe,
    0x20, 0x0, 0x0, 0x1, 0xcf, 0xff, 0xbf, 0xff,
    0xf7, 0x11, 0xaf, 0xff, 0xe2, 0x0, 0x0, 0x0,
    0x0, 0x1e, 0xc3, 0x4, 0xef, 0xff, 0xff, 0xff,
    0xfc, 0x10, 0x0, 0x0, 0x0, 0x0, 0x1, 0x0,
    0x0, 0x3e, 0xff, 0xff, 0xff, 0xe5, 0x10, 0x0,
    0x0, 0x0, 0x0, 0x0, 0x36, 0xae, 0xff, 0xff,
    0xff, 0xff, 0xff, 0xfd, 0xa7, 0x52, 0x0, 0x4c,
    0xef, 0xff, 0xff, 0xff, 0xfe, 0x88, 0xdf, 0xff,
    0xff, 0xff, 0xff, 0xf7, 0xe, 0xff, 0xff, 0xff,
    0xea, 0x40, 0x0, 0x3, 0x8c, 0xff, 0xff, 0xff,
    0xc0, 0x7, 0xff, 0xfc, 0x95, 0x22, 0x22, 0x22,
    0x22, 0x22, 0x36, 0x9c, 0xce, 0x30, 0x1, 0x23,
    0xff, 0xff, 0xff, 0xff, 0xff, 0xff, 0xff, 0xff,
    0xff, 0x0, 0x0, 0x0, 0x2, 0xff, 0xff, 0xff,
    0xff, 0xff, 0xff, 0xff, 0xff, 0xff, 0x0, 0x0,
    0x0, 0x2, 0xff, 0xf9, 0x88, 0x8f, 0xff, 0xb8,
    0x88, 0xbf, 0xff, 0x0, 0x0, 0x0, 0x2, 0xff,
    0xf3, 0x22, 0x2f, 0xff, 0x62, 0x22, 0x7f, 0xff,
    0x0, 0x0, 0x0, 0x2, 0xff, 0xff, 0xff, 0xff,
    0xff, 0xff, 0xff, 0xff, 0xff, 0x0, 0x0, 0x0,
    0x2, 0xff, 0xff, 0xff, 0xff, 0xff, 0xff, 0xff,
    0xff, 0xff, 0x0, 0x0, 0x0, 0x2, 0xff, 0xf5,
    0x44, 0x4f, 0xff, 0x74, 0x44, 0x8f, 0xff, 0x0,
    0x0, 0x0, 0x2, 0xff, 0xf2, 0x11, 0x1f, 0xff,
    0x51, 0x11, 0x6f, 0xff, 0x0, 0x0, 0x0, 0x2,
    0xff, 0xff, 0xff, 0xff, 0xff, 0xff, 0xff, 0xff,
    0xff, 0x0, 0x0, 0x0, 0x2, 0xff, 0xff, 0xff,
    0xff, 0xff, 0xff, 0xff, 0xff, 0xff, 0x0, 0x0,
    0x0, 0x2, 0xff, 0xfa, 0x99, 0x99, 0x99, 0x99,
    0x99, 0xcf, 0xff, 0x0, 0x0, 0x0, 0x0, 0x0,
    0x0, 0x0, 0x0, 0x0, 0x0, 0x0, 0x0, 0x0,
    0x0, 0x0,

    /* U+590D "复" */
    0x0, 0x0, 0x0, 0x10, 0x0, 0x0, 0x0, 0x0,
    0x0, 0x0, 0x0, 0x0, 0x0, 0x0, 0x0, 0x1,
    0xfd, 0x80, 0x0, 0x0, 0x0, 0x0, 0x0, 0x0,
    0x0, 0x0, 0x0, 0x0, 0x9, 0xff, 0xb0, 0x0,
    0x0, 0x0, 0x0, 0x0, 0x0, 0x0, 0x0, 0x0,
    0x0, 0x5f, 0xff, 0xff, 0xff, 0xff, 0xff, 0xff,
    0xff, 0xff, 0xfd, 0x0, 0x0, 0x2, 0xff, 0xff,
    0xff, 0xff, 0xff, 0xff, 0xff, 0xff, 0xff, 0xfe,
    0x0, 0x0, 0x2e, 0xff, 0xd9, 0x99, 0x99, 0x99,
    0x99, 0x99, 0x99, 0x99, 0x98, 0x0, 0x4, 0xef,
    0xff, 0x31, 0x11, 0x11, 0x11, 0x11, 0x11, 0x11,
    0x11, 0x0, 0x0, 0xb, 0xff, 0xef, 0xff, 0xff,
    0xff, 0xff, 0xff, 0xff, 0xff, 0xff, 0x20, 0x0,
    0x0, 0xce, 0x2e, 0xff, 0xff, 0xff, 0xff, 0xff,
    0xff, 0xff, 0xff, 0x20, 0x0, 0x0, 0x21, 0xe,
    0xff, 0x30, 0x0, 0x0, 0x0, 0x0, 0x2f, 0xff,
    0x20, 0x0, 0x0, 0x0, 0xe, 0xff, 0xff, 0xff,
    0xff, 0xff, 0xff, 0xff, 0xff, 0x20, 0x0, 0x0,
    0x0, 0xe, 0xff, 0xee, 0xee, 0xee, 0xee, 0xee,
    0xef, 0xff, 0x20, 0x0, 0x0, 0x0, 0xe, 0xff,
    0x41, 0x11, 0x11, 0x11, 0x11, 0x2f, 0xff, 0x20,
    0x0, 0x0, 0x0, 0xe, 0xff, 0xff, 0xff, 0xff,
    0xff, 0xff, 0xff, 0xff, 0x20, 0x0, 0x0, 0x0,
    0xe, 0xff, 0xff, 0xff, 0xff, 0xff, 0xff, 0xff,
    0xff, 0x20, 0x0, 0x0, 0x0, 0x0, 0xa, 0xff,
    0xd0, 0x0, 0x0, 0x0, 0x0, 0x0, 0x0, 0x0,
    0x0, 0x0, 0x1, 0xbf, 0xff, 0xff, 0xff, 0xff,
    0xff, 0xff, 0xc2, 0x0, 0x0, 0x0, 0x0, 0x4e,
    0xff, 0xff, 0xff, 0xff, 0xff, 0xff, 0xff, 0xfa,
    0x0, 0x0, 0x0, 0x2a, 0xff, 0xff, 0xfb, 0x44,
    0x44, 0x44, 0xaf, 0xff, 0xc0, 0x0, 0x0, 0x0,
    0x6f, 0xff, 0x8b, 0xff, 0xc4, 0x0, 0x3b, 0xff,
    0xfb, 0x10, 0x0, 0x0, 0x0, 0x5, 0xd4, 0x0,
    0x9f, 0xff, 0xdd, 0xff, 0xff, 0x80, 0x0, 0x0,
    0x0, 0x0, 0x0, 0x0, 0x3, 0x6d, 0xff, 0xff,
    0xff, 0xf9, 0x31, 0x0, 0x0, 0x0, 0x27, 0x9a,
    0xce, 0xff, 0xff, 0xff, 0xff, 0xff, 0xff, 0xff,
    0xfd, 0xcb, 0x90, 0xe, 0xff, 0xff, 0xff, 0xff,
    0xe9, 0x53, 0x8c, 0xff, 0xff, 0xff, 0xff, 0x70,
    0x8, 0xff, 0xfd, 0xb8, 0x52, 0x0, 0x0, 0x0,
    0x14, 0x79, 0xce, 0xfd, 0x0, 0x1, 0x32, 0x0,
    0x0, 0x0, 0x0, 0x0, 0x0, 0x0, 0x0, 0x0,
    0x0, 0x0,

    /* U+591A "多" */
    0x0, 0x0, 0x0, 0x0, 0x0, 0x10, 0x0, 0x0,
    0x0, 0x0, 0x0, 0x0, 0x0, 0x0, 0x0, 0x0,
    0x6, 0xfe, 0xa2, 0x0, 0x0, 0x0, 0x0, 0x0,
    0x0, 0x0, 0x0, 0x0, 0x7f, 0xff, 0xb0, 0x0,
    0x0, 0x0, 0x0, 0x0, 0x0, 0x0, 0x0, 0x1a,
    0xff, 0xff, 0xff, 0xff, 0xff, 0xe5, 0x0, 0x0,
    0x0, 0x0, 0x5, 0xef, 0xff, 0xff, 0xff, 0xff,
    0xff, 0xfe, 0x0, 0x0, 0x0, 0x4, 0xcf, 0xff,
    0xfc, 0xcc, 0xcc, 0xce, 0xff, 0xf5, 0x0, 0x0,
    0x4, 0xdf, 0xff, 0xfc, 0x20, 0x0, 0x0, 0x4f,
    0xff, 0x90, 0x0, 0x0, 0x0, 0xcf, 0xfe, 0x66,
    0xe6, 0x0, 0x8, 0xff, 0xfb, 0x0, 0x0, 0x0,
    0x0, 0xc, 0x70, 0x6f, 0xff, 0x94, 0xdf, 0xff,
    0xa0, 0x0, 0x0, 0x0, 0x0, 0x0, 0x0, 0x6,
    0xff, 0xff, 0xff, 0xf7, 0x0, 0x0, 0x0, 0x0,
    0x0, 0x0, 0x0, 0x27, 0xef, 0xff, 0xfd, 0xa7,
    0x41, 0x0, 0x0, 0x0, 0x0, 0x15, 0x8d, 0xff,
    0xff, 0xfe, 0x67, 0xff, 0xfa, 0x0, 0x0, 0x0,
    0x1e, 0xff, 0xff, 0xff, 0xfd, 0x60, 0x8f, 0xff,
    0xc2, 0x11, 0x32, 0x0, 0x9, 0xff, 0xff, 0xe9,
    0x30, 0x1b, 0xff, 0xff, 0xff, 0xff, 0xff, 0xb2,
    0x2, 0xeb, 0x73, 0x0, 0x6, 0xef, 0xff, 0xff,
    0xff, 0xff, 0xff, 0xf5, 0x0, 0x0, 0x0, 0x5,
    0xdf, 0xff, 0xfa, 0xaa, 0xaa, 0xcf, 0xff, 0xd0,
    0x0, 0x0, 0x28, 0xef, 0xff, 0xfa, 0x10, 0x0,
    0x1, 0xcf, 0xff, 0x30, 0x0, 0x0, 0xdf, 0xff,
    0xfc, 0x58, 0x70, 0x0, 0x2d, 0xff, 0xf7, 0x0,
    0x0, 0x0, 0x2f, 0xfc, 0x43, 0xef, 0xfb, 0x15,
    0xef, 0xff, 0x80, 0x0, 0x0, 0x0, 0x4, 0x30,
    0x0, 0x8f, 0xff, 0xff, 0xff, 0xf8, 0x0, 0x0,
    0x0, 0x0, 0x0, 0x0, 0x0, 0x1c, 0xff, 0xff,
    0xfe, 0x50, 0x0, 0x0, 0x0, 0x0, 0x0, 0x25,
    0x9d, 0xff, 0xff, 0xff, 0x91, 0x0, 0x0, 0x0,
    0x38, 0x9b, 0xdf, 0xff, 0xff, 0xff, 0xff, 0x92,
    0x0, 0x0, 0x0, 0x0, 0x2f, 0xff, 0xff, 0xff,
    0xff, 0xfb, 0x61, 0x0, 0x0, 0x0, 0x0, 0x0,
    0xc, 0xff, 0xff, 0xeb, 0x84, 0x0, 0x0, 0x0,
    0x0, 0x0, 0x0, 0x0, 0x4, 0x86, 0x41, 0x0,
    0x0, 0x0, 0x0, 0x0, 0x0, 0x0, 0x0, 0x0,

    /* U+5927 "大" */
    0x0, 0x0, 0x0, 0x0, 0x0, 0x1, 0x11, 0x0,
    0x0, 0x0, 0x0, 0x0, 0x0, 0x0, 0x0, 0x0,
    0x0, 0x8, 0xff, 0xd0, 0x0, 0x0, 0x0, 0x0,
    0x0, 0x0, 0x0, 0x0, 0x0, 0x0, 0x9f, 0xfd,
    0x0, 0x0, 0x0, 0x0, 0x0, 0x0, 0x0, 0x0,
    0x0, 0x0, 0x9, 0xff, 0xc0, 0x0, 0x0, 0x0,
    0x0, 0x0, 0x0, 0x0, 0x0, 0x0, 0x0, 0xaf,
    0xfc, 0x0, 0x0, 0x0, 0x0, 0x0, 0x0, 0x0,
    0x0, 0x0, 0x0, 0xa, 0xff, 0xb0, 0x0, 0x0,
    0x0, 0x0, 0x0, 0x0, 0x0, 0x0, 0x0, 0x0,
    0xbf, 0xfa, 0x0, 0x0, 0x0, 0x0, 0x0, 0x0,
    0x11, 0x11, 0x11, 0x11, 0x1d, 0xff, 0x91, 0x11,
    0x11, 0x11, 0x11, 0x10, 0x5f, 0xff, 0xff, 0xff,
    0xff, 0xff, 0xff, 0xff, 0xff, 0xff, 0xff, 0xfd,
    0x5, 0xff, 0xff, 0xff, 0xff, 0xff, 0xff, 0xff,
    0xff, 0xff, 0xff, 0xff, 0xd0, 0x5f, 0xff, 0xff,
    0xff, 0xff, 0xff, 0xff, 0xff, 0xff, 0xff, 0xff,
    0xfd, 0x0, 0x22, 0x22, 0x22, 0x22, 0x8f, 0xff,
    0xfd, 0x22, 0x22, 0x22, 0x22, 0x10, 0x0, 0x0,
    0x0, 0x0, 0xb, 0xff, 0xff, 0xf2, 0x0, 0x0,
    0x0, 0x0, 0x0, 0x0, 0x0, 0x0, 0x0, 0xff,
    0xff, 0xff, 0x90, 0x0, 0x0, 0x0, 0x0, 0x0,
    0x0, 0x0, 0x0, 0x6f, 0xff, 0xbf, 0xff, 0x10,
    0x0, 0x0, 0x0, 0x0, 0x0, 0x0, 0x0, 0xe,
    0xff, 0xc2, 0xff, 0xfa, 0x0, 0x0, 0x0, 0x0,
    0x0, 0x0, 0x0, 0x7, 0xff, 0xf5, 0xa, 0xff,
    0xf4, 0x0, 0x0, 0x0, 0x0, 0x0, 0x0, 0x3,
    0xff, 0xfd, 0x0, 0x2f, 0xff, 0xe1, 0x0, 0x0,
    0x0, 0x0, 0x0, 0x2, 0xef, 0xff, 0x40, 0x0,
    0x8f, 0xff, 0xd1, 0x0, 0x0, 0x0, 0x0, 0x2,
    0xdf, 0xff, 0x90, 0x0, 0x0, 0xcf, 0xff, 0xc1,
    0x0, 0x0, 0x0, 0x4, 0xef, 0xff, 0xc0, 0x0,
    0x0, 0x2, 0xef, 0xff, 0xe4, 0x0, 0x0, 0x1a,
    0xff, 0xff, 0xc1, 0x0, 0x0, 0x0, 0x3, 0xff,
    0xff, 0xfa, 0x20, 0x6f, 0xff, 0xff, 0xb0, 0x0,
    0x0, 0x0, 0x0, 0x3, 0xef, 0xff, 0xff, 0x10,
    0xcf, 0xff, 0x70, 0x0, 0x0, 0x0, 0x0, 0x0,
    0x1, 0xbf, 0xff, 0x40, 0x1, 0xeb, 0x20, 0x0,
    0x0, 0x0, 0x0, 0x0, 0x0, 0x0, 0x6e, 0x80,
    0x0, 0x1, 0x0, 0x0, 0x0, 0x0, 0x0, 0x0,
    0x0, 0x0, 0x0, 0x0, 0x0,

    /* U+5929 "天" */
    0x0, 0x14, 0x44, 0x44, 0x44, 0x44, 0x44, 0x44,
    0x44, 0x44, 0x44, 0x41, 0x0, 0x0, 0x6f, 0xff,
    0xff, 0xff, 0xff, 0xff, 0xff, 0xff, 0xff, 0xff,
    0xf5, 0x0, 0x0, 0x6f, 0xff, 0xff, 0xff, 0xff,
    0xff, 0xff, 0xff, 0xff, 0xff, 0xf5, 0x0, 0x0,
    0x5f, 0xff, 0xff, 0xff, 0xff, 0xff, 0xff, 0xff,
    0xff, 0xff, 0xf5, 0x0, 0x0, 0x0, 0x0, 0x0,
    0x0, 0xd, 0xff, 0x70, 0x0, 0x0, 0x0, 0x0,
    0x0, 0x0, 0x0, 0x0, 0x0, 0x0, 0xd, 0xff,
    0x70, 0x0, 0x0, 0x0, 0x0, 0x0, 0x0, 0x0,
    0x0, 0x0, 0x0, 0xd, 0xff, 0x70, 0x0, 0x0,
    0x0, 0x0, 0x0, 0x0, 0x0, 0x0, 0x0, 0x0,
    0xe, 0xff, 0x60, 0x0, 0x0, 0x0, 0x0, 0x0,
    0x0, 0x44, 0x44, 0x44, 0x44, 0x4f, 0xff, 0x84,
    0x44, 0x44, 0x44, 0x44, 0x20, 0x2, 0xff, 0xff,
    0xff, 0xff, 0xff, 0xff, 0xff, 0xff, 0xff, 0xff,
    0xff, 0x90, 0x2, 0xff, 0xff, 0xff, 0xff, 0xff,
    0xff, 0xff, 0xff, 0xff, 0xff, 0xff, 0x90, 0x1,
    0xee, 0xee, 0xee, 0xee, 0xff, 0xff, 0xfe, 0xee,
    0xee, 0xee, 0xee, 0x80, 0x0, 0x0, 0x0, 0x0,
    0x0, 0xcf, 0xff, 0xf8, 0x0, 0x0, 0x0, 0x0,
    0x0, 0x0, 0x0, 0x0, 0x0, 0x3, 0xff, 0xff,
    0xff, 0x10, 0x0, 0x0, 0x0, 0x0, 0x0, 0x0,
    0x0, 0x0, 0xc, 0xff, 0xfe, 0xff, 0xb0, 0x0,
    0x0, 0x0, 0x0, 0x0, 0x0, 0x0, 0x0, 0x7f,
    0xff, 0x85, 0xff, 0xf8, 0x0, 0x0, 0x0, 0x0,
    0x0, 0x0, 0x0, 0x4, 0xff, 0xfe, 0x10, 0xbf,
    0xff, 0x60, 0x0, 0x0, 0x0, 0x0, 0x0, 0x0,
    0x5f, 0xff, 0xf4, 0x0, 0x1e, 0xff, 0xf8, 0x0,
    0x0, 0x0, 0x0, 0x0, 0x8, 0xff, 0xff, 0x70,
    0x0, 0x4, 0xff, 0xff, 0xc3, 0x0, 0x0, 0x0,
    0x5, 0xdf, 0xff, 0xf8, 0x0, 0x0, 0x0, 0x4f,
    0xff, 0xff, 0xb4, 0x0, 0x7, 0xdf, 0xff, 0xff,
    0x50, 0x0, 0x0, 0x0, 0x3, 0xef, 0xff, 0xff,
    0xe4, 0x6, 0xff, 0xff, 0xb2, 0x0, 0x0, 0x0,
    0x0, 0x0, 0x19, 0xff, 0xff, 0xa0, 0x0, 0xbf,
    0xb4, 0x0, 0x0, 0x0, 0x0, 0x0, 0x0, 0x0,
    0x2a, 0xfd, 0x0, 0x0, 0x12, 0x0, 0x0, 0x0,
    0x0, 0x0, 0x0, 0x0, 0x0, 0x0, 0x12, 0x0,

    /* U+592A "太" */
    0x0, 0x0, 0x0, 0x0, 0x0, 0x8, 0xdd, 0xa0,
    0x0, 0x0, 0x0, 0x0, 0x0, 0x0, 0x0, 0x0,
    0x0, 0x0, 0xa, 0xff, 0xc0, 0x0, 0x0, 0x0,
    0x0, 0x0, 0x0, 0x0, 0x0, 0x0, 0x0, 0xa,
    0xff, 0xc0, 0x0, 0x0, 0x0, 0x0, 0x0, 0x0,
    0x0, 0x0, 0x0, 0x0, 0xb, 0xff, 0xb0, 0x0,
    0x0, 0x0, 0x0, 0x0, 0x0, 0x0, 0x0, 0x0,
    0x0, 0xb, 0xff, 0xa0, 0x0, 0x0, 0x0, 0x0,
    0x0, 0x0, 0x0, 0x0, 0x0, 0x0, 0xc, 0xff,
    0x90, 0x0, 0x0, 0x0, 0x0, 0x0, 0x2, 0x55,
    0x55, 0x55, 0x55, 0x5e, 0xff, 0xb5, 0x55, 0x55,
    0x55, 0x55, 0x50, 0x6, 0xff, 0xff, 0xff, 0xff,
    0xff, 0xff, 0xff, 0xff, 0xff, 0xff, 0xff, 0xe0,
    0x6, 0xff, 0xff, 0xff, 0xff, 0xff, 0xff, 0xff,
    0xff, 0xff, 0xff, 0xff, 0xe0, 0x5, 0xdd, 0xdd,
    0xdd, 0xdd, 0xef, 0xff, 0xff, 0xdd, 0xdd, 0xdd,
    0xdd, 0xc0, 0x0, 0x0, 0x0, 0x0, 0x0, 0x7f,
    0xff, 0xff, 0x10, 0x0, 0x0, 0x0, 0x0, 0x0,
    0x0, 0x0, 0x0, 0x0, 0xbf, 0xff, 0xff, 0x60,
    0x0, 0x0, 0x0, 0x0, 0x0, 0x0, 0x0, 0x0,
    0x0, 0xff, 0xfe, 0xff, 0xd0, 0x0, 0x0, 0x0,
    0x0, 0x0, 0x0, 0x0, 0x0, 0x6, 0xff, 0xf5,
    0xff, 0xf5, 0x0, 0x0, 0x0, 0x0, 0x0, 0x0,
    0x0, 0x0, 0xd, 0xff, 0xc0, 0xbf, 0xfd, 0x0,
    0x0, 0x0, 0x0, 0x0, 0x0, 0x0, 0x0, 0x7f,
    0xff, 0x60, 0x4f, 0xff, 0x80, 0x0, 0x0, 0x0,
    0x0, 0x0, 0x0, 0x2, 0xff, 0xfd, 0x0, 0xb,
    0xff, 0xf3, 0x0, 0x0, 0x0, 0x0, 0x0, 0x0,
    0x1d, 0xff, 0xf6, 0x0, 0x2, 0xff, 0xfe, 0x10,
    0x0, 0x0, 0x0, 0x0, 0x1, 0xcf, 0xff, 0xff,
    0x60, 0x0, 0x8f, 0xff, 0xd1, 0x0, 0x0, 0x0,
    0x0, 0x2d, 0xff, 0xff, 0xff, 0xf7, 0x0, 0xc,
    0xff, 0xfe, 0x30, 0x0, 0x0, 0x7, 0xff, 0xff,
    0xe4, 0xef, 0xff, 0x70, 0x1, 0xdf, 0xff, 0xf7,
    0x0, 0x6, 0xef, 0xff, 0xfd, 0x10, 0x2e, 0xff,
    0xf6, 0x0, 0x2d, 0xff, 0xff, 0xe3, 0x8, 0xff,
    0xff, 0xa0, 0x0, 0x3, 0xff, 0xfd, 0x0, 0x1,
    0xcf, 0xff, 0xc0, 0x0, 0x9f, 0xd4, 0x0, 0x0,
    0x0, 0x5f, 0xa0, 0x0, 0x0, 0x8, 0xfe, 0x10,
    0x0, 0x5, 0x0, 0x0, 0x0, 0x0, 0x3, 0x0,
    0x0, 0x0, 0x0, 0x23, 0x0,

    /* U+5931 "失" */
    0x0, 0x0, 0x0, 0x0, 0x0, 0x1, 0x11, 0x0,
    0x0, 0x0, 0x0, 0x0, 0x0, 0x0, 0x0, 0xa,
    0x74, 0x10, 0xd, 0xff, 0x70, 0x0, 0x0, 0x0,
    0x0, 0x0, 0x0, 0x0, 0x3f, 0xff, 0x50, 0xd,
    0xff, 0x70, 0x0, 0x0, 0x0, 0x0, 0x0, 0x0,
    0x0, 0x8f, 0xff, 0x0, 0xd, 0xff, 0x70, 0x0,
    0x0, 0x0, 0x0, 0x0, 0x0, 0x0, 0xef, 0xfa,
    0x0, 0xd, 0xff, 0x70, 0x0, 0x0, 0x0, 0x0,
    0x0, 0x0, 0x5, 0xff, 0xff, 0xff, 0xff, 0xff,
    0xff, 0xff, 0xff, 0xff, 0x80, 0x0, 0x0, 0xc,
    0xff, 0xff, 0xff, 0xff, 0xff, 0xff, 0xff, 0xff,
    0xff, 0x80, 0x0, 0x0, 0x5f, 0xff, 0xff, 0xff,
    0xff, 0xff, 0xff, 0xff, 0xff, 0xff, 0x80, 0x0,
    0x1, 0xef, 0xfd, 0x33, 0x33, 0x3e, 0xff, 0x83,
    0x33, 0x33, 0x33, 0x10, 0x0, 0xb, 0xff, 0xf4,
    0x0, 0x0, 0xe, 0xff, 0x60, 0x0, 0x0, 0x0,
    0x0, 0x0, 0x1, 0x9f, 0xa0, 0x0, 0x0, 0xe,
    0xff, 0x60, 0x0, 0x0, 0x0, 0x0, 0x0, 0x0,
    0x2, 0x0, 0x0, 0x0, 0xf, 0xff, 0x50, 0x0,
    0x0, 0x0, 0x0, 0x0, 0xd, 0xee, 0xee, 0xee,
    0xee, 0xef, 0xff, 0xee, 0xee, 0xee, 0xee, 0xee,
    0x80, 0xe, 0xff, 0xff, 0xff, 0xff, 0xff, 0xff,
    0xff, 0xff, 0xff, 0xff, 0xff, 0x90, 0xe, 0xff,
    0xff, 0xff, 0xff, 0xff, 0xff, 0xff, 0xff, 0xff,
    0xff, 0xff, 0x90, 0x3, 0x44, 0x44, 0x44, 0x45,
    0xff, 0xff, 0xfd, 0x44, 0x44, 0x44, 0x44, 0x20,
    0x0, 0x0, 0x0, 0x0, 0x9, 0xff, 0xff, 0xff,
    0x40, 0x0, 0x0, 0x0, 0x0, 0x0, 0x0, 0x0,
    0x0, 0x4f, 0xff, 0xca, 0xff, 0xe2, 0x0, 0x0,
    0x0, 0x0, 0x0, 0x0, 0x0, 0x3, 0xff, 0xff,
    0x31, 0xff, 0xfd, 0x10, 0x0, 0x0, 0x0, 0x0,
    0x0, 0x0, 0x6f, 0xff, 0xf8, 0x0, 0x6f, 0xff,
    0xe4, 0x0, 0x0, 0x0, 0x0, 0x0, 0x3b, 0xff,
    0xff, 0xa0, 0x0, 0x9, 0xff, 0xff, 0x91, 0x0,
    0x0, 0x0, 0x5b, 0xff, 0xff, 0xf9, 0x0, 0x0,
    0x0, 0x9f, 0xff, 0xff, 0xa5, 0x10, 0x1e, 0xff,
    0xff, 0xfe, 0x50, 0x0, 0x0, 0x0, 0x6, 0xff,
    0xff, 0xff, 0xe1, 0x6, 0xff, 0xff, 0x80, 0x0,
    0x0, 0x0, 0x0, 0x0, 0x2a, 0xff, 0xff, 0x50,
    0x0, 0xbc, 0x60, 0x0, 0x0, 0x0, 0x0, 0x0,
    0x0, 0x0, 0x28, 0xdb, 0x0, 0x0, 0x0, 0x0,
    0x0, 0x0, 0x0, 0x0, 0x0, 0x0, 0x0, 0x0,
    0x0, 0x0,

    /* U+5957 "套" */
    0x0, 0x0, 0x0, 0x0, 0x0, 0x0, 0x0, 0x0,
    0x0, 0x0, 0x0, 0x0, 0x0, 0x0, 0x0, 0x0,
    0x0, 0x0, 0x9f, 0xd8, 0x0, 0x0, 0x0, 0x0,
    0x0, 0x0, 0x0, 0x0, 0x0, 0x0, 0x2, 0xff,
    0xf5, 0x0, 0x0, 0x0, 0x0, 0x0, 0x0, 0x4,
    0xff, 0xff, 0xff, 0xff, 0xff, 0xff, 0xff, 0xff,
    0xff, 0xff, 0xff, 0xb0, 0x4, 0xff, 0xff, 0xff,
    0xff, 0xff, 0xff, 0xff, 0xff, 0xff, 0xff, 0xff,
    0xc0, 0x2, 0xaa, 0xaa, 0xae, 0xff, 0xfb, 0xaa,
    0xae, 0xff, 0xfa, 0xaa, 0xaa, 0x70, 0x0, 0x0,
    0x0, 0x6f, 0xff, 0x90, 0x0, 0x2, 0xef, 0xfb,
    0x10, 0x0, 0x0, 0x0, 0x0, 0x8, 0xff, 0xfe,
    0x55, 0x55, 0x55, 0x8f, 0xff, 0xe4, 0x0, 0x0,
    0x0, 0x2, 0xcf, 0xff, 0xff, 0xff, 0xff, 0xff,
    0xff, 0xff, 0xff, 0xa1, 0x0, 0x1, 0x9f, 0xff,
    0xff, 0xff, 0xff, 0xff, 0xff, 0xff, 0xfe, 0xff,
    0xff, 0x92, 0xc, 0xff, 0xfe, 0xef, 0xf7, 0x0,
    0x0, 0x0, 0x0, 0x0, 0x7f, 0xff, 0xf3, 0x1,
    0xef, 0x91, 0xbf, 0xff, 0xff, 0xff, 0xff, 0xff,
    0xf7, 0x2, 0xbf, 0x40, 0x0, 0x32, 0x0, 0xbf,
    0xff, 0xff, 0xff, 0xff, 0xff, 0xf7, 0x0, 0x2,
    0x0, 0x0, 0x0, 0x0, 0xbf, 0xf8, 0x11, 0x11,
    0x11, 0x11, 0x10, 0x0, 0x0, 0x0, 0x0, 0x0,
    0x0, 0xbf, 0xff, 0xee, 0xee, 0xee, 0xee, 0xe6,
    0x0, 0x0, 0x0, 0x0, 0x0, 0x0, 0xbf, 0xff,
    0xff, 0xff, 0xff, 0xff, 0xf7, 0x0, 0x0, 0x0,
    0x0, 0x0, 0x0, 0xbf, 0xf7, 0x0, 0x0, 0x0,
    0x0, 0x0, 0x0, 0x0, 0x0, 0x4, 0xff, 0xff,
    0xff, 0xff, 0xff, 0xff, 0xff, 0xff, 0xff, 0xff,
    0xff, 0xa0, 0x4, 0xff, 0xff, 0xff, 0xff, 0xff,
    0xff, 0xff, 0xff, 0xff, 0xff, 0xff, 0xb0, 0x2,
    0xaa, 0xaa, 0xaf, 0xff, 0xfb, 0xaa, 0xaa, 0xaf,
    0xfd, 0xaa, 0xaa, 0x70, 0x0, 0x0, 0x2, 0xdf,
    0xff, 0x50, 0x0, 0x0, 0xbf, 0xff, 0x30, 0x0,
    0x0, 0x0, 0x0, 0x6f, 0xff, 0xd3, 0x11, 0x22,
    0x33, 0x5f, 0xff, 0xf4, 0x0, 0x0, 0x0, 0x6,
    0xff, 0xff, 0xff, 0xff, 0xff, 0xff, 0xff, 0xff,
    0xff, 0x30, 0x0, 0x0, 0x1, 0xff, 0xff, 0xff,
    0xff, 0xff, 0xff, 0xff, 0xff, 0xff, 0xe1, 0x0,
    0x0, 0x0, 0xaa, 0x87, 0x76, 0x55, 0x43, 0x22,
    0x10, 0x4, 0xfc, 0x40, 0x0, 0x0, 0x0, 0x0,
    0x0, 0x0, 0x0, 0x0, 0x0, 0x0, 0x0, 0x20,
    0x0, 0x0,

    /* U+5982 "如" */
    0x0, 0x1, 0xfd, 0xb0, 0x0, 0x0, 0x0, 0x0,
    0x0, 0x0, 0x0, 0x0, 0x0, 0x3, 0xff, 0xc0,
    0x0, 0x0, 0x0, 0x0, 0x0, 0x0, 0x0, 0x0,
    0x0, 0x5, 0xff, 0xa0, 0x0, 0x0, 0x6, 0x66,
    0x66, 0x66, 0x66, 0x63, 0x0, 0x7, 0xff, 0x70,
    0x0, 0x0, 0xf, 0xff, 0xff, 0xff, 0xff, 0xf9,
    0x0, 0xa, 0xff, 0x40, 0x0, 0x0, 0xf, 0xff,
    0xff, 0xff, 0xff, 0xf9, 0xce, 0xef, 0xff, 0xee,
    0xef, 0xec, 0xf, 0xff, 0x99, 0x99, 0xcf, 0xf9,
    0xdf, 0xff, 0xff, 0xff, 0xff, 0xfe, 0xf, 0xfe,
    0x0, 0x0, 0x8f, 0xf9, 0xcf, 0xff, 0xff, 0xff,
    0xff, 0xfd, 0xf, 0xfe, 0x0, 0x0, 0x8f, 0xf9,
    0x0, 0x6f, 0xf8, 0x0, 0x4f, 0xfb, 0xf, 0xfe,
    0x0, 0x0, 0x8f, 0xf9, 0x0, 0xaf, 0xf4, 0x0,
    0x7f, 0xf9, 0xf, 0xfe, 0x0, 0x0, 0x8f, 0xf9,
    0x0, 0xef, 0xf1, 0x0, 0x9f, 0xf6, 0xf, 0xfe,
    0x0, 0x0, 0x8f, 0xf9, 0x2, 0xff, 0xd0, 0x0,
    0xdf, 0xf3, 0xf, 0xfe, 0x0, 0x0, 0x8f, 0xf9,
    0x6, 0xff, 0x90, 0x1, 0xff, 0xf0, 0xf, 0xfe,
    0x0, 0x0, 0x8f, 0xf9, 0xb, 0xff, 0xc1, 0x5,
    0xff, 0xc0, 0xf, 0xfe, 0x0, 0x0, 0x8f, 0xf9,
    0xa, 0xff, 0xfd, 0x2b, 0xff, 0x80, 0xf, 0xfe,
    0x0, 0x0, 0x8f, 0xf9, 0x0, 0x7f, 0xff, 0xef,
    0xff, 0x20, 0xf, 0xfe, 0x0, 0x0, 0x8f, 0xf9,
    0x0, 0x5, 0xff, 0xff, 0xfc, 0x0, 0xf, 0xfe,
    0x0, 0x0, 0x8f, 0xf9, 0x0, 0x0, 0x4f, 0xff,
    0xf9, 0x0, 0xf, 0xfe, 0x0, 0x0, 0x8f, 0xf9,
    0x0, 0x0, 0x1e, 0xff, 0xff, 0x80, 0xf, 0xfe,
    0x0, 0x0, 0x8f, 0xf9, 0x0, 0x1, 0xcf, 0xff,
    0xff, 0xf9, 0xf, 0xff, 0xff, 0xff, 0xff, 0xf9,
    0x0, 0x3d, 0xff, 0xf8, 0xef, 0xf8, 0xf, 0xff,
    0xff, 0xff, 0xff, 0xf9, 0x2a, 0xff, 0xff, 0x70,
    0x2e, 0xb0, 0xf, 0xff, 0xee, 0xee, 0xff, 0xf9,
    0x9f, 0xff, 0xf6, 0x0, 0x2, 0x10, 0xf, 0xfe,
    0x0, 0x0, 0x8f, 0xf9, 0xd, 0xfc, 0x20, 0x0,
    0x0, 0x0, 0xd, 0xdc, 0x0, 0x0, 0x36, 0x63,
    0x3, 0x40, 0x0, 0x0, 0x0, 0x0, 0x0, 0x0,
    0x0, 0x0, 0x0, 0x0,

    /* U+5B50 "子" */
    0x0, 0x3d, 0xdd, 0xdd, 0xdd, 0xdd, 0xdd, 0xdd,
    0xdd, 0xde, 0x50, 0x0, 0x0, 0x4f, 0xff, 0xff,
    0xff, 0xff, 0xff, 0xff, 0xff, 0xff, 0xf9, 0x0,
    0x0, 0x4f, 0xff, 0xff, 0xff, 0xff, 0xff, 0xff,
    0xff, 0xff, 0xf6, 0x0, 0x0, 0x14, 0x44, 0x44,
    0x44, 0x44, 0x44, 0x4d, 0xff, 0xff, 0x50, 0x0,
    0x0, 0x0, 0x0, 0x0, 0x0, 0x0, 0x3, 0xdf,
    0xff, 0xe3, 0x0, 0x0, 0x0, 0x0, 0x0, 0x0,
    0x0, 0x1, 0x9f, 0xff, 0xfb, 0x10, 0x0, 0x0,
    0x0, 0x0, 0x0, 0x0, 0x0, 0x3f, 0xff, 0xff,
    0x60, 0x0, 0x0, 0x0, 0x0, 0x0, 0x0, 0x0,
    0x0, 0x5f, 0xff, 0xb2, 0x0, 0x0, 0x0, 0x0,
    0x0, 0x0, 0x0, 0x0, 0x0, 0x5f, 0xff, 0x0,
    0x0, 0x0, 0x0, 0x0, 0x0, 0x0, 0x0, 0x0,
    0x0, 0x5f, 0xfe, 0x0, 0x0, 0x0, 0x0, 0x0,
    0xdf, 0xff, 0xff, 0xff, 0xff, 0xff, 0xff, 0xff,
    0xff, 0xff, 0xff, 0xfc, 0xef, 0xff, 0xff, 0xff,
    0xff, 0xff, 0xff, 0xff, 0xff, 0xff, 0xff, 0xfd,
    0xef, 0xff, 0xff, 0xff, 0xff, 0xff, 0xff, 0xff,
    0xff, 0xff, 0xff, 0xfd, 0x23, 0x33, 0x33, 0x33,
    0x33, 0x7f, 0xff, 0x33, 0x33, 0x33, 0x33, 0x32,
    0x0, 0x0, 0x0, 0x0, 0x0, 0x5f, 0xfe, 0x0,
    0x0, 0x0, 0x0, 0x0, 0x0, 0x0, 0x0, 0x0,
    0x0, 0x5f, 0xfe, 0x0, 0x0, 0x0, 0x0, 0x0,
    0x0, 0x0, 0x0, 0x0, 0x0, 0x5f, 0xfe, 0x0,
    0x0, 0x0, 0x0, 0x0, 0x0, 0x0, 0x0, 0x0,
    0x0, 0x5f, 0xfe, 0x0, 0x0, 0x0, 0x0, 0x0,
    0x0, 0x0, 0x0, 0x0, 0x0, 0x5f, 0xfe, 0x0,
    0x0, 0x0, 0x0, 0x0, 0x0, 0x0, 0x2, 0x32,
    0x22, 0x8f, 0xfe, 0x0, 0x0, 0x0, 0x0, 0x0,
    0x0, 0x0, 0x3, 0xff, 0xff, 0xff, 0xfd, 0x0,
    0x0, 0x0, 0x0, 0x0, 0x0, 0x0, 0x0, 0xcf,
    0xff, 0xff, 0xf7, 0x0, 0x0, 0x0, 0x0, 0x0,
    0x0, 0x0, 0x0, 0x6f, 0xfe, 0xda, 0x40, 0x0,
    0x0, 0x0, 0x0, 0x0,

    /* U+5B57 "字" */
    0x0, 0x0, 0x0, 0x0, 0x0, 0x1, 0x50, 0x0,
    0x0, 0x0, 0x0, 0x0, 0x0, 0x0, 0x0, 0x0,
    0x0, 0xcf, 0xf9, 0x0, 0x0, 0x0, 0x0, 0x0,
    0x0, 0x0, 0x0, 0x0, 0x0, 0x8f, 0xff, 0x20,
    0x0, 0x0, 0x0, 0x0, 0x2d, 0xdd, 0xdd, 0xdd,
    0xdd, 0xef, 0xff, 0xed, 0xdd, 0xdd, 0xdd, 0xd4,
    0x2f, 0xff, 0xff, 0xff, 0xff, 0xff, 0xff, 0xff,
    0xff, 0xff, 0xff, 0xf4, 0x2f, 0xff, 0xff, 0xff,
    0xff, 0xff, 0xff, 0xff, 0xff, 0xff, 0xff, 0xf4,
    0x2f, 0xfe, 0x11, 0x11, 0x11, 0x11, 0x11, 0x11,
    0x11, 0x11, 0xef, 0xf4, 0x2f, 0xfe, 0x0, 0x0,
    0x0, 0x0, 0x0, 0x0, 0x0, 0x0, 0xef, 0xf4,
    0x2f, 0xfe, 0x9, 0xdd, 0xdd, 0xdd, 0xdd, 0xdd,
    0xdd, 0x30, 0xef, 0xf4, 0x2, 0x21, 0xc, 0xff,
    0xff, 0xff, 0xff, 0xff, 0xff, 0xf4, 0x12, 0x20,
    0x0, 0x0, 0xc, 0xff, 0xff, 0xff, 0xff, 0xff,
    0xff, 0xb0, 0x0, 0x0, 0x0, 0x0, 0x1, 0x11,
    0x11, 0x11, 0x1a, 0xff, 0xfb, 0x0, 0x0, 0x0,
    0x0, 0x0, 0x0, 0x0, 0x0, 0x1, 0xbf, 0xff,
    0x90, 0x0, 0x0, 0x0, 0x0, 0x0, 0x0, 0x0,
    0x0, 0x3e, 0xff, 0xf6, 0x0, 0x0, 0x0, 0x0,
    0x0, 0x0, 0x0, 0x0, 0x0, 0x7f, 0xff, 0x30,
    0x0, 0x0, 0x0, 0x0, 0x4f, 0xff, 0xff, 0xff,
    0xff, 0xff, 0xff, 0xff, 0xff, 0xff, 0xff, 0xf7,
    0x4f, 0xff, 0xff, 0xff, 0xff, 0xff, 0xff, 0xff,
    0xff, 0xff, 0xff, 0xf7, 0x3e, 0xee, 0xee, 0xee,
    0xee, 0xff, 0xff, 0xee, 0xee, 0xee, 0xee, 0xe7,
    0x0, 0x0, 0x0, 0x0, 0x0, 0x6f, 0xfe, 0x0,
    0x0, 0x0, 0x0, 0x0, 0x0, 0x0, 0x0, 0x0,
    0x0, 0x6f, 0xfe, 0x0, 0x0, 0x0, 0x0, 0x0,
    0x0, 0x0, 0x0, 0x0, 0x0, 0x6f, 0xfe, 0x0,
    0x0, 0x0, 0x0, 0x0, 0x0, 0x0, 0x0, 0x22,
    0x11, 0x8f, 0xfe, 0x0, 0x0, 0x0, 0x0, 0x0,
    0x0, 0x0, 0x0, 0xdf, 0xff, 0xff, 0xfd, 0x0,
    0x0, 0x0, 0x0, 0x0, 0x0, 0x0, 0x0, 0x6f,
    0xff, 0xff, 0xf8, 0x0, 0x0, 0x0, 0x0, 0x0,
    0x0, 0x0, 0x0, 0xf, 0xff, 0xdb, 0x50, 0x0,
    0x0, 0x0, 0x0, 0x0,

    /* U+5B58 "存" */
    0x0, 0x0, 0x0, 0x0, 0x1, 0x10, 0x0, 0x0,
    0x0, 0x0, 0x0, 0x0, 0x0, 0x0, 0x0, 0x0,
    0x0, 0x9, 0xfd, 0x70, 0x0, 0x0, 0x0, 0x0,
    0x0, 0x0, 0x0, 0x0, 0x0, 0x0, 0xd, 0xff,
    0x80, 0x0, 0x0, 0x0, 0x0, 0x0, 0x0, 0x0,
    0x0, 0x0, 0x0, 0x2f, 0xff, 0x30, 0x0, 0x0,
    0x0, 0x0, 0x0, 0x0, 0x5, 0xee, 0xee, 0xee,
    0xff, 0xff, 0xee, 0xee, 0xee, 0xee, 0xee, 0xee,
    0xc0, 0x5, 0xff, 0xff, 0xff, 0xff, 0xff, 0xff,
    0xff, 0xff, 0xff, 0xff, 0xff, 0xd0, 0x5, 0xff,
    0xff, 0xff, 0xff, 0xff, 0xff, 0xff, 0xff, 0xff,
    0xff, 0xff, 0xd0, 0x0, 0x11, 0x11, 0x1e, 0xff,
    0x91, 0x11, 0x11, 0x11, 0x11, 0x11, 0x11, 0x10,
    0x0, 0x0, 0x0, 0x6f, 0xff, 0x20, 0x0, 0x0,
    0x0, 0x0, 0x0, 0x0, 0x0, 0x0, 0x0, 0x1,
    0xff, 0xf9, 0xb, 0xcc, 0xcc, 0xcc, 0xcc, 0xcd,
    0x60, 0x0, 0x0, 0x0, 0xb, 0xff, 0xf1, 0xe,
    0xff, 0xff, 0xff, 0xff, 0xff, 0xf8, 0x0, 0x0,
    0x0, 0x7f, 0xff, 0x60, 0xe, 0xff, 0xff, 0xff,
    0xff, 0xff, 0xd1, 0x0, 0x0, 0x4, 0xff, 0xfc,
    0x0, 0x0, 0x0, 0x0, 0x4, 0xff, 0xfc, 0x10,
    0x0, 0x0, 0x4f, 0xff, 0xf9, 0x0, 0x0, 0x0,
    0x0, 0x5f, 0xff, 0xb0, 0x0, 0x0, 0x6, 0xff,
    0xff, 0xf9, 0x0, 0x0, 0x0, 0x3, 0xff, 0xf8,
    0x0, 0x0, 0x0, 0x2f, 0xff, 0xff, 0xf9, 0x0,
    0x0, 0x0, 0x4, 0xff, 0xf0, 0x0, 0x0, 0x0,
    0x9, 0xff, 0xbf, 0xf9, 0xe, 0xff, 0xff, 0xff,
    0xff, 0xff, 0xff, 0xff, 0xf0, 0x2, 0xe3, 0x7f,
    0xf9, 0xe, 0xff, 0xff, 0xff, 0xff, 0xff, 0xff,
    0xff, 0xf0, 0x0, 0x0, 0x7f, 0xf9, 0xc, 0xee,
    0xee, 0xee, 0xff, 0xfe, 0xee, 0xee, 0xe0, 0x0,
    0x0, 0x7f, 0xf9, 0x0, 0x0, 0x0, 0x4, 0xff,
    0xf0, 0x0, 0x0, 0x0, 0x0, 0x0, 0x7f, 0xf9,
    0x0, 0x0, 0x0, 0x4, 0xff, 0xf0, 0x0, 0x0,
    0x0, 0x0, 0x0, 0x7f, 0xf9, 0x0, 0x0, 0x0,
    0x4, 0xff, 0xf0, 0x0, 0x0, 0x0, 0x0, 0x0,
    0x7f, 0xf9, 0x0, 0x0, 0xde, 0xde, 0xff, 0xe0,
    0x0, 0x0, 0x0, 0x0, 0x0, 0x7f, 0xf9, 0x0,
    0x0, 0x9f, 0xff, 0xff, 0xb0, 0x0, 0x0, 0x0,
    0x0, 0x0, 0x7f, 0xf9, 0x0, 0x0, 0x5f, 0xff,
    0xea, 0x10, 0x0, 0x0, 0x0, 0x0, 0x0, 0x0,
    0x0, 0x0, 0x0, 0x1, 0x0, 0x0, 0x0, 0x0,
    0x0, 0x0,

    /* U+5B8C "完" */
    0x0, 0x0, 0x0, 0x0, 0x0, 0x0, 0x0, 0x0,
    0x0, 0x0, 0x0, 0x0, 0x0, 0x0, 0x0, 0x0,
    0x0, 0x0, 0x28, 0xde, 0x0, 0x0, 0x0, 0x0,
    0x0, 0x0, 0x0, 0x0, 0x0, 0x0, 0x0, 0x3f,
    0xff, 0x70, 0x0, 0x0, 0x0, 0x0, 0x0, 0x0,
    0x33, 0x33, 0x33, 0x33, 0x3e, 0xff, 0xd3, 0x33,
    0x33, 0x33, 0x33, 0x0, 0x3, 0xff, 0xff, 0xff,
    0xff, 0xff, 0xff, 0xff, 0xff, 0xff, 0xff, 0xff,
    0x10, 0x3, 0xff, 0xff, 0xff, 0xff, 0xff, 0xff,
    0xff, 0xff, 0xff, 0xff, 0xff, 0x10, 0x3, 0xff,
    0xfc, 0xcc, 0xcc, 0xcc, 0xcc, 0xcc, 0xcc, 0xcc,
    0xdf, 0xff, 0x10, 0x3, 0xff, 0xf0, 0x0, 0x0,
    0x0, 0x0, 0x0, 0x0, 0x0, 0x2f, 0xff, 0x10,
    0x3, 0xff, 0xf0, 0xbc, 0xcc, 0xcc, 0xcc, 0xcc,
    0xcc, 0xc6, 0x2f, 0xff, 0x10, 0x3, 0xff, 0xf0,
    0xef, 0xff, 0xff, 0xff, 0xff, 0xff, 0xf9, 0x2f,
    0xff, 0x10, 0x0, 0x44, 0x40, 0xef, 0xff, 0xff,
    0xff, 0xff, 0xff, 0xf9, 0x4, 0x44, 0x0, 0x0,
    0x0, 0x0, 0x11, 0x11, 0x11, 0x11, 0x11, 0x11,
    0x11, 0x0, 0x0, 0x0, 0x0, 0x0, 0x0, 0x0,
    0x0, 0x0, 0x0, 0x0, 0x0, 0x0, 0x0, 0x0,
    0x0, 0x9, 0xff, 0xff, 0xff, 0xff, 0xff, 0xff,
    0xff, 0xff, 0xff, 0xff, 0xff, 0x90, 0xa, 0xff,
    0xff, 0xff, 0xff, 0xff, 0xff, 0xff, 0xff, 0xff,
    0xff, 0xff, 0xa0, 0xa, 0xff, 0xff, 0xff, 0xff,
    0xff, 0xff, 0xff, 0xff, 0xff, 0xff, 0xff, 0xa0,
    0x0, 0x0, 0x0, 0x5, 0xff, 0xe0, 0x0, 0x9f,
    0xf9, 0x0, 0x0, 0x0, 0x0, 0x0, 0x0, 0x0,
    0x7, 0xff, 0xc0, 0x0, 0x9f, 0xf9, 0x0, 0x0,
    0x0, 0x0, 0x0, 0x0, 0x0, 0xa, 0xff, 0x90,
    0x0, 0x9f, 0xf9, 0x0, 0x0, 0x0, 0x0, 0x0,
    0x0, 0x0, 0xf, 0xff, 0x60, 0x0, 0x9f, 0xf9,
    0x0, 0x0, 0xa7, 0x10, 0x0, 0x0, 0x0, 0xaf,
    0xff, 0x10, 0x0, 0x9f, 0xf9, 0x0, 0x0, 0xcf,
    0xf1, 0x0, 0x0, 0x4c, 0xff, 0xf8, 0x0, 0x0,
    0x9f, 0xfa, 0x0, 0x0, 0xef, 0xf0, 0x6, 0xae,
    0xff, 0xff, 0xc0, 0x0, 0x0, 0x7f, 0xff, 0xdd,
    0xde, 0xff, 0xc0, 0x7, 0xff, 0xff, 0xf9, 0x0,
    0x0, 0x0, 0x3f, 0xff, 0xff, 0xff, 0xff, 0x60,
    0x0, 0xdf, 0xe8, 0x20, 0x0, 0x0, 0x0, 0x6,
    0xdf, 0xff, 0xff, 0xe8, 0x0, 0x0, 0x22, 0x0,
    0x0, 0x0, 0x0, 0x0, 0x0, 0x0, 0x0, 0x0,
    0x0, 0x0,

    /* U+5B9A "定" */
    0x0, 0x0, 0x0, 0x0, 0x0, 0x0, 0x0, 0x0,
    0x0, 0x0, 0x0, 0x0, 0x0, 0x0, 0x0, 0x0,
    0x0, 0x0, 0x18, 0xcf, 0x20, 0x0, 0x0, 0x0,
    0x0, 0x0, 0x0, 0x0, 0x0, 0x0, 0x0, 0xf,
    0xff, 0x90, 0x0, 0x0, 0x0, 0x0, 0x0, 0x0,
    0x22, 0x22, 0x22, 0x22, 0x2a, 0xff, 0xf2, 0x22,
    0x22, 0x22, 0x22, 0x0, 0x2, 0xff, 0xff, 0xff,
    0xff, 0xff, 0xff, 0xff, 0xff, 0xff, 0xff, 0xff,
    0x30, 0x2, 0xff, 0xff, 0xff, 0xff, 0xff, 0xff,
    0xff, 0xff, 0xff, 0xff, 0xff, 0x30, 0x2, 0xff,
    0xfd, 0xdd, 0xdd, 0xdd, 0xdd, 0xdd, 0xdd, 0xdd,
    0xdf, 0xff, 0x30, 0x2, 0xff, 0xe0, 0x0, 0x0,
    0x0, 0x0, 0x0, 0x0, 0x0, 0xf, 0xff, 0x30,
    0x2, 0xff, 0xe0, 0x0, 0x0, 0x0, 0x0, 0x0,
    0x0, 0x0, 0xf, 0xff, 0x30, 0x2, 0xff, 0xe3,
    0xff, 0xff, 0xff, 0xff, 0xff, 0xff, 0xff, 0x3f,
    0xff, 0x30, 0x0, 0x66, 0x63, 0xff, 0xff, 0xff,
    0xff, 0xff, 0xff, 0xff, 0x36, 0x66, 0x10, 0x0,
    0x0, 0x2, 0xff, 0xff, 0xff, 0xff, 0xff, 0xff,
    0xff, 0x20, 0x0, 0x0, 0x0, 0x0, 0x0, 0x0,
    0x0, 0xa, 0xff, 0xa0, 0x0, 0x0, 0x0, 0x0,
    0x0, 0x0, 0x0, 0xa, 0xca, 0x30, 0xa, 0xff,
    0xa0, 0x0, 0x0, 0x0, 0x0, 0x0, 0x0, 0x0,
    0xe, 0xff, 0x40, 0xa, 0xff, 0xa0, 0x0, 0x0,
    0x0, 0x0, 0x0, 0x0, 0x0, 0x1f, 0xff, 0x10,
    0xa, 0xff, 0xff, 0xff, 0xff, 0xfc, 0x0, 0x0,
    0x0, 0x0, 0x5f, 0xff, 0x0, 0xa, 0xff, 0xff,
    0xff, 0xff, 0xfc, 0x0, 0x0, 0x0, 0x0, 0x9f,
    0xff, 0x40, 0xa, 0xff, 0xff, 0xff, 0xff, 0xfb,
    0x0, 0x0, 0x0, 0x0, 0xef, 0xff, 0xd0, 0xa,
    0xff, 0xa0, 0x0, 0x0, 0x0, 0x0, 0x0, 0x0,
    0x4, 0xff, 0xff, 0xfa, 0xa, 0xff, 0xa0, 0x0,
    0x0, 0x0, 0x0, 0x0, 0x0, 0xc, 0xff, 0xcf,
    0xff, 0xcb, 0xff, 0xa0, 0x0, 0x0, 0x0, 0x0,
    0x0, 0x0, 0x7f, 0xff, 0x27, 0xff, 0xff, 0xff,
    0xb3, 0x22, 0x22, 0x22, 0x22, 0x20, 0x5, 0xff,
    0xf9, 0x0, 0x7f, 0xff, 0xff, 0xff, 0xff, 0xff,
    0xff, 0xff, 0xd0, 0x1d, 0xff, 0xe1, 0x0, 0x4,
    0xcf, 0xff, 0xff, 0xff, 0xff, 0xff, 0xff, 0x70,
    0x1, 0xbf, 0x30, 0x0, 0x0, 0x3, 0x7b, 0xde,
    0xff, 0xff, 0xff, 0xff, 0x30, 0x0, 0x2, 0x0,
    0x0, 0x0, 0x0, 0x0, 0x0, 0x0, 0x0, 0x0,
    0x0, 0x0,

    /* U+5B9E "实" */
    0x0, 0x0, 0x0, 0x0, 0x0, 0x2, 0x71, 0x0,
    0x0, 0x0, 0x0, 0x0, 0x0, 0x0, 0x0, 0x0,
    0x0, 0xdf, 0xf9, 0x0, 0x0, 0x0, 0x0, 0x0,
    0x0, 0x0, 0x0, 0x0, 0x0, 0x9f, 0xff, 0x20,
    0x0, 0x0, 0x0, 0x0, 0xb, 0xdd, 0xdd, 0xdd,
    0xdd, 0xef, 0xff, 0xed, 0xdd, 0xdd, 0xdd, 0xd3,
    0xd, 0xff, 0xff, 0xff, 0xff, 0xff, 0xff, 0xff,
    0xff, 0xff, 0xff, 0xf4, 0xd, 0xff, 0xff, 0xff,
    0xff, 0xff, 0xff, 0xff, 0xff, 0xff, 0xff, 0xf4,
    0xd, 0xff, 0x40, 0x11, 0x0, 0x0, 0x0, 0x0,
    0x0, 0x1, 0xff, 0xf4, 0xd, 0xff, 0x40, 0xaf,
    0x70, 0x2, 0x88, 0x80, 0x0, 0x0, 0xff, 0xf4,
    0xd, 0xff, 0x48, 0xff, 0xfc, 0x25, 0xff, 0xf0,
    0x0, 0x0, 0xff, 0xf4, 0x1, 0x22, 0x0, 0x9f,
    0xff, 0x95, 0xff, 0xe0, 0x0, 0x0, 0x22, 0x20,
    0x0, 0x0, 0x50, 0x5, 0xfc, 0x6, 0xff, 0xd0,
    0x0, 0x0, 0x0, 0x0, 0x0, 0x8, 0xfd, 0x40,
    0x31, 0x7, 0xff, 0xc0, 0x0, 0x0, 0x0, 0x0,
    0x0, 0x3f, 0xff, 0xf8, 0x0, 0x9, 0xff, 0xb0,
    0x0, 0x0, 0x0, 0x0, 0x0, 0x4, 0xef, 0xfe,
    0x10, 0xb, 0xff, 0x90, 0x0, 0x0, 0x0, 0x0,
    0x0, 0x0, 0x1b, 0xf4, 0x0, 0xe, 0xff, 0x60,
    0x0, 0x0, 0x0, 0x0, 0x0, 0x0, 0x1, 0x50,
    0x0, 0x2f, 0xff, 0x40, 0x0, 0x0, 0x0, 0x0,
    0x1f, 0xff, 0xff, 0xff, 0xff, 0xff, 0xff, 0xff,
    0xff, 0xff, 0xff, 0xf8, 0x1f, 0xff, 0xff, 0xff,
    0xff, 0xff, 0xff, 0xff, 0xff, 0xff, 0xff, 0xf8,
    0x8, 0x88, 0x88, 0x88, 0x8f, 0xff, 0xf9, 0x88,
    0x88, 0x88, 0x88, 0x84, 0x0, 0x0, 0x0, 0x0,
    0x9f, 0xff, 0x90, 0xc9, 0x40, 0x0, 0x0, 0x0,
    0x0, 0x0, 0x0, 0x3c, 0xff, 0xfd, 0x8, 0xff,
    0xfe, 0x92, 0x0, 0x0, 0x0, 0x0, 0x4a, 0xff,
    0xff, 0xd1, 0x8, 0xef, 0xff, 0xff, 0xb4, 0x0,
    0x5, 0xae, 0xff, 0xff, 0xfa, 0x0, 0x0, 0x4,
    0xaf, 0xff, 0xff, 0xc2, 0x3, 0xff, 0xff, 0xfc,
    0x40, 0x0, 0x0, 0x0, 0x1, 0x8f, 0xff, 0xe1,
    0x0, 0x8f, 0xe9, 0x30, 0x0, 0x0, 0x0, 0x0,
    0x0, 0x1, 0x8f, 0x40, 0x0, 0x13, 0x0, 0x0,
    0x0, 0x0, 0x0, 0x0, 0x0, 0x0, 0x1, 0x0,

    /* U+5BB9 "容" */
    0x0, 0x0, 0x0, 0x0, 0x0, 0x0, 0x14, 0x0,
    0x0, 0x0, 0x0, 0x0, 0x0, 0x0, 0x0, 0x0,
    0x0, 0x0, 0x1d, 0xff, 0x70, 0x0, 0x0, 0x0,
    0x0, 0x0, 0x0, 0x0, 0x0, 0x0, 0x0, 0xc,
    0xff, 0xe0, 0x0, 0x0, 0x0, 0x0, 0x0, 0x2,
    0xff, 0xff, 0xff, 0xff, 0xff, 0xff, 0xff, 0xff,
    0xff, 0xff, 0xff, 0x20, 0x2, 0xff, 0xff, 0xff,
    0xff, 0xff, 0xff, 0xff, 0xff, 0xff, 0xff, 0xff,
    0x20, 0x2, 0xff, 0xfd, 0xdd, 0xdd, 0xdd, 0xdd,
    0xdd, 0xdd, 0xdd, 0xdf, 0xff, 0x20, 0x2, 0xff,
    0xe0, 0x0, 0x84, 0x0, 0x0, 0x0, 0x52, 0x0,
    0xf, 0xff, 0x20, 0x2, 0xff, 0xe0, 0xb, 0xff,
    0xd0, 0x0, 0x9, 0xff, 0x80, 0xf, 0xff, 0x20,
    0x1, 0xaa, 0x91, 0xcf, 0xff, 0x40, 0x10, 0x1b,
    0xff, 0xfd, 0x3a, 0xaa, 0x10, 0x0, 0x0, 0x5e,
    0xff, 0xf5, 0x1, 0xfd, 0x60, 0x6f, 0xff, 0xf6,
    0x0, 0x0, 0x0, 0x3c, 0xff, 0xff, 0x40, 0xc,
    0xff, 0xe0, 0x2, 0xdf, 0xff, 0x90, 0x0, 0x0,
    0x1d, 0xff, 0xd2, 0x0, 0xaf, 0xff, 0xfb, 0x0,
    0xa, 0xff, 0xc0, 0x0, 0x0, 0x2, 0xe9, 0x0,
    0xa, 0xff, 0xfe, 0xff, 0xd2, 0x0, 0x9a, 0x0,
    0x0, 0x0, 0x0, 0x0, 0x2, 0xdf, 0xff, 0x52,
    0xef, 0xff, 0x60, 0x0, 0x0, 0x0, 0x0, 0x0,
    0x0, 0x7f, 0xff, 0xf5, 0x0, 0x1c, 0xff, 0xfc,
    0x40, 0x0, 0x0, 0x0, 0x0, 0x5d, 0xff, 0xfe,
    0x30, 0x0, 0x0, 0x9f, 0xff, 0xfc, 0x40, 0x0,
    0x1, 0x7d, 0xff, 0xff, 0xfc, 0xbb, 0xbb, 0xbb,
    0xbe, 0xff, 0xff, 0xfd, 0x70, 0xd, 0xff, 0xff,
    0xff, 0xff, 0xff, 0xff, 0xff, 0xff, 0xff, 0xff,
    0xff, 0xa0, 0x3, 0xff, 0xed, 0xff, 0xff, 0xff,
    0xff, 0xff, 0xff, 0xff, 0xc9, 0xfd, 0x0, 0x0,
    0x67, 0x9, 0xff, 0x80, 0x0, 0x0, 0x0, 0x8,
    0xff, 0xa0, 0x12, 0x0, 0x0, 0x0, 0x9, 0xff,
    0x70, 0x0, 0x0, 0x0, 0x8, 0xff, 0xa0, 0x0,
    0x0, 0x0, 0x0, 0x9, 0xff, 0x80, 0x0, 0x0,
    0x0, 0x8, 0xff, 0xa0, 0x0, 0x0, 0x0, 0x0,
    0x9, 0xff, 0xff, 0xff, 0xff, 0xff, 0xff, 0xff,
    0xa0, 0x0, 0x0, 0x0, 0x0, 0x9, 0xff, 0xff,
    0xff, 0xff, 0xff, 0xff, 0xff, 0xa0, 0x0, 0x0,
    0x0, 0x0, 0x9, 0xff, 0xdb, 0xbb, 0xbb, 0xbb,
    0xbd, 0xff, 0xa0, 0x0, 0x0, 0x0, 0x0, 0x0,
    0x11, 0x0, 0x0, 0x0, 0x0, 0x0, 0x0, 0x0,
    0x0, 0x0,

    /* U+5BBD "宽" */
    0x0, 0x0, 0x0, 0x0, 0x0, 0x0, 0x4, 0x0,
    0x0, 0x0, 0x0, 0x0, 0x0, 0x0, 0x0, 0x0,
    0x0, 0x0, 0x2b, 0xff, 0x50, 0x0, 0x0, 0x0,
    0x0, 0x0, 0x0, 0x0, 0x0, 0x0, 0x0, 0xf,
    0xff, 0xd0, 0x0, 0x0, 0x0, 0x0, 0x0, 0x3,
    0xff, 0xff, 0xff, 0xff, 0xff, 0xff, 0xff, 0xff,
    0xff, 0xff, 0xff, 0x40, 0x3, 0xff, 0xff, 0xff,
    0xff, 0xff, 0xff, 0xff, 0xff, 0xff, 0xff, 0xff,
    0x40, 0x3, 0xff, 0xea, 0xaa, 0xaa, 0xaa, 0xaa,
    0xaa, 0xaa, 0xaa, 0xae, 0xff, 0x40, 0x3, 0xff,
    0xb0, 0x0, 0x99, 0x91, 0x0, 0x29, 0x99, 0x0,
    0xc, 0xff, 0x40, 0x3, 0xff, 0xc4, 0x44, 0xff,
    0xf6, 0x44, 0x7f, 0xff, 0x44, 0x4d, 0xff, 0x40,
    0x2, 0xcc, 0xdf, 0xff, 0xff, 0xff, 0xff, 0xff,
    0xff, 0xff, 0xfe, 0xcc, 0x30, 0x0, 0x0, 0x5f,
    0xff, 0xff, 0xff, 0xff, 0xff, 0xff, 0xff, 0xf6,
    0x0, 0x0, 0x0, 0x0, 0x2, 0x22, 0xff, 0xf4,
    0x22, 0x5f, 0xff, 0x22, 0x20, 0x0, 0x0, 0x0,
    0x0, 0x0, 0x0, 0x88, 0x82, 0x0, 0x29, 0x99,
    0x10, 0x0, 0x0, 0x0, 0x0, 0x0, 0x5f, 0xff,
    0xff, 0xff, 0xff, 0xff, 0xff, 0xff, 0xf4, 0x0,
    0x0, 0x0, 0x0, 0x5f, 0xff, 0xff, 0xff, 0xff,
    0xff, 0xff, 0xff, 0xf4, 0x0, 0x0, 0x0, 0x0,
    0x5f, 0xfe, 0x99, 0x99, 0x99, 0x99, 0x99, 0xff,
    0xf4, 0x0, 0x0, 0x0, 0x0, 0x5f, 0xfc, 0x0,
    0x4a, 0xaa, 0x0, 0x0, 0xff, 0xf4, 0x0, 0x0,
    0x0, 0x0, 0x5f, 0xfc, 0x0, 0x6f, 0xff, 0x0,
    0x0, 0xff, 0xf4, 0x0, 0x0, 0x0, 0x0, 0x5f,
    0xfc, 0x0, 0x6f, 0xff, 0x11, 0x0, 0xff, 0xf4,
    0x0, 0x0, 0x0, 0x0, 0x5f, 0xfc, 0x0, 0x9f,
    0xff, 0xff, 0x50, 0xff, 0xf4, 0x0, 0x0, 0x0,
    0x0, 0x5f, 0xfc, 0x3, 0xff, 0xff, 0xff, 0x50,
    0xee, 0xe4, 0x54, 0x0, 0x0, 0x0, 0x13, 0x32,
    0x6f, 0xff, 0xfe, 0xff, 0x50, 0x0, 0x0, 0xaf,
    0xd1, 0x0, 0x0, 0x1, 0x6d, 0xff, 0xff, 0x5d,
    0xff, 0x50, 0x0, 0x0, 0xcf, 0xf0, 0x1, 0x48,
    0xcf, 0xff, 0xff, 0xd3, 0xc, 0xff, 0xda, 0xaa,
    0xab, 0xff, 0xd0, 0xa, 0xff, 0xff, 0xff, 0xe7,
    0x0, 0x8, 0xff, 0xff, 0xff, 0xff, 0xff, 0x70,
    0x0, 0xcf, 0xfe, 0xa4, 0x0, 0x0, 0x0, 0x8d,
    0xff, 0xff, 0xff, 0xe9, 0x0, 0x0, 0x27, 0x30,
    0x0, 0x0, 0x0, 0x0, 0x0, 0x0, 0x0, 0x0,
    0x0, 0x0,

    /* U+5BDF "察" */
    0x0, 0x0, 0x0, 0x0, 0x0, 0x0, 0x0, 0x0,
    0x0, 0x0, 0x0, 0x0, 0x0, 0x0, 0x0, 0x0,
    0x0, 0x0, 0x7, 0xcf, 0x70, 0x0, 0x0, 0x0,
    0x0, 0x0, 0x0, 0x0, 0x0, 0x0, 0x0, 0x9,
    0xff, 0xe1, 0x0, 0x0, 0x0, 0x0, 0x0, 0x3,
    0xff, 0xff, 0xff, 0xff, 0xff, 0xff, 0xff, 0xff,
    0xff, 0xff, 0xff, 0xa0, 0x3, 0xff, 0xff, 0xff,
    0xff, 0xff, 0xff, 0xff, 0xff, 0xff, 0xff, 0xff,
    0xa0, 0x3, 0xff, 0xe8, 0x8b, 0x88, 0x88, 0x88,
    0xb8, 0x88, 0x88, 0x8c, 0xff, 0xa0, 0x3, 0xff,
    0xc0, 0x8f, 0xf6, 0x0, 0x4f, 0xf4, 0x0, 0x0,
    0x8, 0xff, 0xa0, 0x0, 0x44, 0x35, 0xff, 0xfe,
    0xef, 0xcf, 0xff, 0xff, 0xff, 0xff, 0xe6, 0x20,
    0x0, 0x0, 0x7f, 0xff, 0xff, 0xff, 0xfc, 0xff,
    0xff, 0xff, 0xff, 0xf6, 0x0, 0x0, 0x2b, 0xff,
    0xe5, 0x2, 0xff, 0xc1, 0xef, 0xf7, 0x69, 0xff,
    0xd0, 0x0, 0x8, 0xff, 0xfd, 0x7f, 0xdc, 0xff,
    0x30, 0x6f, 0xfd, 0x1d, 0xff, 0x40, 0x0, 0x3,
    0xff, 0x92, 0x3e, 0xff, 0xf8, 0x0, 0xb, 0xff,
    0xff, 0xf8, 0x0, 0x0, 0x0, 0x54, 0xcf, 0x6b,
    0xff, 0xc1, 0x0, 0x1, 0xdf, 0xff, 0xd0, 0x0,
    0x0, 0x0, 0x0, 0xaf, 0xff, 0xff, 0xff, 0xff,
    0xff, 0xff, 0xff, 0xfc, 0x40, 0x0, 0x0, 0x2,
    0xaf, 0xff, 0xaf, 0xff, 0xff, 0xff, 0xfb, 0x9f,
    0xff, 0xfe, 0x93, 0x5, 0xbf, 0xff, 0xe5, 0x8,
    0x88, 0x88, 0x88, 0x86, 0x3, 0xbf, 0xff, 0xc0,
    0x7, 0xff, 0xff, 0x98, 0x88, 0x88, 0x88, 0x88,
    0x88, 0x88, 0x8a, 0x9d, 0x20, 0x0, 0xa7, 0xcf,
    0xff, 0xff, 0xff, 0xff, 0xff, 0xff, 0xff, 0xff,
    0x0, 0x0, 0x0, 0x0, 0xbf, 0xff, 0xff, 0xff,
    0xff, 0xff, 0xff, 0xff, 0xff, 0x0, 0x0, 0x0,
    0x0, 0x12, 0x4e, 0xa5, 0x22, 0xff, 0xf3, 0x24,
    0xd7, 0x22, 0x0, 0x0, 0x0, 0x0, 0x5, 0xef,
    0xfd, 0x10, 0xff, 0xf1, 0x3e, 0xff, 0xd5, 0x0,
    0x0, 0x0, 0x5, 0xcf, 0xff, 0xc1, 0x0, 0xff,
    0xf1, 0x19, 0xff, 0xff, 0xc3, 0x0, 0x2, 0xef,
    0xff, 0xf8, 0x18, 0x88, 0xff, 0xf0, 0x0, 0x2b,
    0xff, 0xff, 0x60, 0x0, 0x7f, 0xfc, 0x30, 0xc,
    0xff, 0xff, 0xe0, 0x0, 0x0, 0x6f, 0xfb, 0x0,
    0x0, 0x7, 0x40, 0x0, 0x7, 0xff, 0xfb, 0x30,
    0x0, 0x0, 0x2, 0x70, 0x0, 0x0, 0x0, 0x0,
    0x0, 0x0, 0x0, 0x0, 0x0, 0x0, 0x0, 0x0,
    0x0, 0x0,

    /* U+5BFC "导" */
    0x0, 0x78, 0x88, 0x88, 0x88, 0x88, 0x88, 0x88,
    0x88, 0x88, 0x30, 0x0, 0x0, 0xff, 0xff, 0xff,
    0xff, 0xff, 0xff, 0xff, 0xff, 0xff, 0x60, 0x0,
    0x0, 0xff, 0xff, 0xff, 0xff, 0xff, 0xff, 0xff,
    0xff, 0xff, 0x60, 0x0, 0x0, 0xff, 0xf7, 0x22,
    0x22, 0x22, 0x22, 0x22, 0x2b, 0xff, 0x60, 0x0,
    0x0, 0xff, 0xf5, 0x0, 0x0, 0x0, 0x0, 0x0,
    0xa, 0xff, 0x60, 0x0, 0x0, 0xff, 0xff, 0xff,
    0xff, 0xff, 0xff, 0xff, 0xff, 0xff, 0x60, 0x0,
    0x0, 0xff, 0xff, 0xff, 0xff, 0xff, 0xff, 0xff,
    0xff, 0xff, 0x60, 0x0, 0x0, 0xff, 0xfc, 0xaa,
    0xaa, 0xaa, 0xaa, 0xaa, 0xaa, 0xaa, 0x40, 0x0,
    0x0, 0xef, 0xf6, 0x0, 0x0, 0x0, 0x0, 0x0,
    0x0, 0x0, 0xeb, 0x70, 0x0, 0xcf, 0xff, 0xa9,
    0x99, 0x99, 0x99, 0x99, 0x99, 0x9d, 0xff, 0xf0,
    0x0, 0x4f, 0xff, 0xff, 0xff, 0xff, 0xff, 0xff,
    0xff, 0xff, 0xff, 0x80, 0x0, 0x2, 0x9c, 0xee,
    0xff, 0xff, 0xff, 0xff, 0xff, 0xfe, 0xb6, 0x0,
    0x0, 0x0, 0x0, 0x0, 0x0, 0x0, 0x0, 0x8,
    0x88, 0x10, 0x0, 0x0, 0x0, 0x0, 0x0, 0x0,
    0x0, 0x0, 0x0, 0x1f, 0xff, 0x30, 0x0, 0x0,
    0xaf, 0xff, 0xff, 0xff, 0xff, 0xff, 0xff, 0xff,
    0xff, 0xff, 0xff, 0xf8, 0xaf, 0xff, 0xff, 0xff,
    0xff, 0xff, 0xff, 0xff, 0xff, 0xff, 0xff, 0xf8,
    0x8d, 0xdd, 0xdf, 0xfe, 0xdd, 0xdd, 0xdd, 0xdf,
    0xff, 0xed, 0xdd, 0xd6, 0x0, 0x0, 0xbf, 0xfc,
    0x10, 0x0, 0x0, 0x1f, 0xff, 0x30, 0x0, 0x0,
    0x0, 0x0, 0x6f, 0xff, 0xe3, 0x0, 0x0, 0x1f,
    0xff, 0x30, 0x0, 0x0, 0x0, 0x0, 0x3, 0xef,
    0xff, 0x30, 0x0, 0x1f, 0xff, 0x30, 0x0, 0x0,
    0x0, 0x0, 0x0, 0x2e, 0xfd, 0x10, 0x0, 0x1f,
    0xff, 0x30, 0x0, 0x0, 0x0, 0x0, 0x0, 0x2,
    0xb1, 0x9b, 0xbb, 0xcf, 0xff, 0x20, 0x0, 0x0,
    0x0, 0x0, 0x0, 0x0, 0x0, 0x6f, 0xff, 0xff,
    0xfe, 0x0, 0x0, 0x0, 0x0, 0x0, 0x0, 0x0,
    0x0, 0xf, 0xff, 0xfd, 0x92, 0x0, 0x0, 0x0,
    0x0, 0x0, 0x0, 0x0, 0x0, 0x0, 0x0, 0x0,
    0x0, 0x0, 0x0, 0x0,

    /* U+5BFF "寿" */
    0x0, 0x0, 0x0, 0x0, 0x0, 0x0, 0x0, 0x0,
    0x0, 0x0, 0x0, 0x0, 0x0, 0x0, 0x0, 0x0,
    0x0, 0x1, 0xfd, 0xb0, 0x0, 0x0, 0x0, 0x0,
    0x0, 0x0, 0x0, 0x0, 0x0, 0x0, 0x4f, 0xfe,
    0x0, 0x0, 0x0, 0x0, 0x0, 0x0, 0x4, 0xff,
    0xff, 0xff, 0xff, 0xff, 0xff, 0xff, 0xff, 0xff,
    0xff, 0x40, 0x0, 0x4f, 0xff, 0xff, 0xff, 0xff,
    0xff, 0xff, 0xff, 0xff, 0xff, 0xf4, 0x0, 0x2,
    0x99, 0x99, 0x99, 0x9f, 0xff, 0xb9, 0x99, 0x99,
    0x99, 0x99, 0x20, 0x0, 0x0, 0x0, 0x0, 0x2,
    0xff, 0xf2, 0x0, 0x0, 0x0, 0x0, 0x0, 0x0,
    0x0, 0x3f, 0xff, 0xff, 0xff, 0xff, 0xff, 0xff,
    0xff, 0xff, 0xf5, 0x0, 0x0, 0x3, 0xff, 0xff,
    0xff, 0xff, 0xff, 0xff, 0xff, 0xff, 0xff, 0x50,
    0x0, 0x0, 0x17, 0x77, 0x77, 0xff, 0xf9, 0x77,
    0x77, 0x77, 0x77, 0x72, 0x0, 0x0, 0x0, 0x0,
    0x0, 0x5f, 0xff, 0x10, 0x0, 0x0, 0x0, 0x0,
    0x0, 0x0, 0xaf, 0xff, 0xff, 0xff, 0xff, 0xff,
    0xff, 0xff, 0xff, 0xff, 0xff, 0xfe, 0xa, 0xff,
    0xff, 0xff, 0xff, 0xff, 0xff, 0xff, 0xff, 0xff,
    0xff, 0xff, 0xe0, 0x6a, 0xaa, 0xaa, 0xff, 0xfd,
    0xaa, 0xaa, 0xaa, 0xde, 0xeb, 0xaa, 0xa9, 0x0,
    0x0, 0x0, 0x5f, 0xff, 0x40, 0x0, 0x0, 0xc,
    0xff, 0x60, 0x0, 0x0, 0x0, 0x0, 0x1e, 0xff,
    0xfb, 0xbb, 0xbb, 0xbb, 0xef, 0xfd, 0xbb, 0xb1,
    0x0, 0x0, 0xb, 0xff, 0xff, 0xff, 0xff, 0xff,
    0xff, 0xff, 0xff, 0xff, 0x20, 0x0, 0xa, 0xff,
    0xf9, 0xff, 0xff, 0xff, 0xff, 0xff, 0xff, 0xff,
    0xf2, 0x0, 0x1b, 0xff, 0xfa, 0x2, 0x70, 0x0,
    0x0, 0xc, 0xff, 0x70, 0x0, 0x0, 0x4e, 0xff,
    0xfb, 0x7, 0xff, 0x90, 0x0, 0x0, 0xcf, 0xf6,
    0x0, 0x0, 0xb, 0xff, 0xfb, 0x0, 0x7f, 0xff,
    0x80, 0x0, 0xc, 0xff, 0x60, 0x0, 0x0, 0x9,
    0xf8, 0x0, 0x0, 0x9f, 0xff, 0x40, 0x0, 0xcf,
    0xf6, 0x0, 0x0, 0x0, 0x2, 0x0, 0x0, 0x0,
    0xcf, 0x71, 0xff, 0xff, 0xff, 0x50, 0x0, 0x0,
    0x0, 0x0, 0x0, 0x0, 0x2, 0x20, 0x9, 0xff,
    0xff, 0xf2, 0x0, 0x0, 0x0, 0x0, 0x0, 0x0,
    0x0, 0x0, 0x0, 0x4f, 0xfd, 0xa3, 0x0, 0x0,
    0x0,

    /* U+5C01 "封" */
    0x0, 0x0, 0x0, 0x11, 0x0, 0x0, 0x0, 0x0,
    0x0, 0x0, 0x0, 0x0, 0x0, 0x0, 0x0, 0x2,
    0xff, 0xe0, 0x0, 0x0, 0x0, 0x0, 0x1, 0xdd,
    0xc0, 0x0, 0x0, 0x0, 0x2, 0xff, 0xe0, 0x0,
    0x0, 0x0, 0x0, 0x2, 0xff, 0xf0, 0x0, 0x0,
    0x0, 0x2, 0xff, 0xe0, 0x0, 0x0, 0x0, 0x0,
    0x2, 0xff, 0xf0, 0x0, 0x0, 0xff, 0xff, 0xff,
    0xff, 0xff, 0xb0, 0x0, 0x0, 0x2, 0xff, 0xf0,
    0x0, 0x0, 0xff, 0xff, 0xff, 0xff, 0xff, 0xb0,
    0x0, 0x0, 0x2, 0xff, 0xf0, 0x0, 0x0, 0xbb,
    0xbc, 0xff, 0xfb, 0xbb, 0x81, 0x44, 0x44, 0x45,
    0xff, 0xf4, 0x40, 0x0, 0x0, 0x2, 0xff, 0xe0,
    0x0, 0x4, 0xff, 0xff, 0xff, 0xff, 0xff, 0xf3,
    0x0, 0x0, 0x2, 0xff, 0xe0, 0x0, 0x4, 0xff,
    0xff, 0xff, 0xff, 0xff, 0xf3, 0xa, 0xff, 0xff,
    0xff, 0xff, 0xff, 0xf5, 0x88, 0x88, 0x89, 0xff,
    0xf8, 0x81, 0xb, 0xff, 0xff, 0xff, 0xff, 0xff,
    0xf3, 0x0, 0x0, 0x2, 0xff, 0xf0, 0x0, 0x9,
    0xdd, 0xdd, 0xdd, 0xdd, 0xdd, 0xd3, 0x5, 0x70,
    0x2, 0xff, 0xf0, 0x0, 0x0, 0x0, 0x0, 0x44,
    0x40, 0x0, 0x0, 0xdf, 0xf2, 0x2, 0xff, 0xf0,
    0x0, 0x0, 0x0, 0x2, 0xff, 0xe0, 0x0, 0x0,
    0x8f, 0xf9, 0x2, 0xff, 0xf0, 0x0, 0x0, 0x0,
    0x2, 0xff, 0xe0, 0x0, 0x0, 0x2f, 0xff, 0x2,
    0xff, 0xf0, 0x0, 0x3, 0xff, 0xff, 0xff, 0xff,
    0xff, 0xf0, 0xc, 0xff, 0x62, 0xff, 0xf0, 0x0,
    0x3, 0xff, 0xff, 0xff, 0xff, 0xff, 0xf0, 0x6,
    0xff, 0xc2, 0xff, 0xf0, 0x0, 0x2, 0xcc, 0xcc,
    0xff, 0xfc, 0xcc, 0xb0, 0x1, 0xfe, 0x72, 0xff,
    0xf0, 0x0, 0x0, 0x0, 0x2, 0xff, 0xe0, 0x0,
    0x0, 0x0, 0x30, 0x2, 0xff, 0xf0, 0x0, 0x0,
    0x0, 0x2, 0xff, 0xe0, 0x1, 0x33, 0x0, 0x0,
    0x2, 0xff, 0xf0, 0x0, 0x0, 0x2, 0x37, 0xff,
    0xfd, 0xff, 0xfa, 0x0, 0x0, 0x2, 0xff, 0xf0,
    0x0, 0xe, 0xff, 0xff, 0xff, 0xff, 0xff, 0xfa,
    0x0, 0x0, 0x3, 0xff, 0xf0, 0x0, 0xe, 0xff,
    0xff, 0xff, 0xff, 0xfe, 0xc7, 0x0, 0xcf, 0xff,
    0xff, 0xd0, 0x0, 0xc, 0xfe, 0xca, 0x86, 0x42,
    0x0, 0x0, 0x0, 0x6f, 0xff, 0xff, 0x80, 0x0,
    0x1, 0x0, 0x0, 0x0, 0x0, 0x0, 0x0, 0x0,
    0x1f, 0xfe, 0xb6, 0x0, 0x0,

    /* U+5C0F "小" */
    0x0, 0x0, 0x0, 0x0, 0x0, 0x0, 0x0, 0x0,
    0x0, 0x0, 0x0, 0x0, 0x0, 0x0, 0x0, 0x0,
    0x0, 0x0, 0x7, 0xff, 0xe0, 0x0, 0x0, 0x0,
    0x0, 0x0, 0x0, 0x0, 0x0, 0x0, 0x0, 0x7,
    0xff, 0xe0, 0x0, 0x0, 0x0, 0x0, 0x0, 0x0,
    0x0, 0x0, 0x0, 0x0, 0x7, 0xff, 0xe0, 0x0,
    0x0, 0x0, 0x0, 0x0, 0x0, 0x0, 0x0, 0x0,
    0x0, 0x7, 0xff, 0xe0, 0x0, 0x0, 0x0, 0x0,
    0x0, 0x0, 0x0, 0x0, 0x0, 0x0, 0x7, 0xff,
    0xe0, 0x0, 0x0, 0x0, 0x0, 0x0, 0x0, 0x0,
    0x0, 0x0, 0x0, 0x7, 0xff, 0xe0, 0x0, 0x0,
    0x30, 0x0, 0x0, 0x0, 0x0, 0x6e, 0xc9, 0x10,
    0x7, 0xff, 0xe0, 0x0, 0x7d, 0xf4, 0x0, 0x0,
    0x0, 0x0, 0x9f, 0xff, 0x0, 0x7, 0xff, 0xe0,
    0x0, 0xdf, 0xfd, 0x0, 0x0, 0x0, 0x0, 0xdf,
    0xfc, 0x0, 0x7, 0xff, 0xe0, 0x0, 0x5f, 0xff,
    0x50, 0x0, 0x0, 0x1, 0xff, 0xf7, 0x0, 0x7,
    0xff, 0xe0, 0x0, 0xd, 0xff, 0xd0, 0x0, 0x0,
    0x6, 0xff, 0xf3, 0x0, 0x7, 0xff, 0xe0, 0x0,
    0x6, 0xff, 0xf4, 0x0, 0x0, 0xb, 0xff, 0xe0,
    0x0, 0x7, 0xff, 0xe0, 0x0, 0x0, 0xff, 0xfc,
    0x0, 0x0, 0x1f, 0xff, 0x90, 0x0, 0x7, 0xff,
    0xe0, 0x0, 0x0, 0x9f, 0xff, 0x20, 0x0, 0x8f,
    0xff, 0x30, 0x0, 0x7, 0xff, 0xe0, 0x0, 0x0,
    0x2f, 0xff, 0x90, 0x1, 0xef, 0xfc, 0x0, 0x0,
    0x7, 0xff, 0xe0, 0x0, 0x0, 0xd, 0xff, 0xe0,
    0x9, 0xff, 0xf5, 0x0, 0x0, 0x7, 0xff, 0xe0,
    0x0, 0x0, 0x7, 0xff, 0xf4, 0x1d, 0xff, 0xd0,
    0x0, 0x0, 0x7, 0xff, 0xe0, 0x0, 0x0, 0x2,
    0xff, 0xf9, 0x0, 0x6e, 0x30, 0x0, 0x0, 0x7,
    0xff, 0xe0, 0x0, 0x0, 0x0, 0xef, 0xd5, 0x0,
    0x0, 0x0, 0x0, 0x0, 0x7, 0xff, 0xe0, 0x0,
    0x0, 0x0, 0x63, 0x0, 0x0, 0x0, 0x0, 0x0,
    0x0, 0x7, 0xff, 0xe0, 0x0, 0x0, 0x0, 0x0,
    0x0, 0x0, 0x0, 0x0, 0x13, 0x33, 0x3a, 0xff,
    0xe0, 0x0, 0x0, 0x0, 0x0, 0x0, 0x0, 0x0,
    0x0, 0x1f, 0xff, 0xff, 0xff, 0xc0, 0x0, 0x0,
    0x0, 0x0, 0x0, 0x0, 0x0, 0x0, 0xb, 0xff,
    0xff, 0xff, 0x60, 0x0, 0x0, 0x0, 0x0, 0x0,
    0x0, 0x0, 0x0, 0x5, 0xff, 0xed, 0xa4, 0x0,
    0x0, 0x0, 0x0, 0x0, 0x0,

    /* U+5C1A "尚" */
    0x0, 0x1, 0x0, 0x0, 0x9, 0xff, 0x80, 0x0,
    0x0, 0x51, 0x0, 0x7, 0xde, 0x20, 0x0, 0xa,
    0xff, 0x80, 0x0, 0x3, 0xff, 0xb2, 0xd, 0xff,
    0xc0, 0x0, 0xa, 0xff, 0x80, 0x0, 0xb, 0xff,
    0xc0, 0x3, 0xff, 0xf6, 0x0, 0xa, 0xff, 0x80,
    0x0, 0x4f, 0xff, 0x30, 0x0, 0x9f, 0xfe, 0x10,
    0xa, 0xff, 0x80, 0x0, 0xdf, 0xf9, 0x0, 0x0,
    0x1f, 0xff, 0x70, 0xa, 0xff, 0x80, 0x8, 0xff,
    0xd0, 0x0, 0x0, 0x8, 0xd5, 0x0, 0xa, 0xff,
    0x80, 0x4, 0xaf, 0x30, 0x0, 0x18, 0x88, 0x88,
    0x88, 0x8d, 0xff, 0xc8, 0x88, 0x88, 0x88, 0x81,
    0x2f, 0xff, 0xff, 0xff, 0xff, 0xff, 0xff, 0xff,
    0xff, 0xff, 0xf3, 0x2f, 0xff, 0xff, 0xff, 0xff,
    0xff, 0xff, 0xff, 0xff, 0xff, 0xf3, 0x2f, 0xff,
    0x66, 0x66, 0x66, 0x66, 0x66, 0x66, 0x66, 0xff,
    0xf3, 0x2f, 0xff, 0x0, 0x0, 0x0, 0x0, 0x0,
    0x0, 0x0, 0xef, 0xf3, 0x2f, 0xff, 0x0, 0xcf,
    0xff, 0xff, 0xff, 0xfd, 0x0, 0xef, 0xf3, 0x2f,
    0xff, 0x0, 0xdf, 0xff, 0xff, 0xff, 0xfd, 0x0,
    0xef, 0xf3, 0x2f, 0xff, 0x0, 0xdf, 0xfa, 0xaa,
    0xaf, 0xfd, 0x0, 0xef, 0xf3, 0x2f, 0xff, 0x0,
    0xdf, 0xf0, 0x0, 0xf, 0xfd, 0x0, 0xef, 0xf3,
    0x2f, 0xff, 0x0, 0xdf, 0xf0, 0x0, 0xf, 0xfd,
    0x0, 0xef, 0xf3, 0x2f, 0xff, 0x0, 0xdf, 0xfa,
    0xaa, 0xaf, 0xfd, 0x0, 0xef, 0xf3, 0x2f, 0xff,
    0x0, 0xdf, 0xff, 0xff, 0xff, 0xfd, 0x0, 0xef,
    0xf3, 0x2f, 0xff, 0x0, 0xdf, 0xff, 0xff, 0xff,
    0xfd, 0x0, 0xef, 0xf3, 0x2f, 0xff, 0x0, 0xdf,
    0xf0, 0x0, 0x0, 0x0, 0x0, 0xef, 0xf3, 0x2f,
    0xff, 0x0, 0x79, 0x90, 0x0, 0x0, 0x2f, 0xff,
    0xff, 0xf2, 0x2f, 0xff, 0x0, 0x0, 0x0, 0x0,
    0x0, 0xc, 0xff, 0xff, 0xd0, 0x2f, 0xff, 0x0,
    0x0, 0x0, 0x0, 0x0, 0x7, 0xed, 0xc8, 0x10,

    /* U+5C40 "局" */
    0x0, 0x2, 0xff, 0xff, 0xff, 0xff, 0xff, 0xff,
    0xff, 0xff, 0xff, 0x30, 0x0, 0x0, 0x2f, 0xff,
    0xff, 0xff, 0xff, 0xff, 0xff, 0xff, 0xff, 0xf3,
    0x0, 0x0, 0x2, 0xff, 0xfa, 0xaa, 0xaa, 0xaa,
    0xaa, 0xaa, 0xaf, 0xff, 0x30, 0x0, 0x0, 0x2f,
    0xff, 0x0, 0x0, 0x0, 0x0, 0x0, 0x0, 0xef,
    0xf3, 0x0, 0x0, 0x2, 0xff, 0xf0, 0x0, 0x0,
    0x0, 0x0, 0x0, 0xe, 0xff, 0x30, 0x0, 0x0,
    0x2f, 0xff, 0xff, 0xff, 0xff, 0xff, 0xff, 0xff,
    0xff, 0xf3, 0x0, 0x0, 0x2, 0xff, 0xff, 0xff,
    0xff, 0xff, 0xff, 0xff, 0xff, 0xff, 0x30, 0x0,
    0x0, 0x2f, 0xff, 0x99, 0x99, 0x99, 0x99, 0x99,
    0x99, 0x99, 0x92, 0x0, 0x0, 0x2, 0xff, 0xe0,
    0x0, 0x0, 0x0, 0x0, 0x0, 0x0, 0x0, 0x0,
    0x0, 0x0, 0x3f, 0xff, 0xcc, 0xcc, 0xcc, 0xcc,
    0xcc, 0xcc, 0xcc, 0xcc, 0xc1, 0x0, 0x4, 0xff,
    0xff, 0xff, 0xff, 0xff, 0xff, 0xff, 0xff, 0xff,
    0xff, 0x10, 0x0, 0x5f, 0xff, 0xff, 0xff, 0xff,
    0xff, 0xff, 0xff, 0xff, 0xff, 0xf1, 0x0, 0x7,
    0xff, 0x90, 0x0, 0x0, 0x0, 0x0, 0x0, 0x0,
    0x1f, 0xff, 0x0, 0x0, 0x9f, 0xf6, 0x7, 0x78,
    0x77, 0x77, 0x77, 0x71, 0x2, 0xff, 0xf0, 0x0,
    0xc, 0xff, 0x40, 0xef, 0xff, 0xff, 0xff, 0xff,
    0x20, 0x2f, 0xff, 0x0, 0x0, 0xff, 0xf1, 0xe,
    0xff, 0xff, 0xff, 0xff, 0xf2, 0x3, 0xff, 0xe0,
    0x0, 0x4f, 0xfd, 0x0, 0xef, 0xf0, 0x0, 0xb,
    0xff, 0x20, 0x4f, 0xfd, 0x0, 0x9, 0xff, 0x90,
    0xe, 0xff, 0x0, 0x0, 0xbf, 0xf2, 0x6, 0xff,
    0xc0, 0x1, 0xff, 0xf4, 0x0, 0xef, 0xfb, 0xbb,
    0xbe, 0xff, 0x20, 0x8f, 0xfa, 0x0, 0x8f, 0xfd,
    0x0, 0xe, 0xff, 0xff, 0xff, 0xff, 0xf2, 0xb,
    0xff, 0x80, 0x1f, 0xff, 0x60, 0x0, 0xef, 0xfb,
    0xbb, 0xbb, 0xbf, 0x99, 0xff, 0xf5, 0x0, 0x2c,
    0xd0, 0x0, 0xe, 0xff, 0x0, 0x0, 0x0, 0xcf,
    0xff, 0xfe, 0x0, 0x0, 0x2, 0x0, 0x0, 0x12,
    0x10, 0x0, 0x0, 0x8, 0xff, 0xeb, 0x20, 0x0,
    0x0, 0x0, 0x0, 0x0, 0x0, 0x0, 0x0, 0x0,
    0x0, 0x0, 0x0, 0x0,

    /* U+5C71 "山" */
    0x0, 0x0, 0x0, 0x0, 0x0, 0x11, 0x0, 0x0,
    0x0, 0x0, 0x0, 0x0, 0x0, 0x0, 0x0, 0x5,
    0xff, 0xe0, 0x0, 0x0, 0x0, 0x0, 0x0, 0x0,
    0x0, 0x0, 0x5, 0xff, 0xe0, 0x0, 0x0, 0x0,
    0x0, 0x0, 0x0, 0x0, 0x0, 0x5, 0xff, 0xe0,
    0x0, 0x0, 0x0, 0x0, 0x0, 0x0, 0x0, 0x0,
    0x5, 0xff, 0xe0, 0x0, 0x0, 0x0, 0x0, 0x0,
    0x0, 0x0, 0x0, 0x5, 0xff, 0xe0, 0x0, 0x0,
    0x0, 0x0, 0x3a, 0xa8, 0x0, 0x0, 0x5, 0xff,
    0xe0, 0x0, 0x0, 0x5b, 0xb9, 0x5f, 0xfd, 0x0,
    0x0, 0x5, 0xff, 0xe0, 0x0, 0x0, 0x7f, 0xfc,
    0x5f, 0xfd, 0x0, 0x0, 0x5, 0xff, 0xe0, 0x0,
    0x0, 0x7f, 0xfc, 0x5f, 0xfd, 0x0, 0x0, 0x5,
    0xff, 0xe0, 0x0, 0x0, 0x7f, 0xfc, 0x5f, 0xfd,
    0x0, 0x0, 0x5, 0xff, 0xe0, 0x0, 0x0, 0x7f,
    0xfc, 0x5f, 0xfd, 0x0, 0x0, 0x5, 0xff, 0xe0,
    0x0, 0x0, 0x7f, 0xfc, 0x5f, 0xfd, 0x0, 0x0,
    0x5, 0xff, 0xe0, 0x0, 0x0, 0x7f, 0xfc, 0x5f,
    0xfd, 0x0, 0x0, 0x5, 0xff, 0xe0, 0x0, 0x0,
    0x7f, 0xfc, 0x5f, 0xfd, 0x0, 0x0, 0x5, 0xff,
    0xe0, 0x0, 0x0, 0x7f, 0xfc, 0x5f, 0xfd, 0x0,
    0x0, 0x5, 0xff, 0xe0, 0x0, 0x0, 0x7f, 0xfc,
    0x5f, 0xfd, 0x0, 0x0, 0x5, 0xff, 0xe0, 0x0,
    0x0, 0x7f, 0xfc, 0x5f, 0xfd, 0x0, 0x0, 0x5,
    0xff, 0xe0, 0x0, 0x0, 0x7f, 0xfc, 0x5f, 0xfd,
    0x0, 0x0, 0x5, 0xff, 0xe0, 0x0, 0x0, 0x7f,
    0xfc, 0x5f, 0xfd, 0x0, 0x0, 0x5, 0xff, 0xe0,
    0x0, 0x0, 0x7f, 0xfc, 0x5f, 0xff, 0xff, 0xff,
    0xff, 0xff, 0xff, 0xff, 0xff, 0xff, 0xfc, 0x5f,
    0xff, 0xff, 0xff, 0xff, 0xff, 0xff, 0xff, 0xff,
    0xff, 0xfc, 0x5f, 0xff, 0xff, 0xff, 0xff, 0xff,
    0xff, 0xff, 0xff, 0xff, 0xfc, 0x14, 0x44, 0x44,
    0x44, 0x44, 0x44, 0x44, 0x44, 0x44, 0x9f, 0xfc,
    0x0, 0x0, 0x0, 0x0, 0x0, 0x0, 0x0, 0x0,
    0x0, 0x7f, 0xfc,

    /* U+5DF2 "已" */
    0xbd, 0xdd, 0xdd, 0xdd, 0xdd, 0xdd, 0xdd, 0xdd,
    0xdd, 0xd4, 0x0, 0xd, 0xff, 0xff, 0xff, 0xff,
    0xff, 0xff, 0xff, 0xff, 0xff, 0x50, 0x0, 0xdf,
    0xff, 0xff, 0xff, 0xff, 0xff, 0xff, 0xff, 0xff,
    0xf5, 0x0, 0x3, 0x44, 0x44, 0x44, 0x44, 0x44,
    0x44, 0x44, 0x4e, 0xff, 0x50, 0x0, 0x0, 0x0,
    0x0, 0x0, 0x0, 0x0, 0x0, 0x0, 0xef, 0xf5,
    0x0, 0x0, 0x68, 0x83, 0x0, 0x0, 0x0, 0x0,
    0x0, 0xe, 0xff, 0x50, 0x0, 0xc, 0xff, 0x70,
    0x0, 0x0, 0x0, 0x0, 0x0, 0xef, 0xf5, 0x0,
    0x0, 0xcf, 0xf7, 0x0, 0x0, 0x0, 0x0, 0x0,
    0xe, 0xff, 0x50, 0x0, 0xc, 0xff, 0x70, 0x0,
    0x0, 0x0, 0x0, 0x0, 0xef, 0xf5, 0x0, 0x0,
    0xcf, 0xff, 0xff, 0xff, 0xff, 0xff, 0xff, 0xff,
    0xff, 0x50, 0x0, 0xc, 0xff, 0xff, 0xff, 0xff,
    0xff, 0xff, 0xff, 0xff, 0xf5, 0x0, 0x0, 0xcf,
    0xff, 0xff, 0xff, 0xff, 0xff, 0xff, 0xff, 0xff,
    0x50, 0x0, 0xc, 0xff, 0x81, 0x11, 0x11, 0x11,
    0x11, 0x11, 0xef, 0xf5, 0x0, 0x0, 0xcf, 0xf7,
    0x0, 0x0, 0x0, 0x0, 0x0, 0x4, 0x44, 0x10,
    0x0, 0xc, 0xff, 0x70, 0x0, 0x0, 0x0, 0x0,
    0x0, 0x0, 0x0, 0x0, 0x0, 0xcf, 0xf7, 0x0,
    0x0, 0x0, 0x0, 0x0, 0x0, 0x0, 0x57, 0x0,
    0xc, 0xff, 0x70, 0x0, 0x0, 0x0, 0x0, 0x0,
    0x0, 0x9, 0xff, 0x80, 0xcf, 0xf7, 0x0, 0x0,
    0x0, 0x0, 0x0, 0x0, 0x0, 0xbf, 0xf9, 0xb,
    0xff, 0x80, 0x0, 0x0, 0x0, 0x0, 0x0, 0x0,
    0x1f, 0xff, 0x60, 0x9f, 0xfe, 0x75, 0x44, 0x44,
    0x44, 0x44, 0x44, 0x6d, 0xff, 0xf2, 0x5, 0xff,
    0xff, 0xff, 0xff, 0xff, 0xff, 0xff, 0xff, 0xff,
    0xfb, 0x0, 0xa, 0xff, 0xff, 0xff, 0xff, 0xff,
    0xff, 0xff, 0xff, 0xfd, 0x20, 0x0, 0x4, 0x9b,
    0xcd, 0xdd, 0xdd, 0xdd, 0xdd, 0xdc, 0xa6, 0x0,
    0x0,

    /* U+5E03 "布" */
    0x0, 0x0, 0x0, 0x0, 0x4, 0xc8, 0x50, 0x0,
    0x0, 0x0, 0x0, 0x0, 0x0, 0x0, 0x0, 0x0,
    0x0, 0x8f, 0xfd, 0x0, 0x0, 0x0, 0x0, 0x0,
    0x0, 0x0, 0x0, 0x0, 0x0, 0xd, 0xff, 0x80,
    0x0, 0x0, 0x0, 0x0, 0x0, 0x0, 0x12, 0x22,
    0x22, 0x25, 0xff, 0xf5, 0x22, 0x22, 0x22, 0x22,
    0x22, 0x22, 0x6, 0xff, 0xff, 0xff, 0xff, 0xff,
    0xff, 0xff, 0xff, 0xff, 0xff, 0xff, 0xe0, 0x6f,
    0xff, 0xff, 0xff, 0xff, 0xff, 0xff, 0xff, 0xff,
    0xff, 0xff, 0xfe, 0x5, 0xdd, 0xdd, 0xdf, 0xff,
    0xfd, 0xdd, 0xdd, 0xdd, 0xdd, 0xdd, 0xdd, 0xb0,
    0x0, 0x0, 0x1, 0xef, 0xf7, 0x0, 0x33, 0x30,
    0x0, 0x0, 0x0, 0x0, 0x0, 0x0, 0x0, 0x9f,
    0xfe, 0x0, 0x1f, 0xff, 0x0, 0x0, 0x0, 0x0,
    0x0, 0x0, 0x0, 0x3f, 0xff, 0x60, 0x1, 0xff,
    0xf0, 0x0, 0x0, 0x0, 0x0, 0x0, 0x0, 0xd,
    0xff, 0xe4, 0x44, 0x5f, 0xff, 0x44, 0x44, 0x44,
    0x41, 0x0, 0x0, 0xb, 0xff, 0xff, 0xff, 0xff,
    0xff, 0xff, 0xff, 0xff, 0xff, 0x60, 0x0, 0x9,
    0xff, 0xff, 0xff, 0xff, 0xff, 0xff, 0xff, 0xff,
    0xff, 0xf6, 0x0, 0xa, 0xff, 0xff, 0xff, 0xbb,
    0xbc, 0xff, 0xfb, 0xbb, 0xbe, 0xff, 0x60, 0x1c,
    0xff, 0xfe, 0xff, 0xc0, 0x0, 0x1f, 0xff, 0x0,
    0x0, 0xbf, 0xf6, 0x0, 0xcf, 0xfb, 0x5f, 0xfc,
    0x0, 0x1, 0xff, 0xf0, 0x0, 0xb, 0xff, 0x60,
    0x2, 0xf9, 0x4, 0xff, 0xc0, 0x0, 0x1f, 0xff,
    0x0, 0x0, 0xbf, 0xf6, 0x0, 0x2, 0x0, 0x4f,
    0xfc, 0x0, 0x1, 0xff, 0xf0, 0x0, 0xb, 0xff,
    0x60, 0x0, 0x0, 0x4, 0xff, 0xc0, 0x0, 0x1f,
    0xff, 0x0, 0x0, 0xbf, 0xf6, 0x0, 0x0, 0x0,
    0x4f, 0xfc, 0x0, 0x1, 0xff, 0xf0, 0xef, 0xff,
    0xff, 0x50, 0x0, 0x0, 0x4, 0xff, 0xc0, 0x0,
    0x1f, 0xff, 0x8, 0xff, 0xff, 0xf1, 0x0, 0x0,
    0x0, 0x4f, 0xfc, 0x0, 0x1, 0xff, 0xf0, 0x3d,
    0xdb, 0x92, 0x0, 0x0, 0x0, 0x0, 0x0, 0x0,
    0x0, 0x1f, 0xff, 0x0, 0x0, 0x0, 0x0, 0x0,
    0x0, 0x0, 0x0, 0x0, 0x0, 0x1, 0xff, 0xf0,
    0x0, 0x0, 0x0, 0x0,

    /* U+5E16 "帖" */
    0x0, 0x0, 0x11, 0x10, 0x0, 0x0, 0x0, 0x1,
    0x11, 0x0, 0x0, 0x0, 0x0, 0x1, 0xff, 0xd0,
    0x0, 0x0, 0x0, 0xf, 0xff, 0x0, 0x0, 0x0,
    0x0, 0x1, 0xff, 0xd0, 0x0, 0x0, 0x0, 0xf,
    0xff, 0x0, 0x0, 0x0, 0x0, 0x1, 0xff, 0xd0,
    0x0, 0x0, 0x0, 0xf, 0xff, 0x0, 0x0, 0x0,
    0x0, 0x1, 0xff, 0xd0, 0x0, 0x0, 0x0, 0xf,
    0xff, 0x0, 0x0, 0x0, 0x11, 0x12, 0xff, 0xd1,
    0x21, 0x0, 0x0, 0xf, 0xff, 0x99, 0x99, 0x97,
    0xef, 0xff, 0xff, 0xff, 0xff, 0x50, 0x0, 0xf,
    0xff, 0xff, 0xff, 0xfd, 0xef, 0xff, 0xff, 0xff,
    0xff, 0x50, 0x0, 0xf, 0xff, 0xff, 0xff, 0xfd,
    0xef, 0xcb, 0xff, 0xfa, 0xff, 0x50, 0x0, 0xf,
    0xff, 0x55, 0x55, 0x54, 0xef, 0x61, 0xff, 0xd0,
    0xff, 0x50, 0x0, 0xf, 0xff, 0x0, 0x0, 0x0,
    0xef, 0x61, 0xff, 0xd0, 0xff, 0x50, 0x0, 0xf,
    0xff, 0x0, 0x0, 0x0, 0xef, 0x61, 0xff, 0xd0,
    0xff, 0x50, 0x0, 0xf, 0xff, 0x0, 0x0, 0x0,
    0xef, 0x61, 0xff, 0xd0, 0xff, 0x53, 0xff, 0xff,
    0xff, 0xff, 0xff, 0xe0, 0xef, 0x61, 0xff, 0xd0,
    0xff, 0x53, 0xff, 0xff, 0xff, 0xff, 0xff, 0xe0,
    0xef, 0x61, 0xff, 0xd0, 0xff, 0x53, 0xff, 0xfd,
    0xdd, 0xdd, 0xff, 0xe0, 0xef, 0x61, 0xff, 0xd0,
    0xff, 0x53, 0xff, 0xa0, 0x0, 0x1, 0xff, 0xe0,
    0xef, 0x61, 0xff, 0xd0, 0xff, 0x53, 0xff, 0xa0,
    0x0, 0x1, 0xff, 0xe0, 0xef, 0x61, 0xff, 0xda,
    0xff, 0x53, 0xff, 0xa0, 0x0, 0x1, 0xff, 0xe0,
    0xef, 0x61, 0xff, 0xda, 0xff, 0x33, 0xff, 0xa0,
    0x0, 0x1, 0xff, 0xe0, 0xef, 0x61, 0xff, 0xd7,
    0xe8, 0x3, 0xff, 0xa0, 0x0, 0x1, 0xff, 0xe0,
    0x0, 0x1, 0xff, 0xd0, 0x0, 0x3, 0xff, 0xa0,
    0x0, 0x1, 0xff, 0xe0, 0x0, 0x1, 0xff, 0xd0,
    0x0, 0x3, 0xff, 0xff, 0xff, 0xff, 0xff, 0xe0,
    0x0, 0x1, 0xff, 0xd0, 0x0, 0x3, 0xff, 0xff,
    0xff, 0xff, 0xff, 0xe0, 0x0, 0x1, 0xff, 0xd0,
    0x0, 0x3, 0xff, 0xfd, 0xdd, 0xdd, 0xff, 0xe0,
    0x0, 0x1, 0xff, 0xd0, 0x0, 0x2, 0xdd, 0x80,
    0x0, 0x1, 0xdd, 0xb0,

    /* U+5E38 "常" */
    0x0, 0x0, 0x39, 0x10, 0x0, 0x5e, 0xec, 0x0,
    0x0, 0x84, 0x0, 0x0, 0x0, 0xb, 0xff, 0xb0,
    0x0, 0x5f, 0xfe, 0x0, 0x7, 0xff, 0xf2, 0x0,
    0x0, 0x4, 0xff, 0xf5, 0x0, 0x5f, 0xfe, 0x0,
    0x2f, 0xff, 0x70, 0x0, 0x5, 0x55, 0xdf, 0xe7,
    0x55, 0x8f, 0xfe, 0x55, 0x8e, 0xfd, 0x55, 0x51,
    0x1f, 0xff, 0xff, 0xff, 0xff, 0xff, 0xff, 0xff,
    0xff, 0xff, 0xff, 0xf3, 0x1f, 0xff, 0xff, 0xff,
    0xff, 0xff, 0xff, 0xff, 0xff, 0xff, 0xff, 0xf3,
    0x1f, 0xff, 0x66, 0x66, 0x66, 0x66, 0x66, 0x66,
    0x66, 0x66, 0xff, 0xf3, 0x1f, 0xfe, 0x5, 0x66,
    0x66, 0x66, 0x66, 0x66, 0x66, 0x60, 0xef, 0xf3,
    0x1f, 0xfe, 0xe, 0xff, 0xff, 0xff, 0xff, 0xff,
    0xff, 0xf1, 0xef, 0xf3, 0x1f, 0xfe, 0xe, 0xff,
    0xdd, 0xdd, 0xdd, 0xdd, 0xff, 0xf1, 0xef, 0xf3,
    0x0, 0x0, 0xe, 0xff, 0x10, 0x0, 0x0, 0x1,
    0xff, 0xf1, 0x0, 0x0, 0x0, 0x0, 0xe, 0xff,
    0x99, 0x99, 0x99, 0x99, 0xff, 0xf1, 0x0, 0x0,
    0x0, 0x0, 0xe, 0xff, 0xff, 0xff, 0xff, 0xff,
    0xff, 0xf1, 0x0, 0x0, 0x0, 0x0, 0x9, 0xaa,
    0xaa, 0xaf, 0xff, 0xba, 0xaa, 0xa0, 0x0, 0x0,
    0x0, 0x0, 0x0, 0x0, 0x0, 0xf, 0xff, 0x30,
    0x0, 0x0, 0x0, 0x0, 0x0, 0x5f, 0xff, 0xff,
    0xff, 0xff, 0xff, 0xff, 0xff, 0xff, 0xfc, 0x0,
    0x0, 0x5f, 0xff, 0xff, 0xff, 0xff, 0xff, 0xff,
    0xff, 0xff, 0xfc, 0x0, 0x0, 0x5f, 0xff, 0xcc,
    0xcc, 0xcf, 0xff, 0xcc, 0xcc, 0xdf, 0xfc, 0x0,
    0x0, 0x5f, 0xfc, 0x0, 0x0, 0xf, 0xff, 0x20,
    0x0, 0x5f, 0xfc, 0x0, 0x0, 0x5f, 0xfc, 0x0,
    0x0, 0xf, 0xff, 0x20, 0x0, 0x5f, 0xfc, 0x0,
    0x0, 0x5f, 0xfc, 0x0, 0x0, 0xf, 0xff, 0x24,
    0x77, 0xaf, 0xfc, 0x0, 0x0, 0x5f, 0xfc, 0x0,
    0x0, 0xf, 0xff, 0x24, 0xff, 0xff, 0xfa, 0x0,
    0x0, 0x5f, 0xfc, 0x0, 0x0, 0xf, 0xff, 0x20,
    0xef, 0xff, 0xd2, 0x0, 0x0, 0x0, 0x0, 0x0,
    0x0, 0xf, 0xff, 0x20, 0x45, 0x42, 0x0, 0x0,

    /* U+5E73 "平" */
    0x0, 0x35, 0x55, 0x55, 0x55, 0x55, 0x55, 0x55,
    0x55, 0x55, 0x55, 0x50, 0x0, 0xa, 0xff, 0xff,
    0xff, 0xff, 0xff, 0xff, 0xff, 0xff, 0xff, 0xff,
    0x20, 0x0, 0xaf, 0xff, 0xff, 0xff, 0xff, 0xff,
    0xff, 0xff, 0xff, 0xff, 0xf2, 0x0, 0x7, 0xcc,
    0xcc, 0xcc, 0xcc, 0xff, 0xfd, 0xcc, 0xcc, 0xcc,
    0xcc, 0x10, 0x0, 0x0, 0x0, 0x40, 0x0, 0xd,
    0xff, 0x60, 0x0, 0x24, 0x0, 0x0, 0x0, 0x0,
    0xb, 0xff, 0x30, 0x0, 0xdf, 0xf6, 0x0, 0x9,
    0xff, 0xb0, 0x0, 0x0, 0x0, 0x9f, 0xfa, 0x0,
    0xd, 0xff, 0x60, 0x0, 0xef, 0xf8, 0x0, 0x0,
    0x0, 0x3, 0xff, 0xf1, 0x0, 0xdf, 0xf6, 0x0,
    0x5f, 0xff, 0x10, 0x0, 0x0, 0x0, 0xd, 0xff,
    0x70, 0xd, 0xff, 0x60, 0xc, 0xff, 0x80, 0x0,
    0x0, 0x0, 0x0, 0x8f, 0xfc, 0x0, 0xdf, 0xf6,
    0x3, 0xff, 0xf1, 0x0, 0x0, 0x0, 0x0, 0x3,
    0xb6, 0x10, 0xd, 0xff, 0x60, 0x16, 0xa6, 0x0,
    0x0, 0x0, 0x44, 0x44, 0x44, 0x44, 0x44, 0xef,
    0xf8, 0x44, 0x44, 0x44, 0x44, 0x42, 0xf, 0xff,
    0xff, 0xff, 0xff, 0xff, 0xff, 0xff, 0xff, 0xff,
    0xff, 0xff, 0xa0, 0xff, 0xff, 0xff, 0xff, 0xff,
    0xff, 0xff, 0xff, 0xff, 0xff, 0xff, 0xfa, 0xe,
    0xee, 0xee, 0xee, 0xee, 0xef, 0xff, 0xfe, 0xee,
    0xee, 0xee, 0xee, 0x90, 0x0, 0x0, 0x0, 0x0,
    0x0, 0xdf, 0xf6, 0x0, 0x0, 0x0, 0x0, 0x0,
    0x0, 0x0, 0x0, 0x0, 0x0, 0xd, 0xff, 0x60,
    0x0, 0x0, 0x0, 0x0, 0x0, 0x0, 0x0, 0x0,
    0x0, 0x0, 0xdf, 0xf6, 0x0, 0x0, 0x0, 0x0,
    0x0, 0x0, 0x0, 0x0, 0x0, 0x0, 0xd, 0xff,
    0x60, 0x0, 0x0, 0x0, 0x0, 0x0, 0x0, 0x0,
    0x0, 0x0, 0x0, 0xdf, 0xf6, 0x0, 0x0, 0x0,
    0x0, 0x0, 0x0, 0x0, 0x0, 0x0, 0x0, 0xd,
    0xff, 0x60, 0x0, 0x0, 0x0, 0x0, 0x0, 0x0,
    0x0, 0x0, 0x0, 0x0, 0xdf, 0xf6, 0x0, 0x0,
    0x0, 0x0, 0x0, 0x0, 0x0, 0x0, 0x0, 0x0,
    0xd, 0xff, 0x60, 0x0, 0x0, 0x0, 0x0, 0x0,

    /* U+5E76 "并" */
    0x0, 0x0, 0x0, 0x1, 0x0, 0x0, 0x0, 0x0,
    0x10, 0x0, 0x0, 0x0, 0x0, 0x0, 0x28, 0xec,
    0x0, 0x0, 0x0, 0x0, 0xaf, 0xb7, 0x0, 0x0,
    0x0, 0x0, 0x5f, 0xff, 0x60, 0x0, 0x0, 0x0,
    0xff, 0xfd, 0x0, 0x0, 0x0, 0x0, 0xb, 0xff,
    0xf1, 0x0, 0x0, 0x6, 0xff, 0xf5, 0x0, 0x0,
    0x0, 0x0, 0x2, 0xff, 0xf8, 0x0, 0x0, 0xc,
    0xff, 0xc0, 0x0, 0x0, 0x0, 0x0, 0x0, 0xaf,
    0xb4, 0x0, 0x0, 0x3f, 0xff, 0x40, 0x0, 0x0,
    0xd, 0xee, 0xee, 0xff, 0xee, 0xee, 0xee, 0xff,
    0xff, 0xee, 0xee, 0xe1, 0xf, 0xff, 0xff, 0xff,
    0xff, 0xff, 0xff, 0xff, 0xff, 0xff, 0xff, 0xf2,
    0xf, 0xff, 0xff, 0xff, 0xff, 0xff, 0xff, 0xff,
    0xff, 0xff, 0xff, 0xf2, 0x1, 0x11, 0x13, 0xff,
    0xf4, 0x11, 0x11, 0x3f, 0xff, 0x41, 0x11, 0x10,
    0x0, 0x0, 0x1, 0xff, 0xf3, 0x0, 0x0, 0x1f,
    0xff, 0x30, 0x0, 0x0, 0x0, 0x0, 0x1, 0xff,
    0xf3, 0x0, 0x0, 0x1f, 0xff, 0x30, 0x0, 0x0,
    0x0, 0x0, 0x1, 0xff, 0xf3, 0x0, 0x0, 0x1f,
    0xff, 0x30, 0x0, 0x0, 0x11, 0x11, 0x13, 0xff,
    0xf4, 0x11, 0x11, 0x3f, 0xff, 0x41, 0x11, 0x11,
    0xcf, 0xff, 0xff, 0xff, 0xff, 0xff, 0xff, 0xff,
    0xff, 0xff, 0xff, 0xfe, 0xcf, 0xff, 0xff, 0xff,
    0xff, 0xff, 0xff, 0xff, 0xff, 0xff, 0xff, 0xfe,
    0xbe, 0xee, 0xef, 0xff, 0xfe, 0xee, 0xee, 0xef,
    0xff, 0xee, 0xee, 0xec, 0x0, 0x0, 0xb, 0xff,
    0xc0, 0x0, 0x0, 0x1f, 0xff, 0x30, 0x0, 0x0,
    0x0, 0x0, 0x2f, 0xff, 0x80, 0x0, 0x0, 0x1f,
    0xff, 0x30, 0x0, 0x0, 0x0, 0x0, 0xbf, 0xff,
    0x20, 0x0, 0x0, 0x1f, 0xff, 0x30, 0x0, 0x0,
    0x0, 0x8, 0xff, 0xfa, 0x0, 0x0, 0x0, 0x1f,
    0xff, 0x30, 0x0, 0x0, 0x0, 0x9f, 0xff, 0xe1,
    0x0, 0x0, 0x0, 0x1f, 0xff, 0x30, 0x0, 0x0,
    0x3d, 0xff, 0xff, 0x40, 0x0, 0x0, 0x0, 0x1f,
    0xff, 0x30, 0x0, 0x0, 0x1d, 0xff, 0xe4, 0x0,
    0x0, 0x0, 0x0, 0x1f, 0xff, 0x30, 0x0, 0x0,
    0x1, 0xeb, 0x10, 0x0, 0x0, 0x0, 0x0, 0x1f,
    0xff, 0x30, 0x0, 0x0, 0x0, 0x0, 0x0, 0x0,
    0x0, 0x0, 0x0, 0x0, 0x0, 0x0, 0x0, 0x0,

    /* U+5E8F "序" */
    0x0, 0x0, 0x0, 0x0, 0x0, 0x0, 0x0, 0x0,
    0x0, 0x0, 0x0, 0x0, 0x0, 0x0, 0x0, 0x0,
    0x0, 0x0, 0x0, 0x5a, 0xe7, 0x0, 0x0, 0x0,
    0x0, 0x0, 0x0, 0x0, 0x0, 0x0, 0x0, 0x0,
    0x9f, 0xfe, 0x0, 0x0, 0x0, 0x0, 0x0, 0x0,
    0x3, 0x34, 0x33, 0x33, 0x33, 0x6f, 0xff, 0x73,
    0x33, 0x33, 0x33, 0x30, 0x0, 0xf, 0xff, 0xff,
    0xff, 0xff, 0xff, 0xff, 0xff, 0xff, 0xff, 0xff,
    0xf0, 0x0, 0xf, 0xff, 0xff, 0xff, 0xff, 0xff,
    0xff, 0xff, 0xff, 0xff, 0xff, 0xf0, 0x0, 0xf,
    0xff, 0xbb, 0xbb, 0xbb, 0xbb, 0xbb, 0xbb, 0xbb,
    0xbb, 0xbb, 0xb0, 0x0, 0xf, 0xff, 0x0, 0x34,
    0x44, 0x44, 0x44, 0x44, 0x44, 0x53, 0x0, 0x0,
    0x0, 0xf, 0xff, 0x0, 0xdf, 0xff, 0xff, 0xff,
    0xff, 0xff, 0xff, 0x70, 0x0, 0x0, 0xf, 0xff,
    0x0, 0xdf, 0xff, 0xff, 0xff, 0xff, 0xff, 0xff,
    0xb0, 0x0, 0x0, 0xf, 0xff, 0x0, 0x23, 0x34,
    0x33, 0x33, 0x3b, 0xff, 0xfa, 0x0, 0x0, 0x0,
    0xf, 0xff, 0x0, 0x0, 0x3e, 0xf9, 0x21, 0xbf,
    0xff, 0x70, 0x0, 0x0, 0x0, 0xf, 0xff, 0x0,
    0x0, 0xaf, 0xff, 0xff, 0xff, 0xe4, 0x0, 0x0,
    0x0, 0x0, 0x1f, 0xff, 0x0, 0x0, 0x3, 0xbf,
    0xff, 0xff, 0x30, 0x0, 0x0, 0x0, 0x0, 0x1f,
    0xfe, 0x3a, 0xaa, 0xaa, 0xad, 0xff, 0xff, 0xfa,
    0xaa, 0xc8, 0x20, 0x0, 0x3f, 0xfd, 0x4f, 0xff,
    0xff, 0xff, 0xff, 0xff, 0xff, 0xff, 0xff, 0xc0,
    0x0, 0x4f, 0xfb, 0x4f, 0xff, 0xff, 0xff, 0xff,
    0xff, 0xff, 0xff, 0xff, 0x40, 0x0, 0x6f, 0xf9,
    0x0, 0x0, 0x0, 0x3, 0xff, 0xf0, 0x0, 0x8f,
    0xfa, 0x0, 0x0, 0x9f, 0xf7, 0x0, 0x0, 0x0,
    0x3, 0xff, 0xf0, 0x2, 0xff, 0xf1, 0x0, 0x0,
    0xdf, 0xf4, 0x0, 0x0, 0x0, 0x3, 0xff, 0xf0,
    0x5, 0xdf, 0x60, 0x0, 0x1, 0xff, 0xf0, 0x0,
    0x0, 0x0, 0x3, 0xff, 0xf0, 0x0, 0x3, 0x0,
    0x0, 0x6, 0xff, 0xc0, 0x0, 0x0, 0x0, 0x3,
    0xff, 0xf0, 0x0, 0x0, 0x0, 0x0, 0xd, 0xff,
    0x70, 0x0, 0x4, 0xcc, 0xcd, 0xff, 0xe0, 0x0,
    0x0, 0x0, 0x0, 0x1d, 0xff, 0x10, 0x0, 0x0,
    0xff, 0xff, 0xff, 0xb0, 0x0, 0x0, 0x0, 0x0,
    0x0, 0x89, 0x0, 0x0, 0x0, 0xbf, 0xff, 0xd9,
    0x10, 0x0, 0x0, 0x0, 0x0, 0x0, 0x0, 0x0,
    0x0, 0x0, 0x0, 0x0, 0x0, 0x0, 0x0, 0x0,
    0x0, 0x0,

    /* U+5EA6 "度" */
    0x0, 0x0, 0x0, 0x0, 0x0, 0x0, 0x0, 0x11,
    0x0, 0x0, 0x0, 0x0, 0x0, 0x0, 0x0, 0x0,
    0x0, 0x0, 0x0, 0x9e, 0xfa, 0x0, 0x0, 0x0,
    0x0, 0x0, 0x0, 0x0, 0x0, 0x0, 0x0, 0x0,
    0x8f, 0xff, 0x10, 0x0, 0x0, 0x0, 0x0, 0x0,
    0xd, 0xef, 0xdd, 0xdd, 0xdd, 0xef, 0xff, 0xed,
    0xdd, 0xdd, 0xdd, 0xb0, 0x0, 0x1f, 0xff, 0xff,
    0xff, 0xff, 0xff, 0xff, 0xff, 0xff, 0xff, 0xff,
    0xe0, 0x0, 0x1f, 0xff, 0xff, 0xff, 0xff, 0xff,
    0xff, 0xff, 0xff, 0xff, 0xff, 0xe0, 0x0, 0x1f,
    0xff, 0x10, 0x0, 0x44, 0x40, 0x0, 0x1, 0x44,
    0x40, 0x0, 0x0, 0x0, 0x1f, 0xff, 0x0, 0x0,
    0xef, 0xf0, 0x0, 0x1, 0xff, 0xe0, 0x0, 0x0,
    0x0, 0x1f, 0xff, 0x48, 0x88, 0xff, 0xf8, 0x88,
    0x89, 0xff, 0xf8, 0x88, 0x50, 0x0, 0x1f, 0xff,
    0x7f, 0xff, 0xff, 0xff, 0xff, 0xff, 0xff, 0xff,
    0xff, 0xb0, 0x0, 0x1f, 0xff, 0x6f, 0xff, 0xff,
    0xff, 0xff, 0xff, 0xff, 0xff, 0xff, 0xa0, 0x0,
    0x1f, 0xff, 0x0, 0x0, 0xef, 0xf0, 0x0, 0x1,
    0xff, 0xe0, 0x0, 0x0, 0x0, 0x1f, 0xff, 0x0,
    0x0, 0xef, 0xf6, 0x66, 0x67, 0xff, 0xe0, 0x0,
    0x0, 0x0, 0x2f, 0xff, 0x0, 0x0, 0xef, 0xff,
    0xff, 0xff, 0xff, 0xe0, 0x0, 0x0, 0x0, 0x3f,
    0xfe, 0x0, 0x0, 0xef, 0xff, 0xff, 0xff, 0xff,
    0xe0, 0x0, 0x0, 0x0, 0x4f, 0xfd, 0x0, 0x0,
    0x0, 0x0, 0x0, 0x0, 0x0, 0x11, 0x0, 0x0,
    0x0, 0x5f, 0xfb, 0x4f, 0xff, 0xff, 0xff, 0xff,
    0xff, 0xff, 0xff, 0xa1, 0x0, 0x0, 0x7f, 0xf9,
    0x4f, 0xff, 0xff, 0xff, 0xff, 0xff, 0xff, 0xff,
    0xf1, 0x0, 0x0, 0x9f, 0xf7, 0x16, 0x8f, 0xff,
    0x76, 0x66, 0x66, 0xcf, 0xff, 0x50, 0x0, 0x0,
    0xcf, 0xf4, 0x0, 0xc, 0xff, 0xe5, 0x0, 0x2b,
    0xff, 0xf7, 0x0, 0x0, 0x0, 0xff, 0xf1, 0x0,
    0x0, 0xbf, 0xff, 0xda, 0xff, 0xff, 0x60, 0x0,
    0x0, 0x5, 0xff, 0xe0, 0x0, 0x0, 0x2c, 0xff,
    0xff, 0xff, 0xf6, 0x0, 0x0, 0x0, 0xb, 0xff,
    0x92, 0x8a, 0xce, 0xff, 0xff, 0xff, 0xff, 0xff,
    0xfd, 0xb9, 0x70, 0x2f, 0xff, 0x40, 0xef, 0xff,
    0xff, 0xfe, 0x99, 0xef, 0xff, 0xff, 0xff, 0xa0,
    0x3, 0xbe, 0x0, 0x7f, 0xec, 0x96, 0x20, 0x0,
    0x3, 0x7a, 0xef, 0xfe, 0x10, 0x0, 0x1, 0x0,
    0x1, 0x0, 0x0, 0x0, 0x0, 0x0, 0x0, 0x0,
    0x32, 0x0,

    /* U+5EB7 "康" */
    0x0, 0x0, 0x0, 0x0, 0x0, 0x0, 0x0, 0x13,
    0x0, 0x0, 0x0, 0x0, 0x0, 0x0, 0x0, 0x0,
    0x0, 0x0, 0x0, 0x5e, 0xfe, 0x10, 0x0, 0x0,
    0x0, 0x0, 0x0, 0x1, 0x12, 0x11, 0x11, 0x11,
    0x2f, 0xff, 0x91, 0x11, 0x11, 0x11, 0x10, 0x0,
    0xf, 0xff, 0xff, 0xff, 0xff, 0xff, 0xff, 0xff,
    0xff, 0xff, 0xff, 0xf4, 0x0, 0xf, 0xff, 0xff,
    0xff, 0xff, 0xff, 0xff, 0xff, 0xff, 0xff, 0xff,
    0xf4, 0x0, 0xf, 0xff, 0xaa, 0xaa, 0xaa, 0xac,
    0xff, 0xfa, 0xaa, 0xaa, 0xaa, 0xa3, 0x0, 0xf,
    0xff, 0x0, 0x11, 0x11, 0x15, 0xff, 0xe1, 0x11,
    0x11, 0x10, 0x0, 0x0, 0xf, 0xff, 0x3, 0xff,
    0xff, 0xff, 0xff, 0xff, 0xff, 0xff, 0xf1, 0x0,
    0x0, 0xf, 0xff, 0x3, 0xff, 0xff, 0xff, 0xff,
    0xff, 0xff, 0xff, 0xf1, 0x0, 0x0, 0xf, 0xff,
    0x0, 0x0, 0x0, 0x5, 0xff, 0xd0, 0x0, 0xef,
    0xf4, 0x31, 0x0, 0xf, 0xff, 0x4f, 0xff, 0xff,
    0xff, 0xff, 0xff, 0xff, 0xff, 0xff, 0xf5, 0x0,
    0xf, 0xff, 0x4f, 0xff, 0xff, 0xff, 0xff, 0xff,
    0xff, 0xff, 0xff, 0xf5, 0x0, 0xf, 0xff, 0x13,
    0x33, 0x33, 0x37, 0xff, 0xe3, 0x33, 0xef, 0xf7,
    0x72, 0x0, 0xf, 0xff, 0x1, 0x22, 0x22, 0x27,
    0xff, 0xe2, 0x22, 0xef, 0xf1, 0x0, 0x0, 0x1f,
    0xfd, 0x8, 0xff, 0xff, 0xff, 0xff, 0xff, 0xff,
    0xff, 0xf1, 0x0, 0x0, 0x2f, 0xfc, 0x7, 0xff,
    0xff, 0xff, 0xff, 0xff, 0xff, 0xff, 0xf0, 0x0,
    0x0, 0x4f, 0xfa, 0x6, 0xfc, 0x30, 0x5, 0xff,
    0xf1, 0x0, 0x1b, 0xd2, 0x0, 0x0, 0x6f, 0xf8,
    0xa, 0xff, 0xf9, 0x5, 0xff, 0xfc, 0x5, 0xef,
    0xfe, 0x10, 0x0, 0x9f, 0xf6, 0x0, 0x4d, 0xf9,
    0x5c, 0xff, 0xff, 0xef, 0xff, 0xa1, 0x0, 0x0,
    0xdf, 0xf3, 0x0, 0x4, 0xff, 0xff, 0xff, 0xff,
    0xff, 0xd2, 0x0, 0x0, 0x1, 0xff, 0xf0, 0x38,
    0xef, 0xff, 0xfb, 0xff, 0xd8, 0xff, 0xfc, 0x50,
    0x0, 0x6, 0xff, 0xb2, 0xff, 0xff, 0xd6, 0x5,
    0xff, 0xd0, 0x6f, 0xff, 0xff, 0xb2, 0xd, 0xff,
    0x60, 0xaf, 0xb5, 0x77, 0x7b, 0xff, 0xd0, 0x2,
    0xaf, 0xff, 0x90, 0x9, 0xfe, 0x0, 0x12, 0x0,
    0xcf, 0xff, 0xff, 0xa0, 0x0, 0x2, 0x8c, 0x0,
    0x0, 0x46, 0x0, 0x0, 0x0, 0x6f, 0xff, 0xd9,
    0x10, 0x0, 0x0, 0x0, 0x0, 0x0, 0x0, 0x0,
    0x0, 0x0, 0x0, 0x0, 0x0, 0x0, 0x0, 0x0,
    0x0, 0x0,

    /* U+5EF6 "延" */
    0x0, 0x0, 0x0, 0x0, 0x0, 0x0, 0x0, 0x0,
    0x0, 0x0, 0x0, 0x0, 0x0, 0x0, 0x0, 0x0,
    0x0, 0x0, 0x0, 0x0, 0x0, 0x0, 0x14, 0x7b,
    0xd1, 0x0, 0xb, 0xbb, 0xbb, 0xdd, 0x30, 0x0,
    0x24, 0x68, 0xbe, 0xff, 0xff, 0xfc, 0x0, 0xf,
    0xff, 0xff, 0xff, 0xd0, 0xcf, 0xff, 0xff, 0xff,
    0xff, 0xff, 0xfc, 0x40, 0xf, 0xff, 0xff, 0xff,
    0x70, 0x7f, 0xff, 0xff, 0xff, 0xfd, 0x63, 0x0,
    0x0, 0x0, 0x0, 0x2f, 0xff, 0x0, 0x2a, 0x87,
    0x53, 0x7f, 0xfb, 0x0, 0x0, 0x0, 0x0, 0x0,
    0x8f, 0xf8, 0x0, 0x0, 0x0, 0x0, 0x6f, 0xfb,
    0x0, 0x0, 0x0, 0x0, 0x1, 0xff, 0xf1, 0x0,
    0x0, 0x0, 0x0, 0x6f, 0xfb, 0x0, 0x0, 0x0,
    0x0, 0x9, 0xff, 0x70, 0x0, 0xd, 0xdb, 0x0,
    0x6f, 0xfb, 0x0, 0x0, 0x0, 0x0, 0x3f, 0xfe,
    0x11, 0x0, 0xf, 0xfe, 0x0, 0x6f, 0xff, 0xdd,
    0xdd, 0x80, 0x2, 0xef, 0xff, 0xff, 0xe6, 0xf,
    0xfe, 0x0, 0x6f, 0xff, 0xff, 0xff, 0xa0, 0xa,
    0xff, 0xff, 0xff, 0xf7, 0xf, 0xfe, 0x0, 0x6f,
    0xff, 0xee, 0xee, 0x90, 0x3, 0xfb, 0xbb, 0xef,
    0xf5, 0xf, 0xfe, 0x0, 0x6f, 0xfb, 0x0, 0x0,
    0x0, 0x0, 0x10, 0x0, 0xbf, 0xf3, 0xf, 0xfe,
    0x0, 0x6f, 0xfb, 0x0, 0x0, 0x0, 0x2, 0x9d,
    0x0, 0xef, 0xf0, 0xf, 0xfe, 0x0, 0x6f, 0xfb,
    0x0, 0x0, 0x0, 0x6, 0xff, 0x62, 0xff, 0xc0,
    0xf, 0xfe, 0x0, 0x6f, 0xfb, 0x0, 0x0, 0x0,
    0x1, 0xff, 0xd7, 0xff, 0x90, 0xf, 0xfe, 0x0,
    0x7f, 0xfb, 0x0, 0x0, 0x0, 0x0, 0x9f, 0xff,
    0xff, 0x40, 0xf, 0xff, 0xff, 0xff, 0xff, 0xff,
    0xff, 0xe0, 0x0, 0x2f, 0xff, 0xfe, 0x0, 0xf,
    0xff, 0xff, 0xff, 0xff, 0xff, 0xff, 0xe0, 0x0,
    0x8, 0xff, 0xfa, 0x0, 0xd, 0xdd, 0xdd, 0xdd,
    0xdd, 0xdd, 0xdd, 0xb0, 0x0, 0x4, 0xff, 0xff,
    0xa2, 0x0, 0x0, 0x0, 0x0, 0x0, 0x0, 0x0,
    0x0, 0x0, 0x2e, 0xff, 0xff, 0xff, 0xc8, 0x53,
    0x10, 0x0, 0x0, 0x0, 0x0, 0x10, 0x2, 0xdf,
    0xfe, 0xaf, 0xff, 0xff, 0xff, 0xff, 0xff, 0xff,
    0xff, 0xff, 0xf2, 0x1e, 0xff, 0xf4, 0x3, 0xaf,
    0xff, 0xff, 0xff, 0xff, 0xff, 0xff, 0xff, 0xb0,
    0x4, 0xff, 0x60, 0x0, 0x1, 0x58, 0xac, 0xde,
    0xef, 0xff, 0xff, 0xff, 0x60, 0x0, 0x44, 0x0,
    0x0, 0x0, 0x0, 0x0, 0x0, 0x0, 0x0, 0x0,
    0x0, 0x0,

    /* U+5EFA "建" */
    0x0, 0x0, 0x0, 0x0, 0x0, 0x0, 0x0, 0x11,
    0x10, 0x0, 0x0, 0x0, 0x0, 0x0, 0x0, 0x0,
    0x0, 0x0, 0x0, 0xe, 0xff, 0x10, 0x0, 0x0,
    0x0, 0x8, 0xaa, 0xaa, 0xdc, 0x10, 0x22, 0x22,
    0xef, 0xf3, 0x22, 0x22, 0x20, 0x0, 0xcf, 0xff,
    0xff, 0xfa, 0x4f, 0xff, 0xff, 0xff, 0xff, 0xff,
    0xff, 0x0, 0xc, 0xff, 0xff, 0xff, 0x44, 0xff,
    0xff, 0xff, 0xff, 0xff, 0xff, 0xf0, 0x0, 0x1,
    0x13, 0xff, 0xd0, 0x3, 0x33, 0x3e, 0xff, 0x43,
    0x3c, 0xff, 0x0, 0x0, 0x0, 0x9f, 0xf5, 0x35,
    0x55, 0x55, 0xff, 0xf6, 0x55, 0xdf, 0xf5, 0x20,
    0x0, 0x1f, 0xfd, 0xb, 0xff, 0xff, 0xff, 0xff,
    0xff, 0xff, 0xff, 0xf6, 0x0, 0x9, 0xff, 0x50,
    0xaf, 0xff, 0xff, 0xff, 0xff, 0xff, 0xff, 0xff,
    0x60, 0x2, 0xff, 0xd1, 0x0, 0x0, 0x0, 0xe,
    0xff, 0x10, 0xc, 0xff, 0x0, 0x0, 0xdf, 0xff,
    0xff, 0x85, 0xcc, 0xcc, 0xff, 0xfc, 0xcc, 0xff,
    0xf0, 0x0, 0xcf, 0xff, 0xff, 0xf9, 0x6f, 0xff,
    0xff, 0xff, 0xff, 0xff, 0xff, 0x0, 0x7, 0xfb,
    0xab, 0xff, 0x74, 0x99, 0x99, 0xff, 0xfa, 0x99,
    0x99, 0x90, 0x0, 0x5, 0x0, 0x4f, 0xf5, 0x23,
    0x33, 0x3e, 0xff, 0x43, 0x33, 0x33, 0x0, 0x3,
    0x99, 0x7, 0xff, 0x29, 0xff, 0xff, 0xff, 0xff,
    0xff, 0xff, 0xf2, 0x0, 0x8f, 0xf1, 0xbf, 0xf0,
    0x8f, 0xff, 0xff, 0xff, 0xff, 0xff, 0xff, 0x10,
    0x3, 0xff, 0x8f, 0xfb, 0x0, 0x0, 0x0, 0xef,
    0xf1, 0x0, 0x0, 0x0, 0x0, 0xc, 0xff, 0xff,
    0x79, 0xff, 0xff, 0xff, 0xff, 0xff, 0xff, 0xff,
    0xe0, 0x0, 0x4f, 0xff, 0xf2, 0x9f, 0xff, 0xff,
    0xff, 0xff, 0xff, 0xff, 0xff, 0x0, 0x0, 0xbf,
    0xfe, 0x3, 0x66, 0x66, 0x6f, 0xff, 0x76, 0x66,
    0x66, 0x60, 0x0, 0xc, 0xff, 0xfd, 0x50, 0x0,
    0x0, 0xef, 0xf1, 0x0, 0x0, 0x0, 0x0, 0x9,
    0xff, 0xff, 0xff, 0xe9, 0x53, 0x13, 0x22, 0x0,
    0x0, 0x0, 0x0, 0x8, 0xff, 0xf6, 0xbf, 0xff,
    0xff, 0xff, 0xff, 0xff, 0xff, 0xff, 0xff, 0xa3,
    0xef, 0xf9, 0x0, 0x4b, 0xff, 0xff, 0xff, 0xff,
    0xff, 0xff, 0xff, 0xf3, 0x2, 0xdb, 0x0, 0x0,
    0x1, 0x57, 0x9b, 0xcc, 0xcc, 0xcc, 0xcc, 0xca,
    0x0, 0x1, 0x0, 0x0, 0x0, 0x0, 0x0, 0x0,
    0x0, 0x0, 0x0, 0x0, 0x0,

    /* U+5F02 "异" */
    0x0, 0x9b, 0xbb, 0xbb, 0xbb, 0xbb, 0xbb, 0xbb,
    0xbb, 0xbb, 0x50, 0x0, 0x0, 0xcf, 0xff, 0xff,
    0xff, 0xff, 0xff, 0xff, 0xff, 0xff, 0x70, 0x0,
    0x0, 0xcf, 0xfe, 0xee, 0xee, 0xee, 0xee, 0xee,
    0xef, 0xff, 0x70, 0x0, 0x0, 0xcf, 0xf5, 0x0,
    0x0, 0x0, 0x0, 0x0, 0x9, 0xff, 0x70, 0x0,
    0x0, 0xcf, 0xfb, 0x88, 0x88, 0x88, 0x88, 0x88,
    0x8c, 0xff, 0x70, 0x0, 0x0, 0xcf, 0xff, 0xff,
    0xff, 0xff, 0xff, 0xff, 0xff, 0xff, 0x70, 0x0,
    0x0, 0xcf, 0xff, 0xff, 0xff, 0xff, 0xff, 0xff,
    0xff, 0xff, 0x70, 0x0, 0x0, 0xcf, 0xf5, 0x0,
    0x0, 0x0, 0x0, 0x0, 0x0, 0x0, 0xa9, 0x50,
    0x0, 0xbf, 0xf9, 0x10, 0x0, 0x0, 0x0, 0x0,
    0x0, 0x3, 0xff, 0xf3, 0x0, 0x9f, 0xff, 0xff,
    0xff, 0xff, 0xff, 0xff, 0xff, 0xff, 0xff, 0xe0,
    0x0, 0x1d, 0xff, 0xff, 0xff, 0xff, 0xff, 0xff,
    0xff, 0xff, 0xff, 0x60, 0x0, 0x0, 0x58, 0xab,
    0xcc, 0xcc, 0xcc, 0xcc, 0xcc, 0xba, 0x83, 0x0,
    0x0, 0x0, 0x4, 0x55, 0x10, 0x0, 0x0, 0x5,
    0x55, 0x0, 0x0, 0x0, 0x0, 0x0, 0xc, 0xff,
    0x50, 0x0, 0x0, 0xe, 0xff, 0x20, 0x0, 0x0,
    0x0, 0x0, 0xc, 0xff, 0x50, 0x0, 0x0, 0xe,
    0xff, 0x30, 0x0, 0x0, 0xdf, 0xff, 0xff, 0xff,
    0xff, 0xff, 0xff, 0xff, 0xff, 0xff, 0xff, 0xfa,
    0xdf, 0xff, 0xff, 0xff, 0xff, 0xff, 0xff, 0xff,
    0xff, 0xff, 0xff, 0xfa, 0xac, 0xcc, 0xef, 0xff,
    0xcc, 0xcc, 0xcc, 0xcf, 0xff, 0xdc, 0xcc, 0xc7,
    0x0, 0x1, 0xef, 0xf9, 0x0, 0x0, 0x0, 0xe,
    0xff, 0x20, 0x0, 0x0, 0x0, 0x3e, 0xff, 0xf2,
    0x0, 0x0, 0x0, 0xe, 0xff, 0x20, 0x0, 0x0,
    0x3b, 0xff, 0xff, 0x50, 0x0, 0x0, 0x0, 0xe,
    0xff, 0x20, 0x0, 0x0, 0x3f, 0xff, 0xe4, 0x0,
    0x0, 0x0, 0x0, 0xe, 0xff, 0x20, 0x0, 0x0,
    0x6, 0xe7, 0x0, 0x0, 0x0, 0x0, 0x0, 0xe,
    0xff, 0x20, 0x0, 0x0, 0x0, 0x0, 0x0, 0x0,
    0x0, 0x0, 0x0, 0x0, 0x0, 0x0, 0x0, 0x0,

    /* U+5F15 "引" */
    0x0, 0x0, 0x0, 0x0, 0x0, 0x0, 0x0, 0x0,
    0x0, 0x0, 0x0, 0x0, 0x0, 0x0, 0x0, 0x0,
    0x0, 0x0, 0x0, 0x0, 0xdf, 0xf4, 0x6, 0xff,
    0xff, 0xff, 0xff, 0xff, 0xf2, 0x0, 0x0, 0xdf,
    0xf4, 0x6, 0xff, 0xff, 0xff, 0xff, 0xff, 0xf2,
    0x0, 0x0, 0xdf, 0xf4, 0x5, 0xee, 0xee, 0xee,
    0xee, 0xff, 0xf2, 0x0, 0x0, 0xdf, 0xf4, 0x0,
    0x0, 0x0, 0x0, 0x0, 0xef, 0xf2, 0x0, 0x0,
    0xdf, 0xf4, 0x0, 0x0, 0x0, 0x0, 0x0, 0xef,
    0xf2, 0x0, 0x0, 0xdf, 0xf4, 0x0, 0x0, 0x11,
    0x0, 0x0, 0xef, 0xf2, 0x0, 0x0, 0xdf, 0xf4,
    0x0, 0xdf, 0xff, 0xff, 0xff, 0xff, 0xf2, 0x0,
    0x0, 0xdf, 0xf4, 0x0, 0xff, 0xff, 0xff, 0xff,
    0xff, 0xf2, 0x0, 0x0, 0xdf, 0xf4, 0x1, 0xff,
    0xfd, 0xdd, 0xdd, 0xdd, 0xd2, 0x0, 0x0, 0xdf,
    0xf4, 0x4, 0xff, 0xe0, 0x0, 0x0, 0x0, 0x0,
    0x0, 0x0, 0xdf, 0xf4, 0x7, 0xff, 0xb0, 0x0,
    0x0, 0x0, 0x0, 0x0, 0x0, 0xdf, 0xf4, 0x9,
    0xff, 0x91, 0x11, 0x11, 0x21, 0x11, 0x0, 0x0,
    0xdf, 0xf4, 0xc, 0xff, 0xff, 0xff, 0xff, 0xff,
    0xfa, 0x0, 0x0, 0xdf, 0xf4, 0xf, 0xff, 0xff,
    0xff, 0xff, 0xff, 0xf9, 0x0, 0x0, 0xdf, 0xf4,
    0x2c, 0xdd, 0xcc, 0xcc, 0xcc, 0xff, 0xf7, 0x0,
    0x0, 0xdf, 0xf4, 0x0, 0x0, 0x0, 0x0, 0x1,
    0xff, 0xf6, 0x0, 0x0, 0xdf, 0xf4, 0x0, 0x0,
    0x0, 0x0, 0x3, 0xff, 0xf4, 0x0, 0x0, 0xdf,
    0xf4, 0x0, 0x0, 0x0, 0x0, 0x5, 0xff, 0xf2,
    0x0, 0x0, 0xdf, 0xf4, 0x0, 0x0, 0x0, 0x0,
    0x9, 0xff, 0xf0, 0x0, 0x0, 0xdf, 0xf4, 0x0,
    0x0, 0x32, 0x22, 0x4e, 0xff, 0xc0, 0x0, 0x0,
    0xdf, 0xf4, 0x0, 0x0, 0xdf, 0xff, 0xff, 0xff,
    0x70, 0x0, 0x0, 0xdf, 0xf4, 0x0, 0x0, 0x6f,
    0xff, 0xff, 0xfe, 0x10, 0x0, 0x0, 0xdf, 0xf4,
    0x0, 0x0, 0x2f, 0xff, 0xfd, 0xa2, 0x0, 0x0,
    0x0, 0xdf, 0xf4, 0x0, 0x0, 0x0, 0x0, 0x0,
    0x0, 0x0, 0x0, 0x0, 0x0, 0x0,

    /* U+5F53 "当" */
    0x0, 0x0, 0x0, 0x0, 0x0, 0x11, 0x0, 0x0,
    0x0, 0x0, 0x0, 0x0, 0x0, 0x0, 0x0, 0xe,
    0xff, 0x80, 0x0, 0x0, 0x10, 0x0, 0x4, 0xab,
    0x0, 0x0, 0xe, 0xff, 0x80, 0x0, 0x5, 0xfd,
    0x82, 0x2f, 0xff, 0x70, 0x0, 0xe, 0xff, 0x80,
    0x0, 0xb, 0xff, 0xf2, 0x8, 0xff, 0xf1, 0x0,
    0xe, 0xff, 0x80, 0x0, 0x1f, 0xff, 0x90, 0x0,
    0xef, 0xf9, 0x0, 0xe, 0xff, 0x80, 0x0, 0x8f,
    0xff, 0x10, 0x0, 0x7f, 0xff, 0x10, 0xe, 0xff,
    0x80, 0x1, 0xff, 0xf8, 0x0, 0x0, 0xf, 0xff,
    0x70, 0xe, 0xff, 0x80, 0x9, 0xff, 0xe0, 0x0,
    0x0, 0x9, 0xb5, 0x0, 0xe, 0xff, 0x80, 0x6,
    0xbf, 0x50, 0x0, 0x0, 0x1, 0x0, 0x0, 0xe,
    0xff, 0x80, 0x0, 0x2, 0x0, 0x0, 0xd, 0xff,
    0xff, 0xff, 0xff, 0xff, 0xff, 0xff, 0xff, 0xff,
    0xf0, 0xd, 0xff, 0xff, 0xff, 0xff, 0xff, 0xff,
    0xff, 0xff, 0xff, 0xf0, 0xd, 0xff, 0xff, 0xff,
    0xff, 0xff, 0xff, 0xff, 0xff, 0xff, 0xf0, 0x1,
    0x11, 0x11, 0x11, 0x11, 0x11, 0x11, 0x11, 0x15,
    0xff, 0xf0, 0x0, 0x0, 0x0, 0x0, 0x0, 0x0,
    0x0, 0x0, 0x4, 0xff, 0xf0, 0x0, 0xbc, 0xcc,
    0xcc, 0xcc, 0xcc, 0xcc, 0xcc, 0xcd, 0xff, 0xf0,
    0x0, 0xff, 0xff, 0xff, 0xff, 0xff, 0xff, 0xff,
    0xff, 0xff, 0xf0, 0x0, 0xff, 0xff, 0xff, 0xff,
    0xff, 0xff, 0xff, 0xff, 0xff, 0xf0, 0x0, 0x33,
    0x33, 0x33, 0x33, 0x33, 0x33, 0x33, 0x37, 0xff,
    0xf0, 0x0, 0x0, 0x0, 0x0, 0x0, 0x0, 0x0,
    0x0, 0x4, 0xff, 0xf0, 0x0, 0x0, 0x0, 0x0,
    0x0, 0x0, 0x0, 0x0, 0x4, 0xff, 0xf0, 0x6f,
    0xff, 0xff, 0xff, 0xff, 0xff, 0xff, 0xff, 0xff,
    0xff, 0xf0, 0x6f, 0xff, 0xff, 0xff, 0xff, 0xff,
    0xff, 0xff, 0xff, 0xff, 0xf0, 0x6f, 0xff, 0xff,
    0xff, 0xff, 0xff, 0xff, 0xff, 0xff, 0xff, 0xf0,
    0x2, 0x22, 0x22, 0x22, 0x22, 0x22, 0x22, 0x22,
    0x26, 0xff, 0xf0,

    /* U+5F55 "录" */
    0x1, 0xdd, 0xdd, 0xdd, 0xdd, 0xdd, 0xdd, 0xdd,
    0xde, 0xed, 0x70, 0x0, 0x1, 0xff, 0xff, 0xff,
    0xff, 0xff, 0xff, 0xff, 0xff, 0xff, 0x90, 0x0,
    0x1, 0xff, 0xff, 0xff, 0xff, 0xff, 0xff, 0xff,
    0xff, 0xff, 0x80, 0x0, 0x0, 0x0, 0x0, 0x0,
    0x0, 0x0, 0x0, 0x0, 0xe, 0xff, 0x70, 0x0,
    0x0, 0x2b, 0xbb, 0xbb, 0xbb, 0xbb, 0xbb, 0xbb,
    0xbf, 0xff, 0x60, 0x0, 0x0, 0x3f, 0xff, 0xff,
    0xff, 0xff, 0xff, 0xff, 0xff, 0xff, 0x50, 0x0,
    0x0, 0x3f, 0xff, 0xff, 0xff, 0xff, 0xff, 0xff,
    0xff, 0xff, 0x40, 0x0, 0x0, 0x0, 0x0, 0x0,
    0x0, 0x0, 0x0, 0x0, 0x2f, 0xff, 0x30, 0x0,
    0x58, 0x88, 0x88, 0x88, 0x88, 0x88, 0x88, 0x88,
    0x9f, 0xff, 0x98, 0x82, 0xaf, 0xff, 0xff, 0xff,
    0xff, 0xff, 0xff, 0xff, 0xff, 0xff, 0xff, 0xf4,
    0xaf, 0xff, 0xff, 0xff, 0xff, 0xff, 0xff, 0xff,
    0xff, 0xff, 0xff, 0xf4, 0x23, 0x38, 0x83, 0x33,
    0x33, 0xef, 0xf8, 0x33, 0x33, 0x5e, 0x63, 0x31,
    0x0, 0x6f, 0xfc, 0x30, 0x0, 0xef, 0xfc, 0x0,
    0x3, 0xef, 0xf6, 0x0, 0x0, 0x9f, 0xff, 0xf8,
    0x0, 0xef, 0xff, 0x70, 0x5f, 0xff, 0xf7, 0x0,
    0x0, 0x3, 0xdf, 0xff, 0x60, 0xef, 0xff, 0xfb,
    0xff, 0xfe, 0x40, 0x0, 0x0, 0x0, 0x9, 0xf8,
    0x39, 0xff, 0xff, 0xff, 0xff, 0x90, 0x0, 0x0,
    0x0, 0x0, 0x1, 0xad, 0xff, 0xff, 0xfe, 0xff,
    0xfb, 0x0, 0x0, 0x0, 0x0, 0x5, 0xbf, 0xff,
    0xff, 0xff, 0xf5, 0xbf, 0xff, 0xd4, 0x0, 0x0,
    0x4a, 0xff, 0xff, 0xff, 0xc5, 0xef, 0xf4, 0xb,
    0xff, 0xff, 0xc5, 0x0, 0x7f, 0xff, 0xff, 0xa3,
    0x0, 0xef, 0xf4, 0x0, 0x7f, 0xff, 0xff, 0xf4,
    0xc, 0xfe, 0x71, 0x49, 0x99, 0xff, 0xf4, 0x0,
    0x3, 0xcf, 0xff, 0x90, 0x2, 0x40, 0x0, 0x1f,
    0xff, 0xff, 0xf1, 0x0, 0x0, 0x3, 0xad, 0x0,
    0x0, 0x0, 0x0, 0xb, 0xff, 0xfc, 0x40, 0x0,
    0x0, 0x0, 0x0, 0x0, 0x0, 0x0, 0x0, 0x0,
    0x0, 0x0, 0x0, 0x0, 0x0, 0x0, 0x0, 0x0,

    /* U+5F62 "形" */
    0x0, 0x0, 0x0, 0x0, 0x0, 0x0, 0x0, 0x0,
    0x0, 0x0, 0xa, 0x71, 0x0, 0x7, 0xbb, 0xbb,
    0xbb, 0xbb, 0xbb, 0xbb, 0xb1, 0x0, 0x0, 0xaf,
    0xff, 0x20, 0xa, 0xff, 0xff, 0xff, 0xff, 0xff,
    0xff, 0xf1, 0x0, 0xa, 0xff, 0xf7, 0x0, 0xa,
    0xff, 0xff, 0xff, 0xff, 0xff, 0xff, 0xf1, 0x2,
    0xcf, 0xff, 0x80, 0x0, 0x1, 0x23, 0xff, 0xe2,
    0x24, 0xff, 0xf2, 0x20, 0x6f, 0xff, 0xf8, 0x0,
    0x0, 0x0, 0x1, 0xff, 0xd0, 0x2, 0xff, 0xe0,
    0xc, 0xff, 0xff, 0x60, 0x0, 0x0, 0x0, 0x1,
    0xff, 0xd0, 0x2, 0xff, 0xe0, 0x3, 0xff, 0xd3,
    0x0, 0x0, 0x0, 0x0, 0x1, 0xff, 0xd0, 0x2,
    0xff, 0xe0, 0x0, 0x48, 0x0, 0x1, 0x60, 0x0,
    0x0, 0x1, 0xff, 0xd0, 0x2, 0xff, 0xe0, 0x0,
    0x0, 0x0, 0xc, 0xff, 0x70, 0x0, 0x2, 0xff,
    0xd0, 0x2, 0xff, 0xe0, 0x0, 0x0, 0x0, 0xbf,
    0xff, 0x30, 0x1f, 0xff, 0xff, 0xff, 0xff, 0xff,
    0xff, 0xf7, 0x0, 0x1c, 0xff, 0xf5, 0x0, 0x1f,
    0xff, 0xff, 0xff, 0xff, 0xff, 0xff, 0xf7, 0x4,
    0xef, 0xff, 0x50, 0x0, 0x1d, 0xde, 0xff, 0xfd,
    0xde, 0xff, 0xfd, 0xd6, 0x9f, 0xff, 0xf4, 0x0,
    0x0, 0x0, 0x3, 0xff, 0xc0, 0x2, 0xff, 0xe0,
    0x7, 0xff, 0xfd, 0x20, 0x0, 0x0, 0x0, 0x4,
    0xff, 0xa0, 0x2, 0xff, 0xe0, 0x0, 0x7f, 0x90,
    0x0, 0x74, 0x0, 0x0, 0x6, 0xff, 0x90, 0x2,
    0xff, 0xe0, 0x0, 0x2, 0x0, 0x4, 0xff, 0xe3,
    0x0, 0x9, 0xff, 0x70, 0x2, 0xff, 0xe0, 0x0,
    0x0, 0x0, 0x2e, 0xff, 0xc0, 0x0, 0xd, 0xff,
    0x40, 0x2, 0xff, 0xe0, 0x0, 0x0, 0x2, 0xef,
    0xfe, 0x20, 0x0, 0x2f, 0xff, 0x0, 0x2, 0xff,
    0xe0, 0x0, 0x0, 0x4e, 0xff, 0xf3, 0x0, 0x0,
    0x9f, 0xfb, 0x0, 0x2, 0xff, 0xe0, 0x0, 0x8,
    0xff, 0xff, 0x40, 0x0, 0x2, 0xff, 0xf5, 0x0,
    0x2, 0xff, 0xe0, 0x5, 0xdf, 0xff, 0xe3, 0x0,
    0x0, 0xd, 0xff, 0xd0, 0x0, 0x2, 0xff, 0xe0,
    0xcf, 0xff, 0xfc, 0x20, 0x0, 0x0, 0x1c, 0xff,
    0x40, 0x0, 0x2, 0xff, 0xe0, 0x3f, 0xff, 0x80,
    0x0, 0x0, 0x0, 0x0, 0xb7, 0x0, 0x0, 0x2,
    0xff, 0xe0, 0x5, 0xa2, 0x0, 0x0, 0x0, 0x0,
    0x0, 0x0, 0x0, 0x0, 0x0, 0x0, 0x0, 0x0,
    0x0, 0x0, 0x0, 0x0, 0x0,

    /* U+5F85 "待" */
    0x0, 0x0, 0x6, 0xb4, 0x0, 0x0, 0x0, 0xc,
    0xee, 0x20, 0x0, 0x0, 0x0, 0x0, 0x0, 0x3f,
    0xff, 0x80, 0x0, 0x0, 0xe, 0xff, 0x20, 0x0,
    0x0, 0x0, 0x0, 0x3, 0xef, 0xfc, 0x0, 0x0,
    0x0, 0xe, 0xff, 0x30, 0x0, 0x0, 0x0, 0x0,
    0x4f, 0xff, 0xe1, 0x4, 0xff, 0xff, 0xff, 0xff,
    0xff, 0xff, 0xfd, 0x0, 0x7, 0xff, 0xfe, 0x20,
    0x4, 0xff, 0xff, 0xff, 0xff, 0xff, 0xff, 0xfd,
    0x0, 0x2f, 0xff, 0xd2, 0x10, 0x3, 0xcc, 0xcc,
    0xcf, 0xff, 0xdc, 0xcc, 0xca, 0x0, 0x8, 0xfb,
    0x10, 0xed, 0x70, 0x0, 0x0, 0xe, 0xff, 0x20,
    0x0, 0x0, 0x0, 0x1, 0x70, 0xa, 0xff, 0xd0,
    0x0, 0x0, 0xe, 0xff, 0x20, 0x0, 0x0, 0x0,
    0x0, 0x0, 0x7f, 0xff, 0xef, 0xff, 0xff, 0xff,
    0xff, 0xff, 0xff, 0xff, 0xf4, 0x0, 0x5, 0xff,
    0xf8, 0xbf, 0xff, 0xff, 0xff, 0xff, 0xff, 0xff,
    0xff, 0xf4, 0x0, 0x5f, 0xff, 0xf2, 0x9c, 0xcc,
    0xcc, 0xcc, 0xcc, 0xef, 0xff, 0xcc, 0xc3, 0x7,
    0xff, 0xff, 0xf2, 0x0, 0x0, 0x0, 0x0, 0x0,
    0x5f, 0xfc, 0x0, 0x0, 0x7f, 0xff, 0xff, 0xf2,
    0x0, 0x0, 0x0, 0x0, 0x0, 0x6f, 0xfc, 0x0,
    0x0, 0x2f, 0xfe, 0xef, 0xf2, 0x7f, 0xff, 0xff,
    0xff, 0xff, 0xff, 0xff, 0xff, 0xf0, 0xa, 0xe3,
    0xdf, 0xf2, 0x7f, 0xff, 0xff, 0xff, 0xff, 0xff,
    0xff, 0xff, 0xf0, 0x3, 0x20, 0xdf, 0xf2, 0x5c,
    0xcc, 0xcc, 0xcc, 0xcc, 0xdf, 0xff, 0xcc, 0xc0,
    0x0, 0x0, 0xdf, 0xf2, 0x0, 0x19, 0xe2, 0x0,
    0x0, 0x5f, 0xfc, 0x0, 0x0, 0x0, 0x0, 0xdf,
    0xf2, 0x0, 0xbf, 0xfd, 0x0, 0x0, 0x5f, 0xfc,
    0x0, 0x0, 0x0, 0x0, 0xdf, 0xf2, 0x0, 0x1e,
    0xff, 0xa0, 0x0, 0x5f, 0xfc, 0x0, 0x0, 0x0,
    0x0, 0xdf, 0xf2, 0x0, 0x4, 0xff, 0xf4, 0x0,
    0x5f, 0xfc, 0x0, 0x0, 0x0, 0x0, 0xdf, 0xf2,
    0x0, 0x0, 0xaf, 0xa2, 0x0, 0x5f, 0xfc, 0x0,
    0x0, 0x0, 0x0, 0xdf, 0xf2, 0x0, 0x0, 0x23,
    0xa, 0xdd, 0xef, 0xfb, 0x0, 0x0, 0x0, 0x0,
    0xdf, 0xf2, 0x0, 0x0, 0x0, 0x7, 0xff, 0xff,
    0xf7, 0x0, 0x0, 0x0, 0x0, 0xdf, 0xf2, 0x0,
    0x0, 0x0, 0x2, 0xff, 0xfd, 0x80, 0x0, 0x0,
    0x0, 0x0, 0x0, 0x0, 0x0, 0x0, 0x0, 0x0,
    0x10, 0x0, 0x0, 0x0, 0x0,

    /* U+5FC3 "心" */
    0x0, 0x0, 0x0, 0x0, 0x0, 0x62, 0x0, 0x0,
    0x0, 0x0, 0x0, 0x0, 0x0, 0x0, 0x0, 0x0,
    0x0, 0x7, 0xff, 0x70, 0x0, 0x0, 0x0, 0x0,
    0x0, 0x0, 0x0, 0x0, 0x0, 0x0, 0x2f, 0xff,
    0xfb, 0x10, 0x0, 0x0, 0x0, 0x0, 0x0, 0x0,
    0x0, 0x0, 0x0, 0x2, 0xdf, 0xff, 0xe4, 0x0,
    0x0, 0x0, 0x0, 0x0, 0x0, 0x0, 0x0, 0x0,
    0x0, 0x9, 0xff, 0xff, 0x80, 0x0, 0x0, 0x0,
    0x0, 0x0, 0x0, 0x0, 0x0, 0x0, 0x0, 0x6f,
    0xff, 0xf9, 0x0, 0x0, 0x0, 0x0, 0x0, 0x0,
    0x0, 0x0, 0x0, 0x0, 0x3, 0xef, 0xf4, 0x0,
    0x0, 0x0, 0x0, 0x0, 0x0, 0x0, 0x3, 0x99,
    0x80, 0x0, 0x2e, 0x40, 0x0, 0x0, 0x0, 0x0,
    0x0, 0x0, 0x0, 0x5, 0xff, 0xe0, 0x0, 0x0,
    0x0, 0x0, 0x4a, 0x40, 0x0, 0x0, 0x1f, 0xc9,
    0x5, 0xff, 0xe0, 0x0, 0x0, 0x0, 0xa, 0xff,
    0xb0, 0x0, 0x0, 0x3f, 0xfe, 0x5, 0xff, 0xe0,
    0x0, 0x0, 0x0, 0x5, 0xff, 0xf2, 0x0, 0x0,
    0x5f, 0xfc, 0x5, 0xff, 0xe0, 0x0, 0x0, 0x0,
    0x0, 0xef, 0xf8, 0x0, 0x0, 0x7f, 0xfa, 0x5,
    0xff, 0xe0, 0x0, 0x0, 0x0, 0x0, 0x8f, 0xfe,
    0x0, 0x0, 0xaf, 0xf8, 0x5, 0xff, 0xe0, 0x0,
    0x0, 0x0, 0x0, 0x3f, 0xff, 0x30, 0x0, 0xdf,
    0xf5, 0x5, 0xff, 0xe0, 0x0, 0x0, 0x0, 0x0,
    0xe, 0xff, 0x90, 0x1, 0xff, 0xf2, 0x5, 0xff,
    0xe0, 0x0, 0x0, 0x0, 0x0, 0x9, 0xff, 0xe0,
    0x5, 0xff, 0xf0, 0x5, 0xff, 0xe0, 0x0, 0x0,
    0x2, 0x91, 0x4, 0xff, 0xf2, 0x9, 0xff, 0xd0,
    0x5, 0xff, 0xe0, 0x0, 0x0, 0x3, 0xff, 0x90,
    0xff, 0xf5, 0xe, 0xff, 0x90, 0x5, 0xff, 0xe0,
    0x0, 0x0, 0x5, 0xff, 0xa0, 0xca, 0x30, 0x4,
    0xbf, 0x50, 0x5, 0xff, 0xe0, 0x0, 0x0, 0x7,
    0xff, 0x80, 0x0, 0x0, 0x0, 0x2, 0x0, 0x5,
    0xff, 0xf3, 0x0, 0x0, 0x2d, 0xff, 0x50, 0x0,
    0x0, 0x0, 0x0, 0x0, 0x2, 0xff, 0xff, 0xff,
    0xff, 0xff, 0xff, 0x10, 0x0, 0x0, 0x0, 0x0,
    0x0, 0x0, 0xcf, 0xff, 0xff, 0xff, 0xff, 0xf9,
    0x0, 0x0, 0x0, 0x0, 0x0, 0x0, 0x0, 0x8,
    0xcd, 0xdd, 0xdd, 0xdc, 0x60, 0x0, 0x0, 0x0,

    /* U+6001 "态" */
    0x0, 0x0, 0x0, 0x0, 0x0, 0x36, 0x65, 0x0,
    0x0, 0x0, 0x0, 0x0, 0x0, 0x0, 0x0, 0x0,
    0x0, 0x8, 0xff, 0xb0, 0x0, 0x0, 0x0, 0x0,
    0x0, 0x0, 0x0, 0x0, 0x0, 0x0, 0xaf, 0xf9,
    0x0, 0x0, 0x0, 0x0, 0x0, 0x0, 0x0, 0x0,
    0x0, 0x0, 0xc, 0xff, 0x60, 0x0, 0x0, 0x0,
    0x0, 0x0, 0x9d, 0xdd, 0xdd, 0xdd, 0xdd, 0xff,
    0xfe, 0xdd, 0xdd, 0xdd, 0xdd, 0xdc, 0xb, 0xff,
    0xff, 0xff, 0xff, 0xff, 0xff, 0xff, 0xff, 0xff,
    0xff, 0xff, 0xe0, 0xbf, 0xff, 0xff, 0xff, 0xff,
    0xff, 0xff, 0xff, 0xff, 0xff, 0xff, 0xfe, 0x0,
    0x0, 0x0, 0x0, 0x1, 0xff, 0xfd, 0xff, 0xe1,
    0x0, 0x0, 0x0, 0x0, 0x0, 0x0, 0x0, 0x0,
    0x8f, 0xff, 0x2e, 0xff, 0xa0, 0x0, 0x0, 0x0,
    0x0, 0x0, 0x0, 0x0, 0x5f, 0xff, 0x80, 0x6f,
    0xff, 0x90, 0x0, 0x0, 0x0, 0x0, 0x0, 0x0,
    0x5f, 0xff, 0xd0, 0x0, 0xbf, 0xff, 0xa1, 0x0,
    0x0, 0x0, 0x0, 0x1, 0xaf, 0xff, 0xe6, 0xb4,
    0x1, 0xdf, 0xff, 0xe6, 0x0, 0x0, 0x0, 0x39,
    0xff, 0xff, 0xec, 0xff, 0xfa, 0x11, 0xcf, 0xff,
    0xfe, 0x94, 0x7, 0xef, 0xff, 0xff, 0xb1, 0x3d,
    0xff, 0xfe, 0x40, 0x9f, 0xff, 0xff, 0xe1, 0x3f,
    0xff, 0xfd, 0x50, 0x0, 0x8, 0xff, 0xf6, 0x0,
    0x3c, 0xff, 0xf4, 0x0, 0x9f, 0xa4, 0x0, 0x0,
    0x3, 0xce, 0xa1, 0x0, 0x0, 0x3, 0x98, 0x0,
    0x0, 0x53, 0x0, 0x55, 0x52, 0xff, 0xf8, 0x0,
    0x0, 0x5, 0xa3, 0x0, 0x0, 0xc, 0xfd, 0x3f,
    0xff, 0x5, 0xff, 0xf7, 0x0, 0x7, 0xff, 0xc0,
    0x0, 0x1, 0xff, 0xf1, 0xff, 0xf0, 0x7, 0xff,
    0xf4, 0x0, 0xe, 0xff, 0x40, 0x0, 0x6f, 0xfb,
    0x1f, 0xff, 0x0, 0xa, 0xfe, 0x52, 0xa3, 0x8f,
    0xfc, 0x0, 0xb, 0xff, 0x61, 0xff, 0xf0, 0x0,
    0x19, 0x10, 0x3f, 0xfb, 0xff, 0xf3, 0x2, 0xff,
    0xf2, 0x1f, 0xff, 0x20, 0x0, 0x0, 0x9, 0xff,
    0x8a, 0xff, 0x90, 0xaf, 0xfc, 0x0, 0xff, 0xff,
    0xff, 0xff, 0xff, 0xff, 0xf4, 0x4f, 0xff, 0x3,
    0xbf, 0x50, 0x9, 0xff, 0xff, 0xff, 0xff, 0xff,
    0xfc, 0x0, 0xfc, 0x70, 0x0, 0x30, 0x0, 0x6,
    0xac, 0xcc, 0xcc, 0xcc, 0xb8, 0x10, 0x1, 0x0,
    0x0,

    /* U+6027 "性" */
    0x0, 0x0, 0x66, 0x60, 0x0, 0x0, 0x0, 0x0,
    0x44, 0x30, 0x0, 0x0, 0x0, 0x0, 0x2, 0xff,
    0xf0, 0x0, 0x0, 0x0, 0x3, 0xff, 0xe0, 0x0,
    0x0, 0x0, 0x0, 0x2, 0xff, 0xf0, 0x0, 0xc,
    0xfc, 0x33, 0xff, 0xe0, 0x0, 0x0, 0x0, 0x0,
    0x2, 0xff, 0xf0, 0x0, 0xe, 0xff, 0x23, 0xff,
    0xe0, 0x0, 0x0, 0x0, 0x0, 0x2, 0xff, 0xf0,
    0x0, 0x1f, 0xff, 0x3, 0xff, 0xe0, 0x0, 0x0,
    0x0, 0x0, 0x2, 0xff, 0xf7, 0x90, 0x4f, 0xfc,
    0x3, 0xff, 0xe0, 0x0, 0x0, 0x0, 0x6, 0xfe,
    0xff, 0xff, 0xf2, 0x8f, 0xff, 0xee, 0xff, 0xfe,
    0xee, 0xee, 0x30, 0x8, 0xfe, 0xff, 0xfe, 0xf9,
    0xcf, 0xff, 0xff, 0xff, 0xff, 0xff, 0xff, 0x40,
    0xa, 0xfd, 0xff, 0xf9, 0xff, 0xff, 0xff, 0xff,
    0xff, 0xff, 0xff, 0xff, 0x40, 0xd, 0xfa, 0xff,
    0xf3, 0xff, 0xff, 0xb0, 0x3, 0xff, 0xe0, 0x0,
    0x0, 0x0, 0xf, 0xf8, 0xff, 0xf0, 0x3e, 0xff,
    0x50, 0x3, 0xff, 0xe0, 0x0, 0x0, 0x0, 0x4f,
    0xf5, 0xff, 0xf0, 0x18, 0xfe, 0x0, 0x3, 0xff,
    0xe0, 0x0, 0x0, 0x0, 0x5e, 0xf2, 0xff, 0xf0,
    0x0, 0x3, 0x0, 0x3, 0xff, 0xe0, 0x0, 0x0,
    0x0, 0x0, 0x22, 0xff, 0xf0, 0x0, 0x3d, 0xdd,
    0xdd, 0xff, 0xfd, 0xdd, 0xd8, 0x0, 0x0, 0x2,
    0xff, 0xf0, 0x0, 0x4f, 0xff, 0xff, 0xff, 0xff,
    0xff, 0xfb, 0x0, 0x0, 0x2, 0xff, 0xf0, 0x0,
    0x4f, 0xff, 0xff, 0xff, 0xff, 0xff, 0xfb, 0x0,
    0x0, 0x2, 0xff, 0xf0, 0x0, 0x1, 0x11, 0x14,
    0xff, 0xf1, 0x11, 0x11, 0x0, 0x0, 0x2, 0xff,
    0xf0, 0x0, 0x0, 0x0, 0x3, 0xff, 0xe0, 0x0,
    0x0, 0x0, 0x0, 0x2, 0xff, 0xf0, 0x0, 0x0,
    0x0, 0x3, 0xff, 0xe0, 0x0, 0x0, 0x0, 0x0,
    0x2, 0xff, 0xf0, 0x0, 0x0, 0x0, 0x3, 0xff,
    0xe0, 0x0, 0x0, 0x0, 0x0, 0x2, 0xff, 0xf0,
    0x0, 0x0, 0x0, 0x3, 0xff, 0xe0, 0x0, 0x0,
    0x0, 0x0, 0x2, 0xff, 0xf0, 0x2a, 0xaa, 0xaa,
    0xab, 0xff, 0xfa, 0xaa, 0xaa, 0xa0, 0x0, 0x2,
    0xff, 0xf0, 0x3f, 0xff, 0xff, 0xff, 0xff, 0xff,
    0xff, 0xff, 0xf1, 0x0, 0x2, 0xff, 0xf0, 0x3f,
    0xff, 0xff, 0xff, 0xff, 0xff, 0xff, 0xff, 0xf1,
    0x0, 0x2, 0xff, 0xf0, 0x15, 0x55, 0x55, 0x55,
    0x55, 0x55, 0x55, 0x55, 0x50,

    /* U+603B "总" */
    0x0, 0x0, 0x0, 0x0, 0x0, 0x0, 0x0, 0x0,
    0x0, 0x0, 0x0, 0x0, 0x0, 0x0, 0x0, 0x0,
    0x5, 0xd6, 0x0, 0x0, 0x0, 0xe, 0xa3, 0x0,
    0x0, 0x0, 0x0, 0x0, 0x0, 0x6f, 0xff, 0x20,
    0x0, 0x0, 0x5f, 0xff, 0x50, 0x0, 0x0, 0x0,
    0x0, 0x0, 0xc, 0xff, 0xc0, 0x0, 0x0, 0xcf,
    0xfc, 0x0, 0x0, 0x0, 0x0, 0x0, 0x0, 0x3,
    0xff, 0xf5, 0x0, 0x4, 0xff, 0xf3, 0x0, 0x0,
    0x0, 0x0, 0x0, 0x0, 0x0, 0xbf, 0xd4, 0x0,
    0xc, 0xff, 0xa0, 0x0, 0x0, 0x0, 0x0, 0x0,
    0x7f, 0xff, 0xff, 0xff, 0xff, 0xff, 0xff, 0xff,
    0xff, 0x0, 0x0, 0x0, 0x0, 0x7f, 0xff, 0xff,
    0xff, 0xff, 0xff, 0xff, 0xff, 0xff, 0x0, 0x0,
    0x0, 0x0, 0x7f, 0xff, 0xee, 0xee, 0xee, 0xee,
    0xee, 0xff, 0xff, 0x0, 0x0, 0x0, 0x0, 0x7f,
    0xfe, 0x0, 0x0, 0x0, 0x0, 0x0, 0x8f, 0xff,
    0x0, 0x0, 0x0, 0x0, 0x7f, 0xfe, 0x0, 0x0,
    0x0, 0x0, 0x0, 0x8f, 0xff, 0x0, 0x0, 0x0,
    0x0, 0x7f, 0xfe, 0x0, 0x0, 0x0, 0x0, 0x0,
    0x8f, 0xff, 0x0, 0x0, 0x0, 0x0, 0x7f, 0xff,
    0xee, 0xee, 0xee, 0xee, 0xee, 0xff, 0xff, 0x0,
    0x0, 0x0, 0x0, 0x7f, 0xff, 0xff, 0xff, 0xff,
    0xff, 0xff, 0xff, 0xff, 0x0, 0x0, 0x0, 0x0,
    0x7f, 0xff, 0xff, 0xff, 0xff, 0xff, 0xff, 0xff,
    0xff, 0x0, 0x0, 0x0, 0x0, 0x0, 0x0, 0x0,
    0x1, 0xbf, 0x70, 0x0, 0x0, 0x0, 0x0, 0x0,
    0x0, 0x2, 0x0, 0x8, 0x99, 0x49, 0xff, 0xfa,
    0x0, 0x0, 0x2b, 0x50, 0x0, 0x0, 0xf, 0xfd,
    0xe, 0xff, 0x60, 0x8f, 0xff, 0xb0, 0x3, 0xff,
    0xf2, 0x0, 0x0, 0x4f, 0xfe, 0xe, 0xff, 0x60,
    0x6, 0xff, 0xf5, 0x0, 0xaf, 0xfc, 0x0, 0x0,
    0x9f, 0xfa, 0xe, 0xff, 0x60, 0x0, 0x7f, 0x60,
    0x0, 0x1e, 0xff, 0x70, 0x0, 0xef, 0xf6, 0xe,
    0xff, 0x60, 0x0, 0x2, 0x0, 0xb9, 0x36, 0xff,
    0xf1, 0x6, 0xff, 0xf1, 0xe, 0xff, 0x70, 0x0,
    0x0, 0x0, 0xff, 0xf3, 0xcf, 0xf6, 0xb, 0xff,
    0xa0, 0xc, 0xff, 0xfd, 0xdd, 0xdd, 0xdf, 0xff,
    0xf0, 0x5f, 0x70, 0x0, 0x4b, 0x20, 0x7, 0xff,
    0xff, 0xff, 0xff, 0xff, 0xff, 0x90, 0x1, 0x0,
    0x0, 0x0, 0x0, 0x0, 0x7c, 0xff, 0xff, 0xff,
    0xff, 0xe8, 0x0, 0x0, 0x0,

    /* U+6062 "恢" */
    0x0, 0x0, 0x66, 0x50, 0x0, 0x0, 0x35, 0x40,
    0x0, 0x0, 0x0, 0x0, 0x0, 0x0, 0x0, 0xff,
    0xe0, 0x0, 0x0, 0xaf, 0xf2, 0x0, 0x0, 0x0,
    0x0, 0x0, 0x0, 0x0, 0xff, 0xe0, 0x0, 0x0,
    0xcf, 0xf0, 0x0, 0x0, 0x0, 0x0, 0x0, 0x0,
    0x0, 0xff, 0xe0, 0x0, 0x0, 0xef, 0xf0, 0x0,
    0x0, 0x0, 0x0, 0x0, 0x0, 0x0, 0xff, 0xe0,
    0x9, 0xaa, 0xff, 0xfa, 0xaa, 0xaa, 0xaa, 0xaa,
    0x60, 0x0, 0x10, 0xff, 0xfb, 0x8e, 0xff, 0xff,
    0xff, 0xff, 0xff, 0xff, 0xff, 0x90, 0x3, 0xff,
    0xff, 0xff, 0xef, 0xff, 0xff, 0xff, 0xff, 0xff,
    0xff, 0xff, 0x90, 0x5, 0xff, 0xff, 0xff, 0xf5,
    0x17, 0xff, 0x61, 0x11, 0x32, 0x11, 0x11, 0x0,
    0x7, 0xfe, 0xff, 0xec, 0xf9, 0x9, 0xff, 0x30,
    0x1, 0xff, 0x70, 0x0, 0x0, 0x9, 0xfc, 0xff,
    0xe8, 0xfd, 0xc, 0xff, 0x0, 0x2, 0xff, 0x70,
    0x0, 0x0, 0xc, 0xfa, 0xff, 0xe4, 0xc5, 0xf,
    0xfc, 0x4e, 0xb3, 0xff, 0x51, 0xfd, 0x30, 0xf,
    0xf7, 0xff, 0xe0, 0x0, 0x4f, 0xf9, 0x6f, 0xd4,
    0xff, 0x44, 0xff, 0x20, 0x2e, 0xf3, 0xff, 0xe0,
    0x0, 0x8f, 0xf4, 0x9f, 0xa6, 0xff, 0x28, 0xfe,
    0x0, 0x0, 0x40, 0xff, 0xe0, 0x0, 0xdf, 0xf0,
    0xdf, 0x69, 0xff, 0xc, 0xfa, 0x0, 0x0, 0x0,
    0xff, 0xe0, 0x3, 0xff, 0xb2, 0xff, 0x2b, 0xfe,
    0x1f, 0xf6, 0x0, 0x0, 0x0, 0xff, 0xe0, 0xa,
    0xff, 0x58, 0xfd, 0xf, 0xfc, 0x7f, 0xf1, 0x0,
    0x0, 0x0, 0xff, 0xe0, 0x2f, 0xfe, 0x1, 0xa7,
    0x4f, 0xfd, 0x29, 0xa0, 0x0, 0x0, 0x0, 0xff,
    0xe0, 0xbf, 0xf8, 0x0, 0x0, 0xaf, 0xff, 0x50,
    0x0, 0x0, 0x0, 0x0, 0xff, 0xe5, 0xff, 0xf1,
    0x0, 0x2, 0xff, 0xff, 0xd0, 0x0, 0x0, 0x0,
    0x0, 0xff, 0xe6, 0xff, 0x70, 0x0, 0xc, 0xff,
    0xdf, 0xf8, 0x0, 0x0, 0x0, 0x0, 0xff, 0xe0,
    0x6c, 0x0, 0x0, 0xaf, 0xfe, 0x1e, 0xff, 0x50,
    0x0, 0x0, 0x0, 0xff, 0xe0, 0x0, 0x0, 0x3c,
    0xff, 0xf4, 0x5, 0xff, 0xf7, 0x0, 0x0, 0x0,
    0xff, 0xe0, 0x0, 0x1b, 0xff, 0xff, 0x60, 0x0,
    0x9f, 0xff, 0xb0, 0x0, 0x0, 0xff, 0xe0, 0x0,
    0x9, 0xff, 0xf5, 0x0, 0x0, 0x9, 0xff, 0x40,
    0x0, 0x0, 0xff, 0xe0, 0x0, 0x0, 0xd9, 0x10,
    0x0, 0x0, 0x0, 0x67, 0x0, 0x0, 0x0, 0x0,
    0x0, 0x0, 0x0, 0x0, 0x0, 0x0, 0x0, 0x0,
    0x0, 0x0,

    /* U+60C5 "情" */
    0x0, 0x1, 0x66, 0x40, 0x0, 0x0, 0x0, 0x6,
    0x66, 0x0, 0x0, 0x0, 0x0, 0x0, 0x3, 0xff,
    0xa0, 0x0, 0x0, 0x0, 0xf, 0xff, 0x20, 0x0,
    0x0, 0x0, 0x0, 0x3, 0xff, 0xa0, 0x4, 0x44,
    0x44, 0x4f, 0xff, 0x54, 0x44, 0x44, 0x10, 0x0,
    0x3, 0xff, 0xa0, 0x1f, 0xff, 0xff, 0xff, 0xff,
    0xff, 0xff, 0xff, 0x60, 0x0, 0x3, 0xff, 0xa3,
    0x3f, 0xff, 0xff, 0xff, 0xff, 0xff, 0xff, 0xff,
    0x60, 0x0, 0x3, 0xff, 0xff, 0x90, 0x0, 0x0,
    0xf, 0xff, 0x20, 0x0, 0x0, 0x0, 0x6, 0xdb,
    0xff, 0xef, 0xf7, 0xff, 0xff, 0xff, 0xff, 0xff,
    0xff, 0xf9, 0x0, 0x8, 0xfe, 0xff, 0xae, 0xfd,
    0xff, 0xff, 0xff, 0xff, 0xff, 0xff, 0xf9, 0x0,
    0xa, 0xfd, 0xff, 0xa9, 0xb3, 0x0, 0x0, 0xf,
    0xff, 0x20, 0x0, 0x0, 0x0, 0xc, 0xfb, 0xff,
    0xa0, 0xcd, 0xdd, 0xdd, 0xdf, 0xff, 0xed, 0xdd,
    0xdd, 0xd3, 0xe, 0xf9, 0xff, 0xa0, 0xef, 0xff,
    0xff, 0xff, 0xff, 0xff, 0xff, 0xff, 0xf4, 0x1f,
    0xf7, 0xff, 0xa0, 0x56, 0x66, 0x66, 0x66, 0x66,
    0x66, 0x66, 0x66, 0x61, 0x5f, 0xf4, 0xff, 0xa0,
    0x1, 0x66, 0x66, 0x66, 0x66, 0x66, 0x76, 0x62,
    0x0, 0x17, 0xb3, 0xff, 0xa0, 0x2, 0xff, 0xff,
    0xff, 0xff, 0xff, 0xff, 0xf6, 0x0, 0x0, 0x3,
    0xff, 0xa0, 0x2, 0xff, 0xfe, 0xee, 0xee, 0xee,
    0xff, 0xf6, 0x0, 0x0, 0x3, 0xff, 0xa0, 0x2,
    0xff, 0xb0, 0x0, 0x0, 0x0, 0x9f, 0xf6, 0x0,
    0x0, 0x3, 0xff, 0xa0, 0x2, 0xff, 0xff, 0xff,
    0xff, 0xff, 0xff, 0xf6, 0x0, 0x0, 0x3, 0xff,
    0xa0, 0x2, 0xff, 0xff, 0xff, 0xff, 0xff, 0xff,
    0xf6, 0x0, 0x0, 0x3, 0xff, 0xa0, 0x2, 0xff,
    0xb0, 0x0, 0x0, 0x0, 0x9f, 0xf6, 0x0, 0x0,
    0x3, 0xff, 0xa0, 0x2, 0xff, 0xff, 0xff, 0xff,
    0xff, 0xff, 0xf6, 0x0, 0x0, 0x3, 0xff, 0xa0,
    0x2, 0xff, 0xff, 0xff, 0xff, 0xff, 0xff, 0xf6,
    0x0, 0x0, 0x3, 0xff, 0xa0, 0x2, 0xff, 0xc3,
    0x33, 0x33, 0x33, 0xbf, 0xf6, 0x0, 0x0, 0x3,
    0xff, 0xa0, 0x2, 0xff, 0xb0, 0x0, 0x4, 0xaa,
    0xef, 0xf5, 0x0, 0x0, 0x3, 0xff, 0xa0, 0x2,
    0xff, 0xb0, 0x0, 0x2, 0xff, 0xff, 0xf2, 0x0,
    0x0, 0x3, 0xff, 0xa0, 0x2, 0xff, 0xb0, 0x0,
    0x0, 0xdf, 0xec, 0x50, 0x0,

    /* U+611F "感" */
    0x0, 0x0, 0x0, 0x0, 0x0, 0x0, 0x0, 0x0,
    0x0, 0x0, 0x0, 0x0, 0x0, 0x0, 0x0, 0x0,
    0x0, 0x0, 0x0, 0x0, 0xf, 0xfe, 0x5, 0xe6,
    0x0, 0x0, 0x0, 0x0, 0x0, 0x0, 0x0, 0x0,
    0x0, 0xf, 0xff, 0xc, 0xff, 0xa0, 0x0, 0x0,
    0x8, 0x99, 0x88, 0x88, 0x88, 0x88, 0x8f, 0xff,
    0x89, 0xff, 0xe8, 0x70, 0x0, 0xf, 0xff, 0xff,
    0xff, 0xff, 0xff, 0xff, 0xff, 0xff, 0xff, 0xff,
    0xe0, 0x0, 0xf, 0xff, 0xff, 0xff, 0xff, 0xff,
    0xff, 0xff, 0xff, 0xff, 0xff, 0xd0, 0x0, 0xf,
    0xfe, 0x0, 0x0, 0x0, 0x0, 0xb, 0xff, 0x20,
    0x4, 0x20, 0x0, 0x0, 0xf, 0xfe, 0x6f, 0xff,
    0xff, 0xff, 0x89, 0xff, 0x40, 0x1f, 0xfd, 0x0,
    0x0, 0xf, 0xfe, 0x7f, 0xff, 0xff, 0xff, 0x97,
    0xff, 0x60, 0x9f, 0xf8, 0x0, 0x0, 0xf, 0xfd,
    0x0, 0x0, 0x0, 0x0, 0x4, 0xff, 0x92, 0xff,
    0xf1, 0x0, 0x0, 0x1f, 0xfc, 0x6f, 0xff, 0xff,
    0xff, 0x51, 0xff, 0xdb, 0xff, 0x80, 0x0, 0x0,
    0x4f, 0xf9, 0x6f, 0xff, 0xff, 0xff, 0x50, 0xdf,
    0xff, 0xfe, 0x3, 0x0, 0x0, 0x7f, 0xf7, 0x6f,
    0xf3, 0x22, 0xff, 0x50, 0x8f, 0xff, 0xf3, 0xf,
    0x91, 0x0, 0xbf, 0xf3, 0x6f, 0xf1, 0x1, 0xff,
    0x50, 0x8f, 0xff, 0x70, 0x2f, 0xf5, 0x1, 0xff,
    0xf0, 0x6f, 0xfc, 0xcc, 0xff, 0x6b, 0xff, 0xff,
    0xd4, 0x8f, 0xf2, 0x9, 0xff, 0x90, 0x6f, 0xff,
    0xff, 0xff, 0xdf, 0xff, 0xff, 0xff, 0xff, 0xe0,
    0xa, 0xff, 0x30, 0x25, 0x55, 0x55, 0x56, 0x29,
    0xf6, 0x4e, 0xff, 0xff, 0x70, 0x0, 0x79, 0x0,
    0x0, 0x0, 0x6, 0xde, 0x20, 0x20, 0x1, 0x69,
    0x95, 0x0, 0x0, 0x5, 0x30, 0x5f, 0xfd, 0x9,
    0xff, 0xe1, 0x0, 0x1, 0x7c, 0xb0, 0x0, 0x0,
    0xe, 0xfe, 0x6f, 0xfd, 0x0, 0xaf, 0xfd, 0x11,
    0x1, 0xef, 0xf5, 0x0, 0x0, 0x7f, 0xfc, 0x5f,
    0xfd, 0x0, 0xc, 0xfe, 0x46, 0xfa, 0xaf, 0xfd,
    0x0, 0x0, 0xef, 0xf5, 0x5f, 0xfd, 0x0, 0x1,
    0x60, 0x8, 0xff, 0x7e, 0xff, 0x70, 0x9, 0xff,
    0xe0, 0x4f, 0xff, 0x76, 0x66, 0x66, 0x7e, 0xff,
    0x36, 0xff, 0xe0, 0x5, 0xcf, 0x60, 0x1f, 0xff,
    0xff, 0xff, 0xff, 0xff, 0xfc, 0x0, 0xc8, 0x20,
    0x0, 0x2, 0x0, 0x3, 0xbe, 0xff, 0xff, 0xff,
    0xfe, 0xa1, 0x0, 0x0, 0x0,

    /* U+6210 "成" */
    0x0, 0x0, 0x0, 0x0, 0x0, 0x0, 0x0, 0x0,
    0x0, 0x1, 0x0, 0x0, 0x0, 0x0, 0x0, 0x0,
    0x0, 0x0, 0x0, 0x7, 0xff, 0xc0, 0x6f, 0xa1,
    0x0, 0x0, 0x0, 0x0, 0x0, 0x0, 0x0, 0x0,
    0x7, 0xff, 0xc3, 0xff, 0xff, 0x60, 0x0, 0x0,
    0x0, 0x0, 0x0, 0x0, 0x0, 0x6, 0xff, 0xc0,
    0x3d, 0xff, 0xf6, 0x0, 0x0, 0x2, 0x24, 0x22,
    0x22, 0x22, 0x27, 0xff, 0xd2, 0x22, 0xbf, 0xd2,
    0x20, 0x0, 0x3f, 0xff, 0xff, 0xff, 0xff, 0xff,
    0xff, 0xff, 0xff, 0xff, 0xff, 0xf1, 0x0, 0x3f,
    0xff, 0xff, 0xff, 0xff, 0xff, 0xff, 0xff, 0xff,
    0xff, 0xff, 0xf1, 0x0, 0x3f, 0xff, 0xff, 0xff,
    0xff, 0xff, 0xff, 0xff, 0xff, 0xff, 0xff, 0xf1,
    0x0, 0x3f, 0xff, 0x10, 0x0, 0x0, 0x1, 0xff,
    0xf1, 0x0, 0x0, 0x0, 0x0, 0x0, 0x3f, 0xff,
    0x10, 0x0, 0x0, 0x0, 0xff, 0xf3, 0x0, 0x45,
    0x10, 0x0, 0x0, 0x3f, 0xff, 0x21, 0x11, 0x21,
    0x0, 0xef, 0xf5, 0x0, 0xcf, 0xf8, 0x0, 0x0,
    0x3f, 0xff, 0xff, 0xff, 0xff, 0xc0, 0xcf, 0xf7,
    0x2, 0xff, 0xf4, 0x0, 0x0, 0x3f, 0xff, 0xff,
    0xff, 0xff, 0xb0, 0xaf, 0xf9, 0x9, 0xff, 0xd0,
    0x0, 0x0, 0x3f, 0xff, 0xcc, 0xcd, 0xff, 0xb0,
    0x7f, 0xfc, 0x1f, 0xff, 0x70, 0x0, 0x0, 0x3f,
    0xff, 0x0, 0x5, 0xff, 0xb0, 0x4f, 0xff, 0x9f,
    0xfe, 0x0, 0x0, 0x0, 0x4f, 0xff, 0x0, 0x5,
    0xff, 0xa0, 0x1f, 0xff, 0xff, 0xf7, 0x0, 0x0,
    0x0, 0x5f, 0xfe, 0x0, 0x6, 0xff, 0x90, 0xd,
    0xff, 0xff, 0xd0, 0x0, 0x0, 0x0, 0x7f, 0xfc,
    0x0, 0x7, 0xff, 0x80, 0x9, 0xff, 0xff, 0x40,
    0x10, 0x0, 0x0, 0x9f, 0xfa, 0x22, 0x2c, 0xff,
    0x70, 0x8, 0xff, 0xf9, 0x0, 0x5c, 0x20, 0x0,
    0xdf, 0xf8, 0x9f, 0xff, 0xff, 0x40, 0x7f, 0xff,
    0xf7, 0x0, 0x7f, 0xf4, 0x1, 0xff, 0xf4, 0x4f,
    0xff, 0xfd, 0x19, 0xff, 0xff, 0xff, 0x10, 0x9f,
    0xf2, 0x6, 0xff, 0xf1, 0x1b, 0xba, 0x74, 0xcf,
    0xff, 0xef, 0xff, 0xc4, 0xef, 0xf0, 0xd, 0xff,
    0xb0, 0x0, 0x0, 0x5f, 0xff, 0xfe, 0x27, 0xff,
    0xff, 0xff, 0xc0, 0x1d, 0xff, 0x50, 0x0, 0x0,
    0xb, 0xff, 0xc1, 0x0, 0xaf, 0xff, 0xff, 0x50,
    0x1, 0xbd, 0x0, 0x0, 0x0, 0x0, 0xc7, 0x0,
    0x0, 0x7, 0xef, 0xd6, 0x0, 0x0, 0x2, 0x0,
    0x0, 0x0, 0x0, 0x0, 0x0, 0x0, 0x0, 0x0,
    0x0, 0x0,

    /* U+6216 "或" */
    0x0, 0x0, 0x0, 0x0, 0x0, 0x0, 0x0, 0x0,
    0x0, 0x0, 0x0, 0x0, 0x0, 0x0, 0x0, 0x0,
    0x0, 0x0, 0x0, 0xee, 0xe4, 0x4, 0xd6, 0x0,
    0x0, 0x0, 0x0, 0x0, 0x0, 0x0, 0x0, 0xf,
    0xff, 0x53, 0xff, 0xfd, 0x30, 0x0, 0x0, 0x0,
    0x0, 0x0, 0x0, 0x0, 0xff, 0xf5, 0x8, 0xff,
    0xff, 0x10, 0x1, 0x11, 0x11, 0x11, 0x11, 0x11,
    0x1f, 0xff, 0x71, 0x14, 0xef, 0x71, 0x6, 0xff,
    0xff, 0xff, 0xff, 0xff, 0xff, 0xff, 0xff, 0xff,
    0xff, 0xff, 0xe0, 0x6f, 0xff, 0xff, 0xff, 0xff,
    0xff, 0xff, 0xff, 0xff, 0xff, 0xff, 0xfe, 0x5,
    0xff, 0xff, 0xff, 0xff, 0xff, 0xff, 0xff, 0xff,
    0xff, 0xff, 0xff, 0xd0, 0x0, 0x0, 0x0, 0x0,
    0x0, 0x0, 0xb, 0xff, 0xa0, 0x0, 0x0, 0x0,
    0x0, 0x19, 0x99, 0x99, 0x99, 0x99, 0x70, 0x9f,
    0xfb, 0x0, 0x1d, 0x95, 0x0, 0x2, 0xff, 0xff,
    0xff, 0xff, 0xfd, 0x7, 0xff, 0xd0, 0x7, 0xff,
    0xd0, 0x0, 0x2f, 0xff, 0xff, 0xff, 0xff, 0xd0,
    0x5f, 0xff, 0x0, 0xdf, 0xf8, 0x0, 0x2, 0xff,
    0xb0, 0x0, 0x3f, 0xfd, 0x3, 0xff, 0xf2, 0x3f,
    0xff, 0x20, 0x0, 0x2f, 0xfb, 0x0, 0x3, 0xff,
    0xd0, 0xf, 0xff, 0x4b, 0xff, 0xb0, 0x0, 0x2,
    0xff, 0xb0, 0x0, 0x3f, 0xfd, 0x0, 0xef, 0xfb,
    0xff, 0xf4, 0x0, 0x0, 0x2f, 0xff, 0xff, 0xff,
    0xff, 0xd0, 0xa, 0xff, 0xff, 0xfc, 0x0, 0x0,
    0x2, 0xff, 0xff, 0xff, 0xff, 0xfd, 0x0, 0x7f,
    0xff, 0xff, 0x30, 0x0, 0x0, 0x1b, 0xbb, 0xbb,
    0xbb, 0xbb, 0x90, 0x2, 0xff, 0xff, 0xa0, 0x11,
    0x0, 0x0, 0x0, 0x0, 0x0, 0x0, 0x37, 0x20,
    0x1f, 0xff, 0xe1, 0x4, 0xe4, 0x0, 0x0, 0x2,
    0x57, 0xad, 0xff, 0xf6, 0xc, 0xff, 0xfe, 0x0,
    0x5f, 0xf6, 0x3a, 0xcf, 0xff, 0xff, 0xff, 0xff,
    0x8c, 0xff, 0xff, 0xf6, 0x8, 0xff, 0x44, 0xff,
    0xff, 0xff, 0xff, 0xc9, 0x9f, 0xff, 0xff, 0xff,
    0xf6, 0xdf, 0xf1, 0x1f, 0xff, 0xda, 0x63, 0x0,
    0x7f, 0xff, 0xfa, 0x2f, 0xff, 0xff, 0xfd, 0x0,
    0x74, 0x10, 0x0, 0x0, 0x3, 0xef, 0xf9, 0x0,
    0x6f, 0xff, 0xff, 0x60, 0x0, 0x0, 0x0, 0x0,
    0x0, 0x3, 0xe6, 0x0, 0x0, 0x5d, 0xfe, 0x70,
    0x0, 0x0, 0x0, 0x0, 0x0, 0x0, 0x0, 0x0,
    0x0, 0x0, 0x0, 0x0, 0x0,

    /* U+622A "截" */
    0x0, 0x0, 0x0, 0x5f, 0xfa, 0x0, 0x0, 0xe,
    0xff, 0x10, 0x42, 0x0, 0x0, 0x0, 0x0, 0x0,
    0x5f, 0xfb, 0x0, 0x0, 0xf, 0xff, 0x29, 0xff,
    0x40, 0x0, 0x0, 0xaf, 0xff, 0xff, 0xff, 0xff,
    0xfc, 0xe, 0xff, 0x19, 0xff, 0xf3, 0x0, 0x0,
    0xaf, 0xff, 0xff, 0xff, 0xff, 0xfc, 0xe, 0xff,
    0x10, 0x9f, 0xfe, 0x20, 0x0, 0x57, 0x77, 0xaf,
    0xfd, 0x77, 0x75, 0xe, 0xff, 0x20, 0xb, 0xfb,
    0x10, 0x0, 0x0, 0x0, 0x5f, 0xfb, 0x0, 0x0,
    0xd, 0xff, 0x30, 0x2, 0x70, 0x0, 0xc, 0xff,
    0xff, 0xff, 0xff, 0xff, 0xff, 0xff, 0xff, 0xff,
    0xff, 0xff, 0xf0, 0xc, 0xff, 0xff, 0xff, 0xff,
    0xff, 0xff, 0xff, 0xff, 0xff, 0xff, 0xff, 0xf0,
    0x7, 0x88, 0xcd, 0x98, 0x8a, 0xb8, 0x88, 0x8d,
    0xff, 0xb8, 0x88, 0x88, 0x80, 0x0, 0x0, 0xdf,
    0xf1, 0xbf, 0xd0, 0x0, 0xa, 0xff, 0x50, 0x6,
    0x30, 0x0, 0x0, 0x7, 0xff, 0xb4, 0xaf, 0xf9,
    0x44, 0x19, 0xff, 0x70, 0x2f, 0xfd, 0x0, 0x0,
    0x2f, 0xff, 0xff, 0xff, 0xff, 0xff, 0x57, 0xff,
    0x80, 0x8f, 0xfa, 0x0, 0x1, 0xdf, 0xff, 0xff,
    0xff, 0xff, 0xff, 0x55, 0xff, 0xa0, 0xef, 0xf4,
    0x0, 0x1d, 0xff, 0xfe, 0x0, 0x7f, 0xf1, 0x0,
    0x3, 0xff, 0xc5, 0xff, 0xe0, 0x0, 0x1c, 0xff,
    0xff, 0xee, 0xff, 0xfe, 0xeb, 0x1, 0xff, 0xfd,
    0xff, 0x70, 0x0, 0x0, 0x9d, 0xff, 0xff, 0xff,
    0xff, 0xfd, 0x0, 0xef, 0xff, 0xff, 0x10, 0x0,
    0x0, 0xc, 0xfe, 0x0, 0x7f, 0xf1, 0x0, 0x0,
    0xbf, 0xff, 0xf7, 0x0, 0x0, 0x0, 0xc, 0xff,
    0xdd, 0xef, 0xfd, 0xda, 0x0, 0x8f, 0xff, 0xe0,
    0x24, 0x0, 0x0, 0xc, 0xff, 0xff, 0xff, 0xff,
    0xfd, 0x0, 0x7f, 0xff, 0x50, 0x3f, 0x91, 0x0,
    0xc, 0xfe, 0x0, 0x7f, 0xf1, 0x0, 0x5, 0xff,
    0xff, 0x40, 0x5f, 0xf2, 0x0, 0xc, 0xff, 0xcc,
    0xef, 0xfd, 0xcc, 0x8f, 0xff, 0xff, 0xd0, 0x8f,
    0xf0, 0x0, 0xc, 0xff, 0xff, 0xff, 0xff, 0xff,
    0xff, 0xfe, 0xff, 0xfe, 0xff, 0xc0, 0x0, 0xc,
    0xff, 0xaa, 0xaa, 0xaa, 0xac, 0xff, 0xe3, 0x6f,
    0xff, 0xff, 0x60, 0x0, 0xc, 0xfe, 0x0, 0x0,
    0x0, 0x0, 0xbd, 0x20, 0x6, 0xff, 0xfb, 0x0,
    0x0, 0x0, 0x0, 0x0, 0x0, 0x0, 0x0, 0x11,
    0x0, 0x0, 0x2, 0x10, 0x0,

    /* U+6247 "扇" */
    0x0, 0x0, 0x0, 0x0, 0x0, 0x0, 0x2, 0x0,
    0x0, 0x0, 0x0, 0x0, 0x0, 0x0, 0x0, 0x0,
    0x0, 0x18, 0xdf, 0x30, 0x0, 0x0, 0x0, 0x0,
    0x0, 0x0, 0x0, 0x0, 0x0, 0xd, 0xff, 0xc0,
    0x0, 0x0, 0x0, 0x0, 0x0, 0xb, 0xcd, 0xcc,
    0xcc, 0xce, 0xff, 0xfc, 0xcc, 0xcc, 0xcc, 0xb0,
    0x0, 0xf, 0xff, 0xff, 0xff, 0xff, 0xff, 0xff,
    0xff, 0xff, 0xff, 0xe0, 0x0, 0xf, 0xff, 0xff,
    0xff, 0xff, 0xff, 0xff, 0xff, 0xff, 0xff, 0xe0,
    0x0, 0xf, 0xff, 0x30, 0x0, 0x0, 0x0, 0x0,
    0x0, 0x5, 0xff, 0xe0, 0x0, 0xf, 0xff, 0x20,
    0x0, 0x0, 0x0, 0x0, 0x0, 0x4, 0xff, 0xe0,
    0x0, 0xf, 0xff, 0xff, 0xff, 0xff, 0xff, 0xff,
    0xff, 0xff, 0xff, 0xe0, 0x0, 0xf, 0xff, 0xff,
    0xff, 0xff, 0xff, 0xff, 0xff, 0xff, 0xff, 0xe0,
    0x0, 0xf, 0xff, 0xdd, 0xdd, 0xdd, 0xdd, 0xdd,
    0xdd, 0xdd, 0xdd, 0xc0, 0x0, 0xf, 0xff, 0x10,
    0x0, 0x0, 0x10, 0x0, 0x0, 0x0, 0x0, 0x0,
    0x0, 0xf, 0xff, 0x7f, 0xff, 0xff, 0xff, 0x5d,
    0xff, 0xff, 0xff, 0xfc, 0x0, 0xf, 0xff, 0x6f,
    0xff, 0xff, 0xff, 0x5d, 0xff, 0xff, 0xff, 0xfc,
    0x0, 0x1f, 0xff, 0x37, 0x87, 0x7b, 0xff, 0x56,
    0x79, 0x77, 0x7f, 0xfc, 0x0, 0x3f, 0xfd, 0x8,
    0xf6, 0x7, 0xff, 0x51, 0xbf, 0x80, 0x1f, 0xfc,
    0x0, 0x5f, 0xfb, 0xb, 0xff, 0x47, 0xff, 0x50,
    0xbf, 0xf6, 0x1f, 0xfc, 0x0, 0x7f, 0xf9, 0x1,
    0xef, 0xd7, 0xff, 0x50, 0x1d, 0xfc, 0x1f, 0xfc,
    0x0, 0xaf, 0xf7, 0x0, 0x48, 0x4b, 0xff, 0x50,
    0x3, 0x65, 0xbf, 0xfc, 0x0, 0xdf, 0xf4, 0x2,
    0x8d, 0xff, 0xff, 0x50, 0x5a, 0xff, 0xff, 0xfc,
    0x1, 0xff, 0xf3, 0xdf, 0xff, 0xfe, 0xff, 0x6e,
    0xff, 0xff, 0xcf, 0xfc, 0x6, 0xff, 0xc0, 0xef,
    0xf9, 0x37, 0xff, 0x59, 0xff, 0x92, 0x1f, 0xfc,
    0xc, 0xff, 0x80, 0x66, 0x15, 0x6b, 0xff, 0x52,
    0x61, 0x47, 0x8f, 0xfc, 0x2e, 0xff, 0x20, 0x0,
    0x8, 0xff, 0xff, 0x30, 0x0, 0x3f, 0xff, 0xfa,
    0x0, 0x7a, 0x0, 0x0, 0x2, 0xff, 0xd6, 0x0,
    0x0, 0xd, 0xfe, 0xa1, 0x0, 0x0, 0x0, 0x0,
    0x0, 0x0, 0x0, 0x0, 0x0, 0x0, 0x0, 0x0,

    /* U+624B "手" */
    0x0, 0x0, 0x0, 0x0, 0x0, 0x0, 0x0, 0x0,
    0x0, 0x0, 0x0, 0x0, 0x0, 0x0, 0x0, 0x0,
    0x0, 0x0, 0x0, 0x2, 0x57, 0xae, 0xf3, 0x0,
    0x0, 0x0, 0x12, 0x34, 0x56, 0x79, 0xac, 0xef,
    0xff, 0xff, 0xff, 0xe2, 0x0, 0x0, 0xe, 0xff,
    0xff, 0xff, 0xff, 0xff, 0xff, 0xff, 0xff, 0xeb,
    0x50, 0x0, 0x0, 0xaf, 0xff, 0xff, 0xff, 0xff,
    0xff, 0xc9, 0x74, 0x20, 0x0, 0x0, 0x0, 0x4,
    0xa9, 0x88, 0x75, 0x48, 0xff, 0xe0, 0x0, 0x0,
    0x0, 0x0, 0x0, 0x0, 0x0, 0x0, 0x0, 0x0,
    0x6f, 0xfe, 0x0, 0x0, 0x0, 0x0, 0x0, 0x0,
    0x0, 0x0, 0x0, 0x0, 0x6, 0xff, 0xe0, 0x0,
    0x0, 0x0, 0x0, 0x0, 0x0, 0xdf, 0xff, 0xff,
    0xff, 0xff, 0xff, 0xff, 0xff, 0xff, 0xff, 0x90,
    0x0, 0xe, 0xff, 0xff, 0xff, 0xff, 0xff, 0xff,
    0xff, 0xff, 0xff, 0xfa, 0x0, 0x0, 0xef, 0xff,
    0xff, 0xff, 0xff, 0xff, 0xff, 0xff, 0xff, 0xff,
    0xa0, 0x0, 0x0, 0x0, 0x0, 0x0, 0x6, 0xff,
    0xe0, 0x0, 0x0, 0x0, 0x0, 0x0, 0x0, 0x0,
    0x0, 0x0, 0x0, 0x6f, 0xfe, 0x0, 0x0, 0x0,
    0x0, 0x0, 0x0, 0x0, 0x0, 0x0, 0x0, 0x6,
    0xff, 0xe0, 0x0, 0x0, 0x0, 0x0, 0x0, 0xae,
    0xee, 0xee, 0xee, 0xee, 0xff, 0xff, 0xee, 0xee,
    0xee, 0xee, 0xee, 0x3b, 0xff, 0xff, 0xff, 0xff,
    0xff, 0xff, 0xff, 0xff, 0xff, 0xff, 0xff, 0xf3,
    0xbf, 0xff, 0xff, 0xff, 0xff, 0xff, 0xff, 0xff,
    0xff, 0xff, 0xff, 0xff, 0x31, 0x22, 0x22, 0x22,
    0x22, 0x27, 0xff, 0xe2, 0x22, 0x22, 0x22, 0x22,
    0x20, 0x0, 0x0, 0x0, 0x0, 0x0, 0x6f, 0xfe,
    0x0, 0x0, 0x0, 0x0, 0x0, 0x0, 0x0, 0x0,
    0x0, 0x0, 0x6, 0xff, 0xe0, 0x0, 0x0, 0x0,
    0x0, 0x0, 0x0, 0x0, 0x0, 0x0, 0x0, 0x6f,
    0xfe, 0x0, 0x0, 0x0, 0x0, 0x0, 0x0, 0x0,
    0x0, 0x11, 0x0, 0x7, 0xff, 0xd0, 0x0, 0x0,
    0x0, 0x0, 0x0, 0x0, 0x0, 0x9, 0xff, 0xff,
    0xff, 0xfc, 0x0, 0x0, 0x0, 0x0, 0x0, 0x0,
    0x0, 0x0, 0x2f, 0xff, 0xff, 0xff, 0x60, 0x0,
    0x0, 0x0, 0x0, 0x0, 0x0, 0x0, 0x0, 0xbf,
    0xfe, 0xda, 0x40, 0x0, 0x0, 0x0, 0x0, 0x0,
    0x0,

    /* U+626B "扫" */
    0x0, 0x0, 0x2b, 0xb9, 0x0, 0x0, 0x0, 0x0,
    0x0, 0x0, 0x0, 0x0, 0x0, 0x0, 0x4, 0xff,
    0xc0, 0x0, 0x0, 0x0, 0x0, 0x0, 0x0, 0x0,
    0x0, 0x0, 0x0, 0x4f, 0xfc, 0x0, 0x6, 0x88,
    0x88, 0x88, 0x88, 0x88, 0x88, 0x0, 0x0, 0x4,
    0xff, 0xc0, 0x0, 0xdf, 0xff, 0xff, 0xff, 0xff,
    0xff, 0xf1, 0x1, 0x11, 0x5f, 0xfc, 0x11, 0x1d,
    0xff, 0xff, 0xff, 0xff, 0xff, 0xff, 0x10, 0xbf,
    0xff, 0xff, 0xff, 0xfb, 0x45, 0x55, 0x55, 0x55,
    0x55, 0xff, 0xf1, 0xb, 0xff, 0xff, 0xff, 0xff,
    0xb0, 0x0, 0x0, 0x0, 0x0, 0xe, 0xff, 0x10,
    0x9c, 0xcd, 0xff, 0xfc, 0xc9, 0x0, 0x0, 0x0,
    0x0, 0x0, 0xef, 0xf1, 0x0, 0x0, 0x4f, 0xfc,
    0x0, 0x0, 0x0, 0x0, 0x0, 0x0, 0xe, 0xff,
    0x10, 0x0, 0x4, 0xff, 0xc0, 0x0, 0x0, 0x0,
    0x0, 0x0, 0x0, 0xef, 0xf1, 0x0, 0x0, 0x4f,
    0xfc, 0x1, 0x33, 0xcc, 0xcc, 0xcc, 0xcc, 0xcf,
    0xff, 0x10, 0x0, 0x4, 0xff, 0xfd, 0xfd, 0x4f,
    0xff, 0xff, 0xff, 0xff, 0xff, 0xf1, 0x3, 0x7a,
    0xef, 0xff, 0xff, 0xf4, 0xff, 0xff, 0xff, 0xff,
    0xff, 0xff, 0x10, 0xef, 0xff, 0xff, 0xff, 0xea,
    0x14, 0x44, 0x44, 0x44, 0x44, 0xff, 0xf1, 0xa,
    0xff, 0xff, 0xfd, 0x20, 0x0, 0x0, 0x0, 0x0,
    0x0, 0xe, 0xff, 0x10, 0x5c, 0x87, 0xff, 0xc0,
    0x0, 0x0, 0x0, 0x0, 0x0, 0x0, 0xef, 0xf1,
    0x0, 0x0, 0x4f, 0xfc, 0x0, 0x0, 0x0, 0x0,
    0x0, 0x0, 0xe, 0xff, 0x10, 0x0, 0x4, 0xff,
    0xc0, 0x0, 0x0, 0x0, 0x0, 0x0, 0x0, 0xef,
    0xf1, 0x0, 0x0, 0x4f, 0xfc, 0x0, 0x0, 0x0,
    0x0, 0x0, 0x0, 0xe, 0xff, 0x10, 0x0, 0x4,
    0xff, 0xc0, 0x0, 0x0, 0x0, 0x0, 0x0, 0x0,
    0xef, 0xf1, 0x0, 0x0, 0x4f, 0xfc, 0x0, 0xf,
    0xff, 0xff, 0xff, 0xff, 0xff, 0xff, 0x10, 0xc,
    0xde, 0xff, 0xb0, 0x0, 0xff, 0xff, 0xff, 0xff,
    0xff, 0xff, 0xf1, 0x0, 0xbf, 0xff, 0xf8, 0x0,
    0xd, 0xdd, 0xdd, 0xdd, 0xdd, 0xdf, 0xff, 0x10,
    0x7, 0xff, 0xd8, 0x0, 0x0, 0x0, 0x0, 0x0,
    0x0, 0x0, 0xcd, 0xd1,

    /* U+6293 "抓" */
    0x0, 0x1, 0xff, 0xc0, 0x0, 0x0, 0x0, 0x0,
    0x0, 0x0, 0x16, 0x50, 0x0, 0x0, 0x1, 0xff,
    0xc0, 0x0, 0x0, 0x0, 0x0, 0x36, 0x9d, 0xff,
    0xf6, 0x0, 0x0, 0x1, 0xff, 0xc0, 0x0, 0x68,
    0x9b, 0xdf, 0xff, 0xff, 0xff, 0xff, 0x30, 0x0,
    0x1, 0xff, 0xc0, 0x0, 0xef, 0xff, 0xff, 0xff,
    0xff, 0xff, 0x90, 0x0, 0x0, 0x2, 0xff, 0xc0,
    0x0, 0xef, 0xfe, 0xcf, 0xfd, 0x35, 0xff, 0x70,
    0x0, 0xe, 0xff, 0xff, 0xff, 0xf7, 0xef, 0xe0,
    0xf, 0xfc, 0x4, 0xff, 0x80, 0x0, 0xe, 0xff,
    0xff, 0xff, 0xf7, 0xef, 0xe0, 0xf, 0xfc, 0x4,
    0xff, 0x80, 0x0, 0xb, 0xdd, 0xff, 0xfd, 0xd6,
    0xef, 0xe0, 0xf, 0xfc, 0x3, 0xff, 0x90, 0x0,
    0x0, 0x1, 0xff, 0xc0, 0x0, 0xef, 0xe0, 0xf,
    0xfc, 0x2, 0xff, 0x90, 0x0, 0x0, 0x1, 0xff,
    0xc0, 0x0, 0xef, 0xd0, 0xf, 0xfc, 0x2, 0xff,
    0xa0, 0x0, 0x0, 0x1, 0xff, 0xc0, 0x0, 0xef,
    0xd0, 0xf, 0xfc, 0x1, 0xff, 0xb0, 0x0, 0x0,
    0x1, 0xff, 0xd7, 0xc3, 0xff, 0xc0, 0xf, 0xfc,
    0x0, 0xff, 0xc0, 0x0, 0x0, 0x27, 0xff, 0xff,
    0xf5, 0xff, 0xb0, 0xf, 0xfc, 0x0, 0xef, 0xe0,
    0x0, 0xe, 0xff, 0xff, 0xff, 0xf8, 0xff, 0xa0,
    0xf, 0xfc, 0x0, 0xdf, 0xf0, 0x0, 0xb, 0xff,
    0xff, 0xe7, 0x22, 0xff, 0x90, 0xf, 0xfc, 0x0,
    0xbf, 0xf2, 0x0, 0x7, 0xea, 0xff, 0xc0, 0x4,
    0xff, 0x70, 0xf, 0xfc, 0x0, 0x9f, 0xf5, 0x0,
    0x0, 0x1, 0xff, 0xc0, 0x6, 0xff, 0x50, 0xf,
    0xfc, 0x0, 0x7f, 0xf8, 0x0, 0x0, 0x1, 0xff,
    0xc0, 0x9, 0xff, 0x30, 0xf, 0xfc, 0x0, 0x4f,
    0xfc, 0x0, 0x0, 0x1, 0xff, 0xc0, 0xc, 0xff,
    0x0, 0xf, 0xfc, 0x0, 0x1f, 0xff, 0x10, 0x0,
    0x1, 0xff, 0xc0, 0xf, 0xfc, 0x0, 0xf, 0xfc,
    0x0, 0xd, 0xff, 0x60, 0x0, 0x1, 0xff, 0xc0,
    0x5f, 0xf9, 0x0, 0xf, 0xfc, 0x0, 0x8, 0xff,
    0xe0, 0x6, 0xde, 0xff, 0xb0, 0xbf, 0xf4, 0x0,
    0xf, 0xfc, 0x0, 0x2, 0xff, 0xf4, 0x2, 0xff,
    0xff, 0x82, 0xff, 0xe0, 0x0, 0xf, 0xfc, 0x0,
    0x0, 0xbf, 0x80, 0x0, 0xff, 0xd8, 0x0, 0x6e,
    0x80, 0x0, 0xf, 0xfc, 0x0, 0x0, 0x2c, 0x0,
    0x0, 0x0, 0x0, 0x0, 0x1, 0x10, 0x0, 0x0,
    0x0, 0x0, 0x0, 0x0, 0x0,

    /* U+62A4 "护" */
    0x0, 0x0, 0xef, 0xf2, 0x0, 0x0, 0x0, 0x1,
    0x7c, 0x20, 0x0, 0x0, 0x0, 0x0, 0xe, 0xff,
    0x20, 0x0, 0x0, 0x0, 0xcf, 0xfc, 0x0, 0x0,
    0x0, 0x0, 0x0, 0xef, 0xf2, 0x0, 0x0, 0x0,
    0x3, 0xff, 0xf6, 0x0, 0x0, 0x0, 0x0, 0xe,
    0xff, 0x20, 0x0, 0x0, 0x0, 0xa, 0xff, 0xc0,
    0x0, 0x0, 0x0, 0x0, 0xef, 0xf3, 0x0, 0x18,
    0x89, 0x88, 0xbf, 0xd9, 0x88, 0x88, 0x12, 0xff,
    0xff, 0xff, 0xff, 0xb2, 0xff, 0xff, 0xff, 0xff,
    0xff, 0xff, 0xf2, 0x2f, 0xff, 0xff, 0xff, 0xfb,
    0x2f, 0xff, 0xff, 0xff, 0xff, 0xff, 0xff, 0x22,
    0xee, 0xef, 0xff, 0xee, 0xa2, 0xff, 0xf4, 0x44,
    0x44, 0x44, 0xff, 0xf2, 0x0, 0x0, 0xef, 0xf2,
    0x0, 0x2f, 0xff, 0x0, 0x0, 0x0, 0xf, 0xff,
    0x20, 0x0, 0xe, 0xff, 0x20, 0x2, 0xff, 0xf0,
    0x0, 0x0, 0x0, 0xff, 0xf2, 0x0, 0x0, 0xef,
    0xf2, 0x1, 0x2f, 0xff, 0x0, 0x0, 0x0, 0xf,
    0xff, 0x20, 0x0, 0xe, 0xff, 0xbe, 0xa2, 0xff,
    0xff, 0xff, 0xff, 0xff, 0xff, 0xf2, 0x2, 0x69,
    0xff, 0xff, 0xfd, 0x2f, 0xff, 0xff, 0xff, 0xff,
    0xff, 0xff, 0x27, 0xff, 0xff, 0xff, 0xff, 0xb3,
    0xff, 0xff, 0xff, 0xff, 0xff, 0xff, 0xf2, 0x4f,
    0xff, 0xff, 0xf6, 0x0, 0x4f, 0xfd, 0x0, 0x0,
    0x0, 0xf, 0xff, 0x20, 0xfb, 0x7e, 0xff, 0x20,
    0x6, 0xff, 0xb0, 0x0, 0x0, 0x0, 0x55, 0x50,
    0x0, 0x0, 0xef, 0xf2, 0x0, 0x9f, 0xf9, 0x0,
    0x0, 0x0, 0x0, 0x0, 0x0, 0x0, 0xe, 0xff,
    0x20, 0xd, 0xff, 0x60, 0x0, 0x0, 0x0, 0x0,
    0x0, 0x0, 0x0, 0xef, 0xf2, 0x1, 0xff, 0xf3,
    0x0, 0x0, 0x0, 0x0, 0x0, 0x0, 0x0, 0xe,
    0xff, 0x20, 0x8f, 0xfe, 0x0, 0x0, 0x0, 0x0,
    0x0, 0x0, 0x0, 0x1, 0xef, 0xf2, 0x1f, 0xff,
    0x90, 0x0, 0x0, 0x0, 0x0, 0x0, 0x0, 0x5f,
    0xff, 0xff, 0x1b, 0xff, 0xf2, 0x0, 0x0, 0x0,
    0x0, 0x0, 0x0, 0x0, 0xff, 0xff, 0xd0, 0x6f,
    0xf9, 0x0, 0x0, 0x0, 0x0, 0x0, 0x0, 0x0,
    0xc, 0xfe, 0x91, 0x0, 0x5d, 0x10, 0x0, 0x0,
    0x0, 0x0, 0x0, 0x0, 0x0, 0x0, 0x0, 0x0,
    0x0, 0x0, 0x0, 0x0, 0x0, 0x0, 0x0, 0x0,
    0x0,

    /* U+62A5 "报" */
    0x0, 0x0, 0x11, 0x10, 0x0, 0x0, 0x0, 0x0,
    0x0, 0x0, 0x0, 0x0, 0x0, 0x0, 0xe, 0xff,
    0x40, 0x0, 0x0, 0x0, 0x0, 0x0, 0x1, 0x0,
    0x0, 0x0, 0x0, 0xef, 0xf4, 0x0, 0x5f, 0xff,
    0xff, 0xff, 0xff, 0xff, 0xf7, 0x0, 0x0, 0xe,
    0xff, 0x40, 0x5, 0xff, 0xff, 0xff, 0xff, 0xff,
    0xff, 0x60, 0x0, 0x0, 0xef, 0xf4, 0x0, 0x5f,
    0xff, 0xdd, 0xdd, 0xdd, 0xff, 0xf6, 0x0, 0x11,
    0x1f, 0xff, 0x41, 0x5, 0xff, 0xc0, 0x0, 0x0,
    0xd, 0xff, 0x50, 0x3f, 0xff, 0xff, 0xff, 0xfc,
    0x5f, 0xfc, 0x0, 0x0, 0x0, 0xff, 0xf3, 0x3,
    0xff, 0xff, 0xff, 0xff, 0xc5, 0xff, 0xc0, 0x38,
    0x77, 0xaf, 0xff, 0x10, 0x3e, 0xee, 0xff, 0xfe,
    0xea, 0x5f, 0xfc, 0x0, 0xff, 0xff, 0xff, 0xc0,
    0x0, 0x0, 0xe, 0xff, 0x40, 0x5, 0xff, 0xc0,
    0xb, 0xff, 0xfd, 0xa1, 0x0, 0x0, 0x0, 0xef,
    0xf4, 0x0, 0x5f, 0xfc, 0x0, 0x0, 0x0, 0x1,
    0x0, 0x0, 0x0, 0xe, 0xff, 0x40, 0x5, 0xff,
    0xff, 0xff, 0xff, 0xff, 0xff, 0xb0, 0x0, 0x0,
    0xef, 0xfa, 0xca, 0x5f, 0xff, 0xff, 0xff, 0xff,
    0xff, 0xfe, 0x0, 0x25, 0x9f, 0xff, 0xff, 0xd5,
    0xff, 0xff, 0xff, 0xbb, 0xbd, 0xff, 0xb0, 0x7f,
    0xff, 0xff, 0xff, 0xff, 0x5f, 0xfc, 0xcf, 0xf2,
    0x0, 0xbf, 0xf7, 0x3, 0xff, 0xff, 0xff, 0xb5,
    0x15, 0xff, 0xc6, 0xff, 0xa0, 0x1f, 0xff, 0x20,
    0xf, 0xea, 0xff, 0xf4, 0x0, 0x5f, 0xfc, 0xe,
    0xff, 0x37, 0xff, 0xc0, 0x0, 0x10, 0xe, 0xff,
    0x40, 0x5, 0xff, 0xc0, 0x7f, 0xfd, 0xef, 0xf5,
    0x0, 0x0, 0x0, 0xef, 0xf4, 0x0, 0x5f, 0xfc,
    0x0, 0xdf, 0xff, 0xfd, 0x0, 0x0, 0x0, 0xe,
    0xff, 0x40, 0x5, 0xff, 0xc0, 0x4, 0xff, 0xff,
    0x40, 0x0, 0x0, 0x0, 0xef, 0xf4, 0x0, 0x5f,
    0xfc, 0x0, 0x6f, 0xff, 0xfb, 0x10, 0x0, 0x0,
    0xf, 0xff, 0x30, 0x5, 0xff, 0xc0, 0x9f, 0xff,
    0xff, 0xfe, 0x60, 0x3f, 0xff, 0xff, 0xf2, 0x0,
    0x5f, 0xfe, 0xef, 0xff, 0xdb, 0xff, 0xff, 0x90,
    0xdf, 0xff, 0xfe, 0x0, 0x5, 0xff, 0xde, 0xff,
    0xb0, 0x9, 0xff, 0xd0, 0x9, 0xff, 0xd9, 0x20,
    0x0, 0x4e, 0xeb, 0x3e, 0x60, 0x0, 0x4, 0xc2,
    0x0, 0x0, 0x0, 0x0, 0x0, 0x0, 0x0, 0x0,
    0x0, 0x0, 0x0, 0x0, 0x0,

    /* U+62DF "拟" */
    0x0, 0x1, 0xff, 0xb0, 0x0, 0x0, 0x0, 0x0,
    0x0, 0x0, 0x15, 0x43, 0x0, 0x0, 0x1, 0xff,
    0xc0, 0x0, 0xbd, 0xd2, 0x0, 0x0, 0x0, 0x4f,
    0xfd, 0x0, 0x0, 0x1, 0xff, 0xc0, 0x0, 0xdf,
    0xf3, 0x5, 0x10, 0x0, 0x4f, 0xfc, 0x0, 0x0,
    0x1, 0xff, 0xc0, 0x0, 0xdf, 0xf8, 0xef, 0x80,
    0x0, 0x5f, 0xfb, 0x0, 0x0, 0x2, 0xff, 0xc0,
    0x0, 0xdf, 0xf5, 0xff, 0xf1, 0x0, 0x5f, 0xfa,
    0x0, 0xd, 0xff, 0xff, 0xff, 0xd0, 0xdf, 0xf3,
    0xaf, 0xf8, 0x0, 0x6f, 0xf9, 0x0, 0xd, 0xff,
    0xff, 0xff, 0xd0, 0xdf, 0xf3, 0x3f, 0xfe, 0x0,
    0x8f, 0xf8, 0x0, 0xa, 0xdd, 0xff, 0xfd, 0xb0,
    0xdf, 0xf3, 0xc, 0xff, 0x60, 0x9f, 0xf6, 0x0,
    0x0, 0x1, 0xff, 0xc0, 0x0, 0xdf, 0xf3, 0x6,
    0xff, 0xc0, 0xbf, 0xf5, 0x0, 0x0, 0x1, 0xff,
    0xc0, 0x0, 0xdf, 0xf3, 0x1, 0xff, 0xf1, 0xdf,
    0xf3, 0x0, 0x0, 0x1, 0xff, 0xc0, 0x0, 0xdf,
    0xf3, 0x0, 0xcc, 0x60, 0xff, 0xf1, 0x0, 0x0,
    0x1, 0xff, 0xd9, 0xa0, 0xdf, 0xf3, 0x0, 0x10,
    0x2, 0xff, 0xe0, 0x0, 0x1, 0x49, 0xff, 0xff,
    0xe0, 0xdf, 0xf3, 0x0, 0x0, 0x5, 0xff, 0xb0,
    0x0, 0x1f, 0xff, 0xff, 0xff, 0xf0, 0xdf, 0xf3,
    0x0, 0x0, 0x9, 0xff, 0x90, 0x0, 0xe, 0xff,
    0xff, 0xd4, 0x0, 0xdf, 0xf3, 0x2, 0xb0, 0xe,
    0xff, 0xf1, 0x0, 0xa, 0xb8, 0xff, 0xc0, 0x0,
    0xdf, 0xf3, 0x7f, 0xf6, 0x4f, 0xff, 0xf7, 0x0,
    0x0, 0x1, 0xff, 0xc0, 0x0, 0xdf, 0xfd, 0xff,
    0xfa, 0xbf, 0xff, 0xfe, 0x0, 0x0, 0x1, 0xff,
    0xc0, 0x0, 0xdf, 0xff, 0xff, 0x73, 0xff, 0xff,
    0xff, 0x50, 0x0, 0x1, 0xff, 0xc0, 0x0, 0xff,
    0xff, 0xd3, 0xc, 0xff, 0xe8, 0xff, 0xc0, 0x0,
    0x1, 0xff, 0xc0, 0x7, 0xff, 0xfb, 0x10, 0x7f,
    0xff, 0x62, 0xff, 0xf2, 0x0, 0x1, 0xff, 0xc0,
    0x9, 0xff, 0x70, 0x6, 0xff, 0xfd, 0x0, 0xcf,
    0xf8, 0x6, 0xde, 0xff, 0xb0, 0x0, 0xe5, 0x0,
    0x7f, 0xff, 0xf3, 0x0, 0x7f, 0xfd, 0x3, 0xff,
    0xff, 0x70, 0x0, 0x10, 0x0, 0x1c, 0xff, 0x50,
    0x0, 0x2f, 0xc5, 0x0, 0xff, 0xd8, 0x0, 0x0,
    0x0, 0x0, 0x0, 0xa6, 0x0, 0x0, 0x3, 0x0,
    0x0, 0x0, 0x0, 0x0, 0x0, 0x0, 0x0, 0x0,
    0x0, 0x0, 0x0, 0x0, 0x0,

    /* U+62E9 "择" */
    0x0, 0x0, 0xff, 0xf0, 0x0, 0x0, 0x0, 0x0,
    0x0, 0x0, 0x1, 0x0, 0x0, 0x0, 0x0, 0xff,
    0xf0, 0x0, 0x9f, 0xff, 0xff, 0xff, 0xff, 0xff,
    0xf8, 0x0, 0x0, 0x0, 0xff, 0xf0, 0x0, 0x9f,
    0xff, 0xff, 0xff, 0xff, 0xff, 0xfd, 0x0, 0x0,
    0x0, 0xff, 0xf0, 0x0, 0x6b, 0xef, 0xfc, 0xbb,
    0xbd, 0xff, 0xf5, 0x0, 0x0, 0x1, 0xff, 0xf0,
    0x0, 0x0, 0x5f, 0xfc, 0x0, 0x2e, 0xff, 0xa0,
    0x0, 0xf, 0xff, 0xff, 0xff, 0xfc, 0x0, 0x9,
    0xff, 0xc4, 0xef, 0xfd, 0x0, 0x0, 0xf, 0xff,
    0xff, 0xff, 0xfc, 0x0, 0x0, 0xcf, 0xff, 0xff,
    0xd1, 0x0, 0x0, 0xc, 0xdd, 0xff, 0xfd, 0xd9,
    0x0, 0x0, 0x3f, 0xff, 0xff, 0x20, 0x0, 0x0,
    0x0, 0x0, 0xff, 0xf0, 0x0, 0x0, 0x29, 0xff,
    0xff, 0xff, 0xe7, 0x10, 0x0, 0x0, 0x0, 0xff,
    0xf0, 0x1, 0x6c, 0xff, 0xff, 0xe9, 0xff, 0xff,
    0xfb, 0x62, 0x0, 0x0, 0xff, 0xf0, 0x7, 0xff,
    0xff, 0xe7, 0x0, 0x2a, 0xff, 0xff, 0xf5, 0x0,
    0x0, 0xff, 0xfa, 0xe9, 0xcf, 0xd6, 0x2, 0xdd,
    0xb0, 0x39, 0xff, 0x90, 0x1, 0x59, 0xff, 0xff,
    0xfa, 0x23, 0x0, 0x3, 0xff, 0xe0, 0x0, 0x5,
    0x0, 0x3f, 0xff, 0xff, 0xff, 0xf8, 0xc, 0xcc,
    0xcd, 0xff, 0xfc, 0xcc, 0xc7, 0x0, 0xf, 0xff,
    0xff, 0xf4, 0x0, 0xf, 0xff, 0xff, 0xff, 0xff,
    0xff, 0xf9, 0x0, 0xb, 0xb7, 0xff, 0xf0, 0x0,
    0xf, 0xff, 0xff, 0xff, 0xff, 0xff, 0xf9, 0x0,
    0x0, 0x0, 0xff, 0xf0, 0x0, 0x0, 0x0, 0x3,
    0xff, 0xe0, 0x0, 0x0, 0x0, 0x0, 0x0, 0xff,
    0xf0, 0x0, 0x0, 0x0, 0x4, 0xff, 0xe0, 0x0,
    0x0, 0x0, 0x0, 0x0, 0xff, 0xf0, 0x5, 0xff,
    0xff, 0xff, 0xff, 0xff, 0xff, 0xff, 0xf3, 0x0,
    0x0, 0xff, 0xf0, 0x5, 0xff, 0xff, 0xff, 0xff,
    0xff, 0xff, 0xff, 0xf3, 0x0, 0x0, 0xff, 0xf0,
    0x3, 0xbb, 0xbb, 0xbc, 0xff, 0xfb, 0xbb, 0xbb,
    0xb2, 0x6, 0xef, 0xff, 0xf0, 0x0, 0x0, 0x0,
    0x3, 0xff, 0xe0, 0x0, 0x0, 0x0, 0x1, 0xff,
    0xff, 0xb0, 0x0, 0x0, 0x0, 0x3, 0xff, 0xe0,
    0x0, 0x0, 0x0, 0x0, 0xdf, 0xd9, 0x10, 0x0,
    0x0, 0x0, 0x3, 0xff, 0xe0, 0x0, 0x0, 0x0,

    /* U+6301 "持" */
    0x0, 0x0, 0x11, 0x10, 0x0, 0x0, 0x0, 0x0,
    0x0, 0x0, 0x0, 0x0, 0x0, 0x0, 0x1, 0xff,
    0xc0, 0x0, 0x0, 0x0, 0x1, 0xff, 0xd0, 0x0,
    0x0, 0x0, 0x0, 0x1, 0xff, 0xc0, 0x0, 0x0,
    0x0, 0x1, 0xff, 0xe0, 0x0, 0x0, 0x0, 0x0,
    0x1, 0xff, 0xc0, 0x0, 0x1, 0x11, 0x12, 0xff,
    0xe1, 0x11, 0x11, 0x0, 0x0, 0x1, 0xff, 0xc0,
    0x0, 0x6f, 0xff, 0xff, 0xff, 0xff, 0xff, 0xff,
    0x20, 0x0, 0x2, 0xff, 0xc0, 0x0, 0x6f, 0xff,
    0xff, 0xff, 0xff, 0xff, 0xff, 0x20, 0xf, 0xff,
    0xff, 0xff, 0xf0, 0x5d, 0xdd, 0xdd, 0xff, 0xfd,
    0xdd, 0xdd, 0x20, 0xf, 0xff, 0xff, 0xff, 0xf0,
    0x0, 0x0, 0x1, 0xff, 0xe0, 0x0, 0x0, 0x0,
    0xd, 0xdd, 0xff, 0xfd, 0xd0, 0x0, 0x0, 0x1,
    0xff, 0xe0, 0x0, 0x0, 0x0, 0x0, 0x1, 0xff,
    0xc0, 0x7, 0xff, 0xff, 0xff, 0xff, 0xff, 0xff,
    0xff, 0xf3, 0x0, 0x1, 0xff, 0xc0, 0x8, 0xff,
    0xff, 0xff, 0xff, 0xff, 0xff, 0xff, 0xf3, 0x0,
    0x1, 0xff, 0xc0, 0x6, 0xcc, 0xcc, 0xcc, 0xcc,
    0xcf, 0xff, 0xdc, 0xc2, 0x0, 0x1, 0xff, 0xea,
    0xd0, 0x0, 0x0, 0x0, 0x0, 0xb, 0xff, 0x40,
    0x0, 0x1, 0x59, 0xff, 0xff, 0xf1, 0x0, 0x0,
    0x0, 0x0, 0xb, 0xff, 0x40, 0x0, 0x4f, 0xff,
    0xff, 0xff, 0xf7, 0xff, 0xff, 0xff, 0xff, 0xff,
    0xff, 0xff, 0xf0, 0x1f, 0xff, 0xff, 0xe5, 0x14,
    0xff, 0xff, 0xff, 0xff, 0xff, 0xff, 0xff, 0xf0,
    0xe, 0xc9, 0xff, 0xc0, 0x3, 0xcc, 0xcc, 0xcc,
    0xcc, 0xcf, 0xff, 0xdc, 0xc0, 0x0, 0x1, 0xff,
    0xc0, 0x0, 0x1, 0x8e, 0x20, 0x0, 0xb, 0xff,
    0x40, 0x0, 0x0, 0x1, 0xff, 0xc0, 0x0, 0x9,
    0xff, 0xd0, 0x0, 0xb, 0xff, 0x40, 0x0, 0x0,
    0x1, 0xff, 0xc0, 0x0, 0x0, 0xdf, 0xfa, 0x0,
    0xb, 0xff, 0x40, 0x0, 0x0, 0x1, 0xff, 0xc0,
    0x0, 0x0, 0x3f, 0xff, 0x40, 0xb, 0xff, 0x40,
    0x0, 0x0, 0x2, 0xff, 0xc0, 0x0, 0x0, 0x9,
    0xf8, 0x0, 0xb, 0xff, 0x40, 0x0, 0x7, 0xff,
    0xff, 0xb0, 0x0, 0x0, 0x1, 0x10, 0xde, 0xef,
    0xff, 0x30, 0x0, 0x2, 0xff, 0xff, 0x60, 0x0,
    0x0, 0x0, 0x0, 0x9f, 0xff, 0xfe, 0x0, 0x0,
    0x0, 0xcc, 0xa5, 0x0, 0x0, 0x0, 0x0, 0x0,
    0x5f, 0xfe, 0xa3, 0x0, 0x0,

    /* U+6307 "指" */
    0x0, 0x0, 0x11, 0x10, 0x0, 0x1, 0x11, 0x0,
    0x0, 0x0, 0x0, 0x0, 0x0, 0x0, 0x0, 0xef,
    0xf1, 0x0, 0xe, 0xff, 0x30, 0x0, 0x0, 0x0,
    0x0, 0x0, 0x0, 0x0, 0xef, 0xf1, 0x0, 0xe,
    0xff, 0x30, 0x0, 0x4, 0xab, 0x0, 0x0, 0x0,
    0x0, 0xef, 0xf1, 0x0, 0xe, 0xff, 0x30, 0x49,
    0xef, 0xff, 0xc1, 0x0, 0x0, 0x0, 0xef, 0xf1,
    0x0, 0xe, 0xff, 0xdf, 0xff, 0xff, 0xff, 0xb4,
    0x0, 0x3, 0x33, 0xff, 0xf4, 0x32, 0xe, 0xff,
    0xff, 0xff, 0xe9, 0x51, 0x0, 0x0, 0x2f, 0xff,
    0xff, 0xff, 0xfc, 0xe, 0xff, 0xd9, 0x52, 0x0,
    0x0, 0x76, 0x0, 0x2f, 0xff, 0xff, 0xff, 0xfc,
    0xe, 0xff, 0x30, 0x0, 0x0, 0x0, 0xbf, 0xf2,
    0x1a, 0xaa, 0xff, 0xfb, 0xa8, 0xe, 0xff, 0x50,
    0x0, 0x0, 0x2, 0xff, 0xf1, 0x0, 0x0, 0xef,
    0xf1, 0x0, 0xc, 0xff, 0xff, 0xff, 0xff, 0xff,
    0xff, 0xd0, 0x0, 0x0, 0xef, 0xf1, 0x0, 0x6,
    0xff, 0xff, 0xff, 0xff, 0xff, 0xff, 0x50, 0x0,
    0x0, 0xef, 0xf1, 0x0, 0x0, 0x5a, 0xcd, 0xdd,
    0xdd, 0xdd, 0xb5, 0x0, 0x0, 0x0, 0xef, 0xf9,
    0xce, 0x0, 0x0, 0x0, 0x0, 0x0, 0x0, 0x0,
    0x0, 0x1, 0x48, 0xff, 0xff, 0xff, 0x9, 0x99,
    0x99, 0x99, 0x99, 0x99, 0x99, 0x0, 0x7f, 0xff,
    0xff, 0xff, 0xfe, 0x1f, 0xff, 0xff, 0xff, 0xff,
    0xff, 0xff, 0x0, 0x4f, 0xff, 0xff, 0xf8, 0x30,
    0xf, 0xff, 0xff, 0xff, 0xff, 0xff, 0xff, 0x0,
    0xf, 0xd8, 0xff, 0xf1, 0x0, 0xf, 0xff, 0x0,
    0x0, 0x0, 0x1f, 0xff, 0x0, 0x0, 0x0, 0xef,
    0xf1, 0x0, 0xf, 0xff, 0x77, 0x77, 0x77, 0x8f,
    0xff, 0x0, 0x0, 0x0, 0xef, 0xf1, 0x0, 0xf,
    0xff, 0xff, 0xff, 0xff, 0xff, 0xff, 0x0, 0x0,
    0x0, 0xef, 0xf1, 0x0, 0xf, 0xff, 0xff, 0xff,
    0xff, 0xff, 0xff, 0x0, 0x0, 0x0, 0xef, 0xf1,
    0x0, 0xf, 0xff, 0x0, 0x0, 0x0, 0x1f, 0xff,
    0x0, 0x0, 0x0, 0xef, 0xf1, 0x0, 0xf, 0xff,
    0x77, 0x77, 0x77, 0x8f, 0xff, 0x0, 0x8, 0xbb,
    0xff, 0xf1, 0x0, 0xf, 0xff, 0xff, 0xff, 0xff,
    0xff, 0xff, 0x0, 0x5, 0xff, 0xff, 0xd0, 0x0,
    0xf, 0xff, 0xff, 0xff, 0xff, 0xff, 0xff, 0x0,
    0x1, 0xff, 0xfb, 0x20, 0x0, 0xf, 0xff, 0x0,
    0x0, 0x0, 0x2f, 0xff, 0x0, 0x0, 0x10, 0x0,
    0x0, 0x0, 0x1, 0x11, 0x0, 0x0, 0x0, 0x0,
    0x0, 0x0,

    /* U+6309 "按" */
    0x0, 0x0, 0x0, 0x0, 0x0, 0x0, 0x0, 0x0,
    0x0, 0x0, 0x0, 0x0, 0x0, 0x0, 0x0, 0xef,
    0xf0, 0x0, 0x0, 0x0, 0xa, 0xef, 0x60, 0x0,
    0x0, 0x0, 0x0, 0x0, 0xff, 0xf0, 0x0, 0x0,
    0x0, 0xa, 0xff, 0xa0, 0x0, 0x0, 0x0, 0x0,
    0x0, 0xff, 0xf0, 0x0, 0x0, 0x0, 0x6, 0xff,
    0xe0, 0x0, 0x0, 0x0, 0x0, 0x0, 0xff, 0xf0,
    0x0, 0xff, 0xff, 0xff, 0xff, 0xff, 0xff, 0xff,
    0xc0, 0x0, 0x0, 0xff, 0xf1, 0x0, 0xff, 0xff,
    0xff, 0xff, 0xff, 0xff, 0xff, 0xd0, 0x1f, 0xff,
    0xff, 0xff, 0xf8, 0xff, 0xfc, 0xcc, 0xcc, 0xcc,
    0xcd, 0xff, 0xd0, 0x1f, 0xff, 0xff, 0xff, 0xf8,
    0xff, 0xe0, 0x25, 0x20, 0x0, 0x3, 0xff, 0xd0,
    0xd, 0xdd, 0xff, 0xfd, 0xd6, 0xff, 0xe0, 0x9f,
    0xfb, 0x0, 0x3, 0xff, 0xd0, 0x0, 0x0, 0xff,
    0xf0, 0x0, 0x77, 0x60, 0xef, 0xf6, 0x0, 0x1,
    0x77, 0x60, 0x0, 0x0, 0xff, 0xf0, 0x0, 0x0,
    0x3, 0xff, 0xf1, 0x0, 0x0, 0x0, 0x0, 0x0,
    0x0, 0xff, 0xf0, 0xc, 0xdd, 0xde, 0xff, 0xfd,
    0xdd, 0xdd, 0xdd, 0xd1, 0x0, 0x0, 0xff, 0xf0,
    0xe, 0xff, 0xff, 0xff, 0xff, 0xff, 0xff, 0xff,
    0xf2, 0x0, 0x0, 0xff, 0xf9, 0xcf, 0xff, 0xff,
    0xff, 0xff, 0xff, 0xff, 0xff, 0xf2, 0x0, 0x48,
    0xff, 0xff, 0xfb, 0x0, 0xdf, 0xf8, 0x0, 0xa,
    0xff, 0xb0, 0x0, 0x5f, 0xff, 0xff, 0xff, 0xfa,
    0x5, 0xff, 0xf2, 0x0, 0xe, 0xff, 0x70, 0x0,
    0x2f, 0xff, 0xff, 0xf5, 0x10, 0xc, 0xff, 0xb0,
    0x0, 0x5f, 0xff, 0x10, 0x0, 0xd, 0xa6, 0xff,
    0xf0, 0x0, 0x5f, 0xff, 0xfb, 0x30, 0xdf, 0xfa,
    0x0, 0x0, 0x0, 0x0, 0xff, 0xf0, 0x0, 0x6,
    0xdf, 0xff, 0xfd, 0xff, 0xf2, 0x0, 0x0, 0x0,
    0x0, 0xff, 0xf0, 0x0, 0x0, 0x6, 0xef, 0xff,
    0xff, 0x90, 0x0, 0x0, 0x0, 0x0, 0xff, 0xf0,
    0x0, 0x0, 0x0, 0x4f, 0xff, 0xff, 0xfa, 0x10,
    0x0, 0x0, 0x0, 0xff, 0xf0, 0x0, 0x2, 0x7d,
    0xff, 0xff, 0xff, 0xff, 0xf7, 0x0, 0x9, 0xcc,
    0xff, 0xf0, 0x7, 0xef, 0xff, 0xff, 0xe6, 0x2b,
    0xff, 0xff, 0xc0, 0x5, 0xff, 0xff, 0xc0, 0x2,
    0xff, 0xff, 0xe7, 0x0, 0x0, 0x5e, 0xff, 0x60,
    0x1, 0xff, 0xd9, 0x10, 0x0, 0xad, 0x94, 0x0,
    0x0, 0x0, 0x1, 0xb7, 0x0, 0x0, 0x0, 0x0,
    0x0, 0x0, 0x0, 0x0, 0x0, 0x0, 0x0, 0x0,
    0x0, 0x0,

    /* U+6362 "换" */
    0x0, 0x0, 0x11, 0x10, 0x0, 0x0, 0x0, 0x0,
    0x0, 0x0, 0x0, 0x0, 0x0, 0x0, 0x2, 0xff,
    0xe0, 0x0, 0x0, 0x3, 0xfc, 0x90, 0x0, 0x0,
    0x0, 0x0, 0x0, 0x2, 0xff, 0xe0, 0x0, 0x0,
    0xb, 0xff, 0x90, 0x0, 0x0, 0x0, 0x0, 0x0,
    0x2, 0xff, 0xe0, 0x0, 0x0, 0x5f, 0xff, 0xff,
    0xff, 0xfe, 0x40, 0x0, 0x0, 0x2, 0xff, 0xe0,
    0x0, 0x2, 0xef, 0xff, 0xff, 0xff, 0xff, 0xf1,
    0x0, 0x3, 0x45, 0xff, 0xe4, 0x40, 0xd, 0xff,
    0xda, 0xaa, 0xaf, 0xff, 0x80, 0x0, 0xc, 0xff,
    0xff, 0xff, 0xf1, 0xcf, 0xff, 0x20, 0x0, 0x8f,
    0xfd, 0x0, 0x0, 0xc, 0xff, 0xff, 0xff, 0xfb,
    0xff, 0xfb, 0x66, 0x67, 0xff, 0xf9, 0x64, 0x0,
    0x8, 0xbc, 0xff, 0xfb, 0xb1, 0xdf, 0xff, 0xff,
    0xff, 0xff, 0xff, 0xfa, 0x0, 0x0, 0x2, 0xff,
    0xe0, 0x0, 0x4f, 0xff, 0xef, 0xff, 0xff, 0xff,
    0xfa, 0x0, 0x0, 0x2, 0xff, 0xe0, 0x0, 0x2f,
    0xfc, 0x2, 0xff, 0xe0, 0x7f, 0xfa, 0x0, 0x0,
    0x2, 0xff, 0xe0, 0x0, 0x2f, 0xfc, 0x2, 0xff,
    0xe0, 0x7f, 0xfa, 0x0, 0x0, 0x2, 0xff, 0xf9,
    0xd1, 0x2f, 0xfc, 0x2, 0xff, 0xe0, 0x7f, 0xfa,
    0x0, 0x0, 0x49, 0xff, 0xff, 0xf4, 0x2f, 0xfc,
    0x2, 0xff, 0xe0, 0x7f, 0xfa, 0x0, 0xf, 0xff,
    0xff, 0xff, 0xf6, 0x2f, 0xfc, 0x3, 0xff, 0xd0,
    0x7f, 0xfa, 0x0, 0xd, 0xff, 0xff, 0xf6, 0x19,
    0xdf, 0xff, 0xcd, 0xff, 0xfc, 0xef, 0xfe, 0xc1,
    0x9, 0xda, 0xff, 0xe0, 0xc, 0xff, 0xff, 0xff,
    0xff, 0xff, 0xff, 0xff, 0xf1, 0x0, 0x2, 0xff,
    0xe0, 0xa, 0xdd, 0xdd, 0xef, 0xff, 0xfd, 0xdd,
    0xdd, 0xd1, 0x0, 0x2, 0xff, 0xe0, 0x0, 0x0,
    0x0, 0xcf, 0xff, 0xf6, 0x0, 0x0, 0x0, 0x0,
    0x2, 0xff, 0xe0, 0x0, 0x0, 0x9, 0xff, 0xfe,
    0xff, 0x40, 0x0, 0x0, 0x0, 0x2, 0xff, 0xe0,
    0x0, 0x0, 0xaf, 0xff, 0x54, 0xff, 0xf7, 0x0,
    0x0, 0x0, 0x2, 0xff, 0xd0, 0x0, 0x4d, 0xff,
    0xf6, 0x0, 0x6f, 0xff, 0xc3, 0x0, 0x6, 0xff,
    0xff, 0xd0, 0x4c, 0xff, 0xff, 0x50, 0x0, 0x7,
    0xff, 0xff, 0xc3, 0x1, 0xff, 0xff, 0x81, 0xcf,
    0xff, 0xc2, 0x0, 0x0, 0x0, 0x4e, 0xff, 0xc0,
    0x0, 0xdf, 0xd8, 0x0, 0xc, 0xe6, 0x0, 0x0,
    0x0, 0x0, 0x0, 0x8e, 0x10, 0x0, 0x0, 0x0,
    0x0, 0x1, 0x0, 0x0, 0x0, 0x0, 0x0, 0x0,
    0x0, 0x0,

    /* U+636E "据" */
    0x0, 0x0, 0x11, 0x0, 0x0, 0x0, 0x0, 0x0,
    0x0, 0x0, 0x0, 0x0, 0x0, 0x0, 0x1, 0xff,
    0xc0, 0x0, 0x1, 0x10, 0x0, 0x0, 0x0, 0x0,
    0x0, 0x0, 0x0, 0x1, 0xff, 0xc0, 0x0, 0xdf,
    0xff, 0xff, 0xff, 0xff, 0xff, 0xff, 0xb0, 0x0,
    0x1, 0xff, 0xc0, 0x0, 0xdf, 0xff, 0xff, 0xff,
    0xff, 0xff, 0xff, 0xb0, 0x0, 0x1, 0xff, 0xc0,
    0x0, 0xdf, 0xfb, 0xaa, 0xaa, 0xaa, 0xab, 0xff,
    0xb0, 0x1, 0x23, 0xff, 0xc2, 0x20, 0xdf, 0xf2,
    0x0, 0x0, 0x0, 0x4, 0xff, 0xb0, 0xd, 0xff,
    0xff, 0xff, 0xf6, 0xdf, 0xf4, 0x22, 0x22, 0x22,
    0x25, 0xff, 0xb0, 0xd, 0xff, 0xff, 0xff, 0xf6,
    0xdf, 0xff, 0xff, 0xff, 0xff, 0xff, 0xff, 0xb0,
    0x9, 0xbb, 0xff, 0xeb, 0xb4, 0xdf, 0xff, 0xff,
    0xff, 0xff, 0xff, 0xff, 0xb0, 0x0, 0x1, 0xff,
    0xc0, 0x0, 0xdf, 0xf9, 0x88, 0x8f, 0xff, 0x88,
    0x88, 0x50, 0x0, 0x1, 0xff, 0xc0, 0x0, 0xdf,
    0xf2, 0x0, 0xf, 0xfe, 0x0, 0x0, 0x0, 0x0,
    0x1, 0xff, 0xc0, 0x0, 0xdf, 0xf3, 0x0, 0xf,
    0xfe, 0x0, 0x0, 0x0, 0x0, 0x1, 0xff, 0xd7,
    0xc1, 0xef, 0xff, 0xff, 0xff, 0xff, 0xff, 0xff,
    0xf3, 0x0, 0x38, 0xff, 0xff, 0xf3, 0xff, 0xff,
    0xff, 0xff, 0xff, 0xff, 0xff, 0xf3, 0x1f, 0xff,
    0xff, 0xff, 0xf6, 0xff, 0xf9, 0x99, 0x9f, 0xff,
    0x99, 0x99, 0x91, 0xe, 0xff, 0xff, 0xe7, 0x22,
    0xff, 0xd0, 0x0, 0xf, 0xfe, 0x0, 0x0, 0x0,
    0xa, 0xd9, 0xff, 0xc0, 0x4, 0xff, 0xc1, 0x11,
    0x1f, 0xff, 0x11, 0x11, 0x0, 0x0, 0x1, 0xff,
    0xc0, 0x6, 0xff, 0xff, 0xff, 0xff, 0xff, 0xff,
    0xff, 0xd0, 0x0, 0x1, 0xff, 0xc0, 0x9, 0xff,
    0xcf, 0xff, 0xff, 0xff, 0xff, 0xff, 0xd0, 0x0,
    0x1, 0xff, 0xc0, 0xd, 0xff, 0x9f, 0xfb, 0x77,
    0x77, 0x77, 0xff, 0xd0, 0x0, 0x1, 0xff, 0xc0,
    0x2f, 0xfe, 0x6f, 0xf8, 0x0, 0x0, 0x0, 0xff,
    0xd0, 0x0, 0x1, 0xff, 0xc0, 0x8f, 0xf9, 0x6f,
    0xf8, 0x0, 0x0, 0x0, 0xff, 0xd0, 0x6, 0xde,
    0xff, 0xb1, 0xff, 0xf4, 0x6f, 0xff, 0xff, 0xff,
    0xff, 0xff, 0xd0, 0x3, 0xff, 0xff, 0x76, 0xff,
    0xc0, 0x6f, 0xff, 0xff, 0xff, 0xff, 0xff, 0xd0,
    0x0, 0xff, 0xd8, 0x0, 0x3c, 0x40, 0x6f, 0xfc,
    0x88, 0x88, 0x88, 0xff, 0xd0, 0x0, 0x0, 0x0,
    0x0, 0x0, 0x0, 0x0, 0x0, 0x0, 0x0, 0x0,
    0x0, 0x0,

    /* U+63A5 "接" */
    0x0, 0x0, 0x11, 0x0, 0x0, 0x0, 0x0, 0x0,
    0x0, 0x0, 0x0, 0x0, 0x0, 0x0, 0x2, 0xff,
    0xb0, 0x0, 0x0, 0x0, 0x8, 0xab, 0x0, 0x0,
    0x0, 0x0, 0x0, 0x2, 0xff, 0xb0, 0x0, 0x0,
    0x0, 0xb, 0xff, 0x80, 0x0, 0x0, 0x0, 0x0,
    0x2, 0xff, 0xb0, 0x0, 0x9a, 0xaa, 0xac, 0xff,
    0xfa, 0xaa, 0xaa, 0x60, 0x0, 0x2, 0xff, 0xb0,
    0x0, 0xdf, 0xff, 0xff, 0xff, 0xff, 0xff, 0xff,
    0x90, 0x1, 0x14, 0xff, 0xb1, 0x10, 0xdf, 0xff,
    0xff, 0xff, 0xff, 0xff, 0xff, 0x90, 0xd, 0xff,
    0xff, 0xff, 0xd0, 0x0, 0x9f, 0xc0, 0x0, 0x9,
    0xfa, 0x30, 0x0, 0xd, 0xff, 0xff, 0xff, 0xd0,
    0x0, 0x9f, 0xf5, 0x0, 0x1f, 0xfe, 0x10, 0x0,
    0xa, 0xcd, 0xff, 0xfc, 0xa0, 0x0, 0x1f, 0xfa,
    0x0, 0x9f, 0xf6, 0x0, 0x0, 0x0, 0x2, 0xff,
    0xb0, 0x6, 0xbb, 0xbf, 0xeb, 0xbb, 0xff, 0xfb,
    0xbb, 0xb1, 0x0, 0x2, 0xff, 0xb0, 0x9, 0xff,
    0xff, 0xff, 0xff, 0xff, 0xff, 0xff, 0xf2, 0x0,
    0x2, 0xff, 0xb0, 0x9, 0xff, 0xff, 0xff, 0xff,
    0xff, 0xff, 0xff, 0xf1, 0x0, 0x2, 0xff, 0xd9,
    0x80, 0x0, 0x0, 0x6f, 0xe8, 0x0, 0x0, 0x0,
    0x0, 0x0, 0x49, 0xff, 0xff, 0xc0, 0x0, 0x0,
    0xdf, 0xf4, 0x0, 0x0, 0x0, 0x0, 0x1f, 0xff,
    0xff, 0xff, 0xdf, 0xff, 0xff, 0xff, 0xff, 0xff,
    0xff, 0xff, 0xf7, 0xe, 0xff, 0xff, 0xd3, 0xf,
    0xff, 0xff, 0xff, 0xff, 0xff, 0xff, 0xff, 0xf7,
    0x9, 0xb8, 0xff, 0xb0, 0xa, 0xaa, 0xff, 0xfd,
    0xaa, 0xae, 0xff, 0xda, 0xa5, 0x0, 0x2, 0xff,
    0xb0, 0x0, 0x4, 0xff, 0xe1, 0x0, 0xe, 0xff,
    0x40, 0x0, 0x0, 0x2, 0xff, 0xb0, 0x0, 0x1e,
    0xff, 0xd5, 0x0, 0x7f, 0xfd, 0x0, 0x0, 0x0,
    0x2, 0xff, 0xb0, 0x0, 0x7e, 0xff, 0xff, 0xfa,
    0xff, 0xf5, 0x0, 0x0, 0x0, 0x2, 0xff, 0xb0,
    0x0, 0x0, 0x4a, 0xff, 0xff, 0xff, 0xd0, 0x0,
    0x0, 0x0, 0x2, 0xff, 0xb0, 0x0, 0x0, 0x4,
    0xaf, 0xff, 0xff, 0xfe, 0x70, 0x0, 0x7, 0xee,
    0xff, 0xa0, 0x29, 0xbd, 0xff, 0xff, 0xff, 0xdf,
    0xff, 0xfe, 0x50, 0x2, 0xff, 0xff, 0x60, 0xd,
    0xff, 0xff, 0xfd, 0x71, 0x4, 0xbf, 0xff, 0x50,
    0x0, 0xef, 0xc7, 0x0, 0x7, 0xfd, 0xa6, 0x20,
    0x0, 0x0, 0x4, 0xd8, 0x0, 0x0, 0x0, 0x0,
    0x0, 0x0, 0x0, 0x0, 0x0, 0x0, 0x0, 0x0,
    0x0, 0x0,

    /* U+63A7 "控" */
    0x0, 0x0, 0x55, 0x30, 0x0, 0x0, 0x0, 0x0,
    0x14, 0x10, 0x0, 0x0, 0x0, 0x0, 0x2, 0xff,
    0xb0, 0x0, 0x0, 0x0, 0xa, 0xff, 0x80, 0x0,
    0x0, 0x0, 0x0, 0x2, 0xff, 0xb0, 0x0, 0x0,
    0x0, 0x6, 0xff, 0xe0, 0x0, 0x0, 0x0, 0x0,
    0x2, 0xff, 0xb0, 0x3, 0x55, 0x55, 0x56, 0xff,
    0xf8, 0x55, 0x55, 0x50, 0x0, 0x2, 0xff, 0xb0,
    0xa, 0xff, 0xff, 0xff, 0xff, 0xff, 0xff, 0xff,
    0xf1, 0x8, 0xbb, 0xff, 0xeb, 0xaa, 0xff, 0xff,
    0xff, 0xff, 0xff, 0xff, 0xff, 0xf1, 0xc, 0xff,
    0xff, 0xff, 0xea, 0xff, 0x64, 0x44, 0x44, 0x44,
    0x44, 0xef, 0xf1, 0xc, 0xff, 0xff, 0xff, 0xea,
    0xff, 0x20, 0x30, 0x0, 0x6, 0x10, 0xdf, 0xf1,
    0x2, 0x24, 0xff, 0xc2, 0x26, 0xaa, 0x17, 0xfe,
    0x80, 0x6f, 0xe3, 0x45, 0x50, 0x0, 0x2, 0xff,
    0xb0, 0x0, 0x0, 0x8f, 0xff, 0x60, 0xcf, 0xff,
    0x40, 0x0, 0x0, 0x2, 0xff, 0xb0, 0x0, 0x1b,
    0xff, 0xf9, 0x0, 0xa, 0xff, 0xf6, 0x0, 0x0,
    0x2, 0xff, 0xb0, 0x4, 0xff, 0xff, 0x90, 0x0,
    0x0, 0x9f, 0xff, 0x60, 0x0, 0x2, 0xff, 0xb3,
    0x81, 0xdf, 0xf8, 0x0, 0x0, 0x0, 0x8, 0xff,
    0x20, 0x0, 0x2, 0xff, 0xff, 0xf0, 0x2e, 0x60,
    0x0, 0x0, 0x0, 0x0, 0x84, 0x0, 0x4, 0x9e,
    0xff, 0xff, 0xf1, 0x1f, 0xff, 0xff, 0xff, 0xff,
    0xff, 0xfc, 0x0, 0xf, 0xff, 0xff, 0xfc, 0x60,
    0x1f, 0xff, 0xff, 0xff, 0xff, 0xff, 0xfd, 0x0,
    0xc, 0xff, 0xff, 0xb0, 0x0, 0x1c, 0xcc, 0xcd,
    0xff, 0xfc, 0xcc, 0xca, 0x0, 0x8, 0x95, 0xff,
    0xb0, 0x0, 0x0, 0x0, 0x4, 0xff, 0xe0, 0x0,
    0x0, 0x0, 0x0, 0x2, 0xff, 0xb0, 0x0, 0x0,
    0x0, 0x4, 0xff, 0xe0, 0x0, 0x0, 0x0, 0x0,
    0x2, 0xff, 0xb0, 0x0, 0x0, 0x0, 0x4, 0xff,
    0xe0, 0x0, 0x0, 0x0, 0x0, 0x2, 0xff, 0xb0,
    0x0, 0x0, 0x0, 0x4, 0xff, 0xe0, 0x0, 0x0,
    0x0, 0x0, 0x2, 0xff, 0xb0, 0x4, 0x44, 0x44,
    0x47, 0xff, 0xe4, 0x44, 0x44, 0x42, 0x7, 0xde,
    0xff, 0xa0, 0x1f, 0xff, 0xff, 0xff, 0xff, 0xff,
    0xff, 0xff, 0xfb, 0x3, 0xff, 0xff, 0x70, 0x1f,
    0xff, 0xff, 0xff, 0xff, 0xff, 0xff, 0xff, 0xfb,
    0x0, 0xff, 0xd7, 0x0, 0x7, 0x77, 0x77, 0x77,
    0x77, 0x77, 0x77, 0x77, 0x75,

    /* U+63A8 "推" */
    0x0, 0x1, 0xdd, 0xc0, 0x0, 0x0, 0x9, 0x61,
    0x0, 0x28, 0x0, 0x0, 0x0, 0x0, 0x1, 0xff,
    0xe0, 0x0, 0x0, 0x3f, 0xff, 0xa, 0xff, 0x60,
    0x0, 0x0, 0x0, 0x1, 0xff, 0xe0, 0x0, 0x0,
    0x9f, 0xfa, 0x6, 0xff, 0xe0, 0x0, 0x0, 0x0,
    0x1, 0xff, 0xe0, 0x0, 0x1, 0xff, 0xf3, 0x0,
    0xef, 0xf5, 0x0, 0x0, 0x1, 0x12, 0xff, 0xf1,
    0x10, 0x9, 0xff, 0xe5, 0x55, 0xbf, 0xb6, 0x55,
    0x50, 0xf, 0xff, 0xff, 0xff, 0xf8, 0x2f, 0xff,
    0xff, 0xff, 0xff, 0xff, 0xff, 0xe0, 0xf, 0xff,
    0xff, 0xff, 0xf8, 0xbf, 0xff, 0xff, 0xff, 0xff,
    0xff, 0xff, 0xe0, 0xc, 0xdd, 0xff, 0xfd, 0xdd,
    0xff, 0xff, 0x97, 0x79, 0xff, 0xd7, 0x77, 0x60,
    0x0, 0x1, 0xff, 0xe0, 0x3f, 0xff, 0xff, 0x30,
    0x3, 0xff, 0xb0, 0x0, 0x0, 0x0, 0x1, 0xff,
    0xe2, 0xef, 0xff, 0xff, 0xba, 0xab, 0xff, 0xea,
    0xaa, 0x60, 0x0, 0x1, 0xff, 0xe0, 0xcf, 0xfe,
    0xff, 0xff, 0xff, 0xff, 0xff, 0xff, 0x90, 0x0,
    0x1, 0xff, 0xfc, 0xfe, 0x5c, 0xff, 0xff, 0xff,
    0xff, 0xff, 0xff, 0x90, 0x1, 0x5a, 0xff, 0xff,
    0xf5, 0xc, 0xff, 0x51, 0x14, 0xff, 0xc1, 0x11,
    0x10, 0x2f, 0xff, 0xff, 0xff, 0xf6, 0xc, 0xff,
    0x30, 0x3, 0xff, 0xb0, 0x0, 0x0, 0xf, 0xff,
    0xff, 0xf7, 0x20, 0xc, 0xff, 0x51, 0x14, 0xff,
    0xc1, 0x11, 0x10, 0xc, 0xfc, 0xff, 0xe0, 0x0,
    0xc, 0xff, 0xff, 0xff, 0xff, 0xff, 0xff, 0x90,
    0x2, 0x1, 0xff, 0xe0, 0x0, 0xc, 0xff, 0xff,
    0xff, 0xff, 0xff, 0xff, 0x90, 0x0, 0x1, 0xff,
    0xe0, 0x0, 0xc, 0xff, 0xba, 0xab, 0xff, 0xea,
    0xaa, 0x50, 0x0, 0x1, 0xff, 0xe0, 0x0, 0xc,
    0xff, 0x30, 0x3, 0xff, 0xb0, 0x0, 0x0, 0x0,
    0x1, 0xff, 0xe0, 0x0, 0xc, 0xff, 0x40, 0x3,
    0xff, 0xb0, 0x0, 0x0, 0x0, 0x2, 0xff, 0xe0,
    0x0, 0xc, 0xff, 0xff, 0xff, 0xff, 0xff, 0xff,
    0xf7, 0x7, 0xff, 0xff, 0xd0, 0x0, 0xc, 0xff,
    0xff, 0xff, 0xff, 0xff, 0xff, 0xf7, 0x2, 0xff,
    0xff, 0x90, 0x0, 0xc, 0xff, 0xdc, 0xcc, 0xcc,
    0xcc, 0xcc, 0xc6, 0x0, 0xef, 0xd8, 0x0, 0x0,
    0xc, 0xff, 0x30, 0x0, 0x0, 0x0, 0x0, 0x0,
    0x0, 0x0, 0x0, 0x0, 0x0, 0x1, 0x22, 0x0,
    0x0, 0x0, 0x0, 0x0, 0x0,

    /* U+63CF "描" */
    0x0, 0x0, 0x11, 0x0, 0x0, 0x0, 0x1, 0x10,
    0x0, 0x1, 0x11, 0x0, 0x0, 0x0, 0x1f, 0xfb,
    0x0, 0x0, 0x7, 0xff, 0x90, 0x0, 0xdf, 0xf4,
    0x0, 0x0, 0x1, 0xff, 0xb0, 0x0, 0x0, 0x7f,
    0xf9, 0x0, 0xd, 0xff, 0x40, 0x0, 0x0, 0x1f,
    0xfb, 0x0, 0x0, 0x7, 0xff, 0x90, 0x0, 0xdf,
    0xf4, 0x0, 0x0, 0x1, 0xff, 0xb0, 0x6, 0x99,
    0xcf, 0xfd, 0x99, 0x9f, 0xff, 0xb9, 0x90, 0x0,
    0x2f, 0xfb, 0x0, 0xaf, 0xff, 0xff, 0xff, 0xff,
    0xff, 0xff, 0xff, 0xd, 0xff, 0xff, 0xff, 0xfb,
    0xff, 0xff, 0xff, 0xff, 0xff, 0xff, 0xff, 0xf0,
    0xdf, 0xff, 0xff, 0xff, 0x33, 0x39, 0xff, 0xa3,
    0x33, 0xef, 0xf7, 0x33, 0xa, 0xdd, 0xff, 0xfd,
    0xd1, 0x0, 0x7f, 0xf9, 0x0, 0xd, 0xff, 0x40,
    0x0, 0x0, 0x1f, 0xfb, 0x0, 0x0, 0x7, 0xff,
    0x90, 0x0, 0xdf, 0xf4, 0x0, 0x0, 0x1, 0xff,
    0xb0, 0x0, 0x24, 0x45, 0x54, 0x44, 0x45, 0x55,
    0x44, 0x20, 0x0, 0x1f, 0xfb, 0x0, 0x9, 0xff,
    0xff, 0xff, 0xff, 0xff, 0xff, 0xf9, 0x0, 0x1,
    0xff, 0xeb, 0xf0, 0x9f, 0xff, 0xff, 0xff, 0xff,
    0xff, 0xff, 0x90, 0x26, 0xaf, 0xff, 0xff, 0x19,
    0xff, 0x96, 0x7f, 0xfd, 0x66, 0xaf, 0xf9, 0x1f,
    0xff, 0xff, 0xff, 0xf2, 0x9f, 0xf4, 0x1, 0xff,
    0xb0, 0x6, 0xff, 0x90, 0xef, 0xff, 0xfd, 0x40,
    0x9, 0xff, 0x40, 0x1f, 0xfb, 0x0, 0x6f, 0xf9,
    0xa, 0xc9, 0xff, 0xb0, 0x0, 0x9f, 0xff, 0xff,
    0xff, 0xff, 0xff, 0xff, 0x90, 0x0, 0x1f, 0xfb,
    0x0, 0x9, 0xff, 0xff, 0xff, 0xff, 0xff, 0xff,
    0xf9, 0x0, 0x1, 0xff, 0xb0, 0x0, 0x9f, 0xfc,
    0xbb, 0xff, 0xeb, 0xbd, 0xff, 0x90, 0x0, 0x1f,
    0xfb, 0x0, 0x9, 0xff, 0x40, 0x1f, 0xfb, 0x0,
    0x6f, 0xf9, 0x0, 0x1, 0xff, 0xb0, 0x0, 0x9f,
    0xf4, 0x1, 0xff, 0xb0, 0x6, 0xff, 0x90, 0x0,
    0x2f, 0xfb, 0x0, 0x9, 0xff, 0xff, 0xff, 0xff,
    0xff, 0xff, 0xf9, 0x7, 0xef, 0xff, 0xa0, 0x0,
    0x9f, 0xff, 0xff, 0xff, 0xff, 0xff, 0xff, 0x90,
    0x3f, 0xff, 0xf6, 0x0, 0x9, 0xff, 0xdc, 0xcc,
    0xcc, 0xcc, 0xef, 0xf9, 0x0, 0xee, 0xc6, 0x0,
    0x0, 0x9f, 0xf4, 0x0, 0x0, 0x0, 0x6, 0xff,
    0x90, 0x0, 0x0, 0x0, 0x0, 0x1, 0x22, 0x0,
    0x0, 0x0, 0x0, 0x0, 0x0,

    /* U+63D0 "提" */
    0x0, 0x0, 0x11, 0x0, 0x0, 0x0, 0x0, 0x0,
    0x0, 0x0, 0x0, 0x0, 0x0, 0x0, 0x1, 0xff,
    0xc0, 0x0, 0x4, 0x44, 0x44, 0x44, 0x44, 0x44,
    0x44, 0x0, 0x0, 0x1, 0xff, 0xc0, 0x0, 0x1f,
    0xff, 0xff, 0xff, 0xff, 0xff, 0xfe, 0x0, 0x0,
    0x1, 0xff, 0xc0, 0x0, 0x1f, 0xff, 0xff, 0xff,
    0xff, 0xff, 0xfe, 0x0, 0x0, 0x1, 0xff, 0xc0,
    0x0, 0x1f, 0xfc, 0x0, 0x0, 0x0, 0x1f, 0xfe,
    0x0, 0x4, 0x56, 0xff, 0xd5, 0x51, 0x1f, 0xff,
    0xff, 0xff, 0xff, 0xff, 0xfe, 0x0, 0xe, 0xff,
    0xff, 0xff, 0xf5, 0x1f, 0xff, 0xff, 0xff, 0xff,
    0xff, 0xfe, 0x0, 0xe, 0xff, 0xff, 0xff, 0xf5,
    0x1f, 0xfc, 0x0, 0x0, 0x0, 0x1f, 0xfe, 0x0,
    0xd, 0xef, 0xff, 0xfe, 0xe5, 0x1f, 0xfd, 0x44,
    0x44, 0x44, 0x5f, 0xfe, 0x0, 0x0, 0x1, 0xff,
    0xc0, 0x0, 0x1f, 0xff, 0xff, 0xff, 0xff, 0xff,
    0xfe, 0x0, 0x0, 0x1, 0xff, 0xc0, 0x0, 0x1f,
    0xff, 0xff, 0xff, 0xff, 0xff, 0xfe, 0x0, 0x0,
    0x1, 0xff, 0xc0, 0x11, 0x44, 0x44, 0x44, 0x44,
    0x44, 0x44, 0x44, 0x40, 0x0, 0x1, 0xff, 0xec,
    0xf8, 0xff, 0xff, 0xff, 0xff, 0xff, 0xff, 0xff,
    0xf2, 0x2, 0x6b, 0xff, 0xff, 0xfb, 0xff, 0xff,
    0xff, 0xff, 0xff, 0xff, 0xff, 0xf2, 0x1f, 0xff,
    0xff, 0xff, 0xe7, 0x44, 0x44, 0x45, 0xff, 0xd4,
    0x44, 0x44, 0x40, 0xd, 0xff, 0xff, 0xd3, 0x0,
    0xb, 0xb9, 0x2, 0xff, 0xd0, 0x0, 0x0, 0x0,
    0xa, 0xc9, 0xff, 0xc0, 0x0, 0x1f, 0xfd, 0x2,
    0xff, 0xd4, 0x44, 0x43, 0x0, 0x0, 0x1, 0xff,
    0xc0, 0x0, 0x4f, 0xfa, 0x2, 0xff, 0xff, 0xff,
    0xfd, 0x0, 0x0, 0x1, 0xff, 0xc0, 0x0, 0x8f,
    0xfa, 0x2, 0xff, 0xff, 0xff, 0xfd, 0x0, 0x0,
    0x1, 0xff, 0xc0, 0x0, 0xdf, 0xff, 0x22, 0xff,
    0xd2, 0x22, 0x22, 0x0, 0x0, 0x1, 0xff, 0xc0,
    0x4, 0xff, 0xff, 0xc3, 0xff, 0xd0, 0x0, 0x0,
    0x0, 0x0, 0x1, 0xff, 0xc0, 0xd, 0xff, 0xaf,
    0xfe, 0xff, 0xd0, 0x0, 0x0, 0x0, 0x7, 0xde,
    0xff, 0xb0, 0x9f, 0xfe, 0x8, 0xff, 0xff, 0xfb,
    0xaa, 0xaa, 0xb8, 0x3, 0xff, 0xff, 0x73, 0xff,
    0xf6, 0x0, 0x7f, 0xff, 0xff, 0xff, 0xff, 0xf6,
    0x0, 0xff, 0xd7, 0x0, 0x3e, 0x90, 0x0, 0x2,
    0x8c, 0xef, 0xff, 0xff, 0xf2, 0x0, 0x0, 0x0,
    0x0, 0x1, 0x0, 0x0, 0x0, 0x0, 0x0, 0x0,
    0x0, 0x0,

    /* U+63D2 "插" */
    0x0, 0x0, 0x11, 0x10, 0x0, 0x0, 0x0, 0x0,
    0x0, 0x0, 0x0, 0x0, 0x0, 0x0, 0x3, 0xff,
    0xd0, 0x0, 0x0, 0x0, 0x0, 0x0, 0x25, 0x8c,
    0xd0, 0x0, 0x0, 0x3, 0xff, 0xd0, 0x0, 0x26,
    0x89, 0xbc, 0xef, 0xff, 0xff, 0xf7, 0x0, 0x0,
    0x3, 0xff, 0xd0, 0x0, 0x3f, 0xff, 0xff, 0xff,
    0xff, 0xff, 0xd8, 0x0, 0x0, 0x3, 0xff, 0xd0,
    0x0, 0xe, 0xff, 0xfe, 0xff, 0xe6, 0x30, 0x0,
    0x0, 0x1, 0x25, 0xff, 0xd2, 0x20, 0x1, 0x10,
    0x0, 0xff, 0xd0, 0x0, 0x0, 0x0, 0xa, 0xff,
    0xff, 0xff, 0xf0, 0x0, 0x0, 0x1, 0xff, 0xd0,
    0x0, 0x0, 0x0, 0xa, 0xff, 0xff, 0xff, 0xf4,
    0xff, 0xff, 0xff, 0xff, 0xff, 0xff, 0xff, 0xf2,
    0x7, 0xbc, 0xff, 0xfb, 0xb4, 0xff, 0xff, 0xff,
    0xff, 0xff, 0xff, 0xff, 0xf2, 0x0, 0x3, 0xff,
    0xd0, 0x3, 0xcc, 0xcc, 0xcc, 0xff, 0xfc, 0xcc,
    0xcc, 0xc1, 0x0, 0x3, 0xff, 0xd0, 0x0, 0x0,
    0x1, 0x20, 0xff, 0xd0, 0x0, 0x0, 0x0, 0x0,
    0x3, 0xff, 0xd0, 0x0, 0x3, 0xaf, 0xd0, 0xff,
    0xd4, 0x99, 0x99, 0x0, 0x0, 0x3, 0xff, 0xe6,
    0xa0, 0xaf, 0xff, 0xf6, 0xff, 0xd8, 0xff, 0xff,
    0x10, 0x0, 0x28, 0xff, 0xff, 0xf3, 0xaf, 0xfd,
    0x83, 0xff, 0xd8, 0xff, 0xff, 0x10, 0x1f, 0xff,
    0xff, 0xff, 0xf5, 0xaf, 0xf1, 0x0, 0xff, 0xd0,
    0xb, 0xff, 0x10, 0xe, 0xff, 0xff, 0xf8, 0x40,
    0xaf, 0xf1, 0x0, 0xff, 0xd0, 0xb, 0xff, 0x10,
    0xa, 0xfc, 0xff, 0xd0, 0x0, 0xaf, 0xfa, 0xa2,
    0xff, 0xd5, 0xae, 0xff, 0x10, 0x1, 0x3, 0xff,
    0xd0, 0x0, 0xaf, 0xff, 0xf3, 0xff, 0xd8, 0xff,
    0xff, 0x10, 0x0, 0x3, 0xff, 0xd0, 0x0, 0xaf,
    0xff, 0xf3, 0xff, 0xd7, 0xef, 0xff, 0x10, 0x0,
    0x3, 0xff, 0xd0, 0x0, 0xaf, 0xf1, 0x0, 0xff,
    0xd0, 0xb, 0xff, 0x10, 0x0, 0x3, 0xff, 0xd0,
    0x0, 0xaf, 0xf1, 0x0, 0xff, 0xd0, 0xb, 0xff,
    0x10, 0x0, 0x3, 0xff, 0xd0, 0x0, 0xaf, 0xf7,
    0x67, 0xff, 0xe6, 0x6d, 0xff, 0x10, 0x2, 0xff,
    0xff, 0xc0, 0x0, 0xaf, 0xff, 0xff, 0xff, 0xff,
    0xff, 0xff, 0x10, 0x0, 0xcf, 0xff, 0x80, 0x0,
    0xaf, 0xff, 0xff, 0xff, 0xff, 0xff, 0xff, 0x10,
    0x0, 0x7d, 0xb6, 0x0, 0x0, 0xaf, 0xf6, 0x55,
    0x55, 0x55, 0x5c, 0xff, 0x10, 0x0, 0x0, 0x0,
    0x0, 0x0, 0x0, 0x0, 0x0, 0x0, 0x0, 0x0,
    0x11, 0x0,

    /* U+6478 "摸" */
    0x0, 0x0, 0x11, 0x0, 0x0, 0x0, 0x1, 0x10,
    0x0, 0x1, 0x11, 0x0, 0x0, 0x0, 0x2, 0xff,
    0xb0, 0x0, 0x0, 0x6f, 0xf9, 0x0, 0x4f, 0xfd,
    0x0, 0x0, 0x0, 0x2, 0xff, 0xb0, 0x2, 0x44,
    0x9f, 0xfb, 0x44, 0x7f, 0xfe, 0x44, 0x30, 0x0,
    0x2, 0xff, 0xb0, 0xa, 0xff, 0xff, 0xff, 0xff,
    0xff, 0xff, 0xff, 0xe0, 0x0, 0x2, 0xff, 0xb0,
    0xa, 0xff, 0xff, 0xff, 0xff, 0xff, 0xff, 0xff,
    0xe0, 0x0, 0x3, 0xff, 0xb0, 0x3, 0x55, 0xaf,
    0xfb, 0x55, 0x8f, 0xfe, 0x55, 0x50, 0xc, 0xff,
    0xff, 0xff, 0xf4, 0x0, 0x4b, 0xb6, 0x0, 0x2b,
    0xb9, 0x0, 0x0, 0xc, 0xff, 0xff, 0xff, 0xf4,
    0x8d, 0xdd, 0xdd, 0xdd, 0xdd, 0xdd, 0xd7, 0x0,
    0x9, 0xdd, 0xff, 0xfd, 0xd3, 0xaf, 0xff, 0xff,
    0xff, 0xff, 0xff, 0xf9, 0x0, 0x0, 0x2, 0xff,
    0xb0, 0x0, 0xaf, 0xf8, 0x55, 0x55, 0x55, 0xaf,
    0xf9, 0x0, 0x0, 0x2, 0xff, 0xb0, 0x0, 0xaf,
    0xfd, 0xcc, 0xcc, 0xcc, 0xdf, 0xf9, 0x0, 0x0,
    0x2, 0xff, 0xb0, 0x0, 0xaf, 0xff, 0xff, 0xff,
    0xff, 0xff, 0xf9, 0x0, 0x0, 0x2, 0xff, 0xec,
    0xf3, 0xaf, 0xf7, 0x44, 0x44, 0x44, 0x9f, 0xf9,
    0x0, 0x2, 0x6a, 0xff, 0xff, 0xf4, 0xaf, 0xf8,
    0x55, 0x55, 0x55, 0xaf, 0xf9, 0x0, 0xf, 0xff,
    0xff, 0xff, 0xf4, 0xaf, 0xff, 0xff, 0xff, 0xff,
    0xff, 0xf9, 0x0, 0xd, 0xff, 0xff, 0xe5, 0x10,
    0x8c, 0xcc, 0xce, 0xff, 0xec, 0xcc, 0xc7, 0x0,
    0xa, 0xea, 0xff, 0xb0, 0x0, 0x0, 0x0, 0xa,
    0xff, 0x70, 0x0, 0x0, 0x0, 0x1, 0x2, 0xff,
    0xb0, 0x8, 0x99, 0x99, 0x9e, 0xff, 0xc9, 0x99,
    0x99, 0x90, 0x0, 0x2, 0xff, 0xb0, 0xd, 0xff,
    0xff, 0xff, 0xff, 0xff, 0xff, 0xff, 0xf1, 0x0,
    0x2, 0xff, 0xb0, 0xd, 0xff, 0xff, 0xff, 0xff,
    0xff, 0xff, 0xff, 0xf1, 0x0, 0x2, 0xff, 0xb0,
    0x0, 0x0, 0x4, 0xff, 0xfd, 0xff, 0xd1, 0x0,
    0x0, 0x0, 0x2, 0xff, 0xb0, 0x0, 0x1, 0x8f,
    0xff, 0xc1, 0xdf, 0xfe, 0x50, 0x0, 0x7, 0xde,
    0xff, 0xa0, 0x26, 0xbf, 0xff, 0xfd, 0x10, 0x2e,
    0xff, 0xfd, 0x82, 0x3, 0xff, 0xff, 0x70, 0x4f,
    0xff, 0xff, 0x90, 0x0, 0x2, 0xdf, 0xff, 0xd1,
    0x0, 0xff, 0xd7, 0x0, 0xb, 0xfe, 0x82, 0x0,
    0x0, 0x0, 0x7, 0xef, 0x30, 0x0, 0x0, 0x0,
    0x0, 0x2, 0x20, 0x0, 0x0, 0x0, 0x0, 0x0,
    0x2, 0x0,

    /* U+64A4 "撤" */
    0x0, 0x0, 0x0, 0x0, 0x0, 0x0, 0x0, 0x0,
    0x0, 0x0, 0x0, 0x0, 0x0, 0x0, 0xb, 0xfe,
    0x0, 0x0, 0x3b, 0xe3, 0x0, 0x0, 0x8e, 0xc0,
    0x0, 0x0, 0x0, 0xc, 0xfe, 0x0, 0x0, 0x1f,
    0xfa, 0x0, 0x0, 0xaf, 0xe0, 0x0, 0x0, 0x0,
    0xc, 0xfe, 0x0, 0x89, 0x9f, 0xff, 0x99, 0x91,
    0xcf, 0xc0, 0x0, 0x0, 0x0, 0xc, 0xfe, 0x0,
    0xff, 0xff, 0xff, 0xff, 0xf2, 0xef, 0x90, 0x0,
    0x0, 0x0, 0xc, 0xfe, 0x0, 0xde, 0xff, 0xfe,
    0xee, 0xe3, 0xff, 0xdb, 0xbb, 0xb0, 0xf, 0xff,
    0xff, 0xfe, 0x3, 0xff, 0x81, 0x61, 0x4, 0xff,
    0xff, 0xff, 0xf1, 0xf, 0xff, 0xff, 0xfe, 0xb,
    0xfe, 0xc, 0xf8, 0x7, 0xff, 0xff, 0xff, 0xf1,
    0xd, 0xdf, 0xff, 0xdb, 0x7f, 0xfb, 0x9d, 0xfe,
    0xb, 0xfd, 0x8, 0xff, 0x10, 0x0, 0xc, 0xfe,
    0x0, 0xff, 0xff, 0xff, 0xff, 0x6f, 0xfc, 0xa,
    0xff, 0x0, 0x0, 0xc, 0xfe, 0x0, 0x9f, 0xfc,
    0xa7, 0xbf, 0xdf, 0xfe, 0xc, 0xfd, 0x0, 0x0,
    0xc, 0xfe, 0x0, 0x46, 0x44, 0x44, 0x65, 0xdf,
    0xff, 0xe, 0xfb, 0x0, 0x0, 0xc, 0xff, 0x36,
    0x8f, 0xff, 0xff, 0xff, 0xcf, 0xff, 0x4f, 0xf8,
    0x0, 0x0, 0x4d, 0xff, 0xff, 0x8f, 0xff, 0xff,
    0xff, 0x2d, 0xdf, 0x9f, 0xf5, 0x0, 0x4f, 0xff,
    0xff, 0xff, 0xaf, 0xf0, 0x7, 0xff, 0x1, 0x9f,
    0xff, 0xf2, 0x0, 0x1f, 0xff, 0xff, 0x61, 0x8f,
    0xff, 0xff, 0xff, 0x0, 0x6f, 0xff, 0xe0, 0x0,
    0xa, 0x8d, 0xfe, 0x0, 0x8f, 0xff, 0xff, 0xff,
    0x0, 0x2f, 0xff, 0xa0, 0x0, 0x0, 0xc, 0xfe,
    0x0, 0x8f, 0xf1, 0x8, 0xff, 0x0, 0xe, 0xff,
    0x50, 0x0, 0x0, 0xc, 0xfe, 0x0, 0x8f, 0xf5,
    0x4a, 0xff, 0x0, 0xd, 0xff, 0x0, 0x0, 0x0,
    0xc, 0xfe, 0x0, 0x8f, 0xff, 0xff, 0xff, 0x0,
    0x5f, 0xff, 0x60, 0x0, 0x0, 0xc, 0xfe, 0x0,
    0x8f, 0xfc, 0xce, 0xff, 0x1, 0xef, 0xff, 0xe1,
    0x0, 0x0, 0xc, 0xfe, 0x0, 0x8f, 0xf0, 0x7,
    0xff, 0x1b, 0xff, 0xdf, 0xfb, 0x0, 0x6, 0xaf,
    0xfe, 0x0, 0x8f, 0xf1, 0x9c, 0xff, 0xbf, 0xfd,
    0xd, 0xff, 0xb0, 0x5, 0xff, 0xfb, 0x0, 0x8f,
    0xf0, 0xcf, 0xfe, 0xcf, 0xf2, 0x3, 0xff, 0x60,
    0x2, 0xfe, 0xa2, 0x0, 0x7f, 0xf0, 0x8d, 0xb3,
    0x1d, 0x30, 0x0, 0x5a, 0x0, 0x0, 0x0, 0x0,
    0x0, 0x0, 0x0, 0x0, 0x0, 0x0, 0x0, 0x0,
    0x0, 0x0,

    /* U+64CD "操" */
    0x0, 0x1, 0x11, 0x0, 0x0, 0x0, 0x0, 0x0,
    0x0, 0x0, 0x0, 0x0, 0x0, 0x0, 0xb, 0xff,
    0x30, 0x0, 0x0, 0x11, 0x11, 0x11, 0x11, 0x11,
    0x0, 0x0, 0x0, 0xb, 0xff, 0x30, 0x0, 0x8,
    0xff, 0xff, 0xff, 0xff, 0xfc, 0x0, 0x0, 0x0,
    0xb, 0xff, 0x30, 0x0, 0x8, 0xff, 0xff, 0xff,
    0xff, 0xfc, 0x0, 0x0, 0x0, 0xb, 0xff, 0x30,
    0x0, 0x8, 0xff, 0x30, 0x0, 0x1f, 0xfc, 0x0,
    0x0, 0x2, 0x2c, 0xff, 0x52, 0x10, 0x8, 0xff,
    0x53, 0x33, 0x4f, 0xfc, 0x0, 0x0, 0x3f, 0xff,
    0xff, 0xff, 0x60, 0x8, 0xff, 0xff, 0xff, 0xff,
    0xfc, 0x0, 0x0, 0x3f, 0xff, 0xff, 0xff, 0x60,
    0x8, 0xff, 0xff, 0xff, 0xff, 0xfb, 0x0, 0x0,
    0x2b, 0xbe, 0xff, 0xcb, 0x42, 0x22, 0x22, 0x22,
    0x2, 0x22, 0x22, 0x22, 0x0, 0x0, 0xb, 0xff,
    0x30, 0xe, 0xff, 0xff, 0xff, 0x1e, 0xff, 0xff,
    0xff, 0x40, 0x0, 0xb, 0xff, 0x30, 0xe, 0xff,
    0xff, 0xff, 0x1e, 0xff, 0xff, 0xff, 0x40, 0x0,
    0xb, 0xff, 0x30, 0xe, 0xf6, 0x6, 0xff, 0x1e,
    0xf7, 0x3, 0xff, 0x40, 0x0, 0xb, 0xff, 0xbe,
    0x3e, 0xf7, 0x27, 0xff, 0x1e, 0xf8, 0x25, 0xff,
    0x40, 0x1, 0x6e, 0xff, 0xff, 0x6e, 0xff, 0xff,
    0xff, 0x1e, 0xff, 0xff, 0xff, 0x40, 0x7f, 0xff,
    0xff, 0xff, 0x5e, 0xff, 0xff, 0xff, 0x3e, 0xff,
    0xff, 0xff, 0x40, 0x4f, 0xff, 0xff, 0x70, 0x0,
    0x0, 0x0, 0xe, 0xff, 0x10, 0x0, 0x0, 0x0,
    0xf, 0xbd, 0xff, 0x30, 0x17, 0x77, 0x77, 0x7f,
    0xff, 0x87, 0x77, 0x77, 0x40, 0x0, 0xb, 0xff,
    0x30, 0x3f, 0xff, 0xff, 0xff, 0xff, 0xff, 0xff,
    0xff, 0xa0, 0x0, 0xb, 0xff, 0x30, 0x3f, 0xff,
    0xff, 0xff, 0xff, 0xff, 0xff, 0xff, 0xa0, 0x0,
    0xb, 0xff, 0x30, 0x0, 0x0, 0x2d, 0xff, 0xff,
    0xfd, 0x20, 0x0, 0x0, 0x0, 0xb, 0xff, 0x30,
    0x0, 0x7, 0xff, 0xff, 0xff, 0xff, 0xf6, 0x0,
    0x0, 0x0, 0xb, 0xff, 0x30, 0x6, 0xdf, 0xff,
    0xae, 0xff, 0x8f, 0xff, 0xc5, 0x0, 0x7, 0xcf,
    0xff, 0x29, 0xff, 0xff, 0xf7, 0xe, 0xff, 0x16,
    0xff, 0xff, 0xc0, 0x4, 0xff, 0xff, 0x3, 0xff,
    0xfb, 0x20, 0xe, 0xff, 0x10, 0x2c, 0xff, 0x20,
    0x0, 0xfe, 0xb3, 0x0, 0x6a, 0x30, 0x0, 0xe,
    0xff, 0x10, 0x0, 0x54, 0x0,

    /* U+64CE "擎" */
    0x0, 0x0, 0x11, 0x0, 0x11, 0x10, 0x0, 0x0,
    0x0, 0x0, 0x0, 0x0, 0x0, 0x1, 0x25, 0xff,
    0x72, 0xcf, 0xe2, 0x21, 0x4, 0xfc, 0x40, 0x0,
    0x0, 0x0, 0xd, 0xff, 0xff, 0xff, 0xff, 0xff,
    0xf7, 0xa, 0xff, 0x20, 0x0, 0x0, 0x0, 0xa,
    0xcd, 0xff, 0xdc, 0xff, 0xfc, 0xc5, 0x2f, 0xff,
    0xff, 0xff, 0xff, 0xe0, 0x0, 0x9, 0xfd, 0x40,
    0x9d, 0xb0, 0x0, 0xbf, 0xff, 0xff, 0xff, 0xff,
    0xe0, 0x0, 0x4f, 0xfd, 0xbb, 0xbb, 0xcb, 0x76,
    0xff, 0xf6, 0x44, 0xbf, 0xf8, 0x40, 0x1, 0xef,
    0xff, 0xff, 0xff, 0xff, 0xef, 0xff, 0xfb, 0x2,
    0xff, 0xe0, 0x0, 0x1c, 0xff, 0x63, 0x33, 0x30,
    0xff, 0xa9, 0xf9, 0xff, 0x9d, 0xff, 0x50, 0x0,
    0xa, 0xff, 0xff, 0xff, 0xe0, 0xff, 0x90, 0x30,
    0xaf, 0xff, 0xf9, 0x0, 0x0, 0x0, 0x6f, 0xf2,
    0x5f, 0xe1, 0xff, 0x80, 0x6, 0xcf, 0xff, 0xf7,
    0x10, 0x0, 0x0, 0x1f, 0xfa, 0xbf, 0xe4, 0xff,
    0x9c, 0xff, 0xff, 0xff, 0xff, 0xfb, 0x71, 0x0,
    0x1f, 0xfb, 0xbd, 0xff, 0xff, 0x2b, 0xff, 0xe7,
    0x16, 0xef, 0xff, 0xa0, 0x0, 0x7, 0x60, 0x2,
    0xee, 0xd7, 0x1, 0x94, 0x0, 0x23, 0x6, 0xbd,
    0x0, 0x0, 0x1, 0x99, 0x99, 0x99, 0xaa, 0xbc,
    0xcd, 0xff, 0xff, 0xa0, 0x0, 0x0, 0x0, 0x0,
    0xef, 0xff, 0xff, 0xff, 0xff, 0xff, 0xed, 0xca,
    0x83, 0x0, 0x0, 0x0, 0x0, 0x23, 0x33, 0x33,
    0x39, 0xff, 0xa0, 0x0, 0x0, 0x0, 0x0, 0x0,
    0x0, 0xd, 0xee, 0xee, 0xee, 0xef, 0xff, 0xfe,
    0xee, 0xee, 0xee, 0xe2, 0x0, 0x0, 0xe, 0xff,
    0xff, 0xff, 0xff, 0xff, 0xff, 0xff, 0xff, 0xff,
    0xf2, 0x0, 0x0, 0x2, 0x33, 0x33, 0x33, 0x3a,
    0xff, 0xb3, 0x33, 0x33, 0x33, 0x30, 0x0, 0x4,
    0x55, 0x55, 0x55, 0x55, 0x5b, 0xff, 0xc5, 0x55,
    0x55, 0x55, 0x55, 0x50, 0xc, 0xff, 0xff, 0xff,
    0xff, 0xff, 0xff, 0xff, 0xff, 0xff, 0xff, 0xff,
    0xf0, 0xa, 0xdd, 0xdd, 0xdd, 0xdd, 0xde, 0xff,
    0xfd, 0xdd, 0xdd, 0xdd, 0xdd, 0xc0, 0x0, 0x0,
    0x0, 0x0, 0x77, 0x7c, 0xff, 0x90, 0x0, 0x0,
    0x0, 0x0, 0x0, 0x0, 0x0, 0x0, 0x0, 0x9f,
    0xff, 0xff, 0x70, 0x0, 0x0, 0x0, 0x0, 0x0,
    0x0, 0x0, 0x0, 0x0, 0x3f, 0xff, 0xd8, 0x0,
    0x0, 0x0, 0x0, 0x0, 0x0, 0x0, 0x0, 0x0,
    0x0, 0x0, 0x0, 0x0, 0x0, 0x0, 0x0, 0x0,
    0x0, 0x0,

    /* U+652F "支" */
    0x0, 0x0, 0x0, 0x0, 0x0, 0x4, 0x55, 0x10,
    0x0, 0x0, 0x0, 0x0, 0x0, 0x0, 0x0, 0x0,
    0x0, 0x0, 0xef, 0xf5, 0x0, 0x0, 0x0, 0x0,
    0x0, 0x0, 0x0, 0x0, 0x0, 0x0, 0xe, 0xff,
    0x50, 0x0, 0x0, 0x0, 0x0, 0x0, 0x0, 0x0,
    0x0, 0x0, 0x0, 0xef, 0xf5, 0x0, 0x0, 0x0,
    0x0, 0x0, 0x5, 0xee, 0xee, 0xee, 0xee, 0xef,
    0xff, 0xfe, 0xee, 0xee, 0xee, 0xec, 0x0, 0x6f,
    0xff, 0xff, 0xff, 0xff, 0xff, 0xff, 0xff, 0xff,
    0xff, 0xff, 0xe0, 0x6, 0xff, 0xff, 0xff, 0xff,
    0xff, 0xff, 0xff, 0xff, 0xff, 0xff, 0xfe, 0x0,
    0x13, 0x33, 0x33, 0x33, 0x33, 0xff, 0xf7, 0x33,
    0x33, 0x33, 0x33, 0x20, 0x0, 0x0, 0x0, 0x0,
    0x0, 0xe, 0xff, 0x50, 0x0, 0x0, 0x0, 0x0,
    0x0, 0x0, 0x0, 0x0, 0x0, 0x0, 0xef, 0xf5,
    0x0, 0x0, 0x0, 0x0, 0x0, 0x0, 0x6, 0x66,
    0x66, 0x66, 0x6f, 0xff, 0xa6, 0x66, 0x67, 0x50,
    0x0, 0x0, 0x2, 0xff, 0xff, 0xff, 0xff, 0xff,
    0xff, 0xff, 0xff, 0xff, 0xc1, 0x0, 0x0, 0x2f,
    0xff, 0xff, 0xff, 0xff, 0xff, 0xff, 0xff, 0xff,
    0xfe, 0x0, 0x0, 0x1, 0xaa, 0xbf, 0xfb, 0xaa,
    0xaa, 0xaa, 0xaa, 0xbf, 0xff, 0x80, 0x0, 0x0,
    0x0, 0xd, 0xff, 0xb0, 0x0, 0x0, 0x0, 0xb,
    0xff, 0xe0, 0x0, 0x0, 0x0, 0x0, 0x4f, 0xff,
    0x80, 0x0, 0x0, 0x8, 0xff, 0xf5, 0x0, 0x0,
    0x0, 0x0, 0x0, 0x9f, 0xff, 0x70, 0x0, 0x6,
    0xff, 0xfa, 0x0, 0x0, 0x0, 0x0, 0x0, 0x0,
    0xcf, 0xff, 0x80, 0x8, 0xff, 0xfc, 0x0, 0x0,
    0x0, 0x0, 0x0, 0x0, 0x1, 0xdf, 0xff, 0xcc,
    0xff, 0xfc, 0x10, 0x0, 0x0, 0x0, 0x0, 0x0,
    0x0, 0x1, 0xcf, 0xff, 0xff, 0xfb, 0x0, 0x0,
    0x0, 0x0, 0x0, 0x0, 0x0, 0x1, 0x6c, 0xff,
    0xff, 0xff, 0xc6, 0x10, 0x0, 0x0, 0x0, 0x0,
    0x14, 0x8c, 0xff, 0xff, 0xff, 0xff, 0xff, 0xff,
    0xc8, 0x52, 0x0, 0x4b, 0xef, 0xff, 0xff, 0xff,
    0xfb, 0x47, 0xef, 0xff, 0xff, 0xff, 0xff, 0x90,
    0xdf, 0xff, 0xff, 0xfe, 0x82, 0x0, 0x0, 0x6b,
    0xff, 0xff, 0xff, 0xf1, 0x5, 0xff, 0xfb, 0x73,
    0x0, 0x0, 0x0, 0x0, 0x1, 0x59, 0xcf, 0xf7,
    0x0, 0x5, 0x20, 0x0, 0x0, 0x0, 0x0, 0x0,
    0x0, 0x0, 0x0, 0x2, 0x0,

    /* U+6536 "收" */
    0x0, 0x0, 0x0, 0x1, 0x11, 0x0, 0x1, 0x52,
    0x0, 0x0, 0x0, 0x0, 0x0, 0x0, 0x0, 0x1,
    0xff, 0xf0, 0x0, 0x5f, 0xff, 0x0, 0x0, 0x0,
    0x0, 0x0, 0x0, 0x0, 0x1f, 0xff, 0x0, 0x7,
    0xff, 0xc0, 0x0, 0x0, 0x0, 0x0, 0x45, 0x50,
    0x1, 0xff, 0xf0, 0x0, 0xbf, 0xf9, 0x0, 0x0,
    0x0, 0x0, 0xe, 0xff, 0x20, 0x1f, 0xff, 0x0,
    0xe, 0xff, 0x50, 0x0, 0x0, 0x0, 0x0, 0xef,
    0xf2, 0x1, 0xff, 0xf0, 0x2, 0xff, 0xf2, 0x0,
    0x0, 0x0, 0x0, 0xe, 0xff, 0x20, 0x1f, 0xff,
    0x0, 0x7f, 0xff, 0xff, 0xff, 0xff, 0xff, 0x10,
    0xef, 0xf2, 0x1, 0xff, 0xf0, 0xd, 0xff, 0xff,
    0xff, 0xff, 0xff, 0xf1, 0xe, 0xff, 0x20, 0x1f,
    0xff, 0x3, 0xff, 0xfe, 0xee, 0xef, 0xff, 0xfe,
    0x0, 0xef, 0xf2, 0x1, 0xff, 0xf0, 0xaf, 0xff,
    0x0, 0x0, 0xbf, 0xf6, 0x0, 0xe, 0xff, 0x20,
    0x1f, 0xff, 0x3f, 0xff, 0xf3, 0x0, 0xe, 0xff,
    0x30, 0x0, 0xef, 0xf2, 0x1, 0xff, 0xfd, 0xff,
    0xff, 0x80, 0x2, 0xff, 0xf0, 0x0, 0xe, 0xff,
    0x20, 0x1f, 0xff, 0xcf, 0xff, 0xfe, 0x0, 0x6f,
    0xfb, 0x0, 0x0, 0xef, 0xf2, 0x1, 0xff, 0xf1,
    0xeb, 0x8f, 0xf5, 0xc, 0xff, 0x60, 0x0, 0xe,
    0xff, 0x20, 0x1f, 0xff, 0x3, 0x12, 0xff, 0xc2,
    0xff, 0xf1, 0x0, 0x0, 0xef, 0xf2, 0x5, 0xff,
    0xf0, 0x0, 0xb, 0xff, 0xcf, 0xfa, 0x0, 0x0,
    0xf, 0xff, 0xcf, 0xff, 0xff, 0x0, 0x0, 0x4f,
    0xff, 0xff, 0x30, 0x0, 0x4, 0xff, 0xff, 0xff,
    0xff, 0xf0, 0x0, 0x0, 0xcf, 0xff, 0xc0, 0x0,
    0x0, 0xaf, 0xff, 0xff, 0xbf, 0xff, 0x0, 0x0,
    0x8, 0xff, 0xf7, 0x0, 0x0, 0x2, 0xff, 0xc6,
    0x1, 0xff, 0xf0, 0x0, 0x5, 0xff, 0xff, 0xf4,
    0x0, 0x0, 0xa, 0x30, 0x0, 0x1f, 0xff, 0x0,
    0x6, 0xff, 0xff, 0xff, 0xf6, 0x0, 0x0, 0x0,
    0x0, 0x1, 0xff, 0xf0, 0x1a, 0xff, 0xfd, 0x3e,
    0xff, 0xfa, 0x10, 0x0, 0x0, 0x0, 0x1f, 0xff,
    0x5f, 0xff, 0xfd, 0x10, 0x2e, 0xff, 0xfe, 0x0,
    0x0, 0x0, 0x1, 0xff, 0xf0, 0xdf, 0xfa, 0x10,
    0x0, 0x1c, 0xff, 0x30, 0x0, 0x0, 0x0, 0x1f,
    0xff, 0x2, 0xd5, 0x0, 0x0, 0x0, 0x7, 0x50,
    0x0, 0x0, 0x0, 0x0, 0x0, 0x0, 0x0, 0x0,
    0x0, 0x0, 0x0, 0x0, 0x0,

    /* U+653E "放" */
    0x0, 0x0, 0x17, 0xb8, 0x0, 0x0, 0x0, 0xd,
    0xa8, 0x20, 0x0, 0x0, 0x0, 0x0, 0x0, 0xe,
    0xfe, 0x0, 0x0, 0x0, 0x3f, 0xff, 0x20, 0x0,
    0x0, 0x0, 0x0, 0x0, 0x9, 0xff, 0x40, 0x0,
    0x0, 0x6f, 0xff, 0x0, 0x0, 0x0, 0x0, 0x0,
    0x0, 0x4, 0xfd, 0x40, 0x0, 0x0, 0xaf, 0xfc,
    0x0, 0x0, 0x0, 0x0, 0x2e, 0xee, 0xee, 0xfe,
    0xee, 0xee, 0x40, 0xef, 0xf9, 0x22, 0x22, 0x22,
    0x20, 0x3f, 0xff, 0xff, 0xff, 0xff, 0xff, 0x53,
    0xff, 0xff, 0xff, 0xff, 0xff, 0xf0, 0x3f, 0xff,
    0xff, 0xff, 0xff, 0xff, 0x48, 0xff, 0xff, 0xff,
    0xff, 0xff, 0xf0, 0x0, 0xa, 0xff, 0x50, 0x0,
    0x0, 0xe, 0xff, 0xeb, 0xbc, 0xff, 0xfc, 0xb0,
    0x0, 0xa, 0xff, 0x50, 0x0, 0x0, 0x6f, 0xff,
    0xb0, 0x2, 0xff, 0xf0, 0x0, 0x0, 0xa, 0xff,
    0xdc, 0xcc, 0xc3, 0xef, 0xff, 0xe0, 0x5, 0xff,
    0xc0, 0x0, 0x0, 0xa, 0xff, 0xff, 0xff, 0xfc,
    0xff, 0xff, 0xf3, 0x9, 0xff, 0x90, 0x0, 0x0,
    0xa, 0xff, 0xff, 0xff, 0xff, 0xff, 0xff, 0xf7,
    0xd, 0xff, 0x50, 0x0, 0x0, 0xa, 0xff, 0x50,
    0xcf, 0xf5, 0xef, 0x5f, 0xfd, 0x2f, 0xff, 0x0,
    0x0, 0x0, 0xb, 0xff, 0x40, 0xcf, 0xf2, 0x27,
    0xd, 0xff, 0xbf, 0xfb, 0x0, 0x0, 0x0, 0xc,
    0xff, 0x30, 0xcf, 0xf2, 0x0, 0x7, 0xff, 0xff,
    0xf6, 0x0, 0x0, 0x0, 0xe, 0xff, 0x10, 0xcf,
    0xf2, 0x0, 0x1, 0xff, 0xff, 0xf0, 0x0, 0x0,
    0x0, 0x1f, 0xff, 0x0, 0xdf, 0xf1, 0x0, 0x0,
    0xaf, 0xff, 0x80, 0x0, 0x0, 0x0, 0x5f, 0xfc,
    0x0, 0xef, 0xf0, 0x0, 0x0, 0xcf, 0xff, 0x80,
    0x0, 0x0, 0x0, 0xbf, 0xf8, 0x0, 0xff, 0xf0,
    0x0, 0xa, 0xff, 0xff, 0xf5, 0x0, 0x0, 0x2,
    0xff, 0xf3, 0x0, 0xff, 0xf0, 0x1, 0xbf, 0xff,
    0xff, 0xff, 0x60, 0x0, 0xb, 0xff, 0xc0, 0x3,
    0xff, 0xd0, 0x5e, 0xff, 0xfc, 0x3f, 0xff, 0xfb,
    0x20, 0x7f, 0xff, 0x48, 0xce, 0xff, 0xbc, 0xff,
    0xff, 0xb0, 0x4, 0xff, 0xff, 0xe1, 0x3e, 0xfa,
    0x5, 0xff, 0xff, 0x65, 0xff, 0xf8, 0x0, 0x0,
    0x3e, 0xff, 0x40, 0x2, 0xb1, 0x2, 0xff, 0xe8,
    0x0, 0x9d, 0x30, 0x0, 0x0, 0x1, 0x98, 0x0,
    0x0, 0x0, 0x0, 0x0, 0x0, 0x0, 0x0, 0x0,
    0x0, 0x0, 0x0, 0x0, 0x0,

    /* U+6548 "效" */
    0x0, 0x0, 0x0, 0x3, 0x0, 0x0, 0x0, 0x0,
    0x32, 0x0, 0x0, 0x0, 0x0, 0x0, 0x0, 0xa,
    0xff, 0x20, 0x0, 0x0, 0x0, 0xef, 0xf0, 0x0,
    0x0, 0x0, 0x0, 0x0, 0x9, 0xff, 0xa0, 0x0,
    0x0, 0x0, 0xff, 0xd0, 0x0, 0x0, 0x0, 0x0,
    0x0, 0x1, 0xff, 0xe0, 0x0, 0x0, 0x3, 0xff,
    0xa0, 0x0, 0x0, 0x0, 0xa, 0xbb, 0xbb, 0xff,
    0xbb, 0xbb, 0xb6, 0x7, 0xff, 0x70, 0x0, 0x0,
    0x0, 0xe, 0xff, 0xff, 0xff, 0xff, 0xff, 0xf8,
    0xa, 0xff, 0xdc, 0xcc, 0xcc, 0x90, 0xe, 0xff,
    0xff, 0xff, 0xff, 0xff, 0xf8, 0xe, 0xff, 0xff,
    0xff, 0xff, 0xc0, 0x1, 0x16, 0xb7, 0x21, 0x3b,
    0xe2, 0x10, 0x3f, 0xff, 0xff, 0xff, 0xff, 0xc0,
    0x0, 0xd, 0xff, 0x30, 0x9f, 0xfa, 0x0, 0x9f,
    0xf7, 0x22, 0x9f, 0xf8, 0x10, 0x0, 0x5f, 0xfb,
    0x0, 0xd, 0xff, 0x50, 0xff, 0xf1, 0x0, 0xbf,
    0xf4, 0x0, 0x0, 0xdf, 0xf3, 0x0, 0x3, 0xff,
    0xe7, 0xff, 0xf2, 0x0, 0xef, 0xf1, 0x0, 0x8,
    0xff, 0xb0, 0x1, 0xa8, 0xdf, 0xff, 0xff, 0xf7,
    0x1, 0xff, 0xd0, 0x0, 0x4f, 0xff, 0x6a, 0x6,
    0xff, 0xcf, 0xef, 0xff, 0xfc, 0x5, 0xff, 0xa0,
    0x0, 0x2d, 0xfe, 0xff, 0xbb, 0xff, 0x52, 0x1e,
    0xfd, 0xff, 0x2a, 0xff, 0x50, 0x0, 0x1, 0x94,
    0xff, 0xff, 0xff, 0x0, 0x3, 0x96, 0xff, 0x9f,
    0xff, 0x10, 0x0, 0x0, 0x0, 0x5f, 0xff, 0xfa,
    0x0, 0x0, 0x0, 0xff, 0xff, 0xfa, 0x0, 0x0,
    0x0, 0x0, 0x7, 0xff, 0xf8, 0x0, 0x0, 0x0,
    0x9f, 0xff, 0xf4, 0x0, 0x0, 0x0, 0x0, 0x9,
    0xff, 0xff, 0x50, 0x0, 0x0, 0x2f, 0xff, 0xc0,
    0x0, 0x0, 0x0, 0x0, 0x4f, 0xff, 0xff, 0xf2,
    0x0, 0x0, 0x3f, 0xff, 0xc0, 0x0, 0x0, 0x0,
    0x2, 0xef, 0xfa, 0xef, 0xfd, 0x0, 0x1, 0xef,
    0xff, 0xf9, 0x0, 0x0, 0x0, 0x2e, 0xff, 0xd0,
    0x4f, 0xff, 0x50, 0x2d, 0xff, 0xff, 0xff, 0x70,
    0x0, 0x5, 0xff, 0xfe, 0x20, 0x9, 0xf6, 0x6,
    0xff, 0xff, 0x3c, 0xff, 0xf9, 0x0, 0x2f, 0xff,
    0xf3, 0x0, 0x0, 0x34, 0xcf, 0xff, 0xe3, 0x1,
    0xdf, 0xff, 0xc0, 0x5, 0xfe, 0x20, 0x0, 0x0,
    0x5, 0xff, 0xfd, 0x20, 0x0, 0x2d, 0xff, 0x50,
    0x0, 0x41, 0x0, 0x0, 0x0, 0x0, 0x6f, 0x80,
    0x0, 0x0, 0x1, 0xb8, 0x0, 0x0, 0x0, 0x0,
    0x0, 0x0, 0x0, 0x1, 0x0, 0x0, 0x0, 0x0,
    0x0, 0x0,

    /* U+6570 "数" */
    0x0, 0x0, 0x0, 0x12, 0x10, 0x0, 0x0, 0x0,
    0x0, 0x0, 0x0, 0x0, 0x0, 0x0, 0x6, 0x20,
    0xff, 0xf0, 0x18, 0x20, 0x1, 0xec, 0x70, 0x0,
    0x0, 0x0, 0x0, 0xdf, 0xb0, 0xff, 0xf0, 0x8f,
    0xf6, 0x3, 0xff, 0x90, 0x0, 0x0, 0x0, 0x0,
    0x8f, 0xf2, 0xff, 0xf1, 0xff, 0xe0, 0x5, 0xff,
    0x60, 0x0, 0x0, 0x0, 0x0, 0x1f, 0xf6, 0xff,
    0xf6, 0xff, 0x40, 0x8, 0xff, 0x30, 0x0, 0x0,
    0x0, 0x3, 0x4c, 0x84, 0xff, 0xf4, 0x7a, 0x43,
    0xc, 0xff, 0x11, 0x11, 0x11, 0x10, 0xe, 0xff,
    0xff, 0xff, 0xff, 0xff, 0xfe, 0xf, 0xff, 0xff,
    0xff, 0xff, 0xf0, 0xe, 0xff, 0xff, 0xff, 0xff,
    0xff, 0xfe, 0x4f, 0xff, 0xff, 0xff, 0xff, 0xf0,
    0x2, 0x33, 0x9f, 0xff, 0xff, 0xc4, 0x32, 0x9f,
    0xfe, 0xdd, 0xef, 0xfd, 0xc0, 0x0, 0x9, 0xff,
    0xff, 0xff, 0xff, 0x70, 0xef, 0xfa, 0x0, 0xaf,
    0xf2, 0x0, 0x5, 0xdf, 0xfe, 0xff, 0xf4, 0xef,
    0xd6, 0xff, 0xfe, 0x0, 0xdf, 0xf0, 0x0, 0x1e,
    0xff, 0xd1, 0xff, 0xf0, 0x1c, 0x3d, 0xff, 0xff,
    0x20, 0xff, 0xd0, 0x0, 0x3, 0xfa, 0x1, 0x9a,
    0x90, 0x0, 0x7f, 0xff, 0xff, 0x63, 0xff, 0x90,
    0x0, 0x0, 0x20, 0xc, 0xfd, 0x10, 0x0, 0x1d,
    0xf4, 0xff, 0xb7, 0xff, 0x60, 0x0, 0x2, 0x99,
    0x9f, 0xff, 0x99, 0x9a, 0x62, 0x80, 0xcf, 0xfd,
    0xff, 0x10, 0x0, 0x3, 0xff, 0xff, 0xff, 0xff,
    0xff, 0xf2, 0x0, 0x7f, 0xff, 0xfc, 0x0, 0x0,
    0x3, 0xff, 0xff, 0xff, 0xff, 0xff, 0xd0, 0x0,
    0x1f, 0xff, 0xf7, 0x0, 0x0, 0x0, 0xb, 0xff,
    0x40, 0x6, 0xff, 0x60, 0x0, 0xb, 0xff, 0xf1,
    0x0, 0x0, 0x0, 0x5f, 0xff, 0x60, 0x2f, 0xfd,
    0x0, 0x0, 0xb, 0xff, 0xf1, 0x0, 0x0, 0x0,
    0x6e, 0xff, 0xfe, 0xef, 0xf4, 0x0, 0x0, 0x7f,
    0xff, 0xfc, 0x0, 0x0, 0x0, 0x0, 0x5d, 0xff,
    0xff, 0xa0, 0x0, 0x6, 0xff, 0xff, 0xff, 0x90,
    0x0, 0x0, 0x0, 0x3b, 0xff, 0xff, 0xfb, 0x10,
    0x8f, 0xff, 0x97, 0xff, 0xfa, 0x0, 0x2, 0x7c,
    0xff, 0xff, 0xaf, 0xfa, 0x4d, 0xff, 0xfa, 0x0,
    0xaf, 0xff, 0xd2, 0x1d, 0xff, 0xff, 0xb2, 0x3,
    0x91, 0xdf, 0xff, 0x80, 0x0, 0xa, 0xff, 0xc0,
    0x3, 0xff, 0xa3, 0x0, 0x0, 0x0, 0x4f, 0xe4,
    0x0, 0x0, 0x0, 0x8e, 0x10, 0x0, 0x40, 0x0,
    0x0, 0x0, 0x0, 0x5, 0x0, 0x0, 0x0, 0x0,
    0x1, 0x0,

    /* U+6574 "整" */
    0x0, 0x0, 0x0, 0x11, 0x10, 0x0, 0x0, 0x0,
    0x0, 0x0, 0x0, 0x0, 0x0, 0x0, 0x0, 0x0,
    0xef, 0xd0, 0x0, 0x0, 0x0, 0xec, 0x70, 0x0,
    0x0, 0x0, 0x9, 0xee, 0xee, 0xff, 0xfe, 0xee,
    0xe4, 0x5, 0xff, 0xa0, 0x0, 0x0, 0x0, 0xa,
    0xff, 0xff, 0xff, 0xff, 0xff, 0xf5, 0xc, 0xff,
    0xa6, 0x66, 0x66, 0x50, 0x3, 0x55, 0x55, 0xff,
    0xe5, 0x55, 0x51, 0x5f, 0xff, 0xff, 0xff, 0xff,
    0xc0, 0x0, 0xcc, 0xcc, 0xff, 0xfc, 0xcc, 0xc1,
    0xef, 0xff, 0xff, 0xff, 0xff, 0xc0, 0x0, 0xff,
    0xff, 0xff, 0xff, 0xff, 0xfc, 0xff, 0xf8, 0x1,
    0xff, 0xe0, 0x0, 0x0, 0xff, 0x60, 0xef, 0xd0,
    0x9f, 0xfe, 0xff, 0xff, 0x27, 0xff, 0x80, 0x0,
    0x0, 0xff, 0xdc, 0xff, 0xfc, 0xef, 0xf2, 0xd5,
    0xef, 0xef, 0xff, 0x10, 0x0, 0x0, 0xff, 0xff,
    0xff, 0xff, 0xff, 0xf0, 0x0, 0x5f, 0xff, 0xf7,
    0x0, 0x0, 0x0, 0x1, 0xaf, 0xff, 0xdd, 0xe6,
    0x0, 0x0, 0x4f, 0xff, 0xf6, 0x0, 0x0, 0x0,
    0x3d, 0xff, 0xff, 0xec, 0xff, 0x90, 0x4b, 0xff,
    0xff, 0xff, 0xd6, 0x10, 0xb, 0xff, 0xf6, 0xef,
    0xd0, 0x6f, 0x5d, 0xff, 0xff, 0x76, 0xff, 0xff,
    0xe1, 0x4, 0xfe, 0x40, 0xef, 0xd0, 0x1, 0x3,
    0xff, 0xa2, 0x0, 0x2a, 0xff, 0x40, 0x0, 0x68,
    0x77, 0x88, 0x77, 0x77, 0x77, 0xc9, 0x77, 0x77,
    0x77, 0xa8, 0x0, 0x0, 0x5f, 0xff, 0xff, 0xff,
    0xff, 0xff, 0xff, 0xff, 0xff, 0xff, 0xf4, 0x0,
    0x0, 0x5f, 0xff, 0xff, 0xff, 0xff, 0xff, 0xff,
    0xff, 0xff, 0xff, 0xf4, 0x0, 0x0, 0x0, 0x0,
    0x0, 0x0, 0xa, 0xff, 0x70, 0x0, 0x0, 0x0,
    0x0, 0x0, 0x0, 0x0, 0xe, 0xed, 0x0, 0x9,
    0xff, 0xa5, 0x55, 0x55, 0x51, 0x0, 0x0, 0x0,
    0x0, 0xf, 0xff, 0x0, 0x9, 0xff, 0xff, 0xff,
    0xff, 0xf3, 0x0, 0x0, 0x0, 0x0, 0xf, 0xff,
    0x0, 0x9, 0xff, 0xff, 0xff, 0xff, 0xf2, 0x0,
    0x0, 0x0, 0x0, 0xf, 0xff, 0x0, 0x9, 0xff,
    0x70, 0x0, 0x0, 0x0, 0x0, 0x0, 0xd, 0xff,
    0xff, 0xff, 0xff, 0xff, 0xff, 0xff, 0xff, 0xff,
    0xff, 0xff, 0xd0, 0xe, 0xff, 0xff, 0xff, 0xff,
    0xff, 0xff, 0xff, 0xff, 0xff, 0xff, 0xff, 0xe0,
    0x8, 0xaa, 0xaa, 0xaa, 0xaa, 0xaa, 0xaa, 0xaa,
    0xaa, 0xaa, 0xaa, 0xaa, 0x90,

    /* U+6587 "文" */
    0x0, 0x0, 0x0, 0x0, 0x0, 0x0, 0x16, 0x10,
    0x0, 0x0, 0x0, 0x0, 0x0, 0x0, 0x0, 0x0,
    0x0, 0x0, 0x1d, 0xff, 0x90, 0x0, 0x0, 0x0,
    0x0, 0x0, 0x0, 0x0, 0x0, 0x0, 0x0, 0xc,
    0xff, 0xf2, 0x0, 0x0, 0x0, 0x0, 0x0, 0x0,
    0x0, 0x0, 0x0, 0x0, 0x5, 0xff, 0xf8, 0x0,
    0x0, 0x0, 0x0, 0x0, 0x0, 0x0, 0x0, 0x0,
    0x0, 0x0, 0xff, 0xc6, 0x0, 0x0, 0x0, 0x0,
    0x0, 0xc, 0xee, 0xee, 0xee, 0xee, 0xee, 0xff,
    0xee, 0xee, 0xee, 0xee, 0xee, 0xe0, 0xd, 0xff,
    0xff, 0xff, 0xff, 0xff, 0xff, 0xff, 0xff, 0xff,
    0xff, 0xff, 0xf0, 0xd, 0xff, 0xff, 0xff, 0xff,
    0xff, 0xff, 0xff, 0xff, 0xff, 0xff, 0xff, 0xf0,
    0x1, 0x22, 0x2a, 0xff, 0xb2, 0x22, 0x22, 0x22,
    0x2c, 0xff, 0xd2, 0x22, 0x10, 0x0, 0x0, 0x3,
    0xff, 0xf2, 0x0, 0x0, 0x0, 0x2f, 0xff, 0x60,
    0x0, 0x0, 0x0, 0x0, 0x0, 0xbf, 0xfa, 0x0,
    0x0, 0x0, 0x9f, 0xff, 0x0, 0x0, 0x0, 0x0,
    0x0, 0x0, 0x3f, 0xff, 0x30, 0x0, 0x1, 0xff,
    0xf8, 0x0, 0x0, 0x0, 0x0, 0x0, 0x0, 0xb,
    0xff, 0xd0, 0x0, 0xa, 0xff, 0xf1, 0x0, 0x0,
    0x0, 0x0, 0x0, 0x0, 0x2, 0xff, 0xf9, 0x0,
    0x5f, 0xff, 0x70, 0x0, 0x0, 0x0, 0x0, 0x0,
    0x0, 0x0, 0x8f, 0xff, 0x62, 0xff, 0xfd, 0x0,
    0x0, 0x0, 0x0, 0x0, 0x0, 0x0, 0x0, 0xc,
    0xff, 0xfe, 0xff, 0xf2, 0x0, 0x0, 0x0, 0x0,
    0x0, 0x0, 0x0, 0x0, 0x2, 0xef, 0xff, 0xff,
    0x60, 0x0, 0x0, 0x0, 0x0, 0x0, 0x0, 0x0,
    0x0, 0x0, 0x7f, 0xff, 0xfd, 0x0, 0x0, 0x0,
    0x0, 0x0, 0x0, 0x0, 0x0, 0x0, 0x8, 0xff,
    0xff, 0xff, 0xd3, 0x0, 0x0, 0x0, 0x0, 0x0,
    0x0, 0x0, 0x6, 0xef, 0xff, 0xff, 0xff, 0xff,
    0x91, 0x0, 0x0, 0x0, 0x0, 0x0, 0x17, 0xdf,
    0xff, 0xfe, 0x42, 0xdf, 0xff, 0xff, 0xa3, 0x0,
    0x0, 0x1, 0x6b, 0xff, 0xff, 0xff, 0xa1, 0x0,
    0x8, 0xff, 0xff, 0xff, 0xd8, 0x40, 0x1e, 0xff,
    0xff, 0xff, 0xb3, 0x0, 0x0, 0x0, 0x2a, 0xff,
    0xff, 0xff, 0xe1, 0x5, 0xff, 0xff, 0xa3, 0x0,
    0x0, 0x0, 0x0, 0x0, 0x29, 0xff, 0xff, 0x40,
    0x0, 0xbc, 0x61, 0x0, 0x0, 0x0, 0x0, 0x0,
    0x0, 0x0, 0x5, 0xa8, 0x0, 0x0, 0x0, 0x0,
    0x0, 0x0, 0x0, 0x0, 0x0, 0x0, 0x0, 0x0,
    0x0, 0x0,

    /* U+65AD "断" */
    0x0, 0x0, 0x0, 0x1, 0x10, 0x0, 0x0, 0x0,
    0x0, 0x0, 0x1, 0x0, 0x1, 0x33, 0x0, 0x0,
    0xff, 0x80, 0x0, 0x0, 0x0, 0x0, 0x3a, 0xf7,
    0x0, 0x7f, 0xf4, 0x1, 0xf, 0xf8, 0x0, 0x0,
    0x0, 0x16, 0xcf, 0xff, 0xf8, 0x7, 0xff, 0x4c,
    0xf0, 0xff, 0x86, 0xfc, 0x38, 0xcf, 0xff, 0xff,
    0xfc, 0x50, 0x7f, 0xf4, 0xcf, 0x5f, 0xf8, 0xaf,
    0xc3, 0xff, 0xff, 0xfe, 0x83, 0x0, 0x7, 0xff,
    0x48, 0xf9, 0xff, 0x8e, 0xf5, 0x3f, 0xfe, 0x73,
    0x0, 0x0, 0x0, 0x7f, 0xf4, 0x5f, 0xbf, 0xfb,
    0xfe, 0x3, 0xff, 0xb0, 0x0, 0x0, 0x0, 0x7,
    0xff, 0x43, 0xa4, 0xff, 0xbb, 0x60, 0x3f, 0xfb,
    0x0, 0x0, 0x0, 0x0, 0x7f, 0xf4, 0x99, 0x9f,
    0xfc, 0x99, 0x93, 0xff, 0xb0, 0x0, 0x0, 0x0,
    0x7, 0xff, 0x4f, 0xff, 0xff, 0xff, 0xff, 0x4f,
    0xfd, 0x88, 0x88, 0x88, 0x81, 0x7f, 0xf4, 0xff,
    0xff, 0xff, 0xff, 0xf4, 0xff, 0xff, 0xff, 0xff,
    0xff, 0x27, 0xff, 0x40, 0x8, 0xff, 0xd1, 0x0,
    0x3f, 0xff, 0xff, 0xff, 0xff, 0xf2, 0x7f, 0xf4,
    0x1, 0xff, 0xff, 0xd1, 0x3, 0xff, 0xd6, 0x7f,
    0xfe, 0x66, 0x7, 0xff, 0x40, 0xbf, 0xff, 0xff,
    0xd1, 0x3f, 0xfb, 0x1, 0xff, 0xd0, 0x0, 0x7f,
    0xf4, 0x6f, 0xff, 0xfc, 0xff, 0xc4, 0xff, 0xa0,
    0x1f, 0xfd, 0x0, 0x7, 0xff, 0x8f, 0xfc, 0xff,
    0x89, 0xf7, 0x5f, 0xf9, 0x1, 0xff, 0xd0, 0x0,
    0x7f, 0xfc, 0xff, 0x3f, 0xf8, 0x18, 0x6, 0xff,
    0x80, 0x1f, 0xfd, 0x0, 0x7, 0xff, 0x4e, 0x80,
    0xff, 0x80, 0x0, 0x8f, 0xf6, 0x1, 0xff, 0xd0,
    0x0, 0x7f, 0xf4, 0x40, 0xf, 0xf8, 0x0, 0xb,
    0xff, 0x40, 0x1f, 0xfd, 0x0, 0x7, 0xff, 0x40,
    0x0, 0xbb, 0x50, 0x0, 0xef, 0xf2, 0x1, 0xff,
    0xd0, 0x0, 0x7f, 0xfd, 0xcc, 0xcc, 0xcc, 0xcc,
    0x3f, 0xfe, 0x0, 0x1f, 0xfd, 0x0, 0x7, 0xff,
    0xff, 0xff, 0xff, 0xff, 0xf8, 0xff, 0xb0, 0x1,
    0xff, 0xd0, 0x0, 0x6f, 0xff, 0xff, 0xff, 0xff,
    0xff, 0xef, 0xf6, 0x0, 0x1f, 0xfd, 0x0, 0x0,
    0x0, 0x0, 0x0, 0x0, 0x0, 0x2f, 0xff, 0x10,
    0x1, 0xff, 0xd0, 0x0, 0x0, 0x0, 0x0, 0x0,
    0x0, 0x0, 0x1a, 0x90, 0x0, 0x1f, 0xfd, 0x0,
    0x0, 0x0, 0x0, 0x0, 0x0, 0x0, 0x0, 0x0,
    0x0, 0x0, 0x0, 0x0, 0x0,

    /* U+65B0 "新" */
    0x0, 0x0, 0x0, 0x2, 0x0, 0x0, 0x0, 0x0,
    0x0, 0x0, 0x0, 0x0, 0x0, 0x0, 0x0, 0x9,
    0xef, 0x20, 0x0, 0x0, 0x0, 0x0, 0x0, 0x28,
    0x90, 0x0, 0x0, 0x0, 0x8, 0xff, 0x90, 0x0,
    0x0, 0x0, 0x15, 0x8d, 0xff, 0xfb, 0x0, 0x5,
    0x88, 0x8a, 0xff, 0xe8, 0x88, 0x80, 0x9e, 0xff,
    0xff, 0xff, 0xfe, 0x50, 0xa, 0xff, 0xff, 0xff,
    0xff, 0xff, 0xf1, 0xcf, 0xff, 0xff, 0xb7, 0x30,
    0x0, 0xa, 0xff, 0xff, 0xff, 0xff, 0xff, 0xf1,
    0xcf, 0xf6, 0x20, 0x0, 0x0, 0x0, 0x0, 0x1a,
    0xe6, 0x0, 0x1f, 0xd8, 0x0, 0xcf, 0xf1, 0x0,
    0x0, 0x0, 0x0, 0x0, 0xe, 0xfc, 0x0, 0x5f,
    0xf8, 0x0, 0xcf, 0xf1, 0x0, 0x0, 0x0, 0x0,
    0x0, 0xa, 0xff, 0x0, 0xbf, 0xf2, 0x0, 0xcf,
    0xf1, 0x0, 0x0, 0x0, 0x0, 0x8, 0x8c, 0xfc,
    0x88, 0xff, 0xe8, 0x84, 0xcf, 0xf6, 0x55, 0x55,
    0x55, 0x51, 0xf, 0xff, 0xff, 0xff, 0xff, 0xff,
    0xf8, 0xcf, 0xff, 0xff, 0xff, 0xff, 0xf5, 0xf,
    0xff, 0xff, 0xff, 0xff, 0xff, 0xf8, 0xcf, 0xff,
    0xff, 0xff, 0xff, 0xf5, 0x0, 0x0, 0x1, 0xff,
    0xb0, 0x0, 0x0, 0xcf, 0xf9, 0x99, 0xff, 0xf9,
    0x93, 0x0, 0x0, 0x2, 0xff, 0xc0, 0x0, 0x0,
    0xcf, 0xf1, 0x1, 0xff, 0xe0, 0x0, 0xe, 0xff,
    0xff, 0xff, 0xff, 0xff, 0xf0, 0xdf, 0xf1, 0x1,
    0xff, 0xe0, 0x0, 0xe, 0xff, 0xff, 0xff, 0xff,
    0xff, 0xf0, 0xdf, 0xf0, 0x1, 0xff, 0xe0, 0x0,
    0x8, 0x99, 0x99, 0xff, 0xe9, 0x99, 0x90, 0xef,
    0xf0, 0x1, 0xff, 0xe0, 0x0, 0x0, 0x29, 0x52,
    0xff, 0xb1, 0x98, 0x0, 0xff, 0xd0, 0x1, 0xff,
    0xe0, 0x0, 0x0, 0x9f, 0xf2, 0xff, 0xb9, 0xff,
    0x32, 0xff, 0xb0, 0x1, 0xff, 0xe0, 0x0, 0x2,
    0xff, 0xa1, 0xff, 0xb1, 0xff, 0xb5, 0xff, 0x90,
    0x1, 0xff, 0xe0, 0x0, 0xc, 0xff, 0x21, 0xff,
    0xb0, 0x8f, 0xfc, 0xff, 0x50, 0x1, 0xff, 0xe0,
    0x0, 0x1a, 0xf8, 0x1, 0xff, 0xb0, 0x1c, 0x4e,
    0xff, 0x10, 0x1, 0xff, 0xe0, 0x0, 0x0, 0x62,
    0x89, 0xff, 0xb0, 0x0, 0x6f, 0xfc, 0x0, 0x1,
    0xff, 0xe0, 0x0, 0x0, 0x0, 0xef, 0xff, 0x90,
    0x0, 0x6f, 0xf6, 0x0, 0x1, 0xff, 0xe0, 0x0,
    0x0, 0x0, 0x9f, 0xea, 0x10, 0x0, 0x2, 0xb0,
    0x0, 0x1, 0xff, 0xe0, 0x0,

    /* U+65B9 "方" */
    0x0, 0x0, 0x0, 0x0, 0x0, 0x0, 0x4, 0x0,
    0x0, 0x0, 0x0, 0x0, 0x0, 0x0, 0x0, 0x0,
    0x0, 0x0, 0x8e, 0xf6, 0x0, 0x0, 0x0, 0x0,
    0x0, 0x0, 0x0, 0x0, 0x0, 0x0, 0xc, 0xff,
    0xe0, 0x0, 0x0, 0x0, 0x0, 0x0, 0x0, 0x0,
    0x0, 0x0, 0x0, 0x5f, 0xff, 0x60, 0x0, 0x0,
    0x0, 0x0, 0x0, 0x0, 0x0, 0x0, 0x0, 0x0,
    0xdf, 0xd5, 0x0, 0x0, 0x0, 0x0, 0x0, 0x9e,
    0xee, 0xee, 0xee, 0xee, 0xef, 0xfe, 0xee, 0xee,
    0xee, 0xee, 0xe9, 0xa, 0xff, 0xff, 0xff, 0xff,
    0xff, 0xff, 0xff, 0xff, 0xff, 0xff, 0xff, 0xa0,
    0xaf, 0xff, 0xff, 0xff, 0xff, 0xff, 0xff, 0xff,
    0xff, 0xff, 0xff, 0xfa, 0x1, 0x22, 0x22, 0x23,
    0xff, 0xf7, 0x22, 0x22, 0x22, 0x22, 0x22, 0x22,
    0x10, 0x0, 0x0, 0x0, 0x2f, 0xff, 0x50, 0x0,
    0x0, 0x0, 0x0, 0x0, 0x0, 0x0, 0x0, 0x0,
    0x3, 0xff, 0xf3, 0x0, 0x0, 0x0, 0x0, 0x0,
    0x0, 0x0, 0x0, 0x0, 0x0, 0x4f, 0xff, 0xff,
    0xff, 0xff, 0xff, 0xff, 0xf5, 0x0, 0x0, 0x0,
    0x0, 0x6, 0xff, 0xff, 0xff, 0xff, 0xff, 0xff,
    0xff, 0x40, 0x0, 0x0, 0x0, 0x0, 0x9f, 0xff,
    0xff, 0xff, 0xff, 0xff, 0xff, 0xf3, 0x0, 0x0,
    0x0, 0x0, 0xc, 0xff, 0xa1, 0x11, 0x11, 0x11,
    0x2f, 0xff, 0x20, 0x0, 0x0, 0x0, 0x1, 0xff,
    0xf6, 0x0, 0x0, 0x0, 0x2, 0xff, 0xf0, 0x0,
    0x0, 0x0, 0x0, 0x6f, 0xff, 0x20, 0x0, 0x0,
    0x0, 0x4f, 0xff, 0x0, 0x0, 0x0, 0x0, 0xd,
    0xff, 0xc0, 0x0, 0x0, 0x0, 0x6, 0xff, 0xd0,
    0x0, 0x0, 0x0, 0x6, 0xff, 0xf6, 0x0, 0x0,
    0x0, 0x0, 0x8f, 0xfb, 0x0, 0x0, 0x0, 0x2,
    0xff, 0xfe, 0x0, 0x0, 0x0, 0x0, 0xb, 0xff,
    0x90, 0x0, 0x0, 0x1, 0xef, 0xff, 0x50, 0x0,
    0x0, 0x0, 0x0, 0xef, 0xf6, 0x0, 0x0, 0x3,
    0xef, 0xff, 0xa0, 0x0, 0x1, 0x0, 0x0, 0x7f,
    0xff, 0x30, 0x0, 0x8, 0xff, 0xff, 0xc0, 0x0,
    0x0, 0xdf, 0xff, 0xff, 0xff, 0xd0, 0x0, 0x0,
    0x4f, 0xff, 0xc0, 0x0, 0x0, 0x7, 0xff, 0xff,
    0xff, 0xf5, 0x0, 0x0, 0x0, 0x6f, 0x80, 0x0,
    0x0, 0x0, 0x2f, 0xff, 0xfe, 0xb4, 0x0, 0x0,
    0x0, 0x0, 0x20, 0x0, 0x0, 0x0, 0x0, 0x0,
    0x0, 0x0, 0x0, 0x0, 0x0,

    /* U+65E0 "无" */
    0x0, 0x14, 0x44, 0x44, 0x44, 0x44, 0x44, 0x44,
    0x44, 0x44, 0x44, 0x42, 0x0, 0x0, 0x4f, 0xff,
    0xff, 0xff, 0xff, 0xff, 0xff, 0xff, 0xff, 0xff,
    0xf8, 0x0, 0x0, 0x4f, 0xff, 0xff, 0xff, 0xff,
    0xff, 0xff, 0xff, 0xff, 0xff, 0xf8, 0x0, 0x0,
    0x3c, 0xcc, 0xcc, 0xcc, 0xcf, 0xff, 0xcc, 0xcc,
    0xcc, 0xcc, 0xc6, 0x0, 0x0, 0x0, 0x0, 0x0,
    0x0, 0x2f, 0xff, 0x10, 0x0, 0x0, 0x0, 0x0,
    0x0, 0x0, 0x0, 0x0, 0x0, 0x0, 0x2f, 0xff,
    0x0, 0x0, 0x0, 0x0, 0x0, 0x0, 0x0, 0x0,
    0x0, 0x0, 0x0, 0x3f, 0xff, 0x0, 0x0, 0x0,
    0x0, 0x0, 0x0, 0x1, 0x11, 0x11, 0x11, 0x11,
    0x6f, 0xfe, 0x11, 0x11, 0x11, 0x11, 0x11, 0x10,
    0xc, 0xff, 0xff, 0xff, 0xff, 0xff, 0xff, 0xff,
    0xff, 0xff, 0xff, 0xff, 0xf0, 0xc, 0xff, 0xff,
    0xff, 0xff, 0xff, 0xff, 0xff, 0xff, 0xff, 0xff,
    0xff, 0xf0, 0xc, 0xff, 0xff, 0xff, 0xff, 0xff,
    0xff, 0xff, 0xff, 0xff, 0xff, 0xff, 0xf0, 0x0,
    0x0, 0x0, 0x0, 0x1, 0xff, 0xff, 0xff, 0x60,
    0x0, 0x0, 0x0, 0x0, 0x0, 0x0, 0x0, 0x0,
    0x6, 0xff, 0xff, 0xff, 0x60, 0x0, 0x0, 0x0,
    0x0, 0x0, 0x0, 0x0, 0x0, 0xc, 0xff, 0xae,
    0xff, 0x60, 0x0, 0x0, 0x0, 0x0, 0x0, 0x0,
    0x0, 0x0, 0x4f, 0xff, 0x4e, 0xff, 0x60, 0x0,
    0x0, 0x0, 0x0, 0x0, 0x0, 0x0, 0x0, 0xdf,
    0xfd, 0xe, 0xff, 0x60, 0x0, 0x0, 0x0, 0x0,
    0x0, 0x0, 0x0, 0xa, 0xff, 0xf4, 0xe, 0xff,
    0x60, 0x0, 0x0, 0xb7, 0x10, 0x0, 0x0, 0x0,
    0x9f, 0xff, 0xa0, 0xe, 0xff, 0x60, 0x0, 0x0,
    0xdf, 0xf2, 0x0, 0x0, 0x1b, 0xff, 0xfd, 0x0,
    0xe, 0xff, 0x60, 0x0, 0x0, 0xff, 0xf1, 0x0,
    0x6, 0xef, 0xff, 0xe2, 0x0, 0xe, 0xff, 0x92,
    0x22, 0x26, 0xff, 0xe0, 0x6, 0xdf, 0xff, 0xfd,
    0x10, 0x0, 0xc, 0xff, 0xff, 0xff, 0xff, 0xff,
    0xa0, 0x9, 0xff, 0xff, 0x90, 0x0, 0x0, 0x6,
    0xff, 0xff, 0xff, 0xff, 0xff, 0x30, 0x0, 0xcf,
    0xc3, 0x0, 0x0, 0x0, 0x0, 0x6b, 0xee, 0xee,
    0xee, 0xb4, 0x0, 0x0, 0x23, 0x0, 0x0, 0x0,
    0x0, 0x0, 0x0, 0x0, 0x0, 0x0, 0x0, 0x0,

    /* U+65E2 "既" */
    0xc, 0xff, 0xee, 0xee, 0xee, 0x32, 0xaa, 0xaa,
    0xaa, 0xaa, 0xaa, 0xa4, 0x0, 0xdf, 0xff, 0xff,
    0xff, 0xf4, 0x3f, 0xff, 0xff, 0xff, 0xff, 0xff,
    0x70, 0xd, 0xff, 0xdc, 0xce, 0xff, 0x43, 0xff,
    0xff, 0xff, 0xff, 0xff, 0xf7, 0x0, 0xdf, 0xf2,
    0x0, 0x9f, 0xf4, 0x1, 0x11, 0x13, 0xff, 0xa1,
    0x11, 0x0, 0xd, 0xff, 0x20, 0x9, 0xff, 0x40,
    0x3c, 0xc6, 0x3f, 0xf9, 0x0, 0x0, 0x0, 0xdf,
    0xff, 0xff, 0xff, 0xf4, 0x7, 0xff, 0x44, 0xff,
    0x80, 0x0, 0x0, 0xd, 0xff, 0xff, 0xff, 0xff,
    0x40, 0xbf, 0xf1, 0x5f, 0xf7, 0x0, 0x0, 0x0,
    0xdf, 0xf7, 0x66, 0xcf, 0xf4, 0xe, 0xfd, 0x7,
    0xff, 0x50, 0x0, 0x0, 0xd, 0xff, 0x20, 0x9,
    0xff, 0x43, 0xff, 0xb4, 0xaf, 0xf7, 0x44, 0x43,
    0x0, 0xdf, 0xfb, 0xaa, 0xdf, 0xf4, 0xcf, 0xff,
    0xff, 0xff, 0xff, 0xff, 0xc0, 0xd, 0xff, 0xff,
    0xff, 0xff, 0x46, 0xff, 0xff, 0xff, 0xff, 0xff,
    0xfc, 0x0, 0xdf, 0xff, 0xff, 0xff, 0xf4, 0x8,
    0x65, 0x8f, 0xfc, 0x55, 0x55, 0x40, 0xd, 0xff,
    0x20, 0x0, 0x0, 0x0, 0x0, 0x8, 0xff, 0x70,
    0x0, 0x0, 0x0, 0xdf, 0xf2, 0x0, 0x39, 0x0,
    0x0, 0x0, 0xdf, 0xfd, 0xb0, 0x0, 0x0, 0xd,
    0xff, 0x20, 0x6f, 0xf7, 0x0, 0x0, 0x3f, 0xff,
    0xfe, 0x0, 0x0, 0x0, 0xdf, 0xf2, 0x1, 0xff,
    0xe0, 0x0, 0xa, 0xff, 0xff, 0xe0, 0x0, 0x0,
    0xd, 0xff, 0x20, 0x5e, 0xff, 0x70, 0x3, 0xff,
    0xfd, 0xfe, 0x0, 0x0, 0x0, 0xdf, 0xf8, 0xdf,
    0xff, 0xfe, 0x0, 0xcf, 0xfb, 0xaf, 0xe0, 0x9,
    0x20, 0xe, 0xff, 0xff, 0xff, 0xff, 0xf4, 0x7f,
    0xff, 0x3a, 0xfe, 0x0, 0xef, 0x17, 0xff, 0xff,
    0xfb, 0x37, 0xfb, 0x7f, 0xff, 0xa0, 0xaf, 0xe0,
    0xf, 0xf0, 0x7f, 0xff, 0xc3, 0x0, 0x12, 0x3f,
    0xff, 0xe1, 0xa, 0xff, 0xab, 0xfe, 0x0, 0xfe,
    0x50, 0x0, 0x0, 0xd, 0xff, 0xf4, 0x0, 0x8f,
    0xff, 0xff, 0xb0, 0x6, 0x10, 0x0, 0x0, 0x0,
    0x1c, 0xf6, 0x0, 0x1, 0xbf, 0xff, 0xc2, 0x0,
    0x0, 0x0, 0x0, 0x0, 0x0, 0x15, 0x0, 0x0,
    0x0, 0x0, 0x0, 0x0,

    /* U+65E5 "日" */
    0x4, 0x44, 0x44, 0x44, 0x44, 0x44, 0x44, 0x44,
    0x44, 0x40, 0x1f, 0xff, 0xff, 0xff, 0xff, 0xff,
    0xff, 0xff, 0xff, 0xf0, 0x1f, 0xff, 0xff, 0xff,
    0xff, 0xff, 0xff, 0xff, 0xff, 0xf0, 0x1f, 0xff,
    0xdd, 0xdd, 0xdd, 0xdd, 0xdd, 0xde, 0xff, 0xf0,
    0x1f, 0xff, 0x10, 0x0, 0x0, 0x0, 0x0, 0x5,
    0xff, 0xf0, 0x1f, 0xff, 0x10, 0x0, 0x0, 0x0,
    0x0, 0x5, 0xff, 0xf0, 0x1f, 0xff, 0x10, 0x0,
    0x0, 0x0, 0x0, 0x5, 0xff, 0xf0, 0x1f, 0xff,
    0x10, 0x0, 0x0, 0x0, 0x0, 0x5, 0xff, 0xf0,
    0x1f, 0xff, 0x10, 0x0, 0x0, 0x0, 0x0, 0x5,
    0xff, 0xf0, 0x1f, 0xff, 0xff, 0xff, 0xff, 0xff,
    0xff, 0xff, 0xff, 0xf0, 0x1f, 0xff, 0xff, 0xff,
    0xff, 0xff, 0xff, 0xff, 0xff, 0xf0, 0x1f, 0xff,
    0xff, 0xff, 0xff, 0xff, 0xff, 0xff, 0xff, 0xf0,
    0x1f, 0xff, 0x32, 0x22, 0x22, 0x22, 0x22, 0x26,
    0xff, 0xf0, 0x1f, 0xff, 0x10, 0x0, 0x0, 0x0,
    0x0, 0x5, 0xff, 0xf0, 0x1f, 0xff, 0x10, 0x0,
    0x0, 0x0, 0x0, 0x5, 0xff, 0xf0, 0x1f, 0xff,
    0x10, 0x0, 0x0, 0x0, 0x0, 0x5, 0xff, 0xf0,
    0x1f, 0xff, 0x10, 0x0, 0x0, 0x0, 0x0, 0x5,
    0xff, 0xf0, 0x1f, 0xff, 0x10, 0x0, 0x0, 0x0,
    0x0, 0x5, 0xff, 0xf0, 0x1f, 0xff, 0xff, 0xff,
    0xff, 0xff, 0xff, 0xff, 0xff, 0xf0, 0x1f, 0xff,
    0xff, 0xff, 0xff, 0xff, 0xff, 0xff, 0xff, 0xf0,
    0x1f, 0xff, 0xff, 0xff, 0xff, 0xff, 0xff, 0xff,
    0xff, 0xf0, 0x1f, 0xff, 0x43, 0x33, 0x33, 0x33,
    0x33, 0x37, 0xff, 0xf0, 0x1f, 0xff, 0x10, 0x0,
    0x0, 0x0, 0x0, 0x5, 0xff, 0xf0, 0x1, 0x11,
    0x0, 0x0, 0x0, 0x0, 0x0, 0x0, 0x0, 0x0,

    /* U+65F6 "时" */
    0x0, 0x0, 0x0, 0x0, 0x0, 0x0, 0x0, 0x0,
    0x0, 0xac, 0xc3, 0x0, 0x0, 0x0, 0x0, 0x0,
    0x0, 0x0, 0x0, 0x0, 0x0, 0xef, 0xf4, 0x0,
    0x5e, 0xff, 0xee, 0xee, 0xeb, 0x0, 0x0, 0x0,
    0x0, 0xef, 0xf4, 0x0, 0x6f, 0xff, 0xff, 0xff,
    0xfd, 0x0, 0x0, 0x0, 0x0, 0xef, 0xf4, 0x0,
    0x6f, 0xff, 0xee, 0xef, 0xfd, 0x12, 0x22, 0x22,
    0x22, 0xef, 0xf6, 0x22, 0x6f, 0xf8, 0x0, 0x1f,
    0xfd, 0xaf, 0xff, 0xff, 0xff, 0xff, 0xff, 0xff,
    0x6f, 0xf8, 0x0, 0x1f, 0xfd, 0xaf, 0xff, 0xff,
    0xff, 0xff, 0xff, 0xff, 0x6f, 0xf8, 0x0, 0x1f,
    0xfd, 0xaf, 0xff, 0xff, 0xff, 0xff, 0xff, 0xfe,
    0x6f, 0xf8, 0x0, 0x1f, 0xfd, 0x0, 0x0, 0x0,
    0x0, 0xef, 0xf4, 0x0, 0x6f, 0xfe, 0xbb, 0xcf,
    0xfd, 0x0, 0x22, 0x0, 0x0, 0xef, 0xf4, 0x0,
    0x6f, 0xff, 0xff, 0xff, 0xfd, 0x18, 0xfd, 0x0,
    0x0, 0xef, 0xf4, 0x0, 0x6f, 0xff, 0xff, 0xff,
    0xfd, 0x1e, 0xff, 0x80, 0x0, 0xef, 0xf4, 0x0,
    0x6f, 0xf8, 0x0, 0x1f, 0xfd, 0x6, 0xff, 0xf3,
    0x0, 0xef, 0xf4, 0x0, 0x6f, 0xf8, 0x0, 0x1f,
    0xfd, 0x0, 0xbf, 0xfd, 0x0, 0xef, 0xf4, 0x0,
    0x6f, 0xf8, 0x0, 0x1f, 0xfd, 0x0, 0x2f, 0xff,
    0x80, 0xef, 0xf4, 0x0, 0x6f, 0xf8, 0x0, 0x1f,
    0xfd, 0x0, 0x8, 0xff, 0xb0, 0xef, 0xf4, 0x0,
    0x6f, 0xf9, 0x11, 0x2f, 0xfd, 0x0, 0x0, 0xd5,
    0x0, 0xef, 0xf4, 0x0, 0x6f, 0xff, 0xff, 0xff,
    0xfd, 0x0, 0x0, 0x0, 0x0, 0xef, 0xf4, 0x0,
    0x6f, 0xff, 0xff, 0xff, 0xfd, 0x0, 0x0, 0x0,
    0x0, 0xef, 0xf4, 0x0, 0x6f, 0xfe, 0xbb, 0xbb,
    0xb9, 0x0, 0x0, 0x0, 0x0, 0xef, 0xf4, 0x0,
    0x6f, 0xf8, 0x0, 0x0, 0x0, 0x0, 0x2, 0x21,
    0x12, 0xff, 0xf4, 0x0, 0x5d, 0xd7, 0x0, 0x0,
    0x0, 0x0, 0xa, 0xff, 0xff, 0xff, 0xf2, 0x0,
    0x0, 0x0, 0x0, 0x0, 0x0, 0x0, 0x4, 0xff,
    0xff, 0xff, 0xc0, 0x0, 0x0, 0x0, 0x0, 0x0,
    0x0, 0x0, 0x0, 0xff, 0xfe, 0xc7, 0x0, 0x0,

    /* U+661F "星" */
    0x0, 0x0, 0x22, 0x22, 0x22, 0x22, 0x22, 0x22,
    0x22, 0x22, 0x22, 0x0, 0x0, 0x0, 0xf, 0xff,
    0xff, 0xff, 0xff, 0xff, 0xff, 0xff, 0xff, 0xf1,
    0x0, 0x0, 0x0, 0xff, 0xff, 0xff, 0xff, 0xff,
    0xff, 0xff, 0xff, 0xff, 0x10, 0x0, 0x0, 0xf,
    0xff, 0x43, 0x33, 0x33, 0x33, 0x33, 0x34, 0xff,
    0xf1, 0x0, 0x0, 0x0, 0xff, 0xf5, 0x44, 0x44,
    0x44, 0x44, 0x44, 0x5f, 0xff, 0x10, 0x0, 0x0,
    0xf, 0xff, 0xff, 0xff, 0xff, 0xff, 0xff, 0xff,
    0xff, 0xf1, 0x0, 0x0, 0x0, 0xff, 0xff, 0xff,
    0xff, 0xff, 0xff, 0xff, 0xff, 0xff, 0x10, 0x0,
    0x0, 0xf, 0xff, 0x20, 0x0, 0x0, 0x0, 0x0,
    0x1, 0xff, 0xf1, 0x0, 0x0, 0x0, 0xff, 0xff,
    0xff, 0xff, 0xff, 0xff, 0xff, 0xff, 0xff, 0x10,
    0x0, 0x0, 0xf, 0xff, 0xff, 0xff, 0xff, 0xff,
    0xff, 0xff, 0xff, 0xf1, 0x0, 0x0, 0x0, 0x6e,
    0xfa, 0x76, 0x67, 0x88, 0x86, 0x66, 0x66, 0x66,
    0x0, 0x0, 0x0, 0x4, 0xff, 0xf4, 0x0, 0x5f,
    0xfe, 0x0, 0x0, 0x0, 0x0, 0x0, 0x0, 0x0,
    0xdf, 0xff, 0x88, 0x8b, 0xff, 0xf8, 0x88, 0x88,
    0x88, 0x80, 0x0, 0x0, 0xbf, 0xff, 0xff, 0xff,
    0xff, 0xff, 0xff, 0xff, 0xff, 0xff, 0x10, 0x0,
    0x9f, 0xff, 0xff, 0xff, 0xff, 0xff, 0xff, 0xff,
    0xff, 0xff, 0xf1, 0x0, 0xaf, 0xff, 0xb0, 0x0,
    0x0, 0x5f, 0xfe, 0x0, 0x0, 0x0, 0x0, 0x0,
    0x2, 0xdf, 0xd4, 0x33, 0x33, 0x37, 0xff, 0xf3,
    0x33, 0x33, 0x33, 0x0, 0x0, 0x0, 0x91, 0xff,
    0xff, 0xff, 0xff, 0xff, 0xff, 0xff, 0xff, 0xe0,
    0x0, 0x0, 0x0, 0xf, 0xff, 0xff, 0xff, 0xff,
    0xff, 0xff, 0xff, 0xfe, 0x0, 0x0, 0x0, 0x0,
    0x33, 0x33, 0x33, 0x7f, 0xff, 0x33, 0x33, 0x33,
    0x30, 0x0, 0x0, 0x0, 0x0, 0x0, 0x0, 0x5,
    0xff, 0xe0, 0x0, 0x0, 0x0, 0x0, 0x0, 0x7f,
    0xff, 0xff, 0xff, 0xff, 0xff, 0xff, 0xff, 0xff,
    0xff, 0xff, 0xfc, 0x7, 0xff, 0xff, 0xff, 0xff,
    0xff, 0xff, 0xff, 0xff, 0xff, 0xff, 0xff, 0xc0,
    0x4a, 0xaa, 0xaa, 0xaa, 0xaa, 0xaa, 0xaa, 0xaa,
    0xaa, 0xaa, 0xaa, 0xa7,

    /* U+662F "是" */
    0x0, 0x0, 0x33, 0x33, 0x33, 0x33, 0x33, 0x33,
    0x33, 0x33, 0x33, 0x0, 0x0, 0x0, 0x1, 0xff,
    0xff, 0xff, 0xff, 0xff, 0xff, 0xff, 0xff, 0xff,
    0x0, 0x0, 0x0, 0x1, 0xff, 0xff, 0xff, 0xff,
    0xff, 0xff, 0xff, 0xff, 0xff, 0x0, 0x0, 0x0,
    0x1, 0xff, 0xf0, 0x0, 0x0, 0x0, 0x0, 0x0,
    0x2f, 0xff, 0x0, 0x0, 0x0, 0x1, 0xff, 0xfe,
    0xee, 0xee, 0xee, 0xee, 0xee, 0xef, 0xff, 0x0,
    0x0, 0x0, 0x1, 0xff, 0xff, 0xff, 0xff, 0xff,
    0xff, 0xff, 0xff, 0xff, 0x0, 0x0, 0x0, 0x1,
    0xff, 0xf2, 0x22, 0x22, 0x22, 0x22, 0x22, 0x3f,
    0xff, 0x0, 0x0, 0x0, 0x1, 0xff, 0xf4, 0x44,
    0x44, 0x44, 0x44, 0x44, 0x5f, 0xff, 0x0, 0x0,
    0x0, 0x1, 0xff, 0xff, 0xff, 0xff, 0xff, 0xff,
    0xff, 0xff, 0xff, 0x0, 0x0, 0x0, 0x1, 0xff,
    0xff, 0xff, 0xff, 0xff, 0xff, 0xff, 0xff, 0xff,
    0x0, 0x0, 0x0, 0x0, 0x0, 0x0, 0x0, 0x0,
    0x0, 0x0, 0x0, 0x0, 0x0, 0x0, 0x0, 0x5,
    0xcc, 0xcc, 0xcc, 0xcc, 0xcc, 0xcc, 0xcc, 0xcc,
    0xcc, 0xcc, 0xcc, 0x70, 0x7, 0xff, 0xff, 0xff,
    0xff, 0xff, 0xff, 0xff, 0xff, 0xff, 0xff, 0xff,
    0x90, 0x6, 0xff, 0xff, 0xff, 0xff, 0xff, 0xff,
    0xff, 0xff, 0xff, 0xff, 0xff, 0x90, 0x0, 0x0,
    0x4, 0x53, 0x0, 0x4, 0xff, 0xe0, 0x0, 0x0,
    0x0, 0x0, 0x0, 0x0, 0x0, 0xc, 0xff, 0x60,
    0x4, 0xff, 0xf1, 0x11, 0x11, 0x11, 0x10, 0x0,
    0x0, 0x0, 0x1f, 0xff, 0x20, 0x4, 0xff, 0xff,
    0xff, 0xff, 0xff, 0xe0, 0x0, 0x0, 0x0, 0x6f,
    0xff, 0x10, 0x4, 0xff, 0xff, 0xff, 0xff, 0xff,
    0xe0, 0x0, 0x0, 0x0, 0xef, 0xff, 0xa0, 0x4,
    0xff, 0xfa, 0xaa, 0xaa, 0xaa, 0x90, 0x0, 0x0,
    0x8, 0xff, 0xff, 0xfa, 0x14, 0xff, 0xe0, 0x0,
    0x0, 0x0, 0x0, 0x0, 0x0, 0x5f, 0xff, 0xbf,
    0xff, 0xfc, 0xff, 0xf0, 0x0, 0x0, 0x0, 0x0,
    0x0, 0x6, 0xff, 0xfd, 0x6, 0xff, 0xff, 0xff,
    0xff, 0xff, 0xff, 0xff, 0xff, 0xf1, 0x1d, 0xff,
    0xe2, 0x0, 0x4c, 0xff, 0xff, 0xff, 0xff, 0xff,
    0xff, 0xff, 0xa0, 0x1, 0xde, 0x20, 0x0, 0x0,
    0x38, 0xbd, 0xef, 0xff, 0xff, 0xff, 0xff, 0x60,
    0x0, 0x11, 0x0, 0x0, 0x0, 0x0, 0x0, 0x0,
    0x0, 0x0, 0x0, 0x0, 0x0,

    /* U+663E "显" */
    0x0, 0x0, 0xef, 0xff, 0xff, 0xff, 0xff, 0xff,
    0xff, 0xff, 0xfe, 0x0, 0x0, 0x0, 0xe, 0xff,
    0xff, 0xff, 0xff, 0xff, 0xff, 0xff, 0xff, 0xe0,
    0x0, 0x0, 0x0, 0xef, 0xf8, 0x77, 0x77, 0x77,
    0x77, 0x77, 0x9f, 0xfe, 0x0, 0x0, 0x0, 0xe,
    0xff, 0x20, 0x0, 0x0, 0x0, 0x0, 0x4, 0xff,
    0xe0, 0x0, 0x0, 0x0, 0xef, 0xff, 0xff, 0xff,
    0xff, 0xff, 0xff, 0xff, 0xfe, 0x0, 0x0, 0x0,
    0xe, 0xff, 0xff, 0xff, 0xff, 0xff, 0xff, 0xff,
    0xff, 0xe0, 0x0, 0x0, 0x0, 0xef, 0xf6, 0x44,
    0x44, 0x44, 0x44, 0x44, 0x7f, 0xfe, 0x0, 0x0,
    0x0, 0xe, 0xff, 0x20, 0x0, 0x0, 0x0, 0x0,
    0x4, 0xff, 0xe0, 0x0, 0x0, 0x0, 0xef, 0xff,
    0xff, 0xff, 0xff, 0xff, 0xff, 0xff, 0xfe, 0x0,
    0x0, 0x0, 0xe, 0xff, 0xff, 0xff, 0xff, 0xff,
    0xff, 0xff, 0xff, 0xe0, 0x0, 0x0, 0x0, 0x67,
    0x77, 0x77, 0x77, 0x77, 0x77, 0x77, 0x77, 0x76,
    0x0, 0x0, 0x0, 0x0, 0x0, 0x5, 0x66, 0x10,
    0x5, 0x66, 0x0, 0x0, 0x0, 0x0, 0x0, 0x2,
    0x82, 0x0, 0xdf, 0xf2, 0x0, 0xdf, 0xf1, 0x0,
    0x6a, 0x30, 0x0, 0x2, 0xff, 0xb0, 0xd, 0xff,
    0x20, 0xd, 0xff, 0x10, 0xe, 0xff, 0x30, 0x0,
    0xb, 0xff, 0x30, 0xdf, 0xf2, 0x0, 0xdf, 0xf1,
    0x8, 0xff, 0xb0, 0x0, 0x0, 0x3f, 0xfb, 0xd,
    0xff, 0x20, 0xd, 0xff, 0x12, 0xff, 0xf2, 0x0,
    0x0, 0x0, 0xbf, 0xf3, 0xdf, 0xf2, 0x0, 0xdf,
    0xf2, 0xcf, 0xf8, 0x0, 0x0, 0x0, 0x4, 0xfa,
    0x2d, 0xff, 0x20, 0xd, 0xff, 0x27, 0xdd, 0x0,
    0x0, 0x0, 0x0, 0x2, 0x0, 0xdf, 0xf2, 0x0,
    0xdf, 0xf1, 0x0, 0x10, 0x0, 0x5, 0xbb, 0xbb,
    0xbb, 0xbf, 0xff, 0xcb, 0xbf, 0xff, 0xbb, 0xbb,
    0xbb, 0xba, 0x8f, 0xff, 0xff, 0xff, 0xff, 0xff,
    0xff, 0xff, 0xff, 0xff, 0xff, 0xff, 0xf8, 0xff,
    0xff, 0xff, 0xff, 0xff, 0xff, 0xff, 0xff, 0xff,
    0xff, 0xff, 0xff, 0x24, 0x44, 0x44, 0x44, 0x44,
    0x44, 0x44, 0x44, 0x44, 0x44, 0x44, 0x44, 0x40,

    /* U+6682 "暂" */
    0x0, 0x0, 0x9b, 0x72, 0x0, 0x0, 0x0, 0x0,
    0x0, 0x0, 0x48, 0x30, 0x56, 0x66, 0xff, 0xf9,
    0x66, 0x66, 0x23, 0x57, 0x9b, 0xef, 0xff, 0xc0,
    0xef, 0xff, 0xff, 0xff, 0xff, 0xff, 0x6a, 0xff,
    0xff, 0xff, 0xff, 0xe3, 0xef, 0xff, 0xff, 0xff,
    0xff, 0xff, 0x5a, 0xff, 0xdb, 0x97, 0x52, 0x0,
    0x4, 0xff, 0xe1, 0x8a, 0xa0, 0x0, 0xa, 0xff,
    0x10, 0x0, 0x0, 0x0, 0x5f, 0xff, 0x52, 0xdf,
    0xf3, 0x22, 0x1a, 0xff, 0x66, 0x66, 0x66, 0x65,
    0xcf, 0xff, 0xff, 0xff, 0xff, 0xff, 0x7b, 0xff,
    0xff, 0xff, 0xff, 0xfe, 0x6f, 0xff, 0xff, 0xff,
    0xff, 0xff, 0x7c, 0xff, 0xff, 0xff, 0xff, 0xfe,
    0x6, 0x44, 0x44, 0xdf, 0xf4, 0x44, 0x1e, 0xfe,
    0x11, 0x9f, 0xf5, 0x10, 0x1, 0x23, 0x46, 0xef,
    0xfa, 0xbd, 0x5f, 0xfb, 0x0, 0x8f, 0xf4, 0x0,
    0xef, 0xff, 0xff, 0xff, 0xff, 0xff, 0xaf, 0xf7,
    0x0, 0x8f, 0xf4, 0x0, 0xcf, 0xff, 0xfe, 0xff,
    0xf8, 0x65, 0xef, 0xf2, 0x0, 0x8f, 0xf4, 0x0,
    0x44, 0x31, 0x0, 0xcf, 0xf0, 0x1, 0xbf, 0xa0,
    0x0, 0x8f, 0xf4, 0x0, 0x0, 0x0, 0x0, 0x68,
    0x80, 0x0, 0x7, 0x10, 0x0, 0x49, 0x92, 0x0,
    0x0, 0xc, 0xff, 0xff, 0xff, 0xff, 0xff, 0xff,
    0xff, 0xff, 0xe0, 0x0, 0x0, 0xd, 0xff, 0xff,
    0xff, 0xff, 0xff, 0xff, 0xff, 0xff, 0xf0, 0x0,
    0x0, 0xd, 0xff, 0x76, 0x66, 0x66, 0x66, 0x66,
    0x67, 0xff, 0xf0, 0x0, 0x0, 0xd, 0xff, 0x42,
    0x22, 0x22, 0x22, 0x22, 0x24, 0xff, 0xf0, 0x0,
    0x0, 0xd, 0xff, 0xff, 0xff, 0xff, 0xff, 0xff,
    0xff, 0xff, 0xf0, 0x0, 0x0, 0xd, 0xff, 0xff,
    0xff, 0xff, 0xff, 0xff, 0xff, 0xff, 0xf0, 0x0,
    0x0, 0xd, 0xff, 0x20, 0x0, 0x0, 0x0, 0x0,
    0x2, 0xff, 0xf0, 0x0, 0x0, 0xd, 0xff, 0xff,
    0xff, 0xff, 0xff, 0xff, 0xff, 0xff, 0xf0, 0x0,
    0x0, 0xd, 0xff, 0xff, 0xff, 0xff, 0xff, 0xff,
    0xff, 0xff, 0xf0, 0x0, 0x0, 0xd, 0xff, 0x76,
    0x66, 0x66, 0x66, 0x66, 0x67, 0xff, 0xf0, 0x0,
    0x0, 0x0, 0x0, 0x0, 0x0, 0x0, 0x0, 0x0,
    0x0, 0x0, 0x0, 0x0,

    /* U+66F4 "更" */
    0x4d, 0xdd, 0xdd, 0xdd, 0xdd, 0xdd, 0xdd, 0xdd,
    0xdd, 0xdd, 0xdd, 0xd7, 0x5, 0xff, 0xff, 0xff,
    0xff, 0xff, 0xff, 0xff, 0xff, 0xff, 0xff, 0xff,
    0x90, 0x5f, 0xff, 0xff, 0xff, 0xff, 0xff, 0xff,
    0xff, 0xff, 0xff, 0xff, 0xf8, 0x0, 0x0, 0x0,
    0x0, 0x0, 0x5, 0xff, 0xf0, 0x0, 0x0, 0x0,
    0x0, 0x0, 0x0, 0x9, 0x99, 0x99, 0x99, 0xbf,
    0xff, 0x99, 0x99, 0x99, 0x98, 0x0, 0x0, 0x1,
    0xff, 0xff, 0xff, 0xff, 0xff, 0xff, 0xff, 0xff,
    0xff, 0xe0, 0x0, 0x0, 0x1f, 0xff, 0xff, 0xff,
    0xff, 0xff, 0xff, 0xff, 0xff, 0xfe, 0x0, 0x0,
    0x1, 0xff, 0xe0, 0x0, 0x5, 0xff, 0xf0, 0x0,
    0x2, 0xff, 0xe0, 0x0, 0x0, 0x1f, 0xfe, 0x66,
    0x66, 0x9f, 0xff, 0x66, 0x66, 0x7f, 0xfe, 0x0,
    0x0, 0x1, 0xff, 0xff, 0xff, 0xff, 0xff, 0xff,
    0xff, 0xff, 0xff, 0xe0, 0x0, 0x0, 0x1f, 0xff,
    0xff, 0xff, 0xff, 0xff, 0xff, 0xff, 0xff, 0xfe,
    0x0, 0x0, 0x1, 0xff, 0xe0, 0x0, 0x5, 0xff,
    0xf0, 0x0, 0x2, 0xff, 0xe0, 0x0, 0x0, 0x1f,
    0xff, 0x77, 0x77, 0xaf, 0xff, 0x77, 0x77, 0x9f,
    0xfe, 0x0, 0x0, 0x1, 0xff, 0xff, 0xff, 0xff,
    0xff, 0xff, 0xff, 0xff, 0xff, 0xe0, 0x0, 0x0,
    0x1f, 0xff, 0xff, 0xff, 0xff, 0xff, 0xff, 0xff,
    0xff, 0xfe, 0x0, 0x0, 0x0, 0x28, 0xe9, 0x0,
    0x1f, 0xff, 0x70, 0x0, 0x0, 0x0, 0x0, 0x0,
    0x0, 0x5, 0xff, 0xf8, 0x8, 0xff, 0xf1, 0x0,
    0x0, 0x0, 0x0, 0x0, 0x0, 0x0, 0x8, 0xff,
    0xfd, 0xff, 0xf9, 0x0, 0x0, 0x0, 0x0, 0x0,
    0x0, 0x0, 0x0, 0x9, 0xff, 0xff, 0xfe, 0x10,
    0x0, 0x0, 0x0, 0x0, 0x0, 0x0, 0x0, 0x16,
    0xcf, 0xff, 0xff, 0xff, 0xb8, 0x64, 0x32, 0x21,
    0x11, 0x0, 0x6a, 0xef, 0xff, 0xff, 0xff, 0xff,
    0xff, 0xff, 0xff, 0xff, 0xff, 0xff, 0x42, 0xff,
    0xff, 0xff, 0xa3, 0x16, 0xbf, 0xff, 0xff, 0xff,
    0xff, 0xff, 0xc0, 0x7, 0xff, 0xb6, 0x10, 0x0,
    0x0, 0x3, 0x68, 0xab, 0xde, 0xef, 0xf6, 0x0,
    0x3, 0x0, 0x0, 0x0, 0x0, 0x0, 0x0, 0x0,
    0x0, 0x0, 0x0, 0x0,

    /* U+6700 "最" */
    0x0, 0x0, 0x11, 0x11, 0x11, 0x11, 0x11, 0x11,
    0x11, 0x11, 0x10, 0x0, 0x0, 0x0, 0x0, 0xef,
    0xff, 0xff, 0xff, 0xff, 0xff, 0xff, 0xff, 0xf3,
    0x0, 0x0, 0x0, 0x0, 0xef, 0xff, 0xff, 0xff,
    0xff, 0xff, 0xff, 0xff, 0xf3, 0x0, 0x0, 0x0,
    0x0, 0xef, 0xf2, 0x0, 0x0, 0x0, 0x0, 0x0,
    0xef, 0xf3, 0x0, 0x0, 0x0, 0x0, 0xef, 0xff,
    0xff, 0xff, 0xff, 0xff, 0xff, 0xff, 0xf3, 0x0,
    0x0, 0x0, 0x0, 0xef, 0xfd, 0xdd, 0xdd, 0xdd,
    0xdd, 0xdd, 0xff, 0xf3, 0x0, 0x0, 0x0, 0x0,
    0xef, 0xf2, 0x11, 0x11, 0x11, 0x11, 0x11, 0xef,
    0xf3, 0x0, 0x0, 0x0, 0x0, 0xef, 0xff, 0xff,
    0xff, 0xff, 0xff, 0xff, 0xff, 0xf3, 0x0, 0x0,
    0x0, 0x0, 0xdf, 0xff, 0xff, 0xff, 0xff, 0xff,
    0xff, 0xff, 0xf3, 0x0, 0x0, 0x4, 0x44, 0x44,
    0x44, 0x44, 0x44, 0x44, 0x44, 0x44, 0x44, 0x44,
    0x44, 0x20, 0x1f, 0xff, 0xff, 0xff, 0xff, 0xff,
    0xff, 0xff, 0xff, 0xff, 0xff, 0xff, 0x90, 0x1f,
    0xff, 0xff, 0xff, 0xff, 0xff, 0xff, 0xff, 0xff,
    0xff, 0xff, 0xff, 0x90, 0x2, 0x2d, 0xff, 0x22,
    0x29, 0xff, 0x82, 0x22, 0x22, 0x22, 0x22, 0x22,
    0x10, 0x0, 0xd, 0xff, 0xee, 0xef, 0xff, 0x67,
    0xff, 0xff, 0xff, 0xff, 0xe9, 0x0, 0x0, 0xd,
    0xff, 0xff, 0xff, 0xff, 0x68, 0xff, 0xff, 0xff,
    0xff, 0xfe, 0x0, 0x0, 0xd, 0xff, 0x44, 0x4a,
    0xff, 0x64, 0xbf, 0xd8, 0x88, 0xcf, 0xf8, 0x0,
    0x0, 0xd, 0xff, 0x55, 0x5b, 0xff, 0x60, 0xcf,
    0xf1, 0x1, 0xef, 0xf1, 0x0, 0x0, 0xd, 0xff,
    0xff, 0xff, 0xff, 0x60, 0x4f, 0xfc, 0xa, 0xff,
    0x80, 0x0, 0x0, 0xd, 0xff, 0xdd, 0xde, 0xff,
    0x60, 0x9, 0xff, 0xdf, 0xfd, 0x0, 0x0, 0x0,
    0xd, 0xff, 0x0, 0x19, 0xff, 0xb5, 0x0, 0xcf,
    0xff, 0xe2, 0x0, 0x0, 0x7, 0x8e, 0xff, 0xef,
    0xff, 0xff, 0xfa, 0x1, 0xbf, 0xff, 0xf8, 0x0,
    0x0, 0xf, 0xff, 0xff, 0xff, 0xff, 0xff, 0xfa,
    0x8f, 0xff, 0xef, 0xff, 0xfa, 0x50, 0xd, 0xdc,
    0xa9, 0x76, 0x4a, 0xff, 0x68, 0xff, 0xf7, 0x5,
    0xdf, 0xff, 0x60, 0x0, 0x0, 0x0, 0x0, 0x8,
    0xff, 0x60, 0xa7, 0x10, 0x0, 0x4, 0xa7, 0x0,

    /* U+6708 "月" */
    0x0, 0x0, 0x2f, 0xff, 0xff, 0xff, 0xff, 0xff,
    0xff, 0xff, 0xfd, 0x0, 0x0, 0x2f, 0xff, 0xff,
    0xff, 0xff, 0xff, 0xff, 0xff, 0xfd, 0x0, 0x0,
    0x2f, 0xff, 0xff, 0xff, 0xff, 0xff, 0xff, 0xff,
    0xfd, 0x0, 0x0, 0x2f, 0xff, 0x31, 0x11, 0x11,
    0x11, 0x11, 0x8f, 0xfd, 0x0, 0x0, 0x2f, 0xff,
    0x10, 0x0, 0x0, 0x0, 0x0, 0x7f, 0xfd, 0x0,
    0x0, 0x2f, 0xff, 0x10, 0x0, 0x0, 0x0, 0x0,
    0x7f, 0xfd, 0x0, 0x0, 0x2f, 0xff, 0xed, 0xdd,
    0xdd, 0xdd, 0xdd, 0xef, 0xfd, 0x0, 0x0, 0x2f,
    0xff, 0xff, 0xff, 0xff, 0xff, 0xff, 0xff, 0xfd,
    0x0, 0x0, 0x2f, 0xff, 0xff, 0xff, 0xff, 0xff,
    0xff, 0xff, 0xfd, 0x0, 0x0, 0x2f, 0xff, 0x31,
    0x11, 0x11, 0x11, 0x11, 0x8f, 0xfd, 0x0, 0x0,
    0x3f, 0xff, 0x0, 0x0, 0x0, 0x0, 0x0, 0x7f,
    0xfd, 0x0, 0x0, 0x3f, 0xff, 0x0, 0x0, 0x0,
    0x0, 0x0, 0x7f, 0xfd, 0x0, 0x0, 0x5f, 0xfe,
    0x44, 0x44, 0x44, 0x44, 0x44, 0xaf, 0xfd, 0x0,
    0x0, 0x7f, 0xff, 0xff, 0xff, 0xff, 0xff, 0xff,
    0xff, 0xfd, 0x0, 0x0, 0xbf, 0xff, 0xff, 0xff,
    0xff, 0xff, 0xff, 0xff, 0xfd, 0x0, 0x0, 0xff,
    0xfd, 0xcc, 0xcc, 0xcc, 0xcc, 0xcc, 0xef, 0xfd,
    0x0, 0x5, 0xff, 0xf1, 0x0, 0x0, 0x0, 0x0,
    0x0, 0x7f, 0xfd, 0x0, 0xc, 0xff, 0xc0, 0x0,
    0x0, 0x0, 0x0, 0x0, 0x7f, 0xfd, 0x0, 0x5f,
    0xff, 0x50, 0x0, 0x0, 0x0, 0x0, 0x0, 0x7f,
    0xfd, 0x2, 0xef, 0xfd, 0x0, 0x0, 0x0, 0x2,
    0x22, 0x22, 0xaf, 0xfd, 0x2e, 0xff, 0xf4, 0x0,
    0x0, 0x0, 0x8, 0xff, 0xff, 0xff, 0xfb, 0xa,
    0xff, 0x90, 0x0, 0x0, 0x0, 0x1, 0xff, 0xff,
    0xff, 0xf5, 0x0, 0x9a, 0x0, 0x0, 0x0, 0x0,
    0x0, 0xbf, 0xff, 0xeb, 0x40, 0x0, 0x0, 0x0,
    0x0, 0x0, 0x0, 0x0, 0x1, 0x0, 0x0, 0x0,

    /* U+6709 "有" */
    0x0, 0x0, 0x0, 0x0, 0x0, 0x0, 0x0, 0x0,
    0x0, 0x0, 0x0, 0x0, 0x0, 0x0, 0x0, 0x0,
    0x0, 0x9e, 0xa4, 0x0, 0x0, 0x0, 0x0, 0x0,
    0x0, 0x0, 0x0, 0x0, 0x0, 0xe, 0xff, 0x60,
    0x0, 0x0, 0x0, 0x0, 0x0, 0x0, 0x0, 0x0,
    0x0, 0x4, 0xff, 0xf1, 0x0, 0x0, 0x0, 0x0,
    0x0, 0x0, 0x5, 0xff, 0xff, 0xff, 0xff, 0xff,
    0xff, 0xff, 0xff, 0xff, 0xff, 0xff, 0xc0, 0x5f,
    0xff, 0xff, 0xff, 0xff, 0xff, 0xff, 0xff, 0xff,
    0xff, 0xff, 0xfd, 0x5, 0xff, 0xff, 0xff, 0xff,
    0xff, 0xff, 0xff, 0xff, 0xff, 0xff, 0xff, 0xd0,
    0x0, 0x0, 0x1, 0xff, 0xf7, 0x0, 0x0, 0x0,
    0x0, 0x0, 0x0, 0x0, 0x0, 0x0, 0x0, 0x9f,
    0xfe, 0x0, 0x0, 0x0, 0x0, 0x0, 0x0, 0x0,
    0x0, 0x0, 0x0, 0x3f, 0xff, 0xff, 0xff, 0xff,
    0xff, 0xff, 0xff, 0xa0, 0x0, 0x0, 0x0, 0xd,
    0xff, 0xff, 0xff, 0xff, 0xff, 0xff, 0xff, 0xfb,
    0x0, 0x0, 0x0, 0xb, 0xff, 0xff, 0xdc, 0xcc,
    0xcc, 0xcc, 0xcd, 0xff, 0xb0, 0x0, 0x0, 0xa,
    0xff, 0xff, 0xf3, 0x0, 0x0, 0x0, 0x0, 0x5f,
    0xfb, 0x0, 0x0, 0xa, 0xff, 0xff, 0xff, 0xa9,
    0x99, 0x99, 0x99, 0x9b, 0xff, 0xb0, 0x0, 0xc,
    0xff, 0xfc, 0xef, 0xff, 0xff, 0xff, 0xff, 0xff,
    0xff, 0xfb, 0x0, 0x0, 0x5f, 0xfc, 0xd, 0xff,
    0xff, 0xff, 0xff, 0xff, 0xff, 0xff, 0xb0, 0x0,
    0x0, 0x9a, 0x0, 0xdf, 0xf3, 0x0, 0x0, 0x0,
    0x0, 0x6f, 0xfb, 0x0, 0x0, 0x0, 0x0, 0xd,
    0xff, 0x41, 0x11, 0x11, 0x11, 0x16, 0xff, 0xb0,
    0x0, 0x0, 0x0, 0x0, 0xdf, 0xff, 0xff, 0xff,
    0xff, 0xff, 0xff, 0xfb, 0x0, 0x0, 0x0, 0x0,
    0xd, 0xff, 0xff, 0xff, 0xff, 0xff, 0xff, 0xff,
    0xb0, 0x0, 0x0, 0x0, 0x0, 0xdf, 0xfa, 0x88,
    0x88, 0x88, 0x88, 0xbf, 0xfb, 0x0, 0x0, 0x0,
    0x0, 0xd, 0xff, 0x30, 0x0, 0x0, 0x0, 0x6,
    0xff, 0xb0, 0x0, 0x0, 0x0, 0x0, 0xdf, 0xf3,
    0x0, 0x0, 0x1e, 0xee, 0xff, 0xfa, 0x0, 0x0,
    0x0, 0x0, 0xd, 0xff, 0x30, 0x0, 0x0, 0xaf,
    0xff, 0xff, 0x60, 0x0, 0x0, 0x0, 0x0, 0xdf,
    0xf3, 0x0, 0x0, 0x6, 0xff, 0xfc, 0x60, 0x0,
    0x0, 0x0, 0x0, 0x0, 0x0, 0x0, 0x0, 0x0,
    0x0, 0x0, 0x0, 0x0, 0x0,

    /* U+671F "期" */
    0x0, 0xa, 0xcb, 0x0, 0xb, 0xcb, 0x0, 0x0,
    0x0, 0x0, 0x0, 0x0, 0x0, 0x0, 0xef, 0xe0,
    0x0, 0xef, 0xf0, 0x4, 0xef, 0xfe, 0xee, 0xff,
    0xe8, 0x0, 0xe, 0xfe, 0x0, 0xe, 0xff, 0x0,
    0x5f, 0xff, 0xff, 0xff, 0xff, 0x90, 0xef, 0xff,
    0xff, 0xff, 0xff, 0xff, 0xb5, 0xff, 0xfe, 0xee,
    0xff, 0xf9, 0xe, 0xff, 0xff, 0xff, 0xff, 0xff,
    0xfb, 0x5f, 0xfa, 0x0, 0x6, 0xff, 0x90, 0xab,
    0xff, 0xfb, 0xbb, 0xff, 0xfb, 0x85, 0xff, 0xa0,
    0x0, 0x6f, 0xf9, 0x0, 0xe, 0xfe, 0x0, 0xe,
    0xff, 0x0, 0x5f, 0xfa, 0x0, 0x7, 0xff, 0x90,
    0x0, 0xef, 0xfc, 0xcc, 0xff, 0xf0, 0x5, 0xff,
    0xff, 0xff, 0xff, 0xf9, 0x0, 0xe, 0xff, 0xff,
    0xff, 0xff, 0x0, 0x5f, 0xff, 0xff, 0xff, 0xff,
    0x90, 0x0, 0xef, 0xf9, 0x99, 0xff, 0xf0, 0x5,
    0xff, 0xeb, 0xbb, 0xdf, 0xf9, 0x0, 0xe, 0xfe,
    0x0, 0xe, 0xff, 0x0, 0x5f, 0xfa, 0x0, 0x6,
    0xff, 0x90, 0x0, 0xef, 0xff, 0xff, 0xff, 0xf0,
    0x5, 0xff, 0x90, 0x0, 0x6f, 0xf9, 0x0, 0xe,
    0xff, 0xff, 0xff, 0xff, 0x0, 0x5f, 0xfb, 0x55,
    0x59, 0xff, 0x90, 0x0, 0xef, 0xf7, 0x77, 0xff,
    0xf0, 0x6, 0xff, 0xff, 0xff, 0xff, 0xf9, 0x0,
    0xe, 0xfe, 0x0, 0xe, 0xff, 0x0, 0x7f, 0xff,
    0xff, 0xff, 0xff, 0x92, 0xdd, 0xff, 0xfd, 0xdd,
    0xff, 0xfd, 0x78, 0xff, 0xa7, 0x77, 0xbf, 0xf9,
    0x3f, 0xff, 0xff, 0xff, 0xff, 0xff, 0xf9, 0xaf,
    0xf4, 0x0, 0x6, 0xff, 0x93, 0xee, 0xee, 0xee,
    0xee, 0xee, 0xee, 0x8c, 0xff, 0x20, 0x0, 0x6f,
    0xf9, 0x0, 0x3, 0xc7, 0x30, 0x2b, 0xa0, 0x0,
    0xff, 0xf0, 0x0, 0x6, 0xff, 0x90, 0x0, 0xdf,
    0xf9, 0xe, 0xff, 0x70, 0x4f, 0xfc, 0x0, 0x0,
    0x6f, 0xf9, 0x0, 0x9f, 0xfe, 0x10, 0x3f, 0xff,
    0x49, 0xff, 0x80, 0x0, 0x6, 0xff, 0x90, 0x8f,
    0xff, 0x50, 0x0, 0x7f, 0xfe, 0xff, 0xf3, 0xa,
    0xff, 0xff, 0xf8, 0x1d, 0xff, 0x80, 0x0, 0x0,
    0xc9, 0x4d, 0xfd, 0x0, 0x4f, 0xff, 0xff, 0x30,
    0x9, 0xa0, 0x0, 0x0, 0x0, 0x0, 0x9, 0x60,
    0x0, 0xff, 0xeb, 0x50, 0x0, 0x0, 0x0, 0x0,
    0x0, 0x0, 0x0, 0x0, 0x0, 0x0, 0x0, 0x0,
    0x0,

    /* U+672A "未" */
    0x0, 0x0, 0x0, 0x0, 0x0, 0x0, 0x0, 0x0,
    0x0, 0x0, 0x0, 0x0, 0x0, 0x0, 0x0, 0x0,
    0x0, 0x0, 0xe, 0xff, 0x60, 0x0, 0x0, 0x0,
    0x0, 0x0, 0x0, 0x0, 0x0, 0x0, 0x0, 0xe,
    0xff, 0x60, 0x0, 0x0, 0x0, 0x0, 0x0, 0x0,
    0x0, 0x0, 0x0, 0x0, 0xe, 0xff, 0x60, 0x0,
    0x0, 0x0, 0x0, 0x0, 0x0, 0x1, 0x22, 0x22,
    0x22, 0x2e, 0xff, 0x82, 0x22, 0x22, 0x22, 0x10,
    0x0, 0x0, 0xd, 0xff, 0xff, 0xff, 0xff, 0xff,
    0xff, 0xff, 0xff, 0xff, 0x90, 0x0, 0x0, 0xd,
    0xff, 0xff, 0xff, 0xff, 0xff, 0xff, 0xff, 0xff,
    0xff, 0x90, 0x0, 0x0, 0xd, 0xff, 0xff, 0xff,
    0xff, 0xff, 0xff, 0xff, 0xff, 0xff, 0x80, 0x0,
    0x0, 0x0, 0x0, 0x0, 0x0, 0xe, 0xff, 0x60,
    0x0, 0x0, 0x0, 0x0, 0x0, 0x0, 0x0, 0x0,
    0x0, 0x0, 0xe, 0xff, 0x60, 0x0, 0x0, 0x0,
    0x0, 0x0, 0x0, 0x0, 0x0, 0x0, 0x0, 0xe,
    0xff, 0x60, 0x0, 0x0, 0x0, 0x0, 0x0, 0xc,
    0xff, 0xff, 0xff, 0xff, 0xff, 0xff, 0xff, 0xff,
    0xff, 0xff, 0xff, 0x70, 0xd, 0xff, 0xff, 0xff,
    0xff, 0xff, 0xff, 0xff, 0xff, 0xff, 0xff, 0xff,
    0x70, 0xd, 0xff, 0xff, 0xff, 0xff, 0xff, 0xff,
    0xff, 0xff, 0xff, 0xff, 0xff, 0x70, 0x1, 0x22,
    0x22, 0x22, 0x2c, 0xff, 0xff, 0xff, 0x52, 0x22,
    0x22, 0x22, 0x10, 0x0, 0x0, 0x0, 0x0, 0x9f,
    0xff, 0xff, 0xff, 0xe2, 0x0, 0x0, 0x0, 0x0,
    0x0, 0x0, 0x0, 0x9, 0xff, 0xff, 0xff, 0xff,
    0xfe, 0x30, 0x0, 0x0, 0x0, 0x0, 0x0, 0x0,
    0xaf, 0xff, 0x9e, 0xff, 0x8e, 0xff, 0xf4, 0x0,
    0x0, 0x0, 0x0, 0x0, 0x2d, 0xff, 0xfa, 0xe,
    0xff, 0x62, 0xef, 0xff, 0x80, 0x0, 0x0, 0x0,
    0x7, 0xff, 0xff, 0xa0, 0xe, 0xff, 0x60, 0x2e,
    0xff, 0xfc, 0x20, 0x0, 0x5, 0xdf, 0xff, 0xf8,
    0x0, 0xe, 0xff, 0x60, 0x2, 0xdf, 0xff, 0xf9,
    0x10, 0x5f, 0xff, 0xff, 0x50, 0x0, 0xe, 0xff,
    0x60, 0x0, 0x1b, 0xff, 0xff, 0xc0, 0x7, 0xff,
    0xc2, 0x0, 0x0, 0xe, 0xff, 0x60, 0x0, 0x0,
    0x7f, 0xfd, 0x10, 0x0, 0x86, 0x0, 0x0, 0x0,
    0xe, 0xff, 0x60, 0x0, 0x0, 0x2, 0xa3, 0x0,
    0x0, 0x0, 0x0, 0x0, 0x0, 0xe, 0xff, 0x60,
    0x0, 0x0, 0x0, 0x0, 0x0,

    /* U+672C "本" */
    0x0, 0x0, 0x0, 0x0, 0x0, 0x1, 0x11, 0x0,
    0x0, 0x0, 0x0, 0x0, 0x0, 0x0, 0x0, 0x0,
    0x0, 0x0, 0xe, 0xff, 0x60, 0x0, 0x0, 0x0,
    0x0, 0x0, 0x0, 0x0, 0x0, 0x0, 0x0, 0xe,
    0xff, 0x60, 0x0, 0x0, 0x0, 0x0, 0x0, 0x0,
    0x0, 0x0, 0x0, 0x0, 0xe, 0xff, 0x60, 0x0,
    0x0, 0x0, 0x0, 0x0, 0x0, 0x0, 0x0, 0x0,
    0x0, 0xe, 0xff, 0x60, 0x0, 0x0, 0x0, 0x0,
    0x0, 0x0, 0x0, 0x0, 0x0, 0x0, 0xe, 0xff,
    0x70, 0x0, 0x0, 0x0, 0x0, 0x0, 0xb, 0xff,
    0xff, 0xff, 0xff, 0xff, 0xff, 0xff, 0xff, 0xff,
    0xff, 0xff, 0x40, 0xb, 0xff, 0xff, 0xff, 0xff,
    0xff, 0xff, 0xff, 0xff, 0xff, 0xff, 0xff, 0x40,
    0xb, 0xff, 0xff, 0xff, 0xff, 0xff, 0xff, 0xff,
    0xff, 0xff, 0xff, 0xff, 0x40, 0x1, 0x22, 0x22,
    0x28, 0xff, 0xde, 0xff, 0xcf, 0xfe, 0x22, 0x22,
    0x22, 0x0, 0x0, 0x0, 0x0, 0xd, 0xff, 0x6e,
    0xff, 0x7e, 0xff, 0x50, 0x0, 0x0, 0x0, 0x0,
    0x0, 0x0, 0x6f, 0xfe, 0xe, 0xff, 0x67, 0xff,
    0xd0, 0x0, 0x0, 0x0, 0x0, 0x0, 0x0, 0xef,
    0xf8, 0xe, 0xff, 0x61, 0xff, 0xf7, 0x0, 0x0,
    0x0, 0x0, 0x0, 0x9, 0xff, 0xf1, 0xe, 0xff,
    0x60, 0x8f, 0xff, 0x20, 0x0, 0x0, 0x0, 0x0,
    0x4f, 0xff, 0x70, 0xe, 0xff, 0x60, 0x1e, 0xff,
    0xc0, 0x0, 0x0, 0x0, 0x1, 0xef, 0xfd, 0x0,
    0xe, 0xff, 0x60, 0x6, 0xff, 0xfa, 0x0, 0x0,
    0x0, 0xc, 0xff, 0xf3, 0x0, 0xe, 0xff, 0x60,
    0x0, 0xcf, 0xff, 0x80, 0x0, 0x1, 0xcf, 0xff,
    0xa3, 0x33, 0x3e, 0xff, 0x83, 0x33, 0x5f, 0xff,
    0xf9, 0x0, 0x2d, 0xff, 0xfe, 0xff, 0xff, 0xff,
    0xff, 0xff, 0xff, 0xff, 0xff, 0xff, 0xb0, 0x2d,
    0xff, 0xc6, 0xff, 0xff, 0xff, 0xff, 0xff, 0xff,
    0xfd, 0x6f, 0xfe, 0x20, 0x2, 0xeb, 0x5, 0xff,
    0xff, 0xff, 0xff, 0xff, 0xff, 0xfc, 0x6, 0xf3,
    0x0, 0x0, 0x20, 0x0, 0x0, 0x0, 0xe, 0xff,
    0x60, 0x0, 0x0, 0x0, 0x10, 0x0, 0x0, 0x0,
    0x0, 0x0, 0x0, 0xe, 0xff, 0x60, 0x0, 0x0,
    0x0, 0x0, 0x0, 0x0, 0x0, 0x0, 0x0, 0x0,
    0xe, 0xff, 0x60, 0x0, 0x0, 0x0, 0x0, 0x0,
    0x0, 0x0, 0x0, 0x0, 0x0, 0xe, 0xff, 0x60,
    0x0, 0x0, 0x0, 0x0, 0x0,

    /* U+6765 "来" */
    0x0, 0x0, 0x0, 0x0, 0x0, 0x5, 0xee, 0xc0,
    0x0, 0x0, 0x0, 0x0, 0x0, 0x0, 0x0, 0x0,
    0x0, 0x0, 0x6, 0xff, 0xe0, 0x0, 0x0, 0x0,
    0x0, 0x0, 0x0, 0x0, 0x0, 0x0, 0x0, 0x7,
    0xff, 0xe0, 0x0, 0x0, 0x0, 0x0, 0x0, 0x0,
    0x3f, 0xff, 0xff, 0xff, 0xff, 0xff, 0xff, 0xff,
    0xff, 0xff, 0xfe, 0x0, 0x0, 0x3f, 0xff, 0xff,
    0xff, 0xff, 0xff, 0xff, 0xff, 0xff, 0xff, 0xfe,
    0x0, 0x0, 0x3f, 0xff, 0xff, 0xff, 0xff, 0xff,
    0xff, 0xff, 0xff, 0xff, 0xfd, 0x0, 0x0, 0x0,
    0x17, 0xdb, 0x0, 0x6, 0xff, 0xe0, 0x0, 0xe,
    0xd9, 0x20, 0x0, 0x0, 0x0, 0x2f, 0xff, 0x50,
    0x6, 0xff, 0xe0, 0x0, 0x6f, 0xff, 0x20, 0x0,
    0x0, 0x0, 0x8, 0xff, 0xd0, 0x6, 0xff, 0xe0,
    0x0, 0xdf, 0xf8, 0x0, 0x0, 0x0, 0x0, 0x1,
    0xff, 0xf5, 0x6, 0xff, 0xe0, 0x6, 0xff, 0xe0,
    0x0, 0x0, 0x0, 0x0, 0x0, 0xbe, 0x82, 0x6,
    0xff, 0xe0, 0x7, 0xdf, 0x40, 0x0, 0x0, 0x6,
    0xff, 0xff, 0xff, 0xff, 0xff, 0xff, 0xff, 0xff,
    0xff, 0xff, 0xff, 0xd0, 0x7, 0xff, 0xff, 0xff,
    0xff, 0xff, 0xff, 0xff, 0xff, 0xff, 0xff, 0xff,
    0xe0, 0x7, 0xff, 0xff, 0xff, 0xff, 0xff, 0xff,
    0xff, 0xff, 0xff, 0xff, 0xff, 0xe0, 0x0, 0x0,
    0x0, 0x0, 0xb, 0xff, 0xff, 0xff, 0xf4, 0x0,
    0x0, 0x0, 0x0, 0x0, 0x0, 0x0, 0x0, 0xaf,
    0xff, 0xff, 0xff, 0xfe, 0x30, 0x0, 0x0, 0x0,
    0x0, 0x0, 0x0, 0xb, 0xff, 0xfb, 0xff, 0xeb,
    0xff, 0xf4, 0x0, 0x0, 0x0, 0x0, 0x0, 0x2,
    0xdf, 0xff, 0x56, 0xff, 0xe1, 0xdf, 0xff, 0x70,
    0x0, 0x0, 0x0, 0x0, 0x7f, 0xff, 0xf6, 0x6,
    0xff, 0xe0, 0x1d, 0xff, 0xfb, 0x10, 0x0, 0x0,
    0x4d, 0xff, 0xff, 0x40, 0x6, 0xff, 0xe0, 0x1,
    0xcf, 0xff, 0xf7, 0x0, 0xb, 0xff, 0xff, 0xd3,
    0x0, 0x6, 0xff, 0xe0, 0x0, 0xa, 0xff, 0xff,
    0xe3, 0x3, 0xff, 0xfa, 0x10, 0x0, 0x6, 0xff,
    0xe0, 0x0, 0x0, 0x6f, 0xff, 0xa0, 0x0, 0x6d,
    0x40, 0x0, 0x0, 0x6, 0xff, 0xe0, 0x0, 0x0,
    0x1, 0xad, 0x0, 0x0, 0x0, 0x0, 0x0, 0x0,
    0x6, 0xff, 0xe0, 0x0, 0x0, 0x0, 0x0, 0x0,

    /* U+677F "板" */
    0x0, 0x0, 0x11, 0x10, 0x0, 0x0, 0x0, 0x0,
    0x0, 0x0, 0x0, 0x0, 0x0, 0x0, 0x0, 0xdf,
    0xf1, 0x0, 0x0, 0x0, 0x0, 0x0, 0x1, 0x49,
    0xb0, 0x0, 0x0, 0x0, 0xdf, 0xf1, 0x0, 0x3,
    0x44, 0x57, 0x9b, 0xef, 0xff, 0xfa, 0x0, 0x0,
    0x0, 0xdf, 0xf1, 0x0, 0x4f, 0xff, 0xff, 0xff,
    0xff, 0xff, 0xfe, 0x30, 0x0, 0x0, 0xdf, 0xf1,
    0x0, 0x4f, 0xff, 0xff, 0xff, 0xfd, 0xa7, 0x30,
    0x0, 0x3, 0x33, 0xdf, 0xf4, 0x33, 0x4f, 0xfd,
    0x65, 0x32, 0x0, 0x0, 0x0, 0x0, 0xf, 0xff,
    0xff, 0xff, 0xfd, 0x4f, 0xfb, 0x0, 0x0, 0x0,
    0x0, 0x0, 0x0, 0xf, 0xff, 0xff, 0xff, 0xfd,
    0x4f, 0xfb, 0x0, 0x0, 0x0, 0x0, 0x0, 0x0,
    0xb, 0xbb, 0xff, 0xfb, 0xb9, 0x4f, 0xff, 0xdd,
    0xdd, 0xdd, 0xde, 0xc7, 0x0, 0x0, 0x2, 0xff,
    0xf5, 0x0, 0x4f, 0xff, 0xff, 0xff, 0xff, 0xff,
    0xfd, 0x0, 0x0, 0x6, 0xff, 0xfe, 0x10, 0x5f,
    0xff, 0xff, 0xff, 0xff, 0xff, 0xfa, 0x0, 0x0,
    0xc, 0xff, 0xff, 0xa0, 0x5f, 0xfd, 0xff, 0xa0,
    0x0, 0x9f, 0xf7, 0x0, 0x0, 0x1f, 0xff, 0xff,
    0xf5, 0x6f, 0xf9, 0xef, 0xe0, 0x0, 0xef, 0xf3,
    0x0, 0x0, 0x8f, 0xff, 0xfb, 0xfe, 0x8f, 0xf8,
    0x9f, 0xf4, 0x3, 0xff, 0xe0, 0x0, 0x0, 0xef,
    0xff, 0xf4, 0xf9, 0x9f, 0xf7, 0x4f, 0xfa, 0xa,
    0xff, 0x90, 0x0, 0x7, 0xfe, 0xdf, 0xf1, 0x90,
    0xbf, 0xf5, 0xe, 0xff, 0x4f, 0xff, 0x30, 0x0,
    0x1e, 0xf9, 0xdf, 0xf1, 0x0, 0xdf, 0xf2, 0x9,
    0xff, 0xff, 0xfc, 0x0, 0x0, 0x7f, 0xf3, 0xdf,
    0xf1, 0x0, 0xff, 0xf0, 0x2, 0xff, 0xff, 0xf4,
    0x0, 0x0, 0x1f, 0xc0, 0xdf, 0xf1, 0x4, 0xff,
    0xc0, 0x0, 0xaf, 0xff, 0xb0, 0x0, 0x0, 0x9,
    0x40, 0xdf, 0xf1, 0x9, 0xff, 0x80, 0x1, 0xdf,
    0xff, 0xc0, 0x0, 0x0, 0x1, 0x0, 0xdf, 0xf1,
    0xe, 0xff, 0x40, 0x3e, 0xff, 0xff, 0xfc, 0x10,
    0x0, 0x0, 0x0, 0xdf, 0xf1, 0x5f, 0xfe, 0x8,
    0xff, 0xff, 0xcf, 0xff, 0xe5, 0x0, 0x0, 0x0,
    0xdf, 0xf1, 0xdf, 0xfb, 0xef, 0xff, 0xf5, 0xa,
    0xff, 0xff, 0xd0, 0x0, 0x0, 0xdf, 0xf4, 0xef,
    0xf1, 0xaf, 0xfc, 0x20, 0x0, 0x7f, 0xff, 0x50,
    0x0, 0x0, 0xdf, 0xf1, 0x1a, 0x80, 0xc, 0x70,
    0x0, 0x0, 0x3, 0xb9, 0x0, 0x0, 0x0, 0x0,
    0x0, 0x0, 0x0, 0x0, 0x0, 0x0, 0x0, 0x0,
    0x0, 0x0,

    /* U+6790 "析" */
    0x0, 0x0, 0x4, 0x43, 0x0, 0x0, 0x0, 0x0,
    0x0, 0x0, 0x0, 0x0, 0x0, 0x0, 0x0, 0x1f,
    0xfe, 0x0, 0x0, 0x0, 0x0, 0x0, 0x0, 0x45,
    0x0, 0x0, 0x0, 0x0, 0x1f, 0xfe, 0x0, 0x0,
    0x0, 0x0, 0x3, 0x8d, 0xff, 0x80, 0x0, 0x0,
    0x0, 0x1f, 0xfe, 0x0, 0x0, 0x3, 0x6a, 0xef,
    0xff, 0xff, 0xf8, 0x0, 0x0, 0x0, 0x1f, 0xfe,
    0x0, 0x0, 0x7f, 0xff, 0xff, 0xff, 0xd9, 0x50,
    0x0, 0x0, 0x0, 0x1f, 0xfe, 0x0, 0x0, 0x7f,
    0xfe, 0xb8, 0x51, 0x0, 0x0, 0x0, 0x8, 0xee,
    0xef, 0xff, 0xee, 0xe7, 0x7f, 0xf8, 0x0, 0x0,
    0x0, 0x0, 0x0, 0x9, 0xff, 0xff, 0xff, 0xff,
    0xf8, 0x7f, 0xf8, 0x0, 0x0, 0x0, 0x0, 0x0,
    0x9, 0xff, 0xff, 0xff, 0xff, 0xf8, 0x7f, 0xf8,
    0x0, 0x0, 0x0, 0x0, 0x0, 0x0, 0x0, 0x9f,
    0xfe, 0x0, 0x0, 0x7f, 0xf8, 0x11, 0x11, 0x11,
    0x11, 0x10, 0x0, 0x0, 0xdf, 0xff, 0x10, 0x0,
    0x7f, 0xff, 0xff, 0xff, 0xff, 0xff, 0xf5, 0x0,
    0x2, 0xff, 0xff, 0xb0, 0x0, 0x7f, 0xff, 0xff,
    0xff, 0xff, 0xff, 0xf5, 0x0, 0x7, 0xff, 0xff,
    0xf8, 0x0, 0x7f, 0xfe, 0xdd, 0xdf, 0xff, 0xdd,
    0xd4, 0x0, 0xd, 0xff, 0xff, 0xff, 0x40, 0x8f,
    0xf7, 0x0, 0x1f, 0xff, 0x0, 0x0, 0x0, 0x5f,
    0xff, 0xff, 0xef, 0xe1, 0x8f, 0xf6, 0x0, 0x1f,
    0xff, 0x0, 0x0, 0x0, 0xcf, 0xdf, 0xfe, 0x6f,
    0xe1, 0xaf, 0xf5, 0x0, 0x1f, 0xff, 0x0, 0x0,
    0x5, 0xff, 0x7f, 0xfe, 0xd, 0x30, 0xbf, 0xf3,
    0x0, 0x1f, 0xff, 0x0, 0x0, 0x1e, 0xfe, 0x1f,
    0xfe, 0x1, 0x0, 0xdf, 0xf1, 0x0, 0x1f, 0xff,
    0x0, 0x0, 0xe, 0xf7, 0x1f, 0xfe, 0x0, 0x0,
    0xff, 0xe0, 0x0, 0x1f, 0xff, 0x0, 0x0, 0x6,
    0xe0, 0x1f, 0xfe, 0x0, 0x4, 0xff, 0xb0, 0x0,
    0x1f, 0xff, 0x0, 0x0, 0x0, 0x40, 0x1f, 0xfe,
    0x0, 0x9, 0xff, 0x70, 0x0, 0x1f, 0xff, 0x0,
    0x0, 0x0, 0x0, 0x1f, 0xfe, 0x0, 0xe, 0xff,
    0x30, 0x0, 0x1f, 0xff, 0x0, 0x0, 0x0, 0x0,
    0x1f, 0xfe, 0x0, 0x7f, 0xfd, 0x0, 0x0, 0x1f,
    0xff, 0x0, 0x0, 0x0, 0x0, 0x1f, 0xfe, 0x0,
    0xaf, 0xf6, 0x0, 0x0, 0x1f, 0xff, 0x0, 0x0,
    0x0, 0x0, 0x1f, 0xfe, 0x0, 0x4, 0xa0, 0x0,
    0x0, 0x1f, 0xff, 0x0, 0x0,

    /* U+679C "果" */
    0x0, 0x0, 0xff, 0xff, 0xff, 0xff, 0xff, 0xff,
    0xff, 0xff, 0xff, 0x30, 0x0, 0x0, 0x0, 0xff,
    0xff, 0xff, 0xff, 0xff, 0xff, 0xff, 0xff, 0xff,
    0x40, 0x0, 0x0, 0x0, 0xff, 0xfb, 0x99, 0x9c,
    0xff, 0xf9, 0x99, 0xaf, 0xff, 0x40, 0x0, 0x0,
    0x0, 0xff, 0xf3, 0x0, 0x6, 0xff, 0xe0, 0x0,
    0x2f, 0xff, 0x40, 0x0, 0x0, 0x0, 0xff, 0xf9,
    0x77, 0x7a, 0xff, 0xf7, 0x77, 0x8f, 0xff, 0x40,
    0x0, 0x0, 0x0, 0xff, 0xff, 0xff, 0xff, 0xff,
    0xff, 0xff, 0xff, 0xff, 0x40, 0x0, 0x0, 0x0,
    0xff, 0xff, 0xff, 0xff, 0xff, 0xff, 0xff, 0xff,
    0xff, 0x40, 0x0, 0x0, 0x0, 0xff, 0xf3, 0x0,
    0x6, 0xff, 0xe0, 0x0, 0x2f, 0xff, 0x40, 0x0,
    0x0, 0x0, 0xff, 0xfa, 0x99, 0x9b, 0xff, 0xf9,
    0x99, 0xaf, 0xff, 0x40, 0x0, 0x0, 0x0, 0xff,
    0xff, 0xff, 0xff, 0xff, 0xff, 0xff, 0xff, 0xff,
    0x40, 0x0, 0x0, 0x0, 0xff, 0xff, 0xff, 0xff,
    0xff, 0xff, 0xff, 0xff, 0xff, 0x40, 0x0, 0x0,
    0x0, 0x0, 0x0, 0x0, 0x6, 0xff, 0xe0, 0x0,
    0x0, 0x0, 0x0, 0x0, 0x1, 0x22, 0x22, 0x22,
    0x22, 0x28, 0xff, 0xf2, 0x22, 0x22, 0x22, 0x22,
    0x10, 0x9, 0xff, 0xff, 0xff, 0xff, 0xff, 0xff,
    0xff, 0xff, 0xff, 0xff, 0xff, 0xa0, 0x9, 0xff,
    0xff, 0xff, 0xff, 0xff, 0xff, 0xff, 0xff, 0xff,
    0xff, 0xff, 0xa0, 0x6, 0xaa, 0xaa, 0xaa, 0xaf,
    0xff, 0xff, 0xff, 0xfc, 0xaa, 0xaa, 0xaa, 0x70,
    0x0, 0x0, 0x0, 0x2, 0xcf, 0xff, 0xff, 0xff,
    0xff, 0x60, 0x0, 0x0, 0x0, 0x0, 0x0, 0x0,
    0x8f, 0xff, 0xea, 0xff, 0xe9, 0xff, 0xfc, 0x40,
    0x0, 0x0, 0x0, 0x1, 0x7e, 0xff, 0xfc, 0x26,
    0xff, 0xe0, 0x6f, 0xff, 0xfc, 0x40, 0x0, 0x5,
    0xaf, 0xff, 0xff, 0x80, 0x6, 0xff, 0xe0, 0x2,
    0xcf, 0xff, 0xfe, 0x81, 0xc, 0xff, 0xff, 0xb2,
    0x0, 0x6, 0xff, 0xe0, 0x0, 0x6, 0xef, 0xff,
    0xa0, 0x1, 0xdf, 0xa3, 0x0, 0x0, 0x6, 0xff,
    0xe0, 0x0, 0x0, 0x6, 0xdc, 0x0, 0x0, 0x11,
    0x0, 0x0, 0x0, 0x6, 0xff, 0xe0, 0x0, 0x0,
    0x0, 0x0, 0x0,

    /* U+67E5 "查" */
    0x0, 0x0, 0x0, 0x0, 0x0, 0x6, 0xff, 0xa0,
    0x0, 0x0, 0x0, 0x0, 0x0, 0x0, 0x0, 0x0,
    0x0, 0x0, 0x6, 0xff, 0xa0, 0x0, 0x0, 0x0,
    0x0, 0x0, 0x0, 0x0, 0x0, 0x0, 0x0, 0x7,
    0xff, 0xb0, 0x0, 0x0, 0x0, 0x0, 0x0, 0x6,
    0xff, 0xff, 0xff, 0xff, 0xff, 0xff, 0xff, 0xff,
    0xff, 0xff, 0xff, 0xe0, 0x6, 0xff, 0xff, 0xff,
    0xff, 0xff, 0xff, 0xff, 0xff, 0xff, 0xff, 0xff,
    0xe0, 0x4, 0xaa, 0xaa, 0xaa, 0xdf, 0xff, 0xff,
    0xff, 0xff, 0xaa, 0xaa, 0xaa, 0x90, 0x0, 0x0,
    0x0, 0x6, 0xff, 0xfd, 0xff, 0xdf, 0xff, 0x90,
    0x0, 0x0, 0x0, 0x0, 0x0, 0x0, 0x9f, 0xff,
    0x96, 0xff, 0xa4, 0xff, 0xfc, 0x30, 0x0, 0x0,
    0x0, 0x0, 0x5e, 0xff, 0xf8, 0x6, 0xff, 0xa0,
    0x3e, 0xff, 0xf9, 0x10, 0x0, 0x0, 0x5c, 0xff,
    0xff, 0x60, 0x6, 0xff, 0xa0, 0x2, 0xcf, 0xff,
    0xfa, 0x40, 0xc, 0xff, 0xff, 0xd3, 0x0, 0x3,
    0x66, 0x40, 0x0, 0x18, 0xff, 0xff, 0xe2, 0x2,
    0xef, 0xeb, 0xff, 0xff, 0xff, 0xff, 0xff, 0xff,
    0xff, 0xc9, 0xff, 0x30, 0x0, 0x35, 0x7, 0xff,
    0xff, 0xff, 0xff, 0xff, 0xff, 0xff, 0xb0, 0x14,
    0x0, 0x0, 0x0, 0x7, 0xff, 0xa0, 0x0, 0x0,
    0x0, 0x9, 0xff, 0xb0, 0x0, 0x0, 0x0, 0x0,
    0x7, 0xff, 0xfe, 0xee, 0xee, 0xee, 0xef, 0xff,
    0xb0, 0x0, 0x0, 0x0, 0x0, 0x7, 0xff, 0xff,
    0xff, 0xff, 0xff, 0xff, 0xff, 0xb0, 0x0, 0x0,
    0x0, 0x0, 0x7, 0xff, 0xa1, 0x11, 0x11, 0x11,
    0x19, 0xff, 0xb0, 0x0, 0x0, 0x0, 0x0, 0x7,
    0xff, 0xb2, 0x22, 0x22, 0x22, 0x2a, 0xff, 0xb0,
    0x0, 0x0, 0x0, 0x0, 0x7, 0xff, 0xff, 0xff,
    0xff, 0xff, 0xff, 0xff, 0xb0, 0x0, 0x0, 0x0,
    0x0, 0x6, 0xee, 0xee, 0xee, 0xee, 0xee, 0xee,
    0xee, 0x90, 0x0, 0x0, 0x0, 0x0, 0x0, 0x0,
    0x0, 0x0, 0x0, 0x0, 0x0, 0x0, 0x0, 0x0,
    0x0, 0x3, 0xff, 0xff, 0xff, 0xff, 0xff, 0xff,
    0xff, 0xff, 0xff, 0xff, 0xff, 0xa0, 0x3, 0xff,
    0xff, 0xff, 0xff, 0xff, 0xff, 0xff, 0xff, 0xff,
    0xff, 0xff, 0xa0, 0x2, 0xbb, 0xbb, 0xbb, 0xbb,
    0xbb, 0xbb, 0xbb, 0xbb, 0xbb, 0xbb, 0xbb, 0x70,

    /* U+6807 "标" */
    0x0, 0x0, 0x1, 0x11, 0x0, 0x0, 0x0, 0x0,
    0x0, 0x0, 0x0, 0x0, 0x0, 0x0, 0x0, 0x4f,
    0xfd, 0x0, 0x0, 0x0, 0x0, 0x0, 0x0, 0x0,
    0x0, 0x0, 0x0, 0x0, 0x4f, 0xfd, 0x0, 0x0,
    0x47, 0x77, 0x77, 0x77, 0x77, 0x77, 0x0, 0x0,
    0x0, 0x4f, 0xfd, 0x0, 0x0, 0x8f, 0xff, 0xff,
    0xff, 0xff, 0xfe, 0x0, 0x0, 0x0, 0x4f, 0xfd,
    0x0, 0x0, 0x8f, 0xff, 0xff, 0xff, 0xff, 0xfe,
    0x0, 0x0, 0x0, 0x4f, 0xfd, 0x0, 0x0, 0x36,
    0x66, 0x66, 0x66, 0x66, 0x66, 0x0, 0xd, 0xff,
    0xff, 0xff, 0xff, 0xd0, 0x0, 0x0, 0x0, 0x0,
    0x0, 0x0, 0x0, 0xe, 0xff, 0xff, 0xff, 0xff,
    0xd0, 0x0, 0x0, 0x0, 0x0, 0x0, 0x0, 0x0,
    0xd, 0xff, 0xff, 0xff, 0xff, 0xd6, 0x66, 0x66,
    0x66, 0x66, 0x66, 0x66, 0x60, 0x0, 0x0, 0xff,
    0xfe, 0x0, 0xf, 0xff, 0xff, 0xff, 0xff, 0xff,
    0xff, 0xf1, 0x0, 0x5, 0xff, 0xff, 0xb0, 0xf,
    0xff, 0xff, 0xff, 0xff, 0xff, 0xff, 0xf1, 0x0,
    0xa, 0xff, 0xff, 0xf7, 0x8, 0x88, 0x88, 0xdf,
    0xfc, 0x88, 0x88, 0x80, 0x0, 0xf, 0xff, 0xff,
    0xff, 0x40, 0x0, 0x0, 0xaf, 0xf8, 0x0, 0x0,
    0x0, 0x0, 0x6f, 0xff, 0xfd, 0xcf, 0xd0, 0x0,
    0x0, 0xaf, 0xf8, 0x0, 0x10, 0x0, 0x0, 0xdf,
    0xff, 0xfd, 0x3f, 0x60, 0xcd, 0xa1, 0xaf, 0xf8,
    0x3b, 0xf4, 0x0, 0x6, 0xff, 0xaf, 0xfd, 0x7,
    0x1, 0xff, 0xe0, 0xaf, 0xf8, 0x4f, 0xfa, 0x0,
    0x1e, 0xff, 0x5f, 0xfd, 0x0, 0x6, 0xff, 0xa0,
    0xaf, 0xf8, 0xd, 0xff, 0x0, 0x1e, 0xf9, 0x4f,
    0xfd, 0x0, 0xc, 0xff, 0x40, 0xaf, 0xf8, 0x8,
    0xff, 0x40, 0x7, 0xf1, 0x4f, 0xfd, 0x0, 0x2f,
    0xfd, 0x0, 0xaf, 0xf8, 0x3, 0xff, 0x90, 0x0,
    0x70, 0x4f, 0xfd, 0x0, 0xaf, 0xf7, 0x0, 0xaf,
    0xf8, 0x0, 0xef, 0xd0, 0x0, 0x0, 0x4f, 0xfd,
    0x4, 0xff, 0xe0, 0x0, 0xaf, 0xf8, 0x0, 0xaf,
    0xf1, 0x0, 0x0, 0x4f, 0xfd, 0x4, 0xef, 0x71,
    0x22, 0xbf, 0xf8, 0x0, 0x6f, 0xf4, 0x0, 0x0,
    0x4f, 0xfd, 0x0, 0x18, 0x4, 0xff, 0xff, 0xf7,
    0x0, 0x3a, 0x30, 0x0, 0x0, 0x4f, 0xfd, 0x0,
    0x0, 0x0, 0xff, 0xff, 0xf3, 0x0, 0x0, 0x0,
    0x0, 0x0, 0x4f, 0xfd, 0x0, 0x0, 0x0, 0xbf,
    0xeb, 0x40, 0x0, 0x0, 0x0, 0x0, 0x0, 0x2,
    0x21, 0x0, 0x0, 0x0, 0x0, 0x0, 0x0, 0x0,
    0x0, 0x0,

    /* U+6837 "样" */
    0x0, 0x0, 0x0, 0x0, 0x0, 0x0, 0x0, 0x0,
    0x0, 0x0, 0x0, 0x0, 0x0, 0x0, 0xd, 0xee,
    0x10, 0x0, 0x4, 0xa3, 0x0, 0x0, 0x8, 0xc7,
    0x20, 0x0, 0x0, 0xef, 0xf1, 0x0, 0x8, 0xff,
    0xd0, 0x0, 0x0, 0xdf, 0xf9, 0x0, 0x0, 0xe,
    0xff, 0x10, 0x0, 0x1f, 0xff, 0x60, 0x0, 0x3f,
    0xff, 0x20, 0x0, 0x0, 0xef, 0xf1, 0x0, 0x0,
    0x8f, 0xfd, 0x0, 0x9, 0xff, 0xa0, 0x0, 0x0,
    0xe, 0xff, 0x20, 0x0, 0x2, 0xfe, 0x81, 0x2,
    0xff, 0xf3, 0x0, 0xd, 0xff, 0xff, 0xff, 0xf8,
    0x9f, 0xff, 0xff, 0xff, 0xff, 0xff, 0xff, 0x90,
    0xdf, 0xff, 0xff, 0xff, 0x89, 0xff, 0xff, 0xff,
    0xff, 0xff, 0xff, 0xf9, 0xb, 0xdd, 0xff, 0xfd,
    0xd7, 0x7c, 0xcc, 0xcc, 0xff, 0xfc, 0xcc, 0xcc,
    0x70, 0x0, 0xf, 0xff, 0x20, 0x0, 0x0, 0x0,
    0x1f, 0xff, 0x10, 0x0, 0x0, 0x0, 0x3, 0xff,
    0xfb, 0x0, 0x0, 0x0, 0x1, 0xff, 0xf1, 0x0,
    0x0, 0x0, 0x0, 0x8f, 0xff, 0xf7, 0x0, 0xbe,
    0xee, 0xef, 0xff, 0xee, 0xee, 0xb0, 0x0, 0xe,
    0xff, 0xff, 0xf2, 0xc, 0xff, 0xff, 0xff, 0xff,
    0xff, 0xfd, 0x0, 0x4, 0xff, 0xff, 0xef, 0xd0,
    0xcf, 0xff, 0xff, 0xff, 0xff, 0xff, 0xc0, 0x0,
    0xcf, 0xff, 0xf6, 0xfe, 0x10, 0x0, 0x1, 0xff,
    0xf1, 0x0, 0x0, 0x0, 0x4f, 0xff, 0xff, 0x1d,
    0x30, 0x0, 0x0, 0x1f, 0xff, 0x10, 0x0, 0x0,
    0xd, 0xff, 0xff, 0xf1, 0x3, 0xbb, 0xbb, 0xbb,
    0xff, 0xfb, 0xbb, 0xbb, 0xa3, 0xff, 0x9e, 0xff,
    0x10, 0x4f, 0xff, 0xff, 0xff, 0xff, 0xff, 0xff,
    0xff, 0xc, 0xf2, 0xef, 0xf1, 0x4, 0xff, 0xff,
    0xff, 0xff, 0xff, 0xff, 0xff, 0xf0, 0x49, 0xe,
    0xff, 0x10, 0x3, 0x33, 0x33, 0x4f, 0xff, 0x43,
    0x33, 0x32, 0x0, 0x10, 0xef, 0xf1, 0x0, 0x0,
    0x0, 0x1, 0xff, 0xf1, 0x0, 0x0, 0x0, 0x0,
    0xe, 0xff, 0x10, 0x0, 0x0, 0x0, 0x1f, 0xff,
    0x10, 0x0, 0x0, 0x0, 0x0, 0xef, 0xf1, 0x0,
    0x0, 0x0, 0x1, 0xff, 0xf1, 0x0, 0x0, 0x0,
    0x0, 0xe, 0xff, 0x10, 0x0, 0x0, 0x0, 0x1f,
    0xff, 0x10, 0x0, 0x0, 0x0, 0x0, 0xef, 0xf1,
    0x0, 0x0, 0x0, 0x1, 0xff, 0xf1, 0x0, 0x0,
    0x0,

    /* U+6838 "核" */
    0x0, 0x0, 0x0, 0x0, 0x0, 0x0, 0x0, 0x0,
    0x0, 0x0, 0x0, 0x0, 0x0, 0x0, 0x0, 0xce,
    0xe1, 0x0, 0x0, 0x0, 0x4, 0xae, 0x80, 0x0,
    0x0, 0x0, 0x0, 0x0, 0xef, 0xf1, 0x0, 0x0,
    0x0, 0x6, 0xff, 0xf1, 0x0, 0x0, 0x0, 0x0,
    0x0, 0xef, 0xf1, 0x0, 0x0, 0x0, 0x0, 0xff,
    0xf6, 0x0, 0x0, 0x0, 0x0, 0x0, 0xef, 0xf1,
    0x0, 0xef, 0xff, 0xff, 0xff, 0xff, 0xff, 0xff,
    0xe0, 0x0, 0x0, 0xef, 0xf2, 0x0, 0xef, 0xff,
    0xff, 0xff, 0xff, 0xff, 0xff, 0xe0, 0xf, 0xff,
    0xff, 0xff, 0xfb, 0xef, 0xff, 0xff, 0xff, 0xff,
    0xff, 0xff, 0xe0, 0xf, 0xff, 0xff, 0xff, 0xfb,
    0x0, 0x0, 0xef, 0xf5, 0x0, 0x0, 0x0, 0x0,
    0xd, 0xdd, 0xff, 0xfd, 0xd9, 0x0, 0x8, 0xff,
    0xb0, 0x0, 0x61, 0x0, 0x0, 0x0, 0x2, 0xff,
    0xf3, 0x0, 0x0, 0x3f, 0xff, 0x10, 0x8, 0xff,
    0xa0, 0x0, 0x0, 0x6, 0xff, 0xfc, 0x0, 0x5,
    0xef, 0xfa, 0x66, 0x8f, 0xff, 0x50, 0x0, 0x0,
    0xb, 0xff, 0xff, 0x70, 0xbf, 0xff, 0xff, 0xff,
    0xff, 0xfa, 0x0, 0x0, 0x0, 0x1f, 0xff, 0xff,
    0xf2, 0x6f, 0xff, 0xff, 0xff, 0xff, 0xc0, 0x0,
    0x0, 0x0, 0x7f, 0xff, 0xfe, 0xfb, 0x3a, 0x86,
    0x47, 0xff, 0xfd, 0x16, 0x61, 0x0, 0x0, 0xef,
    0xff, 0xf7, 0xfb, 0x0, 0x0, 0x7f, 0xff, 0xd1,
    0x2f, 0xff, 0x80, 0x7, 0xff, 0xff, 0xf1, 0xb0,
    0x0, 0x3c, 0xff, 0xfb, 0x10, 0xcf, 0xff, 0x20,
    0x1f, 0xfd, 0xef, 0xf1, 0x0, 0x3b, 0xff, 0xff,
    0x80, 0xb, 0xff, 0xf6, 0x0, 0x7f, 0xf6, 0xef,
    0xf1, 0x0, 0xcf, 0xff, 0xd3, 0x1, 0xcf, 0xff,
    0x80, 0x0, 0x1f, 0xe0, 0xef, 0xf1, 0x0, 0x2f,
    0xe6, 0x0, 0x3d, 0xff, 0xf9, 0x0, 0x0, 0x8,
    0x60, 0xef, 0xf1, 0x0, 0x2, 0x0, 0x8, 0xff,
    0xff, 0xf6, 0x0, 0x0, 0x1, 0x0, 0xef, 0xf1,
    0x0, 0x0, 0x6, 0xef, 0xff, 0xff, 0xff, 0x90,
    0x0, 0x0, 0x0, 0xef, 0xf1, 0x0, 0x28, 0xef,
    0xff, 0xfb, 0x29, 0xff, 0xfc, 0x10, 0x0, 0x0,
    0xef, 0xf1, 0x3d, 0xff, 0xff, 0xfe, 0x50, 0x0,
    0x7f, 0xff, 0xd0, 0x0, 0x0, 0xef, 0xf1, 0xb,
    0xff, 0xfd, 0x60, 0x0, 0x0, 0x6, 0xff, 0x70,
    0x0, 0x0, 0xef, 0xf1, 0x1, 0xea, 0x40, 0x0,
    0x0, 0x0, 0x0, 0x64, 0x0, 0x0, 0x0, 0x0,
    0x0, 0x0, 0x0, 0x0, 0x0, 0x0, 0x0, 0x0,
    0x0, 0x0,

    /* U+683C "格" */
    0x0, 0x0, 0x3, 0x32, 0x0, 0x0, 0x0, 0x2,
    0x0, 0x0, 0x0, 0x0, 0x0, 0x0, 0x0, 0x2f,
    0xfc, 0x0, 0x0, 0x0, 0x3f, 0xd9, 0x0, 0x0,
    0x0, 0x0, 0x0, 0x0, 0x2f, 0xfc, 0x0, 0x0,
    0x0, 0xbf, 0xfa, 0x0, 0x0, 0x0, 0x0, 0x0,
    0x0, 0x2f, 0xfc, 0x0, 0x0, 0x3, 0xff, 0xfa,
    0x77, 0x78, 0x40, 0x0, 0x0, 0x0, 0x2f, 0xfc,
    0x0, 0x0, 0xd, 0xff, 0xff, 0xff, 0xff, 0xfa,
    0x0, 0x0, 0x0, 0x2f, 0xfc, 0x0, 0x0, 0x8f,
    0xff, 0xff, 0xff, 0xff, 0xf7, 0x0, 0x8, 0xdd,
    0xef, 0xff, 0xdd, 0x95, 0xff, 0xfb, 0x33, 0x37,
    0xff, 0xf1, 0x0, 0x9, 0xff, 0xff, 0xff, 0xff,
    0xdf, 0xff, 0xff, 0x30, 0xd, 0xff, 0x80, 0x0,
    0x9, 0xff, 0xff, 0xff, 0xff, 0xff, 0xfe, 0xff,
    0xe1, 0x8f, 0xfe, 0x0, 0x0, 0x0, 0x0, 0x9f,
    0xfd, 0x0, 0x7f, 0xe2, 0xaf, 0xfe, 0xff, 0xf4,
    0x0, 0x0, 0x0, 0x0, 0xdf, 0xff, 0x80, 0x5,
    0x20, 0xd, 0xff, 0xff, 0x90, 0x0, 0x0, 0x0,
    0x2, 0xff, 0xff, 0xf6, 0x0, 0x0, 0xa, 0xff,
    0xff, 0x40, 0x0, 0x0, 0x0, 0x7, 0xff, 0xff,
    0xff, 0x30, 0x2, 0xcf, 0xff, 0xff, 0xfa, 0x10,
    0x0, 0x0, 0xe, 0xff, 0xfd, 0xef, 0xa1, 0x9f,
    0xff, 0xf9, 0xcf, 0xff, 0xf9, 0x30, 0x0, 0x5f,
    0xff, 0xfc, 0x6f, 0xcf, 0xff, 0xfe, 0x50, 0x8,
    0xff, 0xff, 0xf7, 0x0, 0xdf, 0xef, 0xfc, 0x9,
    0xff, 0xff, 0xfa, 0x99, 0x99, 0xcf, 0xff, 0xb0,
    0x5, 0xff, 0x9f, 0xfc, 0x0, 0xbf, 0xff, 0xff,
    0xff, 0xff, 0xff, 0xfd, 0x10, 0x1e, 0xff, 0x3f,
    0xfc, 0x0, 0x11, 0xef, 0xff, 0xff, 0xff, 0xff,
    0xf7, 0x0, 0xd, 0xf9, 0x2f, 0xfc, 0x0, 0x0,
    0xef, 0xf1, 0x0, 0x0, 0x9f, 0xf7, 0x0, 0x5,
    0xf1, 0x2f, 0xfc, 0x0, 0x0, 0xef, 0xf0, 0x0,
    0x0, 0x9f, 0xf7, 0x0, 0x0, 0x50, 0x2f, 0xfc,
    0x0, 0x0, 0xef, 0xf0, 0x0, 0x0, 0x9f, 0xf7,
    0x0, 0x0, 0x0, 0x2f, 0xfc, 0x0, 0x0, 0xef,
    0xf1, 0x0, 0x0, 0x9f, 0xf7, 0x0, 0x0, 0x0,
    0x2f, 0xfc, 0x0, 0x0, 0xef, 0xff, 0xff, 0xff,
    0xff, 0xf7, 0x0, 0x0, 0x0, 0x2f, 0xfc, 0x0,
    0x0, 0xef, 0xff, 0xff, 0xff, 0xff, 0xf7, 0x0,
    0x0, 0x0, 0x2f, 0xfc, 0x0, 0x0, 0xef, 0xfa,
    0xaa, 0xaa, 0xdf, 0xf7, 0x0, 0x0, 0x0, 0x0,
    0x0, 0x0, 0x0, 0x11, 0x10, 0x0, 0x0, 0x0,
    0x0, 0x0,

    /* U+68C0 "检" */
    0x0, 0x0, 0x11, 0x10, 0x0, 0x0, 0x0, 0x1,
    0x20, 0x0, 0x0, 0x0, 0x0, 0x0, 0x0, 0xff,
    0xe0, 0x0, 0x0, 0x0, 0xb, 0xfb, 0x30, 0x0,
    0x0, 0x0, 0x0, 0x0, 0xff, 0xe0, 0x0, 0x0,
    0x0, 0x5f, 0xff, 0x20, 0x0, 0x0, 0x0, 0x0,
    0x0, 0xff, 0xe0, 0x0, 0x0, 0x2, 0xef, 0xff,
    0xd1, 0x0, 0x0, 0x0, 0x0, 0x0, 0xff, 0xe0,
    0x0, 0x0, 0xd, 0xff, 0xff, 0xfd, 0x20, 0x0,
    0x0, 0x5, 0x55, 0xff, 0xf5, 0x40, 0x0, 0xcf,
    0xfe, 0x3e, 0xff, 0xe3, 0x0, 0x0, 0xf, 0xff,
    0xff, 0xff, 0xf0, 0x1c, 0xff, 0xf3, 0x2, 0xdf,
    0xff, 0x70, 0x0, 0xf, 0xff, 0xff, 0xff, 0xf2,
    0xdf, 0xff, 0x40, 0x0, 0x1d, 0xff, 0xfc, 0x30,
    0x9, 0x9a, 0xff, 0xf9, 0xdf, 0xff, 0xf5, 0x0,
    0x0, 0x1, 0xcf, 0xff, 0xf4, 0x0, 0x6, 0xff,
    0xf2, 0xef, 0xff, 0xff, 0xff, 0xff, 0xff, 0xfc,
    0xff, 0xd0, 0x0, 0xa, 0xff, 0xfa, 0x5f, 0xe3,
    0xef, 0xff, 0xff, 0xff, 0xf5, 0x5e, 0x60, 0x0,
    0xe, 0xff, 0xff, 0x57, 0x10, 0x89, 0x99, 0x99,
    0x99, 0x93, 0x1, 0x0, 0x0, 0x4f, 0xff, 0xff,
    0xe1, 0x0, 0x0, 0x0, 0x0, 0x0, 0x0, 0x0,
    0x0, 0x0, 0xaf, 0xff, 0xee, 0xfa, 0x15, 0x60,
    0xa, 0xfb, 0x0, 0xc, 0xda, 0x0, 0x2, 0xff,
    0xff, 0xe7, 0xf3, 0xaf, 0xf0, 0x9, 0xfe, 0x0,
    0x1f, 0xfb, 0x0, 0x9, 0xff, 0xff, 0xe1, 0x50,
    0x5f, 0xf3, 0x6, 0xff, 0x20, 0x7f, 0xf4, 0x0,
    0x2f, 0xfa, 0xff, 0xe0, 0x0, 0x1f, 0xf8, 0x3,
    0xff, 0x50, 0xdf, 0xd0, 0x0, 0xd, 0xf3, 0xff,
    0xe0, 0x0, 0xd, 0xfc, 0x0, 0xff, 0x73, 0xff,
    0x60, 0x0, 0x6, 0xc0, 0xff, 0xe0, 0x0, 0xa,
    0xff, 0x0, 0xef, 0x9a, 0xfe, 0x0, 0x0, 0x0,
    0x30, 0xff, 0xe0, 0x0, 0x7, 0xc8, 0x0, 0x20,
    0x2f, 0xf7, 0x0, 0x0, 0x0, 0x0, 0xff, 0xe0,
    0x0, 0x0, 0x0, 0x0, 0x0, 0x9f, 0xe0, 0x0,
    0x0, 0x0, 0x0, 0xff, 0xe0, 0xa, 0xaa, 0xaa,
    0xaa, 0xab, 0xff, 0xea, 0xaa, 0x50, 0x0, 0x0,
    0xff, 0xe0, 0xf, 0xff, 0xff, 0xff, 0xff, 0xff,
    0xff, 0xff, 0x70, 0x0, 0x0, 0xff, 0xe0, 0xf,
    0xff, 0xff, 0xff, 0xff, 0xff, 0xff, 0xff, 0x70,
    0x0, 0x0, 0xff, 0xe0, 0x1, 0x11, 0x11, 0x11,
    0x11, 0x11, 0x11, 0x11, 0x0,

    /* U+6982 "概" */
    0x0, 0x1, 0x11, 0x0, 0x0, 0x0, 0x0, 0x0,
    0x0, 0x0, 0x0, 0x0, 0x0, 0x0, 0xaf, 0xf1,
    0x0, 0x0, 0x0, 0x0, 0x0, 0x0, 0x0, 0x0,
    0x0, 0x0, 0xa, 0xff, 0x10, 0x4b, 0xcb, 0xbb,
    0xb2, 0xcc, 0xcc, 0xcc, 0xcc, 0x70, 0x0, 0xaf,
    0xf1, 0x6, 0xff, 0xff, 0xff, 0x3f, 0xff, 0xff,
    0xff, 0xfa, 0x0, 0xa, 0xff, 0x10, 0x6f, 0xfd,
    0xdf, 0xf3, 0xff, 0xff, 0xff, 0xff, 0x90, 0x0,
    0xaf, 0xf1, 0x6, 0xff, 0x1, 0xff, 0x20, 0x0,
    0xf, 0xf6, 0x0, 0x1c, 0xce, 0xff, 0xcc, 0x7f,
    0xf2, 0x3f, 0xf2, 0x6f, 0xe0, 0xff, 0x50, 0x1,
    0xff, 0xff, 0xff, 0xf7, 0xff, 0xff, 0xff, 0x29,
    0xfd, 0x1f, 0xf4, 0x0, 0x1f, 0xff, 0xff, 0xff,
    0x7f, 0xff, 0xff, 0xf2, 0xbf, 0xa2, 0xff, 0x30,
    0x0, 0x0, 0xcf, 0xf3, 0x6, 0xff, 0x12, 0xff,
    0x2e, 0xf7, 0x4f, 0xf2, 0x0, 0x0, 0xe, 0xff,
    0xa0, 0x6f, 0xf0, 0x1f, 0xf3, 0xff, 0x46, 0xff,
    0x0, 0x0, 0x3, 0xff, 0xff, 0x36, 0xff, 0x89,
    0xff, 0xaf, 0xfe, 0xff, 0xfe, 0xeb, 0x0, 0x7f,
    0xff, 0xfc, 0x6f, 0xff, 0xff, 0xfb, 0xff, 0xff,
    0xff, 0xff, 0xc0, 0xc, 0xff, 0xff, 0xfa, 0xff,
    0xff, 0xff, 0x5d, 0xab, 0xff, 0xca, 0xa8, 0x1,
    0xff, 0xff, 0xcf, 0xdf, 0xf0, 0x3, 0x0, 0x0,
    0x5f, 0xf5, 0x0, 0x0, 0x7f, 0xff, 0xf6, 0xd6,
    0xff, 0xa, 0xf7, 0x0, 0xa, 0xff, 0xe0, 0x0,
    0xe, 0xff, 0xff, 0x13, 0x6f, 0xf0, 0x8f, 0xe0,
    0x0, 0xff, 0xfe, 0x0, 0x6, 0xff, 0xdf, 0xf1,
    0x6, 0xff, 0x4, 0xff, 0x60, 0x6f, 0xff, 0xe0,
    0x0, 0x7f, 0xca, 0xff, 0x10, 0x6f, 0xf9, 0xff,
    0xfc, 0xe, 0xff, 0xfe, 0x0, 0x0, 0xd6, 0xaf,
    0xf1, 0x9, 0xff, 0xff, 0xef, 0xf8, 0xff, 0xbf,
    0xe0, 0x52, 0x4, 0xa, 0xff, 0x12, 0xff, 0xff,
    0x70, 0xa4, 0xff, 0xc6, 0xfe, 0xa, 0xe0, 0x0,
    0xaf, 0xf1, 0x3f, 0xfc, 0x20, 0x0, 0xcf, 0xf3,
    0x6f, 0xe0, 0xae, 0x0, 0xa, 0xff, 0x10, 0x87,
    0x0, 0x0, 0x9f, 0xf8, 0x6, 0xff, 0x7e, 0xd0,
    0x0, 0xaf, 0xf1, 0x0, 0x0, 0x0, 0x7f, 0xfb,
    0x0, 0x4f, 0xff, 0xfa, 0x0, 0xa, 0xff, 0x10,
    0x0, 0x0, 0x1, 0x9c, 0x10, 0x0, 0xbf, 0xfd,
    0x20, 0x0, 0x0, 0x0, 0x0, 0x0, 0x0, 0x0,
    0x0, 0x0, 0x0, 0x0, 0x0,

    /* U+6A21 "模" */
    0x0, 0x0, 0x11, 0x10, 0x0, 0x0, 0x1, 0x10,
    0x0, 0x1, 0x10, 0x0, 0x0, 0x0, 0x1, 0xff,
    0xd0, 0x0, 0x0, 0x4f, 0xfa, 0x0, 0x6f, 0xf9,
    0x0, 0x0, 0x0, 0x1, 0xff, 0xd0, 0x1, 0x33,
    0x7f, 0xfb, 0x33, 0x8f, 0xfb, 0x33, 0x10, 0x0,
    0x1, 0xff, 0xd0, 0x4, 0xff, 0xff, 0xff, 0xff,
    0xff, 0xff, 0xff, 0x80, 0x0, 0x1, 0xff, 0xd0,
    0x4, 0xff, 0xff, 0xff, 0xff, 0xff, 0xff, 0xff,
    0x80, 0x0, 0x2, 0xff, 0xd0, 0x2, 0x66, 0x9f,
    0xfc, 0x66, 0xaf, 0xfc, 0x66, 0x30, 0xe, 0xff,
    0xff, 0xff, 0xf3, 0x0, 0x3b, 0xb7, 0x0, 0x4b,
    0xb7, 0x0, 0x0, 0xe, 0xff, 0xff, 0xff, 0xf3,
    0x7c, 0xcc, 0xcc, 0xcc, 0xcc, 0xcc, 0xc4, 0x0,
    0xc, 0xdd, 0xff, 0xfd, 0xd3, 0x9f, 0xff, 0xff,
    0xff, 0xff, 0xff, 0xf5, 0x0, 0x0, 0x2, 0xff,
    0xf1, 0x0, 0x9f, 0xf8, 0x66, 0x66, 0x66, 0xcf,
    0xf5, 0x0, 0x0, 0x5, 0xff, 0xfa, 0x0, 0x9f,
    0xfd, 0xcc, 0xcc, 0xcc, 0xef, 0xf5, 0x0, 0x0,
    0xa, 0xff, 0xff, 0x50, 0x9f, 0xff, 0xff, 0xff,
    0xff, 0xff, 0xf5, 0x0, 0x0, 0xf, 0xff, 0xff,
    0xe0, 0x9f, 0xf7, 0x44, 0x44, 0x44, 0xcf, 0xf5,
    0x0, 0x0, 0x5f, 0xff, 0xff, 0xf9, 0x9f, 0xf8,
    0x55, 0x55, 0x55, 0xcf, 0xf5, 0x0, 0x0, 0xcf,
    0xff, 0xda, 0xfc, 0x9f, 0xff, 0xff, 0xff, 0xff,
    0xff, 0xf5, 0x0, 0x4, 0xff, 0xff, 0xd3, 0xe2,
    0x7c, 0xcc, 0xcf, 0xff, 0xec, 0xcc, 0xc4, 0x0,
    0xc, 0xff, 0xff, 0xd0, 0x20, 0x0, 0x0, 0xb,
    0xff, 0x40, 0x0, 0x0, 0x0, 0x5f, 0xf9, 0xff,
    0xd0, 0x9, 0x99, 0x99, 0x9f, 0xff, 0xb9, 0x99,
    0x99, 0x60, 0x1e, 0xf3, 0xff, 0xd0, 0xe, 0xff,
    0xff, 0xff, 0xff, 0xff, 0xff, 0xff, 0xa0, 0x8,
    0xa1, 0xff, 0xd0, 0xe, 0xff, 0xff, 0xff, 0xff,
    0xff, 0xff, 0xff, 0x90, 0x1, 0x11, 0xff, 0xd0,
    0x0, 0x0, 0x7, 0xff, 0xfc, 0xff, 0xb0, 0x0,
    0x0, 0x0, 0x1, 0xff, 0xd0, 0x0, 0x3, 0xbf,
    0xff, 0x71, 0xef, 0xfd, 0x50, 0x0, 0x0, 0x1,
    0xff, 0xd0, 0x39, 0xdf, 0xff, 0xf8, 0x0, 0x2e,
    0xff, 0xfe, 0x91, 0x0, 0x1, 0xff, 0xd0, 0x1f,
    0xff, 0xfc, 0x30, 0x0, 0x1, 0xbf, 0xff, 0x70,
    0x0, 0x1, 0xff, 0xd0, 0x6, 0xd9, 0x30, 0x0,
    0x0, 0x0, 0x4, 0xaa, 0x0, 0x0, 0x0, 0x0,
    0x0, 0x0, 0x0, 0x0, 0x0, 0x0, 0x0, 0x0,
    0x0, 0x0,

    /* U+6A2A "横" */
    0x0, 0x0, 0x11, 0x10, 0x0, 0x0, 0x1, 0x11,
    0x0, 0x1, 0x11, 0x0, 0x0, 0x0, 0x0, 0xdf,
    0xf1, 0x0, 0x0, 0x1f, 0xfd, 0x0, 0x1f, 0xfc,
    0x0, 0x0, 0x0, 0x0, 0xdf, 0xf1, 0x0, 0x0,
    0x1f, 0xfd, 0x0, 0x1f, 0xfc, 0x0, 0x0, 0x0,
    0x0, 0xdf, 0xf1, 0x0, 0xcf, 0xff, 0xff, 0xff,
    0xff, 0xff, 0xff, 0xa0, 0x0, 0x0, 0xdf, 0xf1,
    0x0, 0xdf, 0xff, 0xff, 0xff, 0xff, 0xff, 0xff,
    0xb0, 0x0, 0x0, 0xdf, 0xf1, 0x0, 0x68, 0x9f,
    0xff, 0x88, 0x9f, 0xfe, 0x88, 0x60, 0xb, 0xbb,
    0xff, 0xfb, 0xb8, 0x0, 0x1f, 0xfd, 0x0, 0x1f,
    0xfc, 0x0, 0x0, 0xf, 0xff, 0xff, 0xff, 0xfe,
    0xcc, 0xcf, 0xff, 0xcc, 0xcf, 0xff, 0xcc, 0xc3,
    0xf, 0xff, 0xff, 0xff, 0xff, 0xff, 0xff, 0xff,
    0xff, 0xff, 0xff, 0xff, 0xf5, 0x2, 0x24, 0xff,
    0xf4, 0x29, 0xdd, 0xdd, 0xde, 0xff, 0xfd, 0xdd,
    0xdd, 0xd4, 0x0, 0x5, 0xff, 0xf5, 0x0, 0x0,
    0x0, 0x4, 0xff, 0xd0, 0x0, 0x0, 0x0, 0x0,
    0xa, 0xff, 0xfe, 0x10, 0x8f, 0xff, 0xff, 0xff,
    0xff, 0xff, 0xff, 0x50, 0x0, 0xf, 0xff, 0xff,
    0x90, 0x8f, 0xff, 0xff, 0xff, 0xff, 0xff, 0xff,
    0x60, 0x0, 0x5f, 0xff, 0xff, 0xf3, 0x8f, 0xf5,
    0x36, 0xff, 0xd3, 0x38, 0xff, 0x60, 0x0, 0xcf,
    0xff, 0xfd, 0xfc, 0x8f, 0xf3, 0x15, 0xff, 0xd1,
    0x17, 0xff, 0x60, 0x3, 0xff, 0xff, 0xf5, 0xfa,
    0x8f, 0xff, 0xff, 0xff, 0xff, 0xff, 0xff, 0x60,
    0xb, 0xfd, 0xdf, 0xf1, 0xb0, 0x8f, 0xff, 0xff,
    0xff, 0xff, 0xff, 0xff, 0x60, 0x5f, 0xf7, 0xdf,
    0xf1, 0x0, 0x8f, 0xf3, 0x4, 0xff, 0xd0, 0x6,
    0xff, 0x60, 0x3f, 0xf0, 0xdf, 0xf1, 0x0, 0x8f,
    0xff, 0xff, 0xff, 0xff, 0xff, 0xff, 0x60, 0xa,
    0x70, 0xdf, 0xf1, 0x0, 0x8f, 0xff, 0xff, 0xff,
    0xff, 0xff, 0xff, 0x60, 0x2, 0x0, 0xdf, 0xf1,
    0x0, 0x12, 0x3c, 0x92, 0x22, 0x22, 0xa6, 0x22,
    0x10, 0x0, 0x0, 0xdf, 0xf1, 0x0, 0x4, 0xdf,
    0xfb, 0x10, 0x1c, 0xff, 0xb2, 0x0, 0x0, 0x0,
    0xdf, 0xf1, 0x3, 0xbf, 0xff, 0xf8, 0x0, 0x8,
    0xff, 0xff, 0x80, 0x0, 0x0, 0xdf, 0xf1, 0x1c,
    0xff, 0xfb, 0x20, 0x0, 0x0, 0x2c, 0xff, 0xf4,
    0x0, 0x0, 0xdf, 0xf1, 0x0, 0xcb, 0x40, 0x0,
    0x0, 0x0, 0x0, 0x7d, 0x20, 0x0, 0x0, 0x0,
    0x0, 0x0, 0x0, 0x0, 0x0, 0x0, 0x0, 0x0,
    0x0, 0x0,

    /* U+6B21 "次" */
    0x0, 0x0, 0x0, 0x0, 0x0, 0x0, 0x0, 0x0,
    0x0, 0x0, 0x0, 0x0, 0x0, 0x0, 0x0, 0x0,
    0x0, 0x0, 0xc, 0xeb, 0x50, 0x0, 0x0, 0x0,
    0x0, 0x0, 0x0, 0x11, 0x0, 0x0, 0x0, 0xf,
    0xff, 0x70, 0x0, 0x0, 0x0, 0x0, 0x0, 0x0,
    0xce, 0x60, 0x0, 0x0, 0x4f, 0xff, 0x30, 0x0,
    0x0, 0x0, 0x0, 0x0, 0xa, 0xff, 0xfc, 0x20,
    0x0, 0x8f, 0xff, 0x10, 0x0, 0x0, 0x1, 0x10,
    0x0, 0x3, 0xdf, 0xff, 0xf6, 0x0, 0xdf, 0xff,
    0xff, 0xff, 0xff, 0xff, 0xf7, 0x0, 0x0, 0x8,
    0xff, 0xfd, 0x3, 0xff, 0xff, 0xff, 0xff, 0xff,
    0xff, 0xff, 0x60, 0x0, 0x0, 0x4e, 0xf3, 0xa,
    0xff, 0xff, 0xff, 0xff, 0xff, 0xff, 0xff, 0x20,
    0x0, 0x0, 0x2, 0x50, 0x1f, 0xff, 0x91, 0x33,
    0x32, 0x11, 0x8f, 0xfd, 0x0, 0x0, 0x0, 0x0,
    0x0, 0x9f, 0xff, 0x20, 0xcf, 0xf9, 0x0, 0xcf,
    0xf7, 0x0, 0x0, 0x0, 0x0, 0x3, 0xff, 0xfa,
    0x0, 0xcf, 0xf9, 0x1, 0xff, 0xf1, 0x0, 0x0,
    0x0, 0x0, 0xd, 0xff, 0xf2, 0x0, 0xcf, 0xf8,
    0x6, 0xff, 0xb0, 0x0, 0x0, 0x0, 0x0, 0x2,
    0xaf, 0x90, 0x0, 0xef, 0xf8, 0x6, 0xff, 0x40,
    0x0, 0x0, 0x0, 0x9, 0xc1, 0x3, 0x0, 0x0,
    0xff, 0xfc, 0x0, 0x17, 0x0, 0x0, 0x0, 0x0,
    0x2f, 0xfd, 0x10, 0x0, 0x4, 0xff, 0xff, 0x10,
    0x0, 0x0, 0x0, 0x0, 0x0, 0xcf, 0xfe, 0x0,
    0x0, 0x8, 0xff, 0xff, 0x70, 0x0, 0x0, 0x0,
    0x0, 0x6, 0xff, 0xf6, 0x0, 0x0, 0xe, 0xff,
    0xff, 0xe0, 0x0, 0x0, 0x0, 0x0, 0x1e, 0xff,
    0xd0, 0x0, 0x0, 0x7f, 0xff, 0xff, 0xf7, 0x0,
    0x0, 0x0, 0x0, 0xaf, 0xff, 0x40, 0x0, 0x2,
    0xff, 0xfe, 0x6f, 0xff, 0x20, 0x0, 0x0, 0x5,
    0xff, 0xfb, 0x0, 0x0, 0xd, 0xff, 0xf6, 0xd,
    0xff, 0xd1, 0x0, 0x0, 0x1f, 0xff, 0xf2, 0x0,
    0x1, 0xcf, 0xff, 0xc0, 0x4, 0xff, 0xfd, 0x20,
    0x0, 0x7, 0xff, 0x80, 0x0, 0x3e, 0xff, 0xfe,
    0x10, 0x0, 0x8f, 0xff, 0xf6, 0x0, 0x0, 0x3b,
    0x0, 0x19, 0xff, 0xff, 0xe2, 0x0, 0x0, 0xb,
    0xff, 0xff, 0xc0, 0x0, 0x0, 0x0, 0x4f, 0xff,
    0xfc, 0x10, 0x0, 0x0, 0x0, 0x9f, 0xff, 0x20,
    0x0, 0x0, 0x0, 0x3, 0xff, 0x70, 0x0, 0x0,
    0x0, 0x0, 0x4, 0xd6, 0x0, 0x0, 0x0, 0x0,
    0x0, 0x41, 0x0, 0x0, 0x0, 0x0, 0x0, 0x0,
    0x0, 0x0,

    /* U+6B63 "正" */
    0x1, 0x44, 0x44, 0x44, 0x44, 0x44, 0x44, 0x44,
    0x44, 0x44, 0x44, 0x43, 0x0, 0x5f, 0xff, 0xff,
    0xff, 0xff, 0xff, 0xff, 0xff, 0xff, 0xff, 0xff,
    0xd0, 0x5, 0xff, 0xff, 0xff, 0xff, 0xff, 0xff,
    0xff, 0xff, 0xff, 0xff, 0xfd, 0x0, 0x4c, 0xcc,
    0xcc, 0xcc, 0xcc, 0xdf, 0xff, 0xcc, 0xcc, 0xcc,
    0xcc, 0xa0, 0x0, 0x0, 0x0, 0x0, 0x0, 0x3,
    0xff, 0xf1, 0x0, 0x0, 0x0, 0x0, 0x0, 0x0,
    0x0, 0x0, 0x0, 0x0, 0x3f, 0xff, 0x10, 0x0,
    0x0, 0x0, 0x0, 0x0, 0x0, 0x0, 0x0, 0x0,
    0x3, 0xff, 0xf1, 0x0, 0x0, 0x0, 0x0, 0x0,
    0x0, 0x5, 0x66, 0x20, 0x0, 0x3f, 0xff, 0x10,
    0x0, 0x0, 0x0, 0x0, 0x0, 0x0, 0xdf, 0xf6,
    0x0, 0x3, 0xff, 0xf1, 0x0, 0x0, 0x0, 0x0,
    0x0, 0x0, 0xd, 0xff, 0x60, 0x0, 0x3f, 0xff,
    0xdd, 0xdd, 0xdd, 0xd6, 0x0, 0x0, 0x0, 0xdf,
    0xf6, 0x0, 0x3, 0xff, 0xff, 0xff, 0xff, 0xff,
    0x80, 0x0, 0x0, 0xd, 0xff, 0x60, 0x0, 0x3f,
    0xff, 0xff, 0xff, 0xff, 0xf8, 0x0, 0x0, 0x0,
    0xdf, 0xf6, 0x0, 0x3, 0xff, 0xf4, 0x33, 0x33,
    0x33, 0x10, 0x0, 0x0, 0xd, 0xff, 0x60, 0x0,
    0x3f, 0xff, 0x10, 0x0, 0x0, 0x0, 0x0, 0x0,
    0x0, 0xdf, 0xf6, 0x0, 0x3, 0xff, 0xf1, 0x0,
    0x0, 0x0, 0x0, 0x0, 0x0, 0xd, 0xff, 0x60,
    0x0, 0x3f, 0xff, 0x10, 0x0, 0x0, 0x0, 0x0,
    0x0, 0x0, 0xdf, 0xf6, 0x0, 0x3, 0xff, 0xf1,
    0x0, 0x0, 0x0, 0x0, 0x0, 0x0, 0xd, 0xff,
    0x60, 0x0, 0x3f, 0xff, 0x10, 0x0, 0x0, 0x0,
    0x0, 0x0, 0x0, 0xdf, 0xf6, 0x0, 0x3, 0xff,
    0xf1, 0x0, 0x0, 0x0, 0x0, 0x0, 0x88, 0x8e,
    0xff, 0xb8, 0x88, 0xaf, 0xff, 0x98, 0x88, 0x88,
    0x88, 0x84, 0x1f, 0xff, 0xff, 0xff, 0xff, 0xff,
    0xff, 0xff, 0xff, 0xff, 0xff, 0xff, 0x81, 0xff,
    0xff, 0xff, 0xff, 0xff, 0xff, 0xff, 0xff, 0xff,
    0xff, 0xff, 0xf8, 0x8, 0x88, 0x88, 0x88, 0x88,
    0x88, 0x88, 0x88, 0x88, 0x88, 0x88, 0x88, 0x40,

    /* U+6B64 "此" */
    0x0, 0x0, 0x0, 0x2, 0xee, 0xe0, 0x0, 0xe,
    0xee, 0x30, 0x0, 0x0, 0x0, 0x0, 0x0, 0x0,
    0x2, 0xff, 0xf0, 0x0, 0xf, 0xff, 0x30, 0x0,
    0x0, 0x0, 0x0, 0x0, 0x0, 0x2, 0xff, 0xf0,
    0x0, 0xf, 0xff, 0x30, 0x0, 0x0, 0x0, 0x0,
    0x0, 0x0, 0x2, 0xff, 0xf0, 0x0, 0xf, 0xff,
    0x30, 0x0, 0x0, 0x0, 0x0, 0x0, 0x0, 0x2,
    0xff, 0xf0, 0x0, 0xf, 0xff, 0x30, 0x0, 0x0,
    0x0, 0x0, 0x7, 0x76, 0x2, 0xff, 0xf0, 0x0,
    0xf, 0xff, 0x30, 0x0, 0x0, 0x0, 0x0, 0x1f,
    0xfe, 0x2, 0xff, 0xf0, 0x0, 0xf, 0xff, 0x30,
    0x6, 0xf3, 0x0, 0x0, 0x1f, 0xfe, 0x2, 0xff,
    0xf3, 0x22, 0xf, 0xff, 0x31, 0xaf, 0xff, 0x30,
    0x0, 0x1f, 0xfe, 0x2, 0xff, 0xff, 0xff, 0x1f,
    0xff, 0x8e, 0xff, 0xff, 0x90, 0x0, 0x1f, 0xfe,
    0x2, 0xff, 0xff, 0xff, 0x1f, 0xff, 0xff, 0xff,
    0xd4, 0x0, 0x0, 0x1f, 0xfe, 0x2, 0xff, 0xfd,
    0xdd, 0x1f, 0xff, 0xff, 0xe7, 0x0, 0x0, 0x0,
    0x1f, 0xfe, 0x2, 0xff, 0xf0, 0x0, 0xf, 0xff,
    0xe7, 0x0, 0x0, 0x0, 0x0, 0x1f, 0xfe, 0x2,
    0xff, 0xf0, 0x0, 0xf, 0xff, 0x30, 0x0, 0x0,
    0x0, 0x0, 0x1f, 0xfe, 0x2, 0xff, 0xf0, 0x0,
    0xf, 0xff, 0x30, 0x0, 0x0, 0x0, 0x0, 0x1f,
    0xfe, 0x2, 0xff, 0xf0, 0x0, 0xf, 0xff, 0x30,
    0x0, 0x0, 0x0, 0x0, 0x1f, 0xfe, 0x2, 0xff,
    0xf0, 0x0, 0xf, 0xff, 0x30, 0x0, 0x0, 0x0,
    0x0, 0x1f, 0xfe, 0x2, 0xff, 0xf0, 0x0, 0xf,
    0xff, 0x30, 0x0, 0x10, 0x0, 0x0, 0x1f, 0xfe,
    0x2, 0xff, 0xf0, 0x0, 0xf, 0xff, 0x30, 0x0,
    0x6d, 0x61, 0x0, 0x1f, 0xfe, 0x2, 0xff, 0xf0,
    0x0, 0xf, 0xff, 0x30, 0x0, 0x6f, 0xf8, 0x0,
    0x1f, 0xfe, 0x2, 0xff, 0xfa, 0xde, 0xf, 0xff,
    0x30, 0x0, 0x8f, 0xf6, 0x0, 0x4f, 0xff, 0xcf,
    0xff, 0xff, 0xff, 0xf, 0xff, 0x71, 0x11, 0xcf,
    0xf4, 0xf, 0xff, 0xff, 0xff, 0xff, 0xff, 0xff,
    0x1d, 0xff, 0xff, 0xff, 0xff, 0xf0, 0xc, 0xff,
    0xff, 0xff, 0xfd, 0xa7, 0x41, 0x8, 0xff, 0xff,
    0xff, 0xff, 0x90, 0xa, 0xff, 0xc9, 0x63, 0x0,
    0x0, 0x0, 0x0, 0x8d, 0xff, 0xff, 0xe9, 0x0,
    0x2, 0x20, 0x0, 0x0, 0x0, 0x0, 0x0, 0x0,
    0x0, 0x0, 0x0, 0x0, 0x0,

    /* U+6B65 "步" */
    0x0, 0x0, 0x0, 0x0, 0x0, 0x1, 0x11, 0x0,
    0x0, 0x0, 0x0, 0x0, 0x0, 0x0, 0x0, 0x0,
    0x0, 0x1f, 0xff, 0x50, 0x0, 0x0, 0x0, 0x0,
    0x0, 0x0, 0x66, 0x60, 0x0, 0x1f, 0xff, 0x50,
    0x0, 0x0, 0x0, 0x0, 0x0, 0x1, 0xff, 0xf1,
    0x0, 0x1f, 0xff, 0xff, 0xff, 0xff, 0xfc, 0x0,
    0x0, 0x1, 0xff, 0xf1, 0x0, 0x1f, 0xff, 0xff,
    0xff, 0xff, 0xfc, 0x0, 0x0, 0x1, 0xff, 0xf1,
    0x0, 0x1f, 0xff, 0xfe, 0xee, 0xee, 0xeb, 0x0,
    0x0, 0x1, 0xff, 0xf1, 0x0, 0x1f, 0xff, 0x50,
    0x0, 0x0, 0x0, 0x0, 0x0, 0x1, 0xff, 0xf1,
    0x0, 0x1f, 0xff, 0x50, 0x0, 0x0, 0x0, 0x0,
    0x69, 0x9a, 0xff, 0xfa, 0x99, 0xaf, 0xff, 0xb9,
    0x99, 0x99, 0x99, 0x96, 0xbf, 0xff, 0xff, 0xff,
    0xff, 0xff, 0xff, 0xff, 0xff, 0xff, 0xff, 0xfa,
    0xbf, 0xff, 0xff, 0xff, 0xff, 0xff, 0xff, 0xff,
    0xff, 0xff, 0xff, 0xfa, 0x12, 0x22, 0x22, 0x22,
    0x22, 0x8f, 0xff, 0x22, 0x22, 0x22, 0x22, 0x21,
    0x0, 0x0, 0x7, 0xe9, 0x30, 0x6f, 0xfe, 0x0,
    0x0, 0xb, 0x50, 0x0, 0x0, 0x0, 0x4f, 0xff,
    0x90, 0x6f, 0xfe, 0x0, 0x0, 0x9f, 0xfe, 0x10,
    0x0, 0x4, 0xff, 0xfc, 0x0, 0x6f, 0xfe, 0x0,
    0x4, 0xff, 0xfb, 0x0, 0x0, 0x6f, 0xff, 0xe1,
    0x0, 0x6f, 0xfe, 0x0, 0x2e, 0xff, 0xf1, 0x0,
    0xb, 0xff, 0xfe, 0x20, 0x0, 0x6f, 0xfe, 0x3,
    0xef, 0xff, 0x40, 0x0, 0x8, 0xff, 0xe2, 0x0,
    0x0, 0x6f, 0xfe, 0x7f, 0xff, 0xf6, 0x0, 0x0,
    0x0, 0x8c, 0x10, 0x0, 0x0, 0x5c, 0xff, 0xff,
    0xff, 0x60, 0x0, 0x0, 0x0, 0x0, 0x0, 0x0,
    0x0, 0x4b, 0xff, 0xff, 0xe4, 0x0, 0x0, 0x0,
    0x0, 0x0, 0x0, 0x5, 0x9e, 0xff, 0xff, 0xfb,
    0x10, 0x0, 0x0, 0x0, 0x1, 0x36, 0x9d, 0xff,
    0xff, 0xff, 0xfc, 0x40, 0x0, 0x0, 0x0, 0x0,
    0x8f, 0xff, 0xff, 0xff, 0xff, 0xfa, 0x40, 0x0,
    0x0, 0x0, 0x0, 0x0, 0xe, 0xff, 0xff, 0xfe,
    0xa5, 0x10, 0x0, 0x0, 0x0, 0x0, 0x0, 0x0,
    0x7, 0xfc, 0x96, 0x20, 0x0, 0x0, 0x0, 0x0,
    0x0, 0x0, 0x0, 0x0, 0x0, 0x0, 0x0, 0x0,
    0x0, 0x0, 0x0, 0x0, 0x0, 0x0, 0x0, 0x0,

    /* U+6BCF "每" */
    0x0, 0x0, 0x0, 0x10, 0x0, 0x0, 0x0, 0x0,
    0x0, 0x0, 0x0, 0x0, 0x0, 0x0, 0x0, 0x0,
    0x9f, 0xb6, 0x0, 0x0, 0x0, 0x0, 0x0, 0x0,
    0x0, 0x0, 0x0, 0x0, 0x1, 0xff, 0xf7, 0x0,
    0x0, 0x0, 0x0, 0x0, 0x0, 0x0, 0x0, 0x0,
    0x0, 0x9, 0xff, 0xfc, 0xbb, 0xbb, 0xbb, 0xbb,
    0xbb, 0xbb, 0xbb, 0x10, 0x0, 0x0, 0x3f, 0xff,
    0xff, 0xff, 0xff, 0xff, 0xff, 0xff, 0xff, 0xff,
    0x20, 0x0, 0x0, 0xdf, 0xff, 0xff, 0xff, 0xff,
    0xff, 0xff, 0xff, 0xff, 0xff, 0x20, 0x0, 0xa,
    0xff, 0xf3, 0x0, 0x0, 0x0, 0x0, 0x0, 0x0,
    0x0, 0x0, 0x0, 0x0, 0x7f, 0xff, 0x70, 0x0,
    0x0, 0x0, 0x0, 0x0, 0x0, 0x0, 0x0, 0x0,
    0x6, 0xff, 0xff, 0xff, 0xff, 0xff, 0xff, 0xff,
    0xff, 0xff, 0xf8, 0x0, 0x0, 0xb, 0xff, 0xdb,
    0xff, 0xff, 0xff, 0xff, 0xff, 0xff, 0xff, 0xf8,
    0x0, 0x0, 0x0, 0x5d, 0x2b, 0xff, 0xdc, 0xcf,
    0xfe, 0xcc, 0xcc, 0xef, 0xf7, 0x0, 0x0, 0x0,
    0x0, 0xd, 0xff, 0x40, 0x7f, 0xff, 0x70, 0x0,
    0x9f, 0xf7, 0x0, 0x0, 0x0, 0x0, 0xf, 0xff,
    0x20, 0x7, 0xff, 0xfc, 0x0, 0xaf, 0xf6, 0x0,
    0x0, 0x1b, 0xbb, 0xbf, 0xff, 0x99, 0x99, 0xaf,
    0xfc, 0x99, 0xef, 0xfd, 0xbb, 0xb1, 0x1f, 0xff,
    0xff, 0xff, 0xff, 0xff, 0xff, 0xff, 0xff, 0xff,
    0xff, 0xff, 0xf2, 0x1f, 0xff, 0xff, 0xff, 0xff,
    0xff, 0xff, 0xff, 0xff, 0xff, 0xff, 0xff, 0xf2,
    0x1, 0x11, 0x8f, 0xfa, 0x0, 0x9f, 0xf8, 0x0,
    0x0, 0xdf, 0xf5, 0x11, 0x10, 0x0, 0x0, 0xaf,
    0xf7, 0x0, 0x8f, 0xff, 0xd2, 0x0, 0xef, 0xf2,
    0x0, 0x0, 0x0, 0x0, 0xcf, 0xf5, 0x0, 0x2,
    0xcf, 0xf8, 0x0, 0xff, 0xf1, 0x0, 0x0, 0x0,
    0x0, 0xff, 0xfd, 0xcc, 0xcc, 0xcf, 0xfc, 0xcc,
    0xff, 0xfc, 0xcc, 0x0, 0x0, 0x2, 0xff, 0xff,
    0xff, 0xff, 0xff, 0xff, 0xff, 0xff, 0xff, 0xff,
    0x0, 0x0, 0x5, 0xff, 0xff, 0xff, 0xff, 0xff,
    0xff, 0xff, 0xff, 0xff, 0xff, 0x0, 0x0, 0x0,
    0x0, 0x0, 0x0, 0x0, 0x1, 0x55, 0x5d, 0xff,
    0x90, 0x0, 0x0, 0x0, 0x0, 0x0, 0x0, 0x0,
    0x0, 0x0, 0xef, 0xff, 0xff, 0x30, 0x0, 0x0,
    0x0, 0x0, 0x0, 0x0, 0x0, 0x0, 0x0, 0xaf,
    0xff, 0xc4, 0x0, 0x0, 0x0, 0x0, 0x0, 0x0,
    0x0, 0x0, 0x0, 0x0, 0x0, 0x0, 0x0, 0x0,
    0x0, 0x0,

    /* U+6C34 "水" */
    0x0, 0x0, 0x0, 0x0, 0x0, 0x1, 0x44, 0x40,
    0x0, 0x0, 0x0, 0x0, 0x0, 0x0, 0x0, 0x0,
    0x0, 0x0, 0x5, 0xff, 0xf0, 0x0, 0x0, 0x0,
    0x0, 0x0, 0x0, 0x0, 0x0, 0x0, 0x0, 0x5,
    0xff, 0xf0, 0x0, 0x0, 0x0, 0x0, 0x0, 0x0,
    0x0, 0x0, 0x0, 0x0, 0x5, 0xff, 0xf0, 0x0,
    0x0, 0x0, 0x0, 0x0, 0x0, 0x0, 0x0, 0x0,
    0x0, 0x5, 0xff, 0xf0, 0x0, 0x0, 0x0, 0x0,
    0x0, 0x0, 0x0, 0x0, 0x0, 0x0, 0x5, 0xff,
    0xf0, 0x0, 0x0, 0x36, 0x0, 0x0, 0x0, 0x0,
    0x0, 0x0, 0x0, 0x5, 0xff, 0xf0, 0x0, 0x1,
    0xdf, 0xb1, 0x0, 0x4, 0xee, 0xee, 0xef, 0xfd,
    0x65, 0xff, 0xf2, 0x0, 0xc, 0xff, 0xf9, 0x0,
    0x4, 0xff, 0xff, 0xff, 0xff, 0xc5, 0xff, 0xf8,
    0x0, 0xaf, 0xff, 0xa0, 0x0, 0x4, 0xff, 0xff,
    0xff, 0xff, 0x95, 0xff, 0xff, 0x1a, 0xff, 0xfa,
    0x0, 0x0, 0x1, 0x33, 0x33, 0x3f, 0xff, 0x65,
    0xff, 0xff, 0xef, 0xff, 0x80, 0x0, 0x0, 0x0,
    0x0, 0x0, 0x3f, 0xff, 0x25, 0xff, 0xff, 0xff,
    0xf7, 0x0, 0x0, 0x0, 0x0, 0x0, 0x0, 0x8f,
    0xfd, 0x5, 0xff, 0xff, 0xff, 0x40, 0x0, 0x0,
    0x0, 0x0, 0x0, 0x0, 0xef, 0xf7, 0x5, 0xff,
    0xff, 0xff, 0x50, 0x0, 0x0, 0x0, 0x0, 0x0,
    0x6, 0xff, 0xf2, 0x5, 0xff, 0xf8, 0xff, 0xf2,
    0x0, 0x0, 0x0, 0x0, 0x0, 0xe, 0xff, 0xa0,
    0x5, 0xff, 0xf0, 0xdf, 0xfe, 0x10, 0x0, 0x0,
    0x0, 0x0, 0x8f, 0xff, 0x30, 0x5, 0xff, 0xf0,
    0x3f, 0xff, 0xe2, 0x0, 0x0, 0x0, 0x4, 0xff,
    0xfa, 0x0, 0x5, 0xff, 0xf0, 0x7, 0xff, 0xfe,
    0x40, 0x0, 0x0, 0x3f, 0xff, 0xf1, 0x0, 0x5,
    0xff, 0xf0, 0x0, 0xaf, 0xff, 0xf9, 0x0, 0x4,
    0xff, 0xff, 0x60, 0x0, 0x5, 0xff, 0xf0, 0x0,
    0xa, 0xff, 0xff, 0xe5, 0xc, 0xff, 0xf9, 0x0,
    0x0, 0x5, 0xff, 0xf0, 0x0, 0x0, 0x9f, 0xff,
    0xe1, 0x0, 0xbf, 0xa0, 0x1, 0x76, 0x6a, 0xff,
    0xf0, 0x0, 0x0, 0x5, 0xef, 0x30, 0x0, 0x6,
    0x0, 0x0, 0xdf, 0xff, 0xff, 0xd0, 0x0, 0x0,
    0x0, 0x14, 0x0, 0x0, 0x0, 0x0, 0x0, 0x7f,
    0xff, 0xff, 0x70, 0x0, 0x0, 0x0, 0x0, 0x0,
    0x0, 0x0, 0x0, 0x0, 0x3f, 0xfd, 0xa5, 0x0,
    0x0, 0x0, 0x0, 0x0, 0x0,

    /* U+6C42 "求" */
    0x0, 0x0, 0x0, 0x0, 0x0, 0x0, 0x0, 0x0,
    0x0, 0x0, 0x0, 0x0, 0x0, 0x0, 0x0, 0x0,
    0x0, 0x0, 0xd, 0xff, 0x40, 0xb, 0xc3, 0x0,
    0x0, 0x0, 0x0, 0x0, 0x0, 0x0, 0x0, 0xe,
    0xff, 0x50, 0xaf, 0xff, 0xb2, 0x0, 0x0, 0x0,
    0x0, 0x0, 0x0, 0x0, 0xe, 0xff, 0x50, 0x2b,
    0xff, 0xff, 0x50, 0x0, 0x0, 0x11, 0x11, 0x11,
    0x11, 0x1e, 0xff, 0x51, 0x11, 0x6e, 0xfe, 0x21,
    0x0, 0xb, 0xff, 0xff, 0xff, 0xff, 0xff, 0xff,
    0xff, 0xff, 0xff, 0xff, 0xff, 0x60, 0xb, 0xff,
    0xff, 0xff, 0xff, 0xff, 0xff, 0xff, 0xff, 0xff,
    0xff, 0xff, 0x60, 0xa, 0xff, 0xff, 0xff, 0xff,
    0xff, 0xff, 0xff, 0xff, 0xff, 0xff, 0xff, 0x50,
    0x0, 0x0, 0x0, 0x0, 0x0, 0xe, 0xff, 0x70,
    0x0, 0x0, 0x11, 0x0, 0x0, 0x0, 0x6, 0xe5,
    0x0, 0x0, 0xe, 0xff, 0xd0, 0x0, 0x0, 0xce,
    0x40, 0x0, 0x0, 0x7f, 0xff, 0x50, 0x0, 0xe,
    0xff, 0xf5, 0x0, 0x9, 0xff, 0xf5, 0x0, 0x0,
    0xb, 0xff, 0xf5, 0x0, 0xe, 0xff, 0xfd, 0x0,
    0x7f, 0xff, 0xb0, 0x0, 0x0, 0x0, 0xcf, 0xff,
    0x30, 0xe, 0xff, 0xff, 0x86, 0xff, 0xfb, 0x0,
    0x0, 0x0, 0x0, 0x1d, 0xff, 0xa0, 0xe, 0xff,
    0xff, 0xff, 0xff, 0xb0, 0x0, 0x0, 0x0, 0x0,
    0x3, 0xf7, 0x1, 0x9f, 0xff, 0xdf, 0xff, 0xf9,
    0x0, 0x0, 0x0, 0x0, 0x0, 0x0, 0x10, 0x8f,
    0xff, 0xff, 0x5d, 0xff, 0xe0, 0x0, 0x0, 0x0,
    0x0, 0x0, 0x0, 0x6e, 0xff, 0xff, 0xff, 0x53,
    0xff, 0xfc, 0x10, 0x0, 0x0, 0x0, 0x0, 0x5d,
    0xff, 0xff, 0xae, 0xff, 0x50, 0x6f, 0xff, 0xd2,
    0x0, 0x0, 0x0, 0x4d, 0xff, 0xff, 0xd4, 0xe,
    0xff, 0x50, 0x9, 0xff, 0xff, 0x60, 0x0, 0x2c,
    0xff, 0xff, 0xf8, 0x0, 0xe, 0xff, 0x50, 0x0,
    0x9f, 0xff, 0xfd, 0x50, 0xd, 0xff, 0xfb, 0x20,
    0x0, 0xe, 0xff, 0x50, 0x0, 0x8, 0xff, 0xff,
    0x90, 0x3, 0xfd, 0x50, 0x14, 0x44, 0x4f, 0xff,
    0x40, 0x0, 0x0, 0x4e, 0xfb, 0x0, 0x0, 0x30,
    0x0, 0xe, 0xff, 0xff, 0xff, 0x30, 0x0, 0x0,
    0x0, 0x70, 0x0, 0x0, 0x0, 0x0, 0x9, 0xff,
    0xff, 0xfd, 0x0, 0x0, 0x0, 0x0, 0x0, 0x0,
    0x0, 0x0, 0x0, 0x5, 0xff, 0xec, 0x81, 0x0,
    0x0, 0x0, 0x0, 0x0, 0x0,

    /* U+6C60 "池" */
    0x0, 0x3, 0x92, 0x0, 0x0, 0x0, 0x0, 0x2,
    0xff, 0xd0, 0x0, 0x0, 0x0, 0x0, 0x1e, 0xff,
    0xa2, 0x0, 0x0, 0x0, 0x3, 0xff, 0xe0, 0x0,
    0x0, 0x0, 0x0, 0x6f, 0xff, 0xff, 0x60, 0x55,
    0x50, 0x3, 0xff, 0xe0, 0x0, 0x0, 0x0, 0x0,
    0x1, 0xaf, 0xff, 0x30, 0xff, 0xf1, 0x3, 0xff,
    0xe0, 0x0, 0x0, 0x0, 0x0, 0x0, 0x3, 0xd7,
    0x0, 0xff, 0xf1, 0x3, 0xff, 0xe0, 0x7, 0xc7,
    0x10, 0x0, 0x0, 0x0, 0x10, 0x0, 0xff, 0xf1,
    0x3, 0xff, 0xf9, 0xff, 0xff, 0x50, 0x0, 0x0,
    0x0, 0x0, 0x0, 0xff, 0xf1, 0x3, 0xff, 0xff,
    0xff, 0xff, 0x50, 0x0, 0x73, 0x0, 0x0, 0x0,
    0xff, 0xf5, 0xaf, 0xff, 0xff, 0xff, 0xff, 0x40,
    0x6, 0xff, 0xc3, 0x0, 0x0, 0xff, 0xff, 0xff,
    0xff, 0xf9, 0x3b, 0xff, 0x40, 0xe, 0xff, 0xff,
    0xa0, 0x4b, 0xff, 0xff, 0xff, 0xff, 0xe0, 0xb,
    0xff, 0x40, 0x1, 0x8f, 0xff, 0x99, 0xff, 0xff,
    0xff, 0x95, 0xff, 0xe0, 0xb, 0xff, 0x40, 0x0,
    0x1, 0xad, 0x3, 0xff, 0xff, 0xf1, 0x3, 0xff,
    0xe0, 0xb, 0xff, 0x30, 0x0, 0x0, 0x1, 0x0,
    0xa9, 0xff, 0xf1, 0x3, 0xff, 0xe0, 0xc, 0xff,
    0x30, 0x0, 0x0, 0x0, 0x10, 0x0, 0xff, 0xf1,
    0x3, 0xff, 0xe0, 0xd, 0xff, 0x20, 0x0, 0x0,
    0x3, 0xe3, 0x0, 0xff, 0xf1, 0x3, 0xff, 0xea,
    0xef, 0xff, 0x0, 0x0, 0x0, 0xb, 0xff, 0x40,
    0xff, 0xf1, 0x3, 0xff, 0xe7, 0xff, 0xfc, 0x0,
    0x0, 0x0, 0x3f, 0xff, 0x30, 0xff, 0xf1, 0x3,
    0xff, 0xe4, 0xfe, 0xa1, 0x0, 0x0, 0x0, 0xbf,
    0xfb, 0x0, 0xff, 0xf1, 0x3, 0xff, 0xe0, 0x0,
    0x20, 0x0, 0x0, 0x4, 0xff, 0xf4, 0x0, 0xff,
    0xf1, 0x0, 0x22, 0x20, 0x0, 0xad, 0x71, 0x0,
    0xd, 0xff, 0xc0, 0x0, 0xff, 0xf1, 0x0, 0x0,
    0x0, 0x0, 0xdf, 0xf3, 0x0, 0x6f, 0xff, 0x30,
    0x0, 0xff, 0xf4, 0x0, 0x0, 0x0, 0x3, 0xff,
    0xf0, 0x1, 0xff, 0xfb, 0x0, 0x0, 0xcf, 0xff,
    0xed, 0xdd, 0xdd, 0xdf, 0xff, 0xb0, 0x0, 0x8f,
    0xf3, 0x0, 0x0, 0x6f, 0xff, 0xff, 0xff, 0xff,
    0xff, 0xff, 0x40, 0x0, 0x3, 0x80, 0x0, 0x0,
    0x6, 0xcf, 0xff, 0xff, 0xff, 0xff, 0xc4, 0x0,

    /* U+6CA1 "没" */
    0x0, 0x3, 0x20, 0x0, 0x0, 0x0, 0x11, 0x10,
    0x0, 0x11, 0x0, 0x0, 0x0, 0x0, 0x2f, 0xf9,
    0x10, 0x0, 0xa, 0xff, 0xff, 0xff, 0xff, 0xf2,
    0x0, 0x0, 0x0, 0xcf, 0xff, 0xf8, 0x0, 0xa,
    0xff, 0xff, 0xff, 0xff, 0xf2, 0x0, 0x0, 0x0,
    0x8, 0xff, 0xff, 0x40, 0xa, 0xff, 0xed, 0xdd,
    0xff, 0xf2, 0x0, 0x0, 0x0, 0x0, 0x2b, 0xf8,
    0x0, 0xb, 0xff, 0x50, 0x0, 0xff, 0xf2, 0x0,
    0x0, 0x0, 0x0, 0x0, 0x50, 0x0, 0xe, 0xff,
    0x30, 0x0, 0xff, 0xf2, 0x0, 0x0, 0x0, 0x0,
    0x0, 0x0, 0x0, 0x6f, 0xff, 0x0, 0x0, 0xef,
    0xf3, 0x0, 0x20, 0x0, 0x82, 0x0, 0x0, 0x5,
    0xff, 0xf9, 0x0, 0x0, 0xdf, 0xff, 0xff, 0xf1,
    0x9, 0xff, 0x92, 0x1, 0xbf, 0xff, 0xe1, 0x0,
    0x0, 0x9f, 0xff, 0xff, 0xf2, 0x2f, 0xff, 0xff,
    0x80, 0x9f, 0xfd, 0x20, 0x0, 0x0, 0x9, 0xef,
    0xfe, 0xe2, 0x1, 0x9f, 0xff, 0xc0, 0x9, 0x80,
    0x0, 0x0, 0x0, 0x0, 0x0, 0x0, 0x0, 0x0,
    0x3, 0xcf, 0x20, 0xd, 0xdd, 0xdd, 0xdd, 0xdd,
    0xdd, 0xef, 0x93, 0x0, 0x0, 0x0, 0x2, 0x0,
    0xf, 0xff, 0xff, 0xff, 0xff, 0xff, 0xff, 0xf7,
    0x0, 0x0, 0x0, 0x0, 0x10, 0xf, 0xff, 0xff,
    0xff, 0xff, 0xff, 0xff, 0xf1, 0x0, 0x0, 0x0,
    0x3, 0xe3, 0x1, 0xbf, 0xf3, 0x0, 0x0, 0x1e,
    0xff, 0xa0, 0x0, 0x0, 0x0, 0xb, 0xff, 0x30,
    0xaf, 0xfd, 0x0, 0x0, 0x9f, 0xff, 0x20, 0x0,
    0x0, 0x0, 0x4f, 0xff, 0x10, 0x1e, 0xff, 0xc0,
    0x7, 0xff, 0xf8, 0x0, 0x0, 0x0, 0x0, 0xdf,
    0xf9, 0x0, 0x4, 0xff, 0xfd, 0x9f, 0xff, 0xc0,
    0x0, 0x0, 0x0, 0x6, 0xff, 0xf1, 0x0, 0x0,
    0x6f, 0xff, 0xff, 0xfd, 0x10, 0x0, 0x0, 0x0,
    0x1e, 0xff, 0x80, 0x0, 0x0, 0x1c, 0xff, 0xff,
    0xf8, 0x0, 0x0, 0x0, 0x0, 0x9f, 0xff, 0x10,
    0x1, 0x5b, 0xff, 0xff, 0xff, 0xff, 0xfa, 0x51,
    0x0, 0x3, 0xff, 0xf7, 0x6, 0xdf, 0xff, 0xff,
    0xfd, 0xaf, 0xff, 0xff, 0xff, 0xd1, 0x0, 0xaf,
    0xe0, 0x1, 0xff, 0xff, 0xfc, 0x50, 0x2, 0xaf,
    0xff, 0xff, 0x70, 0x0, 0x7, 0x50, 0x0, 0x8f,
    0xd8, 0x20, 0x0, 0x0, 0x1, 0x6b, 0xfc, 0x0,
    0x0, 0x0, 0x0, 0x0, 0x11, 0x0, 0x0, 0x0,
    0x0, 0x0, 0x0, 0x1, 0x0,

    /* U+6CD5 "法" */
    0x0, 0x1, 0x71, 0x0, 0x0, 0x0, 0x0, 0xe,
    0xee, 0x30, 0x0, 0x0, 0x0, 0x0, 0xb, 0xff,
    0x91, 0x0, 0x0, 0x0, 0xf, 0xff, 0x30, 0x0,
    0x0, 0x0, 0x0, 0x4f, 0xff, 0xff, 0x60, 0x0,
    0x0, 0xf, 0xff, 0x30, 0x0, 0x0, 0x0, 0x0,
    0x2, 0xbf, 0xff, 0xc0, 0x0, 0x0, 0xf, 0xff,
    0x40, 0x0, 0x0, 0x0, 0x0, 0x0, 0x4, 0xee,
    0x11, 0xff, 0xff, 0xff, 0xff, 0xff, 0xff, 0xf9,
    0x0, 0x0, 0x0, 0x0, 0x13, 0x1, 0xff, 0xff,
    0xff, 0xff, 0xff, 0xff, 0xf9, 0x0, 0x0, 0x0,
    0x0, 0x0, 0x1, 0xee, 0xee, 0xef, 0xff, 0xee,
    0xee, 0xe8, 0x0, 0x0, 0x76, 0x0, 0x0, 0x0,
    0x0, 0x0, 0xf, 0xff, 0x30, 0x0, 0x0, 0x0,
    0x5, 0xff, 0xf8, 0x10, 0x0, 0x0, 0x0, 0xf,
    0xff, 0x30, 0x0, 0x0, 0x0, 0xa, 0xff, 0xff,
    0xf3, 0x0, 0x0, 0x0, 0xf, 0xff, 0x30, 0x0,
    0x0, 0x0, 0x0, 0x2a, 0xff, 0xd0, 0x2d, 0xdd,
    0xdd, 0xdf, 0xff, 0xdd, 0xdd, 0xdd, 0x60, 0x0,
    0x0, 0x3d, 0x30, 0x2f, 0xff, 0xff, 0xff, 0xff,
    0xff, 0xff, 0xff, 0x70, 0x0, 0x0, 0x0, 0x0,
    0x2f, 0xff, 0xff, 0xff, 0xff, 0xff, 0xff, 0xff,
    0x70, 0x0, 0x0, 0x0, 0x20, 0x2, 0x22, 0x28,
    0xff, 0xf5, 0x22, 0x22, 0x22, 0x10, 0x0, 0x0,
    0x0, 0xcc, 0x10, 0x0, 0xd, 0xff, 0xb0, 0x0,
    0x0, 0x0, 0x0, 0x0, 0x0, 0x4, 0xff, 0xd0,
    0x0, 0x4f, 0xff, 0x40, 0x2, 0x80, 0x0, 0x0,
    0x0, 0x0, 0xd, 0xff, 0x90, 0x0, 0xcf, 0xfb,
    0x0, 0x8f, 0xf9, 0x0, 0x0, 0x0, 0x0, 0x7f,
    0xff, 0x10, 0x4, 0xff, 0xf2, 0x0, 0x3f, 0xff,
    0x40, 0x0, 0x0, 0x1, 0xff, 0xf8, 0x0, 0xd,
    0xff, 0x90, 0x0, 0x8, 0xff, 0xd0, 0x0, 0x0,
    0xb, 0xff, 0xe0, 0x0, 0x9f, 0xff, 0x45, 0x79,
    0xad, 0xff, 0xf7, 0x0, 0x0, 0x5f, 0xff, 0x60,
    0x7, 0xff, 0xff, 0xff, 0xff, 0xff, 0xff, 0xff,
    0x10, 0x0, 0xef, 0xfd, 0x0, 0x4, 0xff, 0xff,
    0xff, 0xff, 0xff, 0xee, 0xff, 0x80, 0x0, 0x4e,
    0xf4, 0x0, 0x0, 0xef, 0xfc, 0xa8, 0x64, 0x20,
    0x6, 0xff, 0xd0, 0x0, 0x1, 0x70, 0x0, 0x0,
    0x42, 0x0, 0x0, 0x0, 0x0, 0x0, 0xd7, 0x0,
    0x0, 0x0, 0x0, 0x0, 0x0, 0x0, 0x0, 0x0,
    0x0, 0x0, 0x0, 0x0, 0x0,

    /* U+6CF5 "泵" */
    0x0, 0x0, 0x0, 0x0, 0x0, 0x0, 0x0, 0x0,
    0x0, 0x0, 0x0, 0x0, 0x0, 0x0, 0xff, 0xff,
    0xff, 0xff, 0xff, 0xff, 0xff, 0xff, 0xff, 0xff,
    0xfe, 0x0, 0x0, 0xff, 0xff, 0xff, 0xff, 0xff,
    0xff, 0xff, 0xff, 0xff, 0xff, 0xfe, 0x0, 0x0,
    0x99, 0x99, 0x9c, 0xff, 0xfc, 0x99, 0x99, 0x99,
    0x99, 0x99, 0x98, 0x0, 0x0, 0x0, 0x0, 0x8f,
    0xff, 0xc0, 0x0, 0x0, 0x0, 0x0, 0x0, 0x0,
    0x0, 0x0, 0x0, 0x4d, 0xff, 0xff, 0xff, 0xff,
    0xff, 0xff, 0xff, 0xff, 0x20, 0x0, 0x0, 0x5c,
    0xff, 0xff, 0xff, 0xff, 0xff, 0xff, 0xff, 0xff,
    0xff, 0x20, 0x0, 0x2e, 0xff, 0xff, 0xff, 0xf9,
    0x77, 0x77, 0x77, 0x77, 0x8f, 0xff, 0x20, 0x0,
    0x7, 0xff, 0xd5, 0xdf, 0xf3, 0x0, 0x0, 0x0,
    0x0, 0x1f, 0xff, 0x20, 0x0, 0x0, 0x85, 0x0,
    0xdf, 0xff, 0xff, 0xff, 0xff, 0xff, 0xff, 0xff,
    0x20, 0x0, 0x0, 0x0, 0x0, 0xdf, 0xff, 0xff,
    0xff, 0xff, 0xff, 0xff, 0xff, 0x20, 0x0, 0x0,
    0x0, 0x0, 0x67, 0x77, 0x79, 0xbb, 0xa7, 0x77,
    0x77, 0x77, 0x10, 0x0, 0x0, 0x0, 0x0, 0x0,
    0x0, 0x6, 0xff, 0xb0, 0x0, 0x0, 0x30, 0x0,
    0x0, 0x0, 0x99, 0x99, 0x9a, 0xb7, 0x16, 0xff,
    0xd0, 0x0, 0x5, 0xfd, 0x20, 0x0, 0x1, 0xff,
    0xff, 0xff, 0xff, 0xb6, 0xff, 0xf9, 0x0, 0x9f,
    0xff, 0xf2, 0x0, 0x1, 0xff, 0xff, 0xff, 0xff,
    0x66, 0xff, 0xff, 0x9d, 0xff, 0xfc, 0x30, 0x0,
    0x0, 0x22, 0x22, 0xaf, 0xfe, 0x6, 0xff, 0xff,
    0xff, 0xff, 0x70, 0x0, 0x0, 0x0, 0x0, 0x4,
    0xff, 0xf6, 0x6, 0xff, 0xff, 0xff, 0xf4, 0x0,
    0x0, 0x0, 0x0, 0x0, 0x6f, 0xff, 0xc0, 0x6,
    0xff, 0xb7, 0xff, 0xff, 0xa2, 0x0, 0x0, 0x0,
    0x2b, 0xff, 0xfe, 0x10, 0x6, 0xff, 0xb0, 0x6f,
    0xff, 0xff, 0xc6, 0x20, 0xa, 0xff, 0xff, 0xd2,
    0x0, 0x6, 0xff, 0xb0, 0x3, 0xdf, 0xff, 0xff,
    0xd1, 0x6, 0xff, 0xfb, 0x10, 0x6a, 0xad, 0xff,
    0xb0, 0x0, 0x7, 0xef, 0xff, 0x30, 0x0, 0xcd,
    0x50, 0x0, 0x3f, 0xff, 0xff, 0x80, 0x0, 0x0,
    0x5, 0xb8, 0x0, 0x0, 0x10, 0x0, 0x0, 0xe,
    0xff, 0xd8, 0x0, 0x0, 0x0, 0x0, 0x0, 0x0,
    0x0, 0x0, 0x0, 0x0, 0x0, 0x0, 0x0, 0x0,
    0x0, 0x0, 0x0, 0x0, 0x0,

    /* U+6D0B "洋" */
    0x0, 0x2, 0x0, 0x0, 0x0, 0x5, 0xb5, 0x0,
    0x0, 0x1, 0xc7, 0x30, 0x0, 0x0, 0x2f, 0xd5,
    0x0, 0x0, 0x7f, 0xfe, 0x10, 0x0, 0x7, 0xff,
    0xd0, 0x0, 0x0, 0xef, 0xff, 0xb1, 0x0, 0xd,
    0xff, 0x90, 0x0, 0xe, 0xff, 0x50, 0x0, 0x0,
    0x3d, 0xff, 0xff, 0x40, 0x5, 0xff, 0xf1, 0x0,
    0x6f, 0xfd, 0x0, 0x0, 0x0, 0x0, 0x8f, 0xfe,
    0x21, 0x22, 0xef, 0xd4, 0x22, 0xdf, 0xf6, 0x22,
    0x10, 0x0, 0x0, 0x4, 0xe4, 0xe, 0xff, 0xff,
    0xff, 0xff, 0xff, 0xff, 0xff, 0x90, 0x0, 0x0,
    0x0, 0x0, 0xe, 0xff, 0xff, 0xff, 0xff, 0xff,
    0xff, 0xff, 0x90, 0x1, 0xa4, 0x0, 0x0, 0xb,
    0xdd, 0xdd, 0xdf, 0xff, 0xdd, 0xdd, 0xdd, 0x70,
    0xb, 0xff, 0xc4, 0x0, 0x0, 0x0, 0x0, 0xe,
    0xff, 0x40, 0x0, 0x0, 0x0, 0x2c, 0xff, 0xff,
    0xb1, 0x0, 0x0, 0x0, 0xe, 0xff, 0x40, 0x0,
    0x0, 0x0, 0x0, 0x4d, 0xff, 0xe1, 0x0, 0xdd,
    0xdd, 0xdf, 0xff, 0xed, 0xdd, 0xd8, 0x0, 0x0,
    0x0, 0x8f, 0x30, 0x0, 0xff, 0xff, 0xff, 0xff,
    0xff, 0xff, 0xf9, 0x0, 0x0, 0x0, 0x1, 0x0,
    0x0, 0xff, 0xff, 0xff, 0xff, 0xff, 0xff, 0xf9,
    0x0, 0x0, 0x0, 0x8, 0x0, 0x0, 0x0, 0x0,
    0xe, 0xff, 0x50, 0x0, 0x0, 0x0, 0x0, 0x0,
    0x3f, 0xd2, 0x0, 0x0, 0x0, 0xe, 0xff, 0x40,
    0x0, 0x0, 0x0, 0x0, 0x0, 0xaf, 0xfa, 0x0,
    0x0, 0x0, 0xe, 0xff, 0x50, 0x0, 0x0, 0x0,
    0x0, 0x2, 0xff, 0xf4, 0xbf, 0xff, 0xff, 0xff,
    0xff, 0xff, 0xff, 0xff, 0xf1, 0x0, 0xa, 0xff,
    0xd0, 0xbf, 0xff, 0xff, 0xff, 0xff, 0xff, 0xff,
    0xff, 0xf1, 0x0, 0x2f, 0xff, 0x60, 0xaf, 0xff,
    0xff, 0xff, 0xff, 0xff, 0xff, 0xff, 0xf1, 0x0,
    0xaf, 0xfe, 0x0, 0x0, 0x0, 0x0, 0xe, 0xff,
    0x40, 0x0, 0x0, 0x0, 0x3, 0xff, 0xf6, 0x0,
    0x0, 0x0, 0x0, 0xe, 0xff, 0x40, 0x0, 0x0,
    0x0, 0x9, 0xff, 0xe0, 0x0, 0x0, 0x0, 0x0,
    0xe, 0xff, 0x40, 0x0, 0x0, 0x0, 0x0, 0x7f,
    0x60, 0x0, 0x0, 0x0, 0x0, 0xe, 0xff, 0x40,
    0x0, 0x0, 0x0, 0x0, 0x2, 0x0, 0x0, 0x0,
    0x0, 0x0, 0xe, 0xff, 0x40, 0x0, 0x0, 0x0,

    /* U+6D3B "活" */
    0x0, 0x0, 0x0, 0x0, 0x0, 0x0, 0x0, 0x0,
    0x0, 0x0, 0x2, 0x0, 0x0, 0x0, 0xa8, 0x10,
    0x0, 0x0, 0x0, 0x0, 0x0, 0x15, 0x9e, 0xf7,
    0x0, 0x0, 0x8f, 0xff, 0x81, 0x0, 0x1, 0x35,
    0x8b, 0xef, 0xff, 0xff, 0xf7, 0x0, 0xa, 0xff,
    0xff, 0xe3, 0x5f, 0xff, 0xff, 0xff, 0xff, 0xff,
    0xfa, 0x50, 0x0, 0x3, 0xcf, 0xfd, 0x0, 0xff,
    0xff, 0xff, 0xff, 0xb7, 0x30, 0x0, 0x0, 0x0,
    0x0, 0x6e, 0x20, 0x8, 0xb9, 0x75, 0xdf, 0xf3,
    0x0, 0x0, 0x0, 0x0, 0x0, 0x0, 0x0, 0x0,
    0x0, 0x0, 0xc, 0xff, 0x30, 0x0, 0x0, 0x0,
    0x0, 0x0, 0x0, 0x0, 0x0, 0x0, 0x0, 0xcf,
    0xf3, 0x0, 0x0, 0x0, 0x0, 0xa4, 0x0, 0x0,
    0x8b, 0xbb, 0xbb, 0xbe, 0xff, 0xcb, 0xbb, 0xbb,
    0xa0, 0x9f, 0xfc, 0x40, 0xb, 0xff, 0xff, 0xff,
    0xff, 0xff, 0xff, 0xff, 0xfe, 0x2f, 0xff, 0xff,
    0xc1, 0xbf, 0xff, 0xff, 0xff, 0xff, 0xff, 0xff,
    0xff, 0xe0, 0x19, 0xff, 0xfb, 0x2, 0x33, 0x33,
    0x33, 0xcf, 0xf6, 0x33, 0x33, 0x33, 0x0, 0x3,
    0xdf, 0x20, 0x0, 0x0, 0x0, 0xc, 0xff, 0x30,
    0x0, 0x0, 0x0, 0x0, 0x0, 0x40, 0x0, 0x0,
    0x0, 0x0, 0xcf, 0xf3, 0x0, 0x0, 0x0, 0x0,
    0x0, 0x0, 0x0, 0x0, 0x0, 0x0, 0xc, 0xff,
    0x40, 0x0, 0x0, 0x0, 0x0, 0x0, 0x6a, 0x0,
    0xd, 0xff, 0xff, 0xff, 0xff, 0xff, 0xff, 0xc0,
    0x0, 0x0, 0xe, 0xfb, 0x0, 0xdf, 0xff, 0xff,
    0xff, 0xff, 0xff, 0xfc, 0x0, 0x0, 0x8, 0xff,
    0xe0, 0xd, 0xff, 0xcc, 0xcc, 0xcc, 0xcd, 0xff,
    0xc0, 0x0, 0x2, 0xff, 0xf7, 0x0, 0xdf, 0xf0,
    0x0, 0x0, 0x0, 0x3f, 0xfc, 0x0, 0x0, 0xbf,
    0xfd, 0x0, 0xd, 0xff, 0x0, 0x0, 0x0, 0x3,
    0xff, 0xc0, 0x0, 0x6f, 0xff, 0x40, 0x0, 0xdf,
    0xf0, 0x0, 0x0, 0x0, 0x3f, 0xfc, 0x0, 0x1f,
    0xff, 0xb0, 0x0, 0xd, 0xff, 0xcc, 0xcc, 0xcc,
    0xcd, 0xff, 0xc0, 0xb, 0xff, 0xf2, 0x0, 0x0,
    0xdf, 0xff, 0xff, 0xff, 0xff, 0xff, 0xfc, 0x0,
    0x3d, 0xf8, 0x0, 0x0, 0xd, 0xff, 0xff, 0xff,
    0xff, 0xff, 0xff, 0xc0, 0x0, 0x19, 0x0, 0x0,
    0x0, 0xdf, 0xf0, 0x0, 0x0, 0x0, 0x3f, 0xfc,
    0x0, 0x0, 0x0, 0x0, 0x0, 0x1, 0x22, 0x0,
    0x0, 0x0, 0x0, 0x0, 0x0,

    /* U+6D41 "流" */
    0x0, 0x45, 0x0, 0x0, 0x0, 0x0, 0x2, 0x8c,
    0x90, 0x0, 0x0, 0x0, 0x0, 0x1e, 0xfd, 0x40,
    0x0, 0x0, 0x0, 0x2f, 0xff, 0x10, 0x0, 0x0,
    0x0, 0x9, 0xff, 0xff, 0xa1, 0x0, 0x0, 0x0,
    0xcf, 0xf7, 0x0, 0x0, 0x0, 0x0, 0x5, 0xef,
    0xff, 0x9d, 0xdd, 0xdd, 0xde, 0xff, 0xfd, 0xdd,
    0xdd, 0xb0, 0x0, 0x1, 0xaf, 0xa5, 0xff, 0xff,
    0xff, 0xff, 0xff, 0xff, 0xff, 0xfd, 0x0, 0x0,
    0x0, 0x60, 0x5f, 0xff, 0xff, 0xff, 0xff, 0xff,
    0xff, 0xff, 0xd0, 0x0, 0x0, 0x0, 0x0, 0x0,
    0x6, 0xff, 0xf2, 0x0, 0x8f, 0xc0, 0x0, 0x0,
    0x54, 0x0, 0x0, 0x0, 0x4, 0xff, 0xf5, 0x0,
    0x1d, 0xff, 0xa0, 0x0, 0x2f, 0xfd, 0x50, 0x0,
    0x5, 0xff, 0xfb, 0x45, 0x67, 0xaf, 0xff, 0x70,
    0xb, 0xff, 0xff, 0xc2, 0xe, 0xff, 0xff, 0xff,
    0xff, 0xff, 0xff, 0xff, 0x40, 0x6, 0xef, 0xff,
    0x40, 0xcf, 0xff, 0xff, 0xff, 0xff, 0xff, 0xff,
    0xfe, 0x10, 0x0, 0x8f, 0x90, 0x8, 0xeb, 0xa8,
    0x76, 0x53, 0x21, 0x0, 0xdf, 0x80, 0x0, 0x0,
    0x30, 0x0, 0x2, 0x44, 0x10, 0x44, 0x20, 0x34,
    0x43, 0x30, 0x0, 0x0, 0x0, 0x10, 0x0, 0x8f,
    0xf4, 0x1f, 0xfa, 0xc, 0xff, 0x10, 0x0, 0x0,
    0x0, 0xe, 0x40, 0x8, 0xff, 0x41, 0xff, 0xa0,
    0xcf, 0xf1, 0x0, 0x0, 0x0, 0x7, 0xff, 0x50,
    0x8f, 0xf4, 0x1f, 0xfa, 0xc, 0xff, 0x10, 0x0,
    0x0, 0x1, 0xff, 0xf6, 0x9, 0xff, 0x31, 0xff,
    0xa0, 0xcf, 0xf1, 0x0, 0x0, 0x0, 0xaf, 0xfd,
    0x0, 0xbf, 0xf2, 0x1f, 0xfa, 0xc, 0xff, 0x10,
    0x0, 0x0, 0x3f, 0xff, 0x50, 0xf, 0xff, 0x1,
    0xff, 0xa0, 0xcf, 0xf1, 0x42, 0x0, 0xd, 0xff,
    0xc0, 0x6, 0xff, 0xc0, 0x1f, 0xfa, 0xc, 0xff,
    0x18, 0xf7, 0x7, 0xff, 0xf4, 0x1, 0xef, 0xf6,
    0x1, 0xff, 0xa0, 0xcf, 0xf1, 0x9f, 0x82, 0xff,
    0xfb, 0x1, 0xdf, 0xfe, 0x0, 0x1f, 0xfa, 0xb,
    0xff, 0x9d, 0xf7, 0x1c, 0xff, 0x20, 0x6f, 0xff,
    0x40, 0x1, 0xff, 0xa0, 0x9f, 0xff, 0xff, 0x30,
    0xa, 0x80, 0x0, 0x5f, 0x50, 0x0, 0x3, 0x32,
    0x1, 0xbf, 0xff, 0x80, 0x0, 0x0, 0x0, 0x0,
    0x10, 0x0, 0x0, 0x0, 0x0, 0x0, 0x0, 0x0,
    0x0,

    /* U+6D4B "测" */
    0x0, 0x0, 0x0, 0x0, 0x0, 0x0, 0x0, 0x0,
    0x0, 0x0, 0x0, 0x0, 0x0, 0x0, 0xc9, 0x10,
    0x0, 0x0, 0x0, 0x0, 0x0, 0x0, 0x0, 0xd,
    0xd5, 0x0, 0xbf, 0xfe, 0x71, 0xee, 0xee, 0xee,
    0xee, 0xe3, 0x0, 0x0, 0xff, 0x70, 0x1a, 0xff,
    0xff, 0xbf, 0xff, 0xff, 0xff, 0xff, 0x36, 0xed,
    0xf, 0xf7, 0x0, 0x4, 0xef, 0xf3, 0xff, 0x85,
    0x55, 0x7f, 0xf3, 0x7f, 0xe0, 0xff, 0x70, 0x0,
    0x0, 0xa6, 0x1f, 0xf4, 0x33, 0x13, 0xff, 0x37,
    0xfe, 0xf, 0xf7, 0x0, 0x0, 0x0, 0x1, 0xff,
    0x4e, 0xf6, 0x3f, 0xf3, 0x7f, 0xe0, 0xff, 0x70,
    0x0, 0x0, 0x0, 0x1f, 0xf4, 0xef, 0x63, 0xff,
    0x37, 0xfe, 0xf, 0xf7, 0x1, 0xd9, 0x10, 0x1,
    0xff, 0x4e, 0xf6, 0x3f, 0xf3, 0x7f, 0xe0, 0xff,
    0x70, 0xbf, 0xff, 0x70, 0x1f, 0xf4, 0xef, 0x63,
    0xff, 0x37, 0xfe, 0xf, 0xf7, 0x9, 0xff, 0xff,
    0x91, 0xff, 0x4e, 0xf6, 0x3f, 0xf3, 0x7f, 0xe0,
    0xff, 0x70, 0x3, 0xcf, 0xe1, 0x1f, 0xf4, 0xef,
    0x63, 0xff, 0x37, 0xfe, 0xf, 0xf7, 0x0, 0x0,
    0x74, 0x1, 0xff, 0x4e, 0xf6, 0x3f, 0xf3, 0x7f,
    0xe0, 0xff, 0x70, 0x0, 0x0, 0x0, 0x1f, 0xf4,
    0xef, 0x63, 0xff, 0x37, 0xfe, 0xf, 0xf7, 0x0,
    0x0, 0x0, 0x1, 0xff, 0x4e, 0xf6, 0x3f, 0xf3,
    0x7f, 0xe0, 0xff, 0x70, 0x0, 0xa, 0x70, 0x1f,
    0xf4, 0xef, 0x63, 0xff, 0x37, 0xfe, 0xf, 0xf7,
    0x0, 0x1, 0xff, 0xc1, 0xff, 0x4e, 0xf5, 0x3f,
    0xf3, 0x7f, 0xe0, 0xff, 0x70, 0x0, 0x6f, 0xfb,
    0x1f, 0xf4, 0xff, 0x43, 0xff, 0x37, 0xfe, 0xf,
    0xf7, 0x0, 0xc, 0xff, 0x61, 0xff, 0x6f, 0xf2,
    0x3f, 0xf3, 0x7f, 0xe0, 0xff, 0x70, 0x3, 0xff,
    0xf1, 0x3, 0x37, 0xfe, 0x2, 0x0, 0x1, 0x22,
    0xf, 0xf7, 0x0, 0x9f, 0xfa, 0x0, 0x0, 0xdf,
    0xcd, 0xf3, 0x0, 0x0, 0x0, 0xff, 0x70, 0x1f,
    0xff, 0x40, 0x0, 0xbf, 0xf3, 0xcf, 0xe2, 0x0,
    0x0, 0xf, 0xf7, 0x8, 0xff, 0xe0, 0x2, 0xcf,
    0xf7, 0x1, 0xef, 0xd1, 0x18, 0x89, 0xff, 0x60,
    0x5e, 0xf8, 0x0, 0xdf, 0xf9, 0x0, 0x3, 0xff,
    0x80, 0xef, 0xff, 0xf3, 0x0, 0x8, 0x10, 0x2,
    0xd5, 0x0, 0x0, 0x7, 0x70, 0x9, 0xfe, 0xc5,
    0x0, 0x0, 0x0, 0x0, 0x0, 0x0, 0x0, 0x0,
    0x0, 0x0, 0x0, 0x0, 0x0,

    /* U+6D88 "消" */
    0x0, 0x0, 0x0, 0x0, 0x0, 0x0, 0x0, 0x2,
    0x33, 0x0, 0x0, 0x0, 0x0, 0x0, 0x7a, 0x20,
    0x0, 0x0, 0x30, 0x0, 0xdf, 0xf5, 0x0, 0x15,
    0x0, 0x0, 0x4f, 0xff, 0x70, 0x6, 0xdf, 0x40,
    0xd, 0xff, 0x50, 0x7, 0xff, 0x90, 0x7, 0xff,
    0xff, 0xc1, 0x8f, 0xfd, 0x0, 0xdf, 0xf5, 0x0,
    0xef, 0xf8, 0x0, 0x1, 0xbf, 0xff, 0x30, 0xef,
    0xf6, 0xd, 0xff, 0x50, 0x6f, 0xff, 0x10, 0x0,
    0x0, 0x7f, 0x60, 0x6, 0xff, 0xd0, 0xdf, 0xf5,
    0xd, 0xff, 0x80, 0x0, 0x0, 0x0, 0x30, 0x0,
    0xf, 0xf9, 0xd, 0xff, 0x52, 0xcf, 0xe0, 0x0,
    0x0, 0x0, 0x0, 0x0, 0x0, 0x51, 0x0, 0xdf,
    0xf5, 0x0, 0x23, 0x0, 0x0, 0xc9, 0x10, 0x0,
    0x1, 0xee, 0xee, 0xef, 0xff, 0xee, 0xef, 0xec,
    0x0, 0x9f, 0xff, 0x70, 0x0, 0x2f, 0xff, 0xff,
    0xff, 0xff, 0xff, 0xff, 0xe0, 0x8, 0xff, 0xff,
    0xc1, 0x2, 0xff, 0xff, 0xff, 0xff, 0xff, 0xff,
    0xfe, 0x0, 0x2, 0xcf, 0xfe, 0x10, 0x2f, 0xfe,
    0x0, 0x0, 0x0, 0x2, 0xff, 0xe0, 0x0, 0x0,
    0x8f, 0x30, 0x2, 0xff, 0xe0, 0x0, 0x0, 0x0,
    0x2f, 0xfe, 0x0, 0x0, 0x0, 0x20, 0x0, 0x2f,
    0xff, 0xff, 0xff, 0xff, 0xff, 0xff, 0xe0, 0x0,
    0x0, 0x0, 0x0, 0x2, 0xff, 0xff, 0xff, 0xff,
    0xff, 0xff, 0xfe, 0x0, 0x0, 0x0, 0x3c, 0x10,
    0x2f, 0xff, 0x99, 0x99, 0x99, 0x9a, 0xff, 0xe0,
    0x0, 0x0, 0xb, 0xfe, 0x22, 0xff, 0xe0, 0x0,
    0x0, 0x0, 0x2f, 0xfe, 0x0, 0x0, 0x4, 0xff,
    0xf0, 0x2f, 0xff, 0x99, 0x99, 0x99, 0x9a, 0xff,
    0xe0, 0x0, 0x0, 0xcf, 0xf8, 0x2, 0xff, 0xff,
    0xff, 0xff, 0xff, 0xff, 0xfe, 0x0, 0x0, 0x5f,
    0xff, 0x10, 0x2f, 0xff, 0xff, 0xff, 0xff, 0xff,
    0xff, 0xe0, 0x0, 0xe, 0xff, 0x90, 0x2, 0xff,
    0xe0, 0x0, 0x0, 0x0, 0x3f, 0xfe, 0x0, 0x8,
    0xff, 0xf1, 0x0, 0x2f, 0xfe, 0x0, 0x0, 0x0,
    0x2, 0xff, 0xe0, 0x2, 0xff, 0xf9, 0x0, 0x2,
    0xff, 0xe0, 0x0, 0x9, 0xee, 0xef, 0xfd, 0x0,
    0x9, 0xff, 0x10, 0x0, 0x2f, 0xfe, 0x0, 0x0,
    0x4f, 0xff, 0xff, 0x90, 0x0, 0x5, 0x70, 0x0,
    0x2, 0xff, 0xe0, 0x0, 0x0, 0xff, 0xec, 0x70,
    0x0,

    /* U+6DB2 "液" */
    0x0, 0x0, 0x0, 0x0, 0x0, 0x0, 0x0, 0x0,
    0x40, 0x0, 0x0, 0x0, 0x0, 0x0, 0x1, 0x10,
    0x0, 0x0, 0x0, 0x0, 0x9f, 0xf6, 0x0, 0x0,
    0x0, 0x0, 0x0, 0x2d, 0xe3, 0x0, 0x0, 0x0,
    0x0, 0x6f, 0xfd, 0x0, 0x0, 0x0, 0x0, 0x0,
    0xbf, 0xff, 0x43, 0xbb, 0xbb, 0xbb, 0xcf, 0xff,
    0xcb, 0xbb, 0xbb, 0xb1, 0x0, 0xb, 0xff, 0xf9,
    0xff, 0xff, 0xff, 0xff, 0xff, 0xff, 0xff, 0xff,
    0xf1, 0x0, 0x0, 0xbf, 0xfa, 0xff, 0xff, 0xff,
    0xff, 0xff, 0xff, 0xff, 0xff, 0xf1, 0x0, 0x0,
    0xc, 0x51, 0x44, 0x6f, 0xa6, 0x44, 0xdc, 0x84,
    0x44, 0x44, 0x40, 0x0, 0x0, 0x0, 0x0, 0x0,
    0x9f, 0xf9, 0x2, 0xff, 0xe0, 0x0, 0x0, 0x0,
    0x0, 0x51, 0x0, 0x0, 0x1, 0xff, 0xf2, 0x8,
    0xff, 0x80, 0x0, 0x0, 0x0, 0x8, 0xfe, 0x30,
    0x0, 0x8, 0xff, 0xa0, 0xe, 0xff, 0xff, 0xff,
    0xfc, 0x40, 0x1d, 0xff, 0xf4, 0x0, 0x1f, 0xff,
    0x40, 0x7f, 0xff, 0xff, 0xff, 0xff, 0x60, 0x0,
    0xbf, 0xff, 0x30, 0xaf, 0xff, 0x31, 0xef, 0xf7,
    0x87, 0x7e, 0xff, 0x30, 0x0, 0xa, 0xfb, 0x5,
    0xff, 0xff, 0x39, 0xff, 0x97, 0xe3, 0xf, 0xfe,
    0x0, 0x0, 0x0, 0x70, 0x3f, 0xff, 0xff, 0x8f,
    0xff, 0x89, 0xfe, 0x7f, 0xf9, 0x0, 0x0, 0x0,
    0x21, 0x8f, 0xff, 0xff, 0xff, 0xff, 0xf1, 0xbe,
    0xff, 0xf4, 0x0, 0x0, 0x0, 0xae, 0x58, 0xc9,
    0xff, 0xbf, 0xbf, 0xf9, 0x16, 0xff, 0xd0, 0x0,
    0x0, 0x1, 0xff, 0xf0, 0x8, 0xff, 0x35, 0xb,
    0xff, 0x4d, 0xff, 0x60, 0x0, 0x0, 0x7, 0xff,
    0xa0, 0x8, 0xff, 0x30, 0x3, 0xff, 0xff, 0xfd,
    0x0, 0x0, 0x0, 0xd, 0xff, 0x40, 0x8, 0xff,
    0x30, 0x0, 0x8f, 0xff, 0xf3, 0x0, 0x0, 0x0,
    0x4f, 0xfd, 0x0, 0x8, 0xff, 0x30, 0x0, 0x4f,
    0xff, 0xe0, 0x0, 0x0, 0x0, 0xcf, 0xf7, 0x0,
    0x8, 0xff, 0x30, 0x5, 0xff, 0xff, 0xfd, 0x20,
    0x0, 0x3, 0xff, 0xf1, 0x0, 0x8, 0xff, 0x31,
    0x9f, 0xff, 0xcf, 0xff, 0xf6, 0x0, 0x8, 0xff,
    0xa0, 0x0, 0x8, 0xff, 0x9e, 0xff, 0xfa, 0x3,
    0xef, 0xff, 0xd2, 0x0, 0x4e, 0x30, 0x0, 0x8,
    0xff, 0x6f, 0xff, 0x70, 0x0, 0x2c, 0xff, 0x90,
    0x0, 0x0, 0x0, 0x0, 0x8, 0xff, 0x36, 0xb2,
    0x0, 0x0, 0x0, 0x7b, 0x0, 0x0, 0x0, 0x0,
    0x0, 0x0, 0x0, 0x0, 0x0, 0x0, 0x0, 0x0,
    0x0, 0x0,

    /* U+6DFB "添" */
    0x0, 0xa, 0x92, 0x0, 0x0, 0x0, 0x0, 0x0,
    0x0, 0x0, 0x0, 0x0, 0x0, 0x0, 0x7f, 0xff,
    0x80, 0x3d, 0xdd, 0xdd, 0xdd, 0xdd, 0xdd, 0xdd,
    0xdd, 0x10, 0x0, 0x8f, 0xff, 0xfc, 0x3f, 0xff,
    0xff, 0xff, 0xff, 0xff, 0xff, 0xff, 0x20, 0x0,
    0x1, 0xbf, 0xf4, 0x3f, 0xff, 0xff, 0xff, 0xff,
    0xff, 0xff, 0xff, 0x20, 0x0, 0x0, 0x6, 0x80,
    0x0, 0x0, 0x6, 0xff, 0xe0, 0x0, 0x0, 0x0,
    0x0, 0x0, 0x0, 0x0, 0x0, 0x0, 0x0, 0xa,
    0xff, 0x90, 0x0, 0x0, 0x0, 0x0, 0x0, 0x0,
    0x0, 0x5, 0xbb, 0xbb, 0xbf, 0xff, 0xdb, 0xbb,
    0xbb, 0xbb, 0xb0, 0x1, 0xeb, 0x30, 0x7, 0xff,
    0xff, 0xff, 0xff, 0xff, 0xff, 0xff, 0xff, 0xf1,
    0xc, 0xff, 0xfa, 0x17, 0xff, 0xff, 0xff, 0xff,
    0xff, 0xff, 0xff, 0xff, 0xf1, 0x8, 0xff, 0xff,
    0x81, 0x22, 0x2d, 0xff, 0xd2, 0x27, 0xff, 0xf4,
    0x22, 0x20, 0x0, 0x1a, 0xfd, 0x0, 0x0, 0xaf,
    0xff, 0x30, 0x0, 0xbf, 0xfe, 0x30, 0x0, 0x0,
    0x0, 0x62, 0x0, 0xa, 0xff, 0xfa, 0x55, 0x20,
    0x1d, 0xff, 0xf8, 0x0, 0x0, 0x0, 0x0, 0x5,
    0xdf, 0xff, 0x97, 0xff, 0x70, 0x1, 0xdf, 0xff,
    0xe3, 0x0, 0x0, 0x0, 0x2e, 0xff, 0xf9, 0x7,
    0xff, 0x70, 0x0, 0x1b, 0xff, 0xa0, 0x0, 0x0,
    0x5c, 0x23, 0xfe, 0xb2, 0x7, 0xff, 0x70, 0x11,
    0x8f, 0xeb, 0x0, 0x0, 0x0, 0xbf, 0xf3, 0x42,
    0xff, 0x77, 0xff, 0xbc, 0xf1, 0xef, 0xf4, 0x0,
    0x0, 0x2, 0xff, 0xf1, 0x9, 0xff, 0x47, 0xff,
    0xbf, 0xf6, 0x5f, 0xfd, 0x0, 0x0, 0x9, 0xff,
    0xa0, 0x2f, 0xfd, 0x7, 0xff, 0x7e, 0xfc, 0xc,
    0xff, 0x50, 0x0, 0x1f, 0xff, 0x40, 0xcf, 0xf5,
    0x7, 0xff, 0x78, 0xff, 0x24, 0xff, 0xd0, 0x0,
    0x7f, 0xfd, 0x9, 0xff, 0xc0, 0x7, 0xff, 0x73,
    0xff, 0x60, 0xcf, 0xf4, 0x0, 0xef, 0xf7, 0x0,
    0xae, 0x20, 0x7, 0xff, 0x70, 0xd8, 0x20, 0x6f,
    0x81, 0x7, 0xff, 0xf1, 0x0, 0x1, 0xb, 0xce,
    0xff, 0x60, 0x0, 0x0, 0x11, 0x0, 0x3, 0xdf,
    0xa0, 0x0, 0x0, 0xb, 0xff, 0xff, 0x30, 0x0,
    0x0, 0x0, 0x0, 0x0, 0x6, 0x30, 0x0, 0x0,
    0x7, 0xff, 0xc6, 0x0, 0x0, 0x0, 0x0, 0x0,

    /* U+6E20 "渠" */
    0x0, 0x0, 0x0, 0x0, 0x0, 0x0, 0x0, 0x0,
    0x0, 0x0, 0x0, 0x0, 0x0, 0x0, 0x6, 0xfa,
    0x30, 0x5, 0x66, 0x66, 0x66, 0x66, 0x66, 0x66,
    0x65, 0x0, 0x0, 0x1e, 0xff, 0xfb, 0x1d, 0xff,
    0xff, 0xff, 0xff, 0xff, 0xff, 0xfd, 0x0, 0x0,
    0x1, 0x7e, 0xfc, 0xd, 0xff, 0xff, 0xff, 0xff,
    0xff, 0xff, 0xfc, 0x0, 0x2, 0x71, 0x0, 0x73,
    0xd, 0xff, 0x30, 0x0, 0x0, 0x0, 0x0, 0x0,
    0x0, 0xb, 0xff, 0xb3, 0x0, 0xd, 0xff, 0xff,
    0xff, 0xff, 0xff, 0xff, 0xe0, 0x0, 0x2e, 0xff,
    0xff, 0x20, 0xd, 0xff, 0xff, 0xff, 0xff, 0xff,
    0xff, 0xe0, 0x0, 0x0, 0x6e, 0xfa, 0x21, 0xd,
    0xff, 0x51, 0x11, 0x11, 0x14, 0xff, 0xe0, 0x0,
    0x0, 0x0, 0x73, 0xeb, 0xd, 0xff, 0x63, 0x33,
    0x33, 0x35, 0xff, 0xe0, 0x0, 0x0, 0x0, 0x1d,
    0xff, 0x8d, 0xff, 0xff, 0xff, 0xff, 0xff, 0xff,
    0xe0, 0x0, 0x0, 0x0, 0xcf, 0xfe, 0x2d, 0xff,
    0xed, 0xdd, 0xdd, 0xdd, 0xdd, 0xc0, 0x0, 0x0,
    0xc, 0xff, 0xf3, 0xd, 0xff, 0x52, 0x22, 0x22,
    0x22, 0x22, 0x22, 0x0, 0x0, 0xcf, 0xff, 0x50,
    0xd, 0xff, 0xff, 0xff, 0xff, 0xff, 0xff, 0xff,
    0x60, 0x6, 0xff, 0xf6, 0x0, 0xd, 0xff, 0xff,
    0xff, 0xff, 0xff, 0xff, 0xff, 0x60, 0x0, 0x8f,
    0x70, 0x0, 0x3, 0x3d, 0xff, 0x83, 0x33, 0x33,
    0x33, 0x33, 0x10, 0x0, 0x4, 0x0, 0x0, 0x0,
    0xd, 0xff, 0x60, 0x0, 0x0, 0x0, 0x0, 0x0,
    0xd, 0xff, 0xff, 0xff, 0xff, 0xff, 0xff, 0xff,
    0xff, 0xff, 0xff, 0xff, 0x80, 0xd, 0xff, 0xff,
    0xff, 0xff, 0xff, 0xff, 0xff, 0xff, 0xff, 0xff,
    0xff, 0x80, 0x8, 0xaa, 0xaa, 0xaa, 0xef, 0xff,
    0xff, 0xff, 0xfb, 0xaa, 0xaa, 0xaa, 0x50, 0x0,
    0x0, 0x0, 0x19, 0xff, 0xff, 0xff, 0xff, 0xfe,
    0x60, 0x0, 0x0, 0x0, 0x0, 0x0, 0x18, 0xff,
    0xff, 0x6d, 0xff, 0x7c, 0xff, 0xfd, 0x60, 0x0,
    0x0, 0x0, 0x39, 0xff, 0xff, 0xd3, 0xd, 0xff,
    0x50, 0x7f, 0xff, 0xff, 0xa4, 0x0, 0x2e, 0xff,
    0xff, 0xf8, 0x0, 0xd, 0xff, 0x50, 0x1, 0xaf,
    0xff, 0xff, 0xc0, 0x7, 0xff, 0xf9, 0x20, 0x0,
    0xd, 0xff, 0x50, 0x0, 0x2, 0x9f, 0xfe, 0x10,
    0x0, 0x87, 0x10, 0x0, 0x0, 0xd, 0xff, 0x50,
    0x0, 0x0, 0x1, 0x63, 0x0,

    /* U+6E29 "温" */
    0x0, 0x3, 0x92, 0x0, 0x0, 0x0, 0x0, 0x0,
    0x0, 0x0, 0x0, 0x0, 0x0, 0x0, 0x1d, 0xff,
    0xa1, 0x2, 0xff, 0xff, 0xff, 0xff, 0xff, 0xff,
    0xf0, 0x0, 0x0, 0x5f, 0xff, 0xff, 0x62, 0xff,
    0xff, 0xff, 0xff, 0xff, 0xff, 0xf0, 0x0, 0x0,
    0x1, 0x9f, 0xff, 0x62, 0xff, 0xd7, 0x77, 0x77,
    0x79, 0xff, 0xf0, 0x0, 0x0, 0x0, 0x3, 0xdb,
    0x2, 0xff, 0xa0, 0x0, 0x0, 0x2, 0xff, 0xf0,
    0x0, 0x0, 0x0, 0x0, 0x1, 0x2, 0xff, 0xff,
    0xff, 0xff, 0xff, 0xff, 0xf0, 0x0, 0x0, 0x0,
    0x0, 0x0, 0x2, 0xff, 0xff, 0xff, 0xff, 0xff,
    0xff, 0xf0, 0x0, 0x0, 0x83, 0x0, 0x0, 0x2,
    0xff, 0xc5, 0x55, 0x55, 0x57, 0xff, 0xf0, 0x0,
    0x8, 0xff, 0xb3, 0x0, 0x2, 0xff, 0xb0, 0x0,
    0x0, 0x3, 0xff, 0xf0, 0x0, 0x1d, 0xff, 0xff,
    0xa0, 0x2, 0xff, 0xff, 0xff, 0xff, 0xff, 0xff,
    0xf0, 0x0, 0x0, 0x6e, 0xff, 0xd0, 0x2, 0xff,
    0xff, 0xff, 0xff, 0xff, 0xff, 0xf0, 0x0, 0x0,
    0x1, 0x9f, 0x30, 0x1, 0x77, 0x77, 0x77, 0x77,
    0x77, 0x77, 0x70, 0x0, 0x0, 0x0, 0x2, 0x0,
    0x0, 0x0, 0x0, 0x0, 0x0, 0x0, 0x0, 0x0,
    0x0, 0x0, 0x0, 0x1, 0x0, 0xf, 0xff, 0xff,
    0xff, 0xff, 0xff, 0xff, 0xfd, 0x0, 0x0, 0x0,
    0xc, 0x90, 0xf, 0xff, 0xff, 0xff, 0xff, 0xff,
    0xff, 0xfd, 0x0, 0x0, 0x0, 0x3f, 0xfb, 0xf,
    0xfe, 0x9f, 0xfc, 0x9f, 0xfb, 0xaf, 0xfd, 0x0,
    0x0, 0x0, 0xbf, 0xf8, 0xf, 0xfc, 0xe, 0xf6,
    0xf, 0xf5, 0x1f, 0xfd, 0x0, 0x0, 0x3, 0xff,
    0xf1, 0xf, 0xfc, 0xe, 0xf6, 0xf, 0xf5, 0x1f,
    0xfd, 0x0, 0x0, 0xc, 0xff, 0x90, 0xf, 0xfc,
    0xe, 0xf6, 0xf, 0xf5, 0x1f, 0xfd, 0x0, 0x0,
    0x5f, 0xff, 0x20, 0xf, 0xfc, 0xe, 0xf6, 0xf,
    0xf5, 0x1f, 0xfd, 0x0, 0x0, 0xef, 0xf9, 0x1,
    0x2f, 0xfd, 0x2f, 0xf7, 0x2f, 0xf7, 0x3f, 0xfe,
    0x20, 0x8, 0xff, 0xf2, 0xf, 0xff, 0xff, 0xff,
    0xff, 0xff, 0xff, 0xff, 0xff, 0xf5, 0x2, 0xcf,
    0x90, 0xf, 0xff, 0xff, 0xff, 0xff, 0xff, 0xff,
    0xff, 0xff, 0xf5, 0x0, 0x8, 0x10, 0x9, 0x99,
    0x99, 0x99, 0x99, 0x99, 0x99, 0x99, 0x99, 0x93,

    /* U+6E7F "湿" */
    0x0, 0x3, 0x82, 0x0, 0x0, 0x0, 0x0, 0x0,
    0x0, 0x0, 0x0, 0x0, 0x0, 0x1, 0xef, 0xf9,
    0x10, 0xcf, 0xff, 0xff, 0xff, 0xff, 0xff, 0xff,
    0x40, 0x0, 0x6f, 0xff, 0xfe, 0x3c, 0xff, 0xff,
    0xff, 0xff, 0xff, 0xff, 0xf4, 0x0, 0x0, 0x1a,
    0xff, 0xe1, 0xcf, 0xf9, 0x88, 0x88, 0x88, 0x8e,
    0xff, 0x40, 0x0, 0x0, 0x4, 0xe5, 0xc, 0xff,
    0x20, 0x0, 0x0, 0x0, 0xcf, 0xf4, 0x0, 0x0,
    0x0, 0x0, 0x0, 0xcf, 0xff, 0xff, 0xff, 0xff,
    0xff, 0xff, 0x40, 0x0, 0x0, 0x0, 0x0, 0xc,
    0xff, 0xff, 0xff, 0xff, 0xff, 0xff, 0xf4, 0x0,
    0x2f, 0xb3, 0x0, 0x0, 0xcf, 0xf8, 0x66, 0x66,
    0x66, 0x6d, 0xff, 0x40, 0xc, 0xff, 0xfa, 0x10,
    0xc, 0xff, 0x20, 0x0, 0x0, 0x0, 0xcf, 0xf4,
    0x0, 0x7e, 0xff, 0xfe, 0x0, 0xcf, 0xff, 0xff,
    0xff, 0xff, 0xff, 0xff, 0x40, 0x0, 0x1a, 0xff,
    0x90, 0xc, 0xff, 0xff, 0xff, 0xff, 0xff, 0xff,
    0xf4, 0x0, 0x0, 0x5, 0xc0, 0x0, 0x79, 0x99,
    0x99, 0x99, 0x99, 0x99, 0x99, 0x20, 0x0, 0x0,
    0x0, 0x0, 0x0, 0x0, 0x5c, 0xc5, 0xc, 0xcb,
    0x0, 0x0, 0x0, 0x0, 0x0, 0x10, 0x1, 0x65,
    0x7, 0xff, 0x60, 0xff, 0xe0, 0x2a, 0x51, 0x0,
    0x0, 0x3e, 0x30, 0xef, 0xe0, 0x7f, 0xf6, 0xf,
    0xfe, 0x7, 0xff, 0xa0, 0x0, 0xa, 0xff, 0x48,
    0xff, 0x67, 0xff, 0x60, 0xff, 0xe0, 0xcf, 0xf4,
    0x0, 0x1, 0xff, 0xf1, 0x2f, 0xfb, 0x7f, 0xf6,
    0xf, 0xfe, 0x2f, 0xfd, 0x0, 0x0, 0x8f, 0xfb,
    0x0, 0xdf, 0xf8, 0xff, 0x60, 0xff, 0xe7, 0xff,
    0x50, 0x0, 0x1f, 0xff, 0x40, 0x8, 0xff, 0xcf,
    0xf6, 0xf, 0xfe, 0xef, 0xd0, 0x0, 0x7, 0xff,
    0xd0, 0x0, 0x4e, 0x99, 0xff, 0x60, 0xff, 0xe8,
    0xd6, 0x0, 0x0, 0xef, 0xf7, 0x2, 0x22, 0x22,
    0x8f, 0xf7, 0x2f, 0xfe, 0x22, 0x22, 0x10, 0x7f,
    0xff, 0x10, 0xff, 0xff, 0xff, 0xff, 0xff, 0xff,
    0xff, 0xff, 0xff, 0x1, 0xbf, 0x90, 0xf, 0xff,
    0xff, 0xff, 0xff, 0xff, 0xff, 0xff, 0xff, 0xf0,
    0x0, 0x62, 0x0, 0x99, 0x99, 0x99, 0x99, 0x99,
    0x99, 0x99, 0x99, 0x99,

    /* U+6E90 "源" */
    0x0, 0x5, 0xa1, 0x0, 0x0, 0x0, 0x0, 0x0,
    0x0, 0x0, 0x0, 0x0, 0x0, 0x0, 0x3f, 0xff,
    0x80, 0x2b, 0xcc, 0xbb, 0xbb, 0xbb, 0xbb, 0xbb,
    0xbb, 0xb1, 0x0, 0x6f, 0xff, 0xfd, 0x5f, 0xff,
    0xff, 0xff, 0xff, 0xff, 0xff, 0xff, 0xf2, 0x0,
    0x2, 0xbf, 0xfa, 0x3f, 0xff, 0xff, 0xff, 0xff,
    0xff, 0xff, 0xff, 0xf2, 0x0, 0x0, 0x5, 0xb0,
    0x3f, 0xfd, 0x0, 0x0, 0x4f, 0xdb, 0x20, 0x0,
    0x0, 0x0, 0x0, 0x0, 0x0, 0x3f, 0xfd, 0x0,
    0x0, 0x8f, 0xfc, 0x0, 0x0, 0x0, 0x0, 0x0,
    0x0, 0x0, 0x3f, 0xfd, 0x3e, 0xee, 0xff, 0xff,
    0xee, 0xee, 0x20, 0x0, 0xba, 0x20, 0x0, 0x3f,
    0xfd, 0x4f, 0xff, 0xff, 0xff, 0xff, 0xff, 0x30,
    0x7, 0xff, 0xf8, 0x0, 0x3f, 0xfd, 0x4f, 0xfa,
    0x55, 0x55, 0x5c, 0xff, 0x30, 0x8, 0xff, 0xff,
    0xc0, 0x3f, 0xfd, 0x4f, 0xf9, 0x11, 0x11, 0x1b,
    0xff, 0x30, 0x0, 0x3d, 0xff, 0x40, 0x3f, 0xfc,
    0x4f, 0xff, 0xff, 0xff, 0xff, 0xff, 0x30, 0x0,
    0x0, 0x89, 0x0, 0x4f, 0xfb, 0x4f, 0xff, 0xff,
    0xff, 0xff, 0xff, 0x30, 0x0, 0x0, 0x0, 0x0,
    0x5f, 0xfa, 0x4f, 0xf8, 0x0, 0x0, 0xb, 0xff,
    0x30, 0x0, 0x0, 0x0, 0x0, 0x7f, 0xf9, 0x4f,
    0xfa, 0x44, 0x44, 0x4c, 0xff, 0x30, 0x0, 0x0,
    0x37, 0x0, 0x9f, 0xf7, 0x4f, 0xff, 0xff, 0xff,
    0xff, 0xff, 0x30, 0x0, 0x0, 0xaf, 0xc2, 0xbf,
    0xf5, 0x3f, 0xff, 0xff, 0xff, 0xff, 0xff, 0x20,
    0x0, 0x1, 0xff, 0xf3, 0xef, 0xf2, 0x1, 0x0,
    0x1f, 0xfe, 0x0, 0x31, 0x0, 0x0, 0x7, 0xff,
    0xd2, 0xff, 0xf0, 0x2f, 0xd8, 0x1f, 0xfe, 0x4d,
    0xfa, 0x0, 0x0, 0xe, 0xff, 0x67, 0xff, 0xb0,
    0xaf, 0xf8, 0x1f, 0xfe, 0x2f, 0xff, 0x40, 0x0,
    0x6f, 0xfe, 0xc, 0xff, 0x74, 0xff, 0xe1, 0x1f,
    0xfe, 0x9, 0xff, 0xd0, 0x0, 0xef, 0xf8, 0x4f,
    0xff, 0x3e, 0xff, 0x60, 0x1f, 0xfe, 0x2, 0xff,
    0xf7, 0x6, 0xff, 0xf2, 0xcf, 0xfb, 0x1a, 0xfb,
    0x7b, 0xbf, 0xfd, 0x0, 0xaf, 0xa3, 0x3, 0xcf,
    0xa1, 0xcf, 0xf3, 0x0, 0x41, 0x5f, 0xff, 0xfb,
    0x0, 0x11, 0x0, 0x0, 0x4, 0x20, 0x6, 0x80,
    0x0, 0x0, 0x1f, 0xfe, 0xa1, 0x0, 0x0, 0x0,

    /* U+6EDA "滚" */
    0x0, 0x0, 0x0, 0x0, 0x0, 0x0, 0x0, 0x0,
    0x30, 0x0, 0x0, 0x0, 0x0, 0x0, 0x1, 0x10,
    0x0, 0x0, 0x0, 0x1, 0xbf, 0xf2, 0x0, 0x0,
    0x0, 0x0, 0x0, 0x3e, 0xe3, 0x0, 0x0, 0x0,
    0x0, 0xdf, 0xf9, 0x0, 0x0, 0x0, 0x0, 0x0,
    0xaf, 0xff, 0x53, 0xff, 0xff, 0xff, 0xff, 0xff,
    0xff, 0xff, 0xff, 0xe0, 0x0, 0x9, 0xff, 0xfa,
    0xff, 0xff, 0xff, 0xff, 0xff, 0xff, 0xff, 0xff,
    0xe0, 0x0, 0x0, 0x8f, 0xf9, 0xbb, 0xbd, 0xfc,
    0xbb, 0xbb, 0xcf, 0xeb, 0xbb, 0xa0, 0x0, 0x0,
    0x8, 0x50, 0x0, 0x6f, 0xfe, 0x10, 0x0, 0xdf,
    0xf9, 0x0, 0x0, 0x0, 0x0, 0x0, 0x0, 0x1b,
    0xff, 0xf3, 0x61, 0x0, 0x9f, 0xff, 0xd3, 0x0,
    0x0, 0x32, 0x0, 0x17, 0xff, 0xfe, 0x37, 0xff,
    0x80, 0x5, 0xff, 0xff, 0x60, 0x4, 0xff, 0x50,
    0x2f, 0xff, 0xd2, 0x5f, 0xff, 0x60, 0x70, 0x2d,
    0xff, 0xf2, 0xa, 0xff, 0xf8, 0x6, 0xf9, 0x5,
    0xff, 0xf6, 0x2d, 0xfb, 0x0, 0xbf, 0x80, 0x0,
    0x8f, 0xff, 0x80, 0x30, 0x7f, 0xff, 0x60, 0xc,
    0xff, 0xc0, 0x6, 0x0, 0x0, 0x7, 0xff, 0x40,
    0x2a, 0xff, 0xfd, 0xbd, 0xff, 0xff, 0xfb, 0x0,
    0x0, 0x0, 0x0, 0x74, 0x0, 0x8f, 0xff, 0xff,
    0xff, 0xff, 0xff, 0xff, 0xa0, 0x0, 0x0, 0x0,
    0x0, 0x0, 0x3f, 0xff, 0xff, 0xff, 0xff, 0x23,
    0xfd, 0x30, 0x0, 0x0, 0x0, 0x2a, 0x10, 0x8,
    0x42, 0xcf, 0xff, 0xff, 0x60, 0x30, 0x50, 0x0,
    0x0, 0x0, 0x8f, 0xe3, 0x0, 0x3d, 0xff, 0xc4,
    0xff, 0xd0, 0x1b, 0xfc, 0x20, 0x0, 0x0, 0xef,
    0xf2, 0x8, 0xff, 0xfd, 0x10, 0xcf, 0xfa, 0xef,
    0xff, 0x70, 0x0, 0x4, 0xff, 0xe8, 0xef, 0xff,
    0xf8, 0x0, 0x3f, 0xff, 0xff, 0xd3, 0x0, 0x0,
    0xb, 0xff, 0xdf, 0xff, 0xff, 0xf8, 0x0, 0xa,
    0xff, 0xfa, 0x0, 0x0, 0x0, 0x2f, 0xff, 0x1b,
    0xfa, 0x4f, 0xf8, 0x0, 0x11, 0xdf, 0xff, 0x50,
    0x0, 0x0, 0x9f, 0xfa, 0x1, 0x20, 0x4f, 0xfb,
    0xae, 0xf3, 0x2e, 0xff, 0xfb, 0x20, 0x1, 0xff,
    0xf4, 0x0, 0x0, 0xcf, 0xff, 0xff, 0xf4, 0x3,
    0xef, 0xff, 0xf5, 0x3, 0xdf, 0xd0, 0x0, 0x4,
    0xff, 0xff, 0xfc, 0x81, 0x0, 0x1b, 0xff, 0xa0,
    0x0, 0x7, 0x50, 0x0, 0x0, 0xae, 0x94, 0x0,
    0x0, 0x0, 0x0, 0x4b, 0x0, 0x0, 0x0, 0x0,
    0x0, 0x0, 0x10, 0x0, 0x0, 0x0, 0x0, 0x0,
    0x0, 0x0,

    /* U+6EE1 "满" */
    0x0, 0x1, 0x10, 0x0, 0x0, 0x6, 0xff, 0x70,
    0x0, 0xdf, 0xf2, 0x0, 0x0, 0x0, 0xc, 0xf6,
    0x0, 0x0, 0x7, 0xff, 0x70, 0x0, 0xef, 0xf3,
    0x0, 0x0, 0x0, 0xbf, 0xff, 0xb3, 0xff, 0xff,
    0xff, 0xff, 0xff, 0xff, 0xff, 0xff, 0xe0, 0x0,
    0x1b, 0xff, 0xfe, 0xff, 0xff, 0xff, 0xff, 0xff,
    0xff, 0xff, 0xff, 0xe0, 0x0, 0x0, 0x7f, 0xf4,
    0x88, 0x8b, 0xff, 0xc8, 0x88, 0xff, 0xfa, 0x88,
    0x70, 0x0, 0x0, 0x5, 0x40, 0x0, 0x6, 0xff,
    0x70, 0x0, 0xef, 0xf2, 0x0, 0x0, 0x0, 0x0,
    0x0, 0x3, 0x77, 0x78, 0x99, 0x87, 0x77, 0x99,
    0x97, 0x77, 0x70, 0x0, 0x51, 0x0, 0x7, 0xff,
    0xff, 0xff, 0xff, 0xff, 0xff, 0xff, 0xff, 0xf0,
    0x5, 0xfe, 0x60, 0x7, 0xff, 0xff, 0xff, 0xff,
    0xff, 0xff, 0xff, 0xff, 0xf0, 0x1f, 0xff, 0xfb,
    0x10, 0x11, 0x11, 0x2f, 0xf8, 0x16, 0xff, 0x21,
    0x11, 0x10, 0x3, 0xdf, 0xff, 0x70, 0x0, 0x0,
    0x1f, 0xf7, 0x6, 0xff, 0x0, 0x10, 0x0, 0x0,
    0xa, 0xfb, 0x0, 0xff, 0xff, 0xff, 0xff, 0xff,
    0xff, 0xff, 0xff, 0xb0, 0x0, 0x0, 0x61, 0x0,
    0xff, 0xff, 0xff, 0xff, 0xff, 0xff, 0xff, 0xff,
    0xb0, 0x0, 0x0, 0x0, 0x0, 0xff, 0xfa, 0xbf,
    0xfc, 0xad, 0xfe, 0xab, 0xff, 0xb0, 0x0, 0x0,
    0xc, 0x60, 0xff, 0xf0, 0x4f, 0xf2, 0xa, 0xfb,
    0x2, 0xff, 0xb0, 0x0, 0x0, 0x4f, 0xf9, 0xff,
    0xf0, 0x7f, 0xfa, 0xd, 0xff, 0x32, 0xff, 0xb0,
    0x0, 0x0, 0xcf, 0xf9, 0xff, 0xf0, 0xbf, 0xff,
    0xbf, 0xff, 0xe3, 0xff, 0xb0, 0x0, 0x5, 0xff,
    0xf1, 0xff, 0xf2, 0xff, 0xdf, 0xdf, 0xff, 0xfc,
    0xff, 0xb0, 0x0, 0xd, 0xff, 0xa0, 0xff, 0xfb,
    0xff, 0x25, 0xdf, 0xcb, 0xfe, 0xff, 0xb0, 0x0,
    0x7f, 0xff, 0x20, 0xff, 0xfa, 0xfa, 0x8, 0xff,
    0x53, 0xa3, 0xff, 0xb0, 0x1, 0xef, 0xfa, 0x0,
    0xff, 0xf0, 0x71, 0x1, 0xad, 0x0, 0x2, 0xff,
    0xb0, 0x8, 0xff, 0xf2, 0x0, 0xff, 0xf0, 0x0,
    0x0, 0x1, 0x0, 0x2, 0xff, 0xb0, 0x0, 0x9f,
    0x90, 0x0, 0xff, 0xf0, 0x0, 0x0, 0x0, 0x7,
    0xff, 0xff, 0xa0, 0x0, 0x4, 0x10, 0x0, 0xff,
    0xf0, 0x0, 0x0, 0x0, 0x1, 0xff, 0xeb, 0x20,

    /* U+706B "火" */
    0x0, 0x0, 0x0, 0x0, 0x0, 0xb, 0xee, 0x90,
    0x0, 0x0, 0x0, 0x0, 0x0, 0x0, 0x0, 0x0,
    0x0, 0x0, 0xd, 0xff, 0xa0, 0x0, 0x0, 0x0,
    0x0, 0x0, 0x0, 0x0, 0x0, 0x0, 0x0, 0xd,
    0xff, 0xa0, 0x0, 0x0, 0x0, 0x0, 0x0, 0x0,
    0x0, 0x0, 0x0, 0x0, 0xd, 0xff, 0xa0, 0x0,
    0x0, 0x0, 0x0, 0x0, 0x0, 0x0, 0x0, 0x0,
    0x0, 0xe, 0xff, 0x90, 0x0, 0x0, 0x0, 0x0,
    0x0, 0x0, 0x0, 0x3b, 0x61, 0x0, 0xe, 0xff,
    0x90, 0x0, 0x0, 0x5a, 0x40, 0x0, 0x0, 0x0,
    0x8f, 0xfd, 0x0, 0xf, 0xff, 0x80, 0x0, 0x0,
    0xbf, 0xfe, 0x0, 0x0, 0x0, 0xcf, 0xf9, 0x0,
    0xf, 0xff, 0x70, 0x0, 0x0, 0xff, 0xfa, 0x0,
    0x0, 0x2, 0xff, 0xf4, 0x0, 0x1f, 0xff, 0x50,
    0x0, 0x6, 0xff, 0xf3, 0x0, 0x0, 0x9, 0xff,
    0xf0, 0x0, 0x3f, 0xff, 0x40, 0x0, 0xc, 0xff,
    0xb0, 0x0, 0x0, 0x1f, 0xff, 0x90, 0x0, 0x6f,
    0xff, 0x50, 0x0, 0x3f, 0xff, 0x40, 0x0, 0x0,
    0xaf, 0xff, 0x30, 0x0, 0x9f, 0xff, 0xa0, 0x0,
    0xaf, 0xfc, 0x0, 0x0, 0x0, 0x9f, 0xfb, 0x0,
    0x0, 0xdf, 0xff, 0xf0, 0x0, 0xcf, 0xf3, 0x0,
    0x0, 0x0, 0x1, 0x71, 0x0, 0x3, 0xff, 0xff,
    0xf7, 0x0, 0x2, 0x60, 0x0, 0x0, 0x0, 0x0,
    0x0, 0x0, 0xa, 0xff, 0xff, 0xfe, 0x0, 0x0,
    0x0, 0x0, 0x0, 0x0, 0x0, 0x0, 0x0, 0x2f,
    0xff, 0xae, 0xff, 0x90, 0x0, 0x0, 0x0, 0x0,
    0x0, 0x0, 0x0, 0x0, 0xcf, 0xff, 0x36, 0xff,
    0xf4, 0x0, 0x0, 0x0, 0x0, 0x0, 0x0, 0x0,
    0xa, 0xff, 0xf9, 0x0, 0xdf, 0xff, 0x40, 0x0,
    0x0, 0x0, 0x0, 0x0, 0x0, 0x9f, 0xff, 0xe1,
    0x0, 0x3f, 0xff, 0xf6, 0x0, 0x0, 0x0, 0x0,
    0x0, 0x1b, 0xff, 0xff, 0x30, 0x0, 0x6, 0xff,
    0xff, 0xb2, 0x0, 0x0, 0x0, 0x7, 0xff, 0xff,
    0xf4, 0x0, 0x0, 0x0, 0x6f, 0xff, 0xff, 0xb5,
    0x0, 0x8, 0xef, 0xff, 0xfe, 0x30, 0x0, 0x0,
    0x0, 0x5, 0xef, 0xff, 0xff, 0xe0, 0x4, 0xff,
    0xff, 0xa1, 0x0, 0x0, 0x0, 0x0, 0x0, 0x1a,
    0xff, 0xff, 0x40, 0x0, 0x6f, 0xb3, 0x0, 0x0,
    0x0, 0x0, 0x0, 0x0, 0x0, 0x28, 0xe9, 0x0,
    0x0, 0x2, 0x0, 0x0, 0x0, 0x0, 0x0, 0x0,
    0x0, 0x0, 0x0, 0x0, 0x0,

    /* U+70B9 "点" */
    0x0, 0x0, 0x0, 0x0, 0x0, 0x2, 0x22, 0x10,
    0x0, 0x0, 0x0, 0x0, 0x0, 0x0, 0x0, 0x0,
    0x0, 0x0, 0xb, 0xff, 0x70, 0x0, 0x0, 0x0,
    0x0, 0x0, 0x0, 0x0, 0x0, 0x0, 0x0, 0xb,
    0xff, 0x70, 0x0, 0x0, 0x0, 0x0, 0x0, 0x0,
    0x0, 0x0, 0x0, 0x0, 0xb, 0xff, 0xed, 0xdd,
    0xdd, 0xdd, 0xdb, 0x0, 0x0, 0x0, 0x0, 0x0,
    0x0, 0xb, 0xff, 0xff, 0xff, 0xff, 0xff, 0xfd,
    0x0, 0x0, 0x0, 0x0, 0x0, 0x0, 0xb, 0xff,
    0xff, 0xff, 0xff, 0xff, 0xfd, 0x0, 0x0, 0x0,
    0x0, 0x0, 0x0, 0xb, 0xff, 0x70, 0x0, 0x0,
    0x0, 0x0, 0x0, 0x0, 0x0, 0x0, 0x0, 0x0,
    0xb, 0xff, 0x70, 0x0, 0x0, 0x0, 0x0, 0x0,
    0x0, 0x0, 0x77, 0x77, 0x77, 0x7d, 0xff, 0xb7,
    0x77, 0x77, 0x77, 0x0, 0x0, 0x0, 0x0, 0xff,
    0xff, 0xff, 0xff, 0xff, 0xff, 0xff, 0xff, 0xff,
    0x10, 0x0, 0x0, 0x0, 0xff, 0xff, 0xff, 0xff,
    0xff, 0xff, 0xff, 0xff, 0xff, 0x10, 0x0, 0x0,
    0x0, 0xff, 0xf7, 0x77, 0x77, 0x77, 0x77, 0x77,
    0x8f, 0xff, 0x10, 0x0, 0x0, 0x0, 0xff, 0xf0,
    0x0, 0x0, 0x0, 0x0, 0x0, 0x1f, 0xff, 0x10,
    0x0, 0x0, 0x0, 0xff, 0xf0, 0x0, 0x0, 0x0,
    0x0, 0x0, 0x1f, 0xff, 0x10, 0x0, 0x0, 0x0,
    0xff, 0xf0, 0x0, 0x0, 0x0, 0x0, 0x0, 0x2f,
    0xff, 0x10, 0x0, 0x0, 0x0, 0xff, 0xff, 0xff,
    0xff, 0xff, 0xff, 0xff, 0xff, 0xff, 0x10, 0x0,
    0x0, 0x0, 0xff, 0xff, 0xff, 0xff, 0xff, 0xff,
    0xff, 0xff, 0xff, 0x10, 0x0, 0x0, 0x0, 0xdd,
    0xdd, 0xdd, 0xdd, 0xdd, 0xdd, 0xdd, 0xdd, 0xdd,
    0x10, 0x0, 0x0, 0x0, 0x0, 0x0, 0x0, 0x0,
    0x0, 0x0, 0x0, 0x0, 0x2, 0x0, 0x0, 0x0,
    0x3, 0xfc, 0x70, 0x24, 0x62, 0x1, 0x59, 0x80,
    0x7, 0xdf, 0x50, 0x0, 0x0, 0xb, 0xff, 0xa0,
    0x9f, 0xf7, 0x1, 0xff, 0xf1, 0x8, 0xff, 0xf2,
    0x0, 0x0, 0x4f, 0xff, 0x30, 0x7f, 0xfa, 0x0,
    0xaf, 0xf8, 0x0, 0xdf, 0xfb, 0x0, 0x1, 0xef,
    0xfb, 0x0, 0x5f, 0xfc, 0x0, 0x4f, 0xfe, 0x0,
    0x4f, 0xff, 0x50, 0xb, 0xff, 0xf2, 0x0, 0x3f,
    0xfe, 0x0, 0xf, 0xff, 0x30, 0xb, 0xff, 0xd0,
    0x5, 0xdf, 0x60, 0x0, 0x2f, 0xfe, 0x0, 0xb,
    0xea, 0x30, 0x3, 0xfc, 0x60, 0x0, 0x3, 0x0,
    0x0, 0x3, 0x10, 0x0, 0x0, 0x0, 0x0, 0x0,
    0x20, 0x0,

    /* U+70ED "热" */
    0x0, 0x0, 0x3, 0x32, 0x0, 0x0, 0x0, 0x45,
    0x50, 0x0, 0x0, 0x0, 0x0, 0x0, 0x0, 0x1f,
    0xfc, 0x0, 0x0, 0x0, 0xff, 0xf0, 0x0, 0x0,
    0x0, 0x0, 0x0, 0x0, 0x1f, 0xfc, 0x0, 0x0,
    0x0, 0xff, 0xf0, 0x0, 0x0, 0x0, 0x0, 0x0,
    0x0, 0x1f, 0xfc, 0x0, 0x0, 0x0, 0xff, 0xf0,
    0x0, 0x0, 0x0, 0x0, 0x6, 0xdd, 0xdf, 0xff,
    0xdd, 0x6b, 0xbb, 0xff, 0xfb, 0xbb, 0xcb, 0x0,
    0x0, 0x8, 0xff, 0xff, 0xff, 0xff, 0x8f, 0xff,
    0xff, 0xff, 0xff, 0xff, 0x0, 0x0, 0x8, 0xff,
    0xff, 0xff, 0xff, 0x8f, 0xff, 0xff, 0xff, 0xff,
    0xff, 0x0, 0x0, 0x0, 0x0, 0x1f, 0xfc, 0x0,
    0x0, 0x2, 0xff, 0xc0, 0xd, 0xff, 0x0, 0x0,
    0x0, 0x0, 0x1f, 0xfc, 0x2, 0x20, 0x3, 0xff,
    0xa0, 0xd, 0xfe, 0x0, 0x0, 0x0, 0x0, 0x1f,
    0xff, 0xef, 0x72, 0x45, 0xff, 0x90, 0xd, 0xfe,
    0x0, 0x0, 0x5, 0x8c, 0xff, 0xff, 0xff, 0x9c,
    0xfe, 0xff, 0x60, 0xd, 0xfe, 0x0, 0x0, 0xf,
    0xff, 0xff, 0xff, 0xfd, 0xaf, 0xff, 0xff, 0x30,
    0xd, 0xfd, 0x0, 0x0, 0xc, 0xff, 0xff, 0xfd,
    0x10, 0x3, 0xdf, 0xff, 0xd3, 0xd, 0xfd, 0x0,
    0x0, 0x7, 0xa6, 0x3f, 0xfc, 0x0, 0x0, 0x9f,
    0xff, 0xff, 0x8c, 0xfe, 0x7, 0x0, 0x0, 0x0,
    0x1f, 0xfc, 0x0, 0x3, 0xff, 0xfe, 0xff, 0xdb,
    0xff, 0xf, 0xe4, 0x0, 0x21, 0x2f, 0xfc, 0x0,
    0x3e, 0xff, 0xb0, 0x9f, 0x38, 0xff, 0x6f, 0xf4,
    0x0, 0xbf, 0xff, 0xfb, 0x4, 0xff, 0xfe, 0x10,
    0x3, 0x3, 0xff, 0xff, 0xf0, 0x0, 0x6f, 0xff,
    0xf5, 0x0, 0xcf, 0xf3, 0x0, 0x0, 0x0, 0xbf,
    0xff, 0x90, 0x0, 0x2a, 0x98, 0x30, 0x0, 0x2c,
    0x20, 0x0, 0x0, 0x0, 0x6, 0x85, 0x0, 0x0,
    0x2, 0xc8, 0x40, 0x0, 0x11, 0x0, 0x2, 0x40,
    0x2, 0x8e, 0x30, 0x0, 0x0, 0xa, 0xff, 0xc0,
    0x5f, 0xf8, 0x0, 0xff, 0xf1, 0xa, 0xff, 0xe0,
    0x0, 0x0, 0x3f, 0xff, 0x30, 0x4f, 0xfb, 0x0,
    0xbf, 0xf6, 0x1, 0xef, 0xf9, 0x0, 0x0, 0xdf,
    0xfb, 0x0, 0x3f, 0xfd, 0x0, 0x6f, 0xfb, 0x0,
    0x6f, 0xff, 0x30, 0x9, 0xff, 0xf2, 0x0, 0x1f,
    0xff, 0x0, 0x2f, 0xff, 0x0, 0xc, 0xff, 0xc0,
    0x7, 0xef, 0x70, 0x0, 0xf, 0xfd, 0x0, 0xe,
    0xd9, 0x10, 0x4, 0xfd, 0x60, 0x0, 0x4, 0x0,
    0x0, 0x1, 0x0, 0x0, 0x0, 0x0, 0x0, 0x0,
    0x40, 0x0,

    /* U+7247 "片" */
    0x0, 0x0, 0x35, 0x52, 0x0, 0x0, 0x0, 0xdd,
    0xd4, 0x0, 0x0, 0x0, 0x0, 0x0, 0xbf, 0xf9,
    0x0, 0x0, 0x0, 0xff, 0xf5, 0x0, 0x0, 0x0,
    0x0, 0x0, 0xbf, 0xf9, 0x0, 0x0, 0x0, 0xff,
    0xf5, 0x0, 0x0, 0x0, 0x0, 0x0, 0xbf, 0xf9,
    0x0, 0x0, 0x0, 0xff, 0xf5, 0x0, 0x0, 0x0,
    0x0, 0x0, 0xbf, 0xf9, 0x0, 0x0, 0x0, 0xff,
    0xf5, 0x0, 0x0, 0x0, 0x0, 0x0, 0xbf, 0xf9,
    0x0, 0x0, 0x0, 0xff, 0xf5, 0x0, 0x0, 0x0,
    0x0, 0x0, 0xbf, 0xfb, 0x66, 0x66, 0x66, 0xff,
    0xf9, 0x66, 0x66, 0x63, 0x0, 0x0, 0xbf, 0xff,
    0xff, 0xff, 0xff, 0xff, 0xff, 0xff, 0xff, 0xf8,
    0x0, 0x0, 0xbf, 0xff, 0xff, 0xff, 0xff, 0xff,
    0xff, 0xff, 0xff, 0xf8, 0x0, 0x0, 0xbf, 0xfe,
    0xdd, 0xdd, 0xdd, 0xdd, 0xdd, 0xdd, 0xdd, 0xd6,
    0x0, 0x0, 0xcf, 0xf8, 0x0, 0x0, 0x0, 0x0,
    0x0, 0x0, 0x0, 0x0, 0x0, 0x0, 0xcf, 0xf8,
    0x0, 0x0, 0x0, 0x0, 0x0, 0x0, 0x0, 0x0,
    0x0, 0x0, 0xdf, 0xf8, 0x11, 0x11, 0x11, 0x11,
    0x11, 0x11, 0x0, 0x0, 0x0, 0x0, 0xef, 0xff,
    0xff, 0xff, 0xff, 0xff, 0xff, 0xff, 0x60, 0x0,
    0x0, 0x0, 0xff, 0xff, 0xff, 0xff, 0xff, 0xff,
    0xff, 0xff, 0x60, 0x0, 0x0, 0x3, 0xff, 0xff,
    0xff, 0xff, 0xff, 0xff, 0xff, 0xff, 0x60, 0x0,
    0x0, 0x7, 0xff, 0xf3, 0x33, 0x33, 0x33, 0x33,
    0x3f, 0xff, 0x60, 0x0, 0x0, 0xc, 0xff, 0xc0,
    0x0, 0x0, 0x0, 0x0, 0xf, 0xff, 0x60, 0x0,
    0x0, 0x2f, 0xff, 0x70, 0x0, 0x0, 0x0, 0x0,
    0xf, 0xff, 0x60, 0x0, 0x0, 0xbf, 0xff, 0x10,
    0x0, 0x0, 0x0, 0x0, 0xf, 0xff, 0x60, 0x0,
    0x5, 0xff, 0xfa, 0x0, 0x0, 0x0, 0x0, 0x0,
    0xf, 0xff, 0x60, 0x0, 0x1f, 0xff, 0xf2, 0x0,
    0x0, 0x0, 0x0, 0x0, 0xf, 0xff, 0x60, 0x0,
    0x5, 0xff, 0x70, 0x0, 0x0, 0x0, 0x0, 0x0,
    0xf, 0xff, 0x60, 0x0, 0x0, 0x5b, 0x0, 0x0,
    0x0, 0x0, 0x0, 0x0, 0xf, 0xff, 0x60, 0x0,
    0x0, 0x0, 0x0, 0x0, 0x0, 0x0, 0x0, 0x0,
    0x0, 0x0, 0x0, 0x0,

    /* U+7269 "物" */
    0x0, 0x0, 0x0, 0x11, 0x0, 0x0, 0x0, 0x0,
    0x0, 0x0, 0x0, 0x0, 0x0, 0x0, 0x0, 0xc,
    0xff, 0x10, 0x0, 0xc, 0xda, 0x10, 0x0, 0x0,
    0x0, 0x0, 0x2, 0x74, 0x1c, 0xff, 0x10, 0x0,
    0xf, 0xfe, 0x0, 0x0, 0x0, 0x0, 0x0, 0x4,
    0xff, 0x5c, 0xff, 0x10, 0x0, 0x5f, 0xfa, 0x0,
    0x0, 0x0, 0x0, 0x0, 0x6, 0xff, 0x3c, 0xff,
    0x10, 0x0, 0xaf, 0xf6, 0x0, 0x0, 0x0, 0x0,
    0x0, 0x8, 0xff, 0x2c, 0xff, 0x20, 0x0, 0xff,
    0xff, 0xff, 0xff, 0xff, 0xff, 0xf2, 0xa, 0xff,
    0xff, 0xff, 0xff, 0x46, 0xff, 0xff, 0xff, 0xff,
    0xff, 0xff, 0xf1, 0xd, 0xff, 0xff, 0xff, 0xff,
    0x4d, 0xff, 0xef, 0xff, 0xef, 0xff, 0xff, 0xf0,
    0xf, 0xff, 0xef, 0xff, 0xfe, 0xaf, 0xfd, 0xc,
    0xfe, 0xd, 0xfd, 0xef, 0xf0, 0x4f, 0xf5, 0xc,
    0xff, 0x11, 0xef, 0xf5, 0x2f, 0xf9, 0x1f, 0xfa,
    0xff, 0xf0, 0x8f, 0xf1, 0xc, 0xff, 0x1b, 0xff,
    0xb0, 0x8f, 0xf3, 0x6f, 0xf6, 0xff, 0xe0, 0x8,
    0xc0, 0xc, 0xff, 0x12, 0xcf, 0x20, 0xef, 0xd0,
    0xaf, 0xf2, 0xff, 0xd0, 0x0, 0x0, 0xc, 0xff,
    0x14, 0x43, 0x7, 0xff, 0x70, 0xff, 0xc2, 0xff,
    0xc0, 0x0, 0x0, 0xc, 0xff, 0xff, 0xa0, 0x1e,
    0xfe, 0x5, 0xff, 0x73, 0xff, 0xb0, 0x2, 0x6a,
    0xef, 0xff, 0xff, 0xc0, 0xaf, 0xf7, 0xc, 0xff,
    0x24, 0xff, 0xa0, 0x5f, 0xff, 0xff, 0xff, 0xe9,
    0x46, 0xff, 0xe0, 0x3f, 0xfc, 0x5, 0xff, 0x90,
    0x1f, 0xff, 0xff, 0xff, 0x10, 0x5f, 0xff, 0x40,
    0xbf, 0xf5, 0x6, 0xff, 0x80, 0xc, 0xa6, 0x1c,
    0xff, 0x11, 0xef, 0xf9, 0x4, 0xff, 0xe0, 0x8,
    0xff, 0x60, 0x0, 0x0, 0xc, 0xff, 0x10, 0x1b,
    0xb0, 0xd, 0xff, 0x60, 0xa, 0xff, 0x50, 0x0,
    0x0, 0xc, 0xff, 0x10, 0x0, 0x0, 0x9f, 0xfd,
    0x0, 0xd, 0xff, 0x30, 0x0, 0x0, 0xc, 0xff,
    0x10, 0x0, 0x6, 0xff, 0xf4, 0x0, 0xf, 0xff,
    0x10, 0x0, 0x0, 0xc, 0xff, 0x10, 0x0, 0x5f,
    0xff, 0x90, 0x0, 0x7f, 0xfe, 0x0, 0x0, 0x0,
    0xc, 0xff, 0x10, 0x7, 0xff, 0xfc, 0x8, 0xff,
    0xff, 0xfa, 0x0, 0x0, 0x0, 0xc, 0xff, 0x10,
    0x1, 0xbf, 0xd1, 0x3, 0xff, 0xff, 0xf2, 0x0,
    0x0, 0x0, 0xc, 0xff, 0x10, 0x0, 0x6, 0x10,
    0x0, 0xff, 0xfc, 0x30, 0x0, 0x0, 0x0, 0x0,
    0x0, 0x0, 0x0, 0x0, 0x0, 0x0, 0x0, 0x0,
    0x0, 0x0,

    /* U+72B6 "状" */
    0x0, 0x0, 0x1, 0x66, 0x60, 0x0, 0x0, 0x5,
    0x55, 0x0, 0x0, 0x0, 0x0, 0x0, 0x0, 0x2,
    0xff, 0xe0, 0x0, 0x0, 0x1f, 0xff, 0x0, 0x39,
    0x0, 0x0, 0x0, 0x0, 0x2, 0xff, 0xe0, 0x0,
    0x0, 0x1f, 0xff, 0x8, 0xff, 0x80, 0x0, 0x0,
    0x0, 0x2, 0xff, 0xe0, 0x0, 0x0, 0x1f, 0xff,
    0x3, 0xff, 0xf3, 0x0, 0x0, 0x7a, 0x2, 0xff,
    0xe0, 0x0, 0x0, 0x1f, 0xff, 0x0, 0x9f, 0xfc,
    0x0, 0xd, 0xff, 0x62, 0xff, 0xe0, 0x0, 0x0,
    0x1f, 0xff, 0x0, 0x1e, 0xff, 0x40, 0x6, 0xff,
    0xe4, 0xff, 0xe0, 0x0, 0x0, 0x1f, 0xff, 0x0,
    0x6, 0xe5, 0x0, 0x0, 0xdf, 0xfc, 0xff, 0xe0,
    0x0, 0x0, 0x1f, 0xff, 0x0, 0x0, 0x0, 0x0,
    0x0, 0x4f, 0xff, 0xff, 0xe6, 0xff, 0xff, 0xff,
    0xff, 0xff, 0xff, 0xff, 0xd0, 0x0, 0xc, 0xfa,
    0xff, 0xe6, 0xff, 0xff, 0xff, 0xff, 0xff, 0xff,
    0xff, 0xe0, 0x0, 0x3, 0x22, 0xff, 0xe6, 0xff,
    0xff, 0xff, 0xff, 0xff, 0xff, 0xff, 0xe0, 0x0,
    0x0, 0x2, 0xff, 0xe0, 0x22, 0x22, 0x7f, 0xff,
    0x92, 0x22, 0x22, 0x20, 0x0, 0x0, 0x2, 0xff,
    0xe0, 0x0, 0x0, 0x8f, 0xff, 0xd0, 0x0, 0x0,
    0x0, 0x0, 0x0, 0xb, 0xff, 0xe0, 0x0, 0x0,
    0xbf, 0xff, 0xf2, 0x0, 0x0, 0x0, 0x0, 0x2,
    0xdf, 0xff, 0xe0, 0x0, 0x0, 0xff, 0xff, 0xf8,
    0x0, 0x0, 0x0, 0x0, 0x4f, 0xff, 0xff, 0xe0,
    0x0, 0x4, 0xff, 0xff, 0xfe, 0x0, 0x0, 0x0,
    0x8, 0xff, 0xff, 0xff, 0xe0, 0x0, 0xa, 0xff,
    0xba, 0xff, 0x70, 0x0, 0x0, 0xe, 0xff, 0xc4,
    0xff, 0xe0, 0x0, 0x2f, 0xff, 0x64, 0xff, 0xf1,
    0x0, 0x0, 0x5, 0xfb, 0x2, 0xff, 0xe0, 0x0,
    0xaf, 0xfe, 0x0, 0xcf, 0xfa, 0x0, 0x0, 0x0,
    0x60, 0x2, 0xff, 0xe0, 0x4, 0xff, 0xf7, 0x0,
    0x4f, 0xff, 0x60, 0x0, 0x0, 0x0, 0x2, 0xff,
    0xe0, 0x1e, 0xff, 0xe0, 0x0, 0xb, 0xff, 0xf5,
    0x0, 0x0, 0x0, 0x2, 0xff, 0xe0, 0xcf, 0xff,
    0x40, 0x0, 0x1, 0xef, 0xff, 0x60, 0x0, 0x0,
    0x2, 0xff, 0xfc, 0xff, 0xf8, 0x0, 0x0, 0x0,
    0x4f, 0xff, 0xf4, 0x0, 0x0, 0x2, 0xff, 0xfb,
    0xff, 0xa0, 0x0, 0x0, 0x0, 0x5, 0xff, 0x70,
    0x0, 0x0, 0x2, 0xff, 0xe0, 0x89, 0x0, 0x0,
    0x0, 0x0, 0x0, 0x49, 0x0, 0x0, 0x0, 0x0,
    0x0, 0x0, 0x0, 0x0, 0x0, 0x0, 0x0, 0x0,
    0x0, 0x0,

    /* U+72EC "独" */
    0x0, 0x12, 0x0, 0x1, 0x0, 0x0, 0x0, 0x4,
    0xcc, 0xa0, 0x0, 0x0, 0x0, 0x3, 0xee, 0x30,
    0x4f, 0xa2, 0x0, 0x0, 0x5, 0xff, 0xc0, 0x0,
    0x0, 0x0, 0xa, 0xff, 0xf3, 0xdf, 0xfa, 0x0,
    0x0, 0x5, 0xff, 0xc0, 0x0, 0x0, 0x0, 0x0,
    0xaf, 0xff, 0xff, 0xe1, 0x0, 0x0, 0x5, 0xff,
    0xc0, 0x0, 0x0, 0x0, 0x0, 0xc, 0xff, 0xff,
    0x50, 0x0, 0x0, 0x6, 0xff, 0xc0, 0x0, 0x0,
    0x0, 0x0, 0x6, 0xff, 0xf9, 0x0, 0xef, 0xff,
    0xff, 0xff, 0xff, 0xff, 0xff, 0x0, 0x0, 0x3f,
    0xff, 0xfa, 0x0, 0xef, 0xff, 0xff, 0xff, 0xff,
    0xff, 0xff, 0x0, 0x5, 0xff, 0xff, 0xff, 0x0,
    0xef, 0xfa, 0xac, 0xff, 0xea, 0xbf, 0xff, 0x0,
    0x1e, 0xff, 0xcd, 0xff, 0x40, 0xef, 0xf1, 0x5,
    0xff, 0xc0, 0x3f, 0xff, 0x0, 0x2, 0xda, 0x8,
    0xff, 0x70, 0xef, 0xf1, 0x5, 0xff, 0xc0, 0x3f,
    0xff, 0x0, 0x0, 0x10, 0x7, 0xff, 0x90, 0xef,
    0xf1, 0x5, 0xff, 0xc0, 0x3f, 0xff, 0x0, 0x0,
    0x0, 0xe, 0xff, 0xb0, 0xef, 0xf1, 0x5, 0xff,
    0xc0, 0x3f, 0xff, 0x0, 0x0, 0x0, 0xbf, 0xff,
    0xc0, 0xef, 0xfa, 0xac, 0xff, 0xea, 0xbf, 0xff,
    0x0, 0x0, 0x9, 0xff, 0xff, 0xc0, 0xef, 0xff,
    0xff, 0xff, 0xff, 0xff, 0xff, 0x0, 0x0, 0x9f,
    0xff, 0xff, 0xc0, 0xef, 0xff, 0xff, 0xff, 0xff,
    0xff, 0xff, 0x0, 0x1c, 0xff, 0xf9, 0xff, 0xc0,
    0x0, 0x0, 0x6, 0xff, 0xc0, 0x3, 0x50, 0x0,
    0xb, 0xff, 0x83, 0xff, 0xc0, 0x0, 0x0, 0x5,
    0xff, 0xc2, 0xef, 0xf1, 0x0, 0x0, 0xc7, 0x4,
    0xff, 0xb0, 0x0, 0x0, 0x5, 0xff, 0xc0, 0xdf,
    0xf7, 0x0, 0x0, 0x0, 0x5, 0xff, 0x90, 0x0,
    0x0, 0x5, 0xff, 0xc0, 0x6f, 0xfd, 0x0, 0x0,
    0x0, 0x8, 0xff, 0x70, 0x0, 0x1, 0x38, 0xff,
    0xeb, 0xdf, 0xff, 0x30, 0x0, 0x0, 0x1d, 0xff,
    0x6c, 0xde, 0xff, 0xff, 0xff, 0xff, 0xff, 0xff,
    0x90, 0x4, 0xee, 0xff, 0xff, 0x1f, 0xff, 0xff,
    0xff, 0xff, 0xff, 0xff, 0xff, 0xe0, 0x0, 0xef,
    0xff, 0xf7, 0xe, 0xff, 0xff, 0xfe, 0xcb, 0x97,
    0x54, 0xff, 0xf4, 0x0, 0xbf, 0xfd, 0x70, 0x6,
    0x75, 0x32, 0x0, 0x0, 0x0, 0x0, 0xbc, 0x61,
    0x0, 0x0, 0x0, 0x0, 0x0, 0x0, 0x0, 0x0,
    0x0, 0x0, 0x0, 0x0, 0x0,

    /* U+7387 "率" */
    0x0, 0x0, 0x0, 0x0, 0x0, 0x0, 0x20, 0x0,
    0x0, 0x0, 0x0, 0x0, 0x0, 0x0, 0x0, 0x0,
    0x0, 0x1b, 0xef, 0x50, 0x0, 0x0, 0x0, 0x0,
    0x0, 0x0, 0x0, 0x0, 0x0, 0x0, 0xbf, 0xfe,
    0x10, 0x0, 0x0, 0x0, 0x0, 0x1, 0xff, 0xff,
    0xff, 0xff, 0xff, 0xff, 0xff, 0xff, 0xff, 0xff,
    0xff, 0xa0, 0x1f, 0xff, 0xff, 0xff, 0xff, 0xff,
    0xff, 0xff, 0xff, 0xff, 0xff, 0xfa, 0x1, 0xdd,
    0xdd, 0xdd, 0xdd, 0xef, 0xff, 0xdd, 0xdd, 0xdd,
    0xdd, 0xdd, 0x80, 0x0, 0x44, 0x0, 0x0, 0xc,
    0xff, 0x40, 0x5c, 0x30, 0x1, 0x92, 0x0, 0x0,
    0x7f, 0xfa, 0x10, 0x9, 0xff, 0x70, 0x3f, 0xff,
    0x20, 0xcf, 0xf7, 0x0, 0x7, 0xff, 0xfe, 0x39,
    0xff, 0xff, 0xff, 0xff, 0x61, 0xcf, 0xfe, 0x30,
    0x0, 0x2, 0xdf, 0xf6, 0x7f, 0xff, 0xff, 0xff,
    0x70, 0xaf, 0xfd, 0x20, 0x0, 0x0, 0x0, 0xb4,
    0x2, 0xca, 0xaf, 0xff, 0x71, 0x0, 0x7b, 0x10,
    0x0, 0x0, 0x0, 0x0, 0x68, 0x0, 0x2d, 0xff,
    0xbd, 0xf2, 0x1b, 0x50, 0x0, 0x0, 0x0, 0x18,
    0xef, 0xe0, 0x4e, 0xff, 0x51, 0xff, 0xce, 0xff,
    0xb2, 0x0, 0x3, 0xaf, 0xff, 0xff, 0x9f, 0xff,
    0xed, 0xff, 0xff, 0xdf, 0xff, 0xf6, 0x0, 0x7f,
    0xff, 0xe7, 0x1f, 0xff, 0xff, 0xff, 0xff, 0xfd,
    0x3d, 0xff, 0xf8, 0x0, 0xef, 0x81, 0x0, 0xcf,
    0xec, 0xb9, 0x76, 0x9f, 0xf3, 0xa, 0xfb, 0x10,
    0x3, 0x10, 0x0, 0x2, 0x10, 0x9e, 0xea, 0x1,
    0x60, 0x0, 0x5, 0x0, 0x1, 0x22, 0x22, 0x22,
    0x22, 0x2b, 0xff, 0xc2, 0x22, 0x22, 0x22, 0x22,
    0x20, 0xcf, 0xff, 0xff, 0xff, 0xff, 0xff, 0xff,
    0xff, 0xff, 0xff, 0xff, 0xff, 0xc, 0xff, 0xff,
    0xff, 0xff, 0xff, 0xff, 0xff, 0xff, 0xff, 0xff,
    0xff, 0xf0, 0x9c, 0xcc, 0xcc, 0xcc, 0xcc, 0xef,
    0xfe, 0xcc, 0xcc, 0xcc, 0xcc, 0xcc, 0x0, 0x0,
    0x0, 0x0, 0x0, 0xa, 0xff, 0xb0, 0x0, 0x0,
    0x0, 0x0, 0x0, 0x0, 0x0, 0x0, 0x0, 0x0,
    0xaf, 0xfb, 0x0, 0x0, 0x0, 0x0, 0x0, 0x0,
    0x0, 0x0, 0x0, 0x0, 0xa, 0xff, 0xb0, 0x0,
    0x0, 0x0, 0x0, 0x0, 0x0, 0x0, 0x0, 0x0,
    0x0, 0xaf, 0xfb, 0x0, 0x0, 0x0, 0x0, 0x0,
    0x0,

    /* U+73B0 "现" */
    0x0, 0x0, 0x0, 0x0, 0x0, 0x2, 0x22, 0x22,
    0x22, 0x22, 0x22, 0x22, 0x0, 0x1d, 0xdd, 0xdd,
    0xdd, 0xdd, 0x2f, 0xff, 0xff, 0xff, 0xff, 0xff,
    0xfc, 0x0, 0x1f, 0xff, 0xff, 0xff, 0xff, 0x2f,
    0xff, 0xff, 0xff, 0xff, 0xff, 0xfc, 0x0, 0x1f,
    0xff, 0xff, 0xff, 0xff, 0x2f, 0xff, 0x99, 0x99,
    0x99, 0xaf, 0xfc, 0x0, 0x1, 0x11, 0xff, 0xf2,
    0x11, 0x1f, 0xfd, 0x0, 0x0, 0x0, 0x4f, 0xfc,
    0x0, 0x0, 0x0, 0xef, 0xf1, 0x0, 0x1f, 0xfd,
    0x0, 0x77, 0x60, 0x4f, 0xfc, 0x0, 0x0, 0x0,
    0xef, 0xf1, 0x0, 0x1f, 0xfd, 0x1, 0xff, 0xd0,
    0x4f, 0xfc, 0x0, 0x0, 0x0, 0xef, 0xf1, 0x0,
    0x1f, 0xfd, 0x1, 0xff, 0xd0, 0x4f, 0xfc, 0x0,
    0x0, 0x0, 0xef, 0xf2, 0x0, 0x1f, 0xfd, 0x1,
    0xff, 0xd0, 0x4f, 0xfc, 0x0, 0xb, 0xff, 0xff,
    0xff, 0xf8, 0x1f, 0xfd, 0x1, 0xff, 0xd0, 0x4f,
    0xfc, 0x0, 0xb, 0xff, 0xff, 0xff, 0xf8, 0x1f,
    0xfd, 0x1, 0xff, 0xc0, 0x4f, 0xfc, 0x0, 0x9,
    0xdd, 0xff, 0xfd, 0xd6, 0x1f, 0xfd, 0x2, 0xff,
    0xb0, 0x4f, 0xfc, 0x0, 0x0, 0x0, 0xef, 0xf1,
    0x0, 0x1f, 0xfd, 0x4, 0xff, 0x90, 0x4f, 0xfc,
    0x0, 0x0, 0x0, 0xef, 0xf1, 0x0, 0x1f, 0xfd,
    0x7, 0xff, 0x70, 0x4f, 0xfc, 0x0, 0x0, 0x0,
    0xef, 0xf1, 0x0, 0x1e, 0xec, 0xb, 0xff, 0x40,
    0x3e, 0xeb, 0x0, 0x0, 0x0, 0xef, 0xf1, 0x0,
    0x0, 0x0, 0x1f, 0xff, 0xfd, 0x0, 0x0, 0x0,
    0x0, 0x0, 0xef, 0xf1, 0x37, 0x0, 0x0, 0x7f,
    0xff, 0xfd, 0x0, 0x0, 0x0, 0x0, 0x0, 0xef,
    0xff, 0xff, 0x20, 0x1, 0xef, 0xff, 0xfd, 0x0,
    0x2, 0x0, 0x16, 0xae, 0xff, 0xff, 0xff, 0x50,
    0xb, 0xff, 0xbf, 0xfd, 0x0, 0x2f, 0xa1, 0x7f,
    0xff, 0xff, 0xff, 0xc8, 0x20, 0xaf, 0xff, 0x2f,
    0xfd, 0x0, 0x3f, 0xf3, 0x4f, 0xff, 0xea, 0x51,
    0x0, 0x1b, 0xff, 0xf5, 0xf, 0xfd, 0x0, 0x5f,
    0xf1, 0x1c, 0x73, 0x0, 0x0, 0x5, 0xef, 0xff,
    0x70, 0xf, 0xff, 0x54, 0xbf, 0xf0, 0x0, 0x0,
    0x0, 0x0, 0x4f, 0xff, 0xf6, 0x0, 0xd, 0xff,
    0xff, 0xff, 0xa0, 0x0, 0x0, 0x0, 0x0, 0x8,
    0xfd, 0x30, 0x0, 0x3, 0xce, 0xff, 0xeb, 0x10,
    0x0, 0x0, 0x0, 0x0, 0x0, 0x50, 0x0, 0x0,
    0x0, 0x0, 0x0, 0x0, 0x0,

    /* U+7406 "理" */
    0xc, 0xdd, 0xdd, 0xdd, 0xd8, 0x2f, 0xff, 0xff,
    0xff, 0xff, 0xff, 0xff, 0x10, 0xf, 0xff, 0xff,
    0xff, 0xfb, 0x2f, 0xff, 0xff, 0xff, 0xff, 0xff,
    0xff, 0x10, 0xf, 0xff, 0xff, 0xff, 0xfb, 0x2f,
    0xfd, 0x66, 0xef, 0xe6, 0x6e, 0xff, 0x10, 0x1,
    0x12, 0xff, 0xe1, 0x10, 0x2f, 0xfb, 0x0, 0xdf,
    0xc0, 0xe, 0xff, 0x10, 0x0, 0x1, 0xff, 0xe0,
    0x0, 0x2f, 0xfc, 0x22, 0xef, 0xd2, 0x2e, 0xff,
    0x10, 0x0, 0x1, 0xff, 0xe0, 0x0, 0x2f, 0xff,
    0xff, 0xff, 0xff, 0xff, 0xff, 0x10, 0x0, 0x1,
    0xff, 0xe0, 0x0, 0x2f, 0xff, 0xff, 0xff, 0xff,
    0xff, 0xff, 0x10, 0x1, 0x13, 0xff, 0xe1, 0x10,
    0x2f, 0xfc, 0x44, 0xef, 0xd4, 0x4e, 0xff, 0x10,
    0xb, 0xff, 0xff, 0xff, 0xf4, 0x2f, 0xfb, 0x0,
    0xdf, 0xc0, 0xe, 0xff, 0x10, 0xb, 0xff, 0xff,
    0xff, 0xf4, 0x2f, 0xfd, 0x77, 0xef, 0xe7, 0x7f,
    0xff, 0x10, 0x8, 0xcc, 0xff, 0xfc, 0xc3, 0x2f,
    0xff, 0xff, 0xff, 0xff, 0xff, 0xff, 0x10, 0x0,
    0x1, 0xff, 0xe0, 0x0, 0x2f, 0xff, 0xff, 0xff,
    0xff, 0xff, 0xff, 0x10, 0x0, 0x1, 0xff, 0xe0,
    0x0, 0x2, 0x22, 0x24, 0xff, 0xf3, 0x22, 0x22,
    0x0, 0x0, 0x1, 0xff, 0xe0, 0x0, 0x0, 0x0,
    0x2, 0xff, 0xf1, 0x0, 0x0, 0x0, 0x0, 0x1,
    0xff, 0xe0, 0x0, 0x3c, 0xcc, 0xcc, 0xff, 0xfc,
    0xcc, 0xcc, 0x70, 0x0, 0x1, 0xff, 0xe6, 0xb8,
    0x4f, 0xff, 0xff, 0xff, 0xff, 0xff, 0xff, 0x90,
    0x0, 0x2, 0xff, 0xff, 0xfb, 0x4f, 0xff, 0xff,
    0xff, 0xff, 0xff, 0xff, 0x90, 0x18, 0xdf, 0xff,
    0xff, 0xff, 0x0, 0x0, 0x2, 0xff, 0xf2, 0x0,
    0x0, 0x0, 0x1f, 0xff, 0xff, 0xfe, 0x83, 0x0,
    0x0, 0x2, 0xff, 0xf1, 0x0, 0x0, 0x0, 0xd,
    0xff, 0xe9, 0x30, 0x15, 0x55, 0x55, 0x56, 0xff,
    0xf6, 0x55, 0x55, 0x52, 0x9, 0x94, 0x0, 0x0,
    0x5f, 0xff, 0xff, 0xff, 0xff, 0xff, 0xff, 0xff,
    0xf7, 0x0, 0x0, 0x0, 0x0, 0x5f, 0xff, 0xff,
    0xff, 0xff, 0xff, 0xff, 0xff, 0xf7, 0x0, 0x0,
    0x0, 0x0, 0x28, 0x88, 0x88, 0x88, 0x88, 0x88,
    0x88, 0x88, 0x83,

    /* U+751F "生" */
    0x0, 0x0, 0x35, 0x10, 0x0, 0x5e, 0xec, 0x0,
    0x0, 0x0, 0x0, 0x0, 0x0, 0x0, 0xb, 0xff,
    0xa0, 0x6, 0xff, 0xe0, 0x0, 0x0, 0x0, 0x0,
    0x0, 0x0, 0x0, 0xff, 0xf7, 0x0, 0x6f, 0xfe,
    0x0, 0x0, 0x0, 0x0, 0x0, 0x0, 0x0, 0x6f,
    0xff, 0x10, 0x6, 0xff, 0xe0, 0x0, 0x0, 0x0,
    0x0, 0x0, 0x0, 0xc, 0xff, 0xc2, 0x22, 0x7f,
    0xfe, 0x22, 0x22, 0x22, 0x22, 0x10, 0x0, 0x4,
    0xff, 0xff, 0xff, 0xff, 0xff, 0xff, 0xff, 0xff,
    0xff, 0xfb, 0x0, 0x0, 0xcf, 0xff, 0xff, 0xff,
    0xff, 0xff, 0xff, 0xff, 0xff, 0xff, 0xb0, 0x0,
    0x5f, 0xff, 0xee, 0xee, 0xef, 0xff, 0xfe, 0xee,
    0xee, 0xee, 0xea, 0x0, 0x1e, 0xff, 0xb0, 0x0,
    0x0, 0x6f, 0xfe, 0x0, 0x0, 0x0, 0x0, 0x0,
    0xb, 0xff, 0xf2, 0x0, 0x0, 0x6, 0xff, 0xe0,
    0x0, 0x0, 0x0, 0x0, 0x0, 0x7, 0xf7, 0x0,
    0x0, 0x0, 0x6f, 0xfe, 0x0, 0x0, 0x0, 0x0,
    0x0, 0x0, 0x1, 0x0, 0x0, 0x0, 0x6, 0xff,
    0xe0, 0x0, 0x0, 0x0, 0x0, 0x0, 0x0, 0x7,
    0xff, 0xff, 0xff, 0xff, 0xff, 0xff, 0xff, 0xff,
    0xfa, 0x0, 0x0, 0x0, 0x7f, 0xff, 0xff, 0xff,
    0xff, 0xff, 0xff, 0xff, 0xff, 0xb0, 0x0, 0x0,
    0x7, 0xff, 0xff, 0xff, 0xff, 0xff, 0xff, 0xff,
    0xff, 0xfb, 0x0, 0x0, 0x0, 0x1, 0x11, 0x11,
    0x16, 0xff, 0xe1, 0x11, 0x11, 0x11, 0x0, 0x0,
    0x0, 0x0, 0x0, 0x0, 0x0, 0x6f, 0xfe, 0x0,
    0x0, 0x0, 0x0, 0x0, 0x0, 0x0, 0x0, 0x0,
    0x0, 0x6, 0xff, 0xe0, 0x0, 0x0, 0x0, 0x0,
    0x0, 0x0, 0x0, 0x0, 0x0, 0x0, 0x6f, 0xfe,
    0x0, 0x0, 0x0, 0x0, 0x0, 0x0, 0x0, 0x0,
    0x0, 0x0, 0x6, 0xff, 0xe0, 0x0, 0x0, 0x0,
    0x0, 0x0, 0x37, 0x77, 0x77, 0x77, 0x77, 0xaf,
    0xff, 0x77, 0x77, 0x77, 0x77, 0x77, 0x7, 0xff,
    0xff, 0xff, 0xff, 0xff, 0xff, 0xff, 0xff, 0xff,
    0xff, 0xff, 0xf0, 0x7f, 0xff, 0xff, 0xff, 0xff,
    0xff, 0xff, 0xff, 0xff, 0xff, 0xff, 0xff, 0x4,
    0x99, 0x99, 0x99, 0x99, 0x99, 0x99, 0x99, 0x99,
    0x99, 0x99, 0x99, 0x90,

    /* U+7528 "用" */
    0x0, 0x0, 0x44, 0x44, 0x44, 0x44, 0x44, 0x44,
    0x44, 0x44, 0x44, 0x43, 0x0, 0x2, 0xff, 0xff,
    0xff, 0xff, 0xff, 0xff, 0xff, 0xff, 0xff, 0xfd,
    0x0, 0x2, 0xff, 0xff, 0xff, 0xff, 0xff, 0xff,
    0xff, 0xff, 0xff, 0xfd, 0x0, 0x2, 0xff, 0xfb,
    0xbb, 0xbc, 0xff, 0xfb, 0xbb, 0xbb, 0xdf, 0xfd,
    0x0, 0x2, 0xff, 0xe0, 0x0, 0x2, 0xff, 0xf0,
    0x0, 0x0, 0x4f, 0xfd, 0x0, 0x2, 0xff, 0xe0,
    0x0, 0x2, 0xff, 0xf0, 0x0, 0x0, 0x4f, 0xfd,
    0x0, 0x2, 0xff, 0xf2, 0x22, 0x24, 0xff, 0xf2,
    0x22, 0x22, 0x6f, 0xfd, 0x0, 0x2, 0xff, 0xff,
    0xff, 0xff, 0xff, 0xff, 0xff, 0xff, 0xff, 0xfd,
    0x0, 0x2, 0xff, 0xff, 0xff, 0xff, 0xff, 0xff,
    0xff, 0xff, 0xff, 0xfd, 0x0, 0x2, 0xff, 0xfc,
    0xcc, 0xcd, 0xff, 0xfc, 0xcc, 0xcc, 0xdf, 0xfd,
    0x0, 0x2, 0xff, 0xe0, 0x0, 0x2, 0xff, 0xf0,
    0x0, 0x0, 0x4f, 0xfd, 0x0, 0x3, 0xff, 0xe0,
    0x0, 0x2, 0xff, 0xf0, 0x0, 0x0, 0x4f, 0xfd,
    0x0, 0x3, 0xff, 0xd0, 0x0, 0x3, 0xff, 0xf0,
    0x0, 0x0, 0x5f, 0xfd, 0x0, 0x4, 0xff, 0xff,
    0xff, 0xff, 0xff, 0xff, 0xff, 0xff, 0xff, 0xfd,
    0x0, 0x6, 0xff, 0xff, 0xff, 0xff, 0xff, 0xff,
    0xff, 0xff, 0xff, 0xfd, 0x0, 0x9, 0xff, 0xfe,
    0xee, 0xee, 0xff, 0xfe, 0xee, 0xee, 0xef, 0xfd,
    0x0, 0xc, 0xff, 0x50, 0x0, 0x2, 0xff, 0xf0,
    0x0, 0x0, 0x4f, 0xfd, 0x0, 0x1f, 0xff, 0x20,
    0x0, 0x2, 0xff, 0xf0, 0x0, 0x0, 0x4f, 0xfd,
    0x0, 0x7f, 0xfd, 0x0, 0x0, 0x2, 0xff, 0xf0,
    0x0, 0x0, 0x4f, 0xfd, 0x1, 0xef, 0xf8, 0x0,
    0x0, 0x2, 0xff, 0xf0, 0x0, 0x0, 0x5f, 0xfd,
    0xa, 0xff, 0xf1, 0x0, 0x0, 0x2, 0xff, 0xf0,
    0x9f, 0xff, 0xff, 0xfb, 0xc, 0xff, 0x80, 0x0,
    0x0, 0x2, 0xff, 0xf0, 0x2f, 0xff, 0xff, 0xf6,
    0x0, 0x9d, 0x0, 0x0, 0x0, 0x1, 0xcc, 0xc0,
    0xd, 0xff, 0xdb, 0x50, 0x0, 0x1, 0x0, 0x0,
    0x0, 0x0, 0x0, 0x0, 0x0, 0x0, 0x0, 0x0,

    /* U+7531 "由" */
    0x0, 0x0, 0x0, 0x0, 0x1, 0x11, 0x0, 0x0,
    0x0, 0x0, 0x0, 0x0, 0x0, 0x0, 0x0, 0xe,
    0xff, 0x40, 0x0, 0x0, 0x0, 0x0, 0x0, 0x0,
    0x0, 0x0, 0xe, 0xff, 0x40, 0x0, 0x0, 0x0,
    0x0, 0x0, 0x0, 0x0, 0x0, 0xe, 0xff, 0x40,
    0x0, 0x0, 0x0, 0x0, 0x0, 0x0, 0x0, 0x0,
    0xe, 0xff, 0x40, 0x0, 0x0, 0x0, 0x0, 0x12,
    0x22, 0x22, 0x22, 0x2f, 0xff, 0x62, 0x22, 0x22,
    0x22, 0x20, 0x7f, 0xff, 0xff, 0xff, 0xff, 0xff,
    0xff, 0xff, 0xff, 0xff, 0xf5, 0x7f, 0xff, 0xff,
    0xff, 0xff, 0xff, 0xff, 0xff, 0xff, 0xff, 0xf5,
    0x7f, 0xff, 0xff, 0xff, 0xff, 0xff, 0xff, 0xff,
    0xff, 0xff, 0xf5, 0x7f, 0xfa, 0x0, 0x0, 0xe,
    0xff, 0x40, 0x0, 0x0, 0xef, 0xf5, 0x7f, 0xfa,
    0x0, 0x0, 0xe, 0xff, 0x40, 0x0, 0x0, 0xef,
    0xf5, 0x7f, 0xfa, 0x0, 0x0, 0xe, 0xff, 0x40,
    0x0, 0x0, 0xef, 0xf5, 0x7f, 0xfa, 0x0, 0x0,
    0xe, 0xff, 0x40, 0x0, 0x0, 0xef, 0xf5, 0x7f,
    0xff, 0xdd, 0xdd, 0xdf, 0xff, 0xed, 0xdd, 0xdd,
    0xff, 0xf5, 0x7f, 0xff, 0xff, 0xff, 0xff, 0xff,
    0xff, 0xff, 0xff, 0xff, 0xf5, 0x7f, 0xff, 0xff,
    0xff, 0xff, 0xff, 0xff, 0xff, 0xff, 0xff, 0xf5,
    0x7f, 0xfb, 0x33, 0x33, 0x3f, 0xff, 0x73, 0x33,
    0x33, 0xff, 0xf5, 0x7f, 0xfa, 0x0, 0x0, 0xe,
    0xff, 0x40, 0x0, 0x0, 0xef, 0xf5, 0x7f, 0xfa,
    0x0, 0x0, 0xe, 0xff, 0x40, 0x0, 0x0, 0xef,
    0xf5, 0x7f, 0xfa, 0x0, 0x0, 0xe, 0xff, 0x40,
    0x0, 0x0, 0xef, 0xf5, 0x7f, 0xfa, 0x0, 0x0,
    0xe, 0xff, 0x50, 0x0, 0x0, 0xef, 0xf5, 0x7f,
    0xff, 0xff, 0xff, 0xff, 0xff, 0xff, 0xff, 0xff,
    0xff, 0xf5, 0x7f, 0xff, 0xff, 0xff, 0xff, 0xff,
    0xff, 0xff, 0xff, 0xff, 0xf5, 0x7f, 0xff, 0xff,
    0xff, 0xff, 0xff, 0xff, 0xff, 0xff, 0xff, 0xf5,
    0x7f, 0xfa, 0x0, 0x0, 0x0, 0x0, 0x0, 0x0,
    0x0, 0xef, 0xf5, 0x0, 0x0, 0x0, 0x0, 0x0,
    0x0, 0x0, 0x0, 0x0, 0x0, 0x0,

    /* U+7535 "电" */
    0x0, 0x0, 0x0, 0x0, 0xa, 0xbb, 0x50, 0x0,
    0x0, 0x0, 0x0, 0x0, 0x0, 0x0, 0x0, 0x0,
    0xe, 0xff, 0x70, 0x0, 0x0, 0x0, 0x0, 0x0,
    0x0, 0x0, 0x0, 0x0, 0xe, 0xff, 0x70, 0x0,
    0x0, 0x0, 0x0, 0x0, 0x1, 0x23, 0x11, 0x11,
    0x1f, 0xff, 0x81, 0x11, 0x11, 0x11, 0x10, 0x0,
    0x1f, 0xff, 0xff, 0xff, 0xff, 0xff, 0xff, 0xff,
    0xff, 0xff, 0xc0, 0x0, 0x1f, 0xff, 0xff, 0xff,
    0xff, 0xff, 0xff, 0xff, 0xff, 0xff, 0xc0, 0x0,
    0x1f, 0xff, 0xff, 0xff, 0xff, 0xff, 0xff, 0xff,
    0xff, 0xff, 0xc0, 0x0, 0x1f, 0xff, 0x10, 0x0,
    0xe, 0xff, 0x70, 0x0, 0x9, 0xff, 0xc0, 0x0,
    0x1f, 0xff, 0x10, 0x0, 0xe, 0xff, 0x70, 0x0,
    0x9, 0xff, 0xc0, 0x0, 0x1f, 0xff, 0xdd, 0xdd,
    0xdf, 0xff, 0xed, 0xdd, 0xde, 0xff, 0xc0, 0x0,
    0x1f, 0xff, 0xff, 0xff, 0xff, 0xff, 0xff, 0xff,
    0xff, 0xff, 0xc0, 0x0, 0x1f, 0xff, 0xff, 0xff,
    0xff, 0xff, 0xff, 0xff, 0xff, 0xff, 0xc0, 0x0,
    0x1f, 0xff, 0x20, 0x0, 0xe, 0xff, 0x70, 0x0,
    0xa, 0xff, 0xc0, 0x0, 0x1f, 0xff, 0x10, 0x0,
    0xe, 0xff, 0x70, 0x0, 0x9, 0xff, 0xc0, 0x0,
    0x1f, 0xff, 0x54, 0x44, 0x4f, 0xff, 0x94, 0x44,
    0x4b, 0xff, 0xc0, 0x0, 0x1f, 0xff, 0xff, 0xff,
    0xff, 0xff, 0xff, 0xff, 0xff, 0xff, 0xc0, 0x0,
    0x1f, 0xff, 0xff, 0xff, 0xff, 0xff, 0xff, 0xff,
    0xff, 0xff, 0xc0, 0x0, 0x1f, 0xff, 0xdc, 0xcc,
    0xcf, 0xff, 0xec, 0xcc, 0xcc, 0xcc, 0xd0, 0x0,
    0x1f, 0xff, 0x10, 0x0, 0xe, 0xff, 0x70, 0x0,
    0x0, 0x0, 0xef, 0x92, 0x5, 0x55, 0x0, 0x0,
    0xe, 0xff, 0x70, 0x0, 0x0, 0x1, 0xff, 0xf3,
    0x0, 0x0, 0x0, 0x0, 0xd, 0xff, 0xc3, 0x22,
    0x22, 0x29, 0xff, 0xf0, 0x0, 0x0, 0x0, 0x0,
    0xa, 0xff, 0xff, 0xff, 0xff, 0xff, 0xff, 0xb0,
    0x0, 0x0, 0x0, 0x0, 0x4, 0xff, 0xff, 0xff,
    0xff, 0xff, 0xff, 0x40, 0x0, 0x0, 0x0, 0x0,
    0x0, 0x5b, 0xef, 0xff, 0xff, 0xff, 0xc4, 0x0,

    /* U+753B "画" */
    0x1c, 0xcc, 0xcc, 0xcc, 0xcc, 0xcc, 0xcc, 0xcc,
    0xcc, 0xcc, 0xcc, 0xc8, 0x2f, 0xff, 0xff, 0xff,
    0xff, 0xff, 0xff, 0xff, 0xff, 0xff, 0xff, 0xfa,
    0x2f, 0xff, 0xff, 0xff, 0xff, 0xff, 0xff, 0xff,
    0xff, 0xff, 0xff, 0xfa, 0x2, 0x22, 0x22, 0x22,
    0x22, 0x22, 0x22, 0x22, 0x22, 0x22, 0x22, 0x21,
    0x0, 0x0, 0x0, 0x0, 0x0, 0x0, 0x0, 0x0,
    0x0, 0x0, 0x0, 0x0, 0x0, 0x0, 0x0, 0x88,
    0x88, 0x88, 0x88, 0x88, 0x88, 0x10, 0x0, 0x0,
    0x0, 0x0, 0x0, 0xff, 0xff, 0xff, 0xff, 0xff,
    0xff, 0x30, 0x0, 0x0, 0xb, 0xdd, 0x40, 0xff,
    0xff, 0xff, 0xff, 0xff, 0xff, 0x30, 0xff, 0xf1,
    0xd, 0xff, 0x50, 0xff, 0x80, 0x5f, 0xf5, 0x6,
    0xff, 0x30, 0xff, 0xf1, 0xd, 0xff, 0x50, 0xff,
    0x70, 0x5f, 0xf5, 0x6, 0xff, 0x30, 0xff, 0xf1,
    0xd, 0xff, 0x50, 0xff, 0xff, 0xff, 0xff, 0xff,
    0xff, 0x30, 0xff, 0xf1, 0xd, 0xff, 0x50, 0xff,
    0xff, 0xff, 0xff, 0xff, 0xff, 0x30, 0xff, 0xf1,
    0xd, 0xff, 0x50, 0xff, 0xb6, 0x9f, 0xfa, 0x6a,
    0xff, 0x30, 0xff, 0xf1, 0xd, 0xff, 0x50, 0xff,
    0x70, 0x5f, 0xf5, 0x6, 0xff, 0x30, 0xff, 0xf1,
    0xd, 0xff, 0x50, 0xff, 0x80, 0x5f, 0xf6, 0x6,
    0xff, 0x30, 0xff, 0xf1, 0xd, 0xff, 0x50, 0xff,
    0xff, 0xff, 0xff, 0xff, 0xff, 0x30, 0xff, 0xf1,
    0xd, 0xff, 0x50, 0xff, 0xff, 0xff, 0xff, 0xff,
    0xff, 0x30, 0xff, 0xf1, 0xd, 0xff, 0x50, 0x88,
    0x88, 0x88, 0x88, 0x88, 0x88, 0x10, 0xff, 0xf1,
    0xd, 0xff, 0x50, 0x0, 0x0, 0x0, 0x0, 0x0,
    0x0, 0x0, 0xff, 0xf1, 0xd, 0xff, 0xee, 0xee,
    0xee, 0xee, 0xee, 0xee, 0xee, 0xee, 0xff, 0xf1,
    0xd, 0xff, 0xff, 0xff, 0xff, 0xff, 0xff, 0xff,
    0xff, 0xff, 0xff, 0xf1, 0xd, 0xff, 0xff, 0xff,
    0xff, 0xff, 0xff, 0xff, 0xff, 0xff, 0xff, 0xf1,
    0x0, 0x0, 0x0, 0x0, 0x0, 0x0, 0x0, 0x0,
    0x0, 0x1, 0xff, 0xf1,

    /* U+7565 "略" */
    0x0, 0x0, 0x0, 0x0, 0x0, 0x0, 0x0, 0x10,
    0x0, 0x0, 0x0, 0x0, 0x0, 0x0, 0x0, 0x0,
    0x0, 0x0, 0x0, 0xf, 0xd8, 0x0, 0x0, 0x0,
    0x0, 0x29, 0xa9, 0x99, 0x99, 0x99, 0x0, 0x7,
    0xff, 0xc0, 0x0, 0x0, 0x0, 0x4, 0xff, 0xff,
    0xff, 0xff, 0xf0, 0x1, 0xef, 0xfc, 0x99, 0x99,
    0x81, 0x0, 0x4f, 0xff, 0xff, 0xff, 0xff, 0x0,
    0x9f, 0xff, 0xff, 0xff, 0xff, 0xf0, 0x4, 0xff,
    0x1d, 0xf2, 0x6f, 0xf0, 0x5f, 0xff, 0xff, 0xff,
    0xff, 0xfb, 0x0, 0x4f, 0xf0, 0xdf, 0x16, 0xff,
    0x2f, 0xff, 0xd0, 0x0, 0x2f, 0xff, 0x40, 0x4,
    0xff, 0xd, 0xf1, 0x6f, 0xfe, 0xff, 0xff, 0x70,
    0xb, 0xff, 0xc0, 0x0, 0x4f, 0xf0, 0xdf, 0x16,
    0xff, 0xff, 0xef, 0xff, 0x47, 0xff, 0xf2, 0x0,
    0x4, 0xff, 0xd, 0xf2, 0x6f, 0xfd, 0xf3, 0x6f,
    0xff, 0xff, 0xf7, 0x0, 0x0, 0x4f, 0xff, 0xff,
    0xff, 0xff, 0x13, 0x0, 0xaf, 0xff, 0xfa, 0x0,
    0x0, 0x4, 0xff, 0xff, 0xff, 0xff, 0xf0, 0x0,
    0x7, 0xff, 0xff, 0x70, 0x0, 0x0, 0x4f, 0xf8,
    0xef, 0x8b, 0xff, 0x0, 0x1a, 0xff, 0xff, 0xff,
    0xb1, 0x0, 0x4, 0xff, 0xd, 0xf1, 0x6f, 0xf0,
    0x5e, 0xff, 0xfb, 0xcf, 0xff, 0xf9, 0x20, 0x4f,
    0xf0, 0xdf, 0x16, 0xff, 0xdf, 0xff, 0xf7, 0x0,
    0x9f, 0xff, 0xff, 0x54, 0xff, 0xd, 0xf1, 0x6f,
    0xff, 0xff, 0xe5, 0x22, 0x22, 0x6e, 0xff, 0xa0,
    0x4f, 0xf0, 0xdf, 0x16, 0xff, 0xbf, 0xff, 0xff,
    0xff, 0xff, 0xff, 0xe0, 0x4, 0xff, 0x3e, 0xf4,
    0x8f, 0xf1, 0xbf, 0xff, 0xff, 0xff, 0xff, 0xf8,
    0x0, 0x4f, 0xff, 0xff, 0xff, 0xff, 0xb, 0xff,
    0xa9, 0x99, 0x9c, 0xff, 0x80, 0x4, 0xff, 0xff,
    0xff, 0xff, 0xf0, 0xbf, 0xf2, 0x0, 0x0, 0x8f,
    0xf8, 0x0, 0x4f, 0xf7, 0x77, 0x77, 0x77, 0xb,
    0xff, 0x20, 0x0, 0x8, 0xff, 0x80, 0x4, 0xff,
    0x0, 0x0, 0x0, 0x0, 0xbf, 0xf3, 0x0, 0x0,
    0x8f, 0xf8, 0x0, 0x29, 0x90, 0x0, 0x0, 0x0,
    0xb, 0xff, 0xff, 0xff, 0xff, 0xff, 0x80, 0x0,
    0x0, 0x0, 0x0, 0x0, 0x0, 0xbf, 0xff, 0xff,
    0xff, 0xff, 0xf8, 0x0, 0x0, 0x0, 0x0, 0x0,
    0x0, 0xb, 0xff, 0xbb, 0xbb, 0xbd, 0xff, 0x80,
    0x0, 0x0, 0x0, 0x0, 0x0, 0x0, 0x0, 0x0,
    0x0, 0x0, 0x0, 0x0, 0x0,

    /* U+767B "登" */
    0x0, 0x0, 0x0, 0x0, 0x1, 0x20, 0x3, 0x8b,
    0x0, 0x7, 0x30, 0x0, 0x0, 0x0, 0x8f, 0xff,
    0xff, 0xff, 0xfd, 0x5d, 0xff, 0x50, 0x8f, 0xf8,
    0x0, 0x0, 0x0, 0x8f, 0xff, 0xff, 0xff, 0xff,
    0xa6, 0xff, 0xda, 0xff, 0xf6, 0x0, 0x0, 0x0,
    0x47, 0x77, 0x77, 0xaf, 0xff, 0x30, 0xdf, 0xff,
    0xfd, 0x30, 0x73, 0x0, 0x0, 0xa, 0x80, 0x0,
    0xdf, 0xfa, 0x0, 0x4f, 0xff, 0xc0, 0x8, 0xff,
    0x70, 0x0, 0x8f, 0xfd, 0x2a, 0xff, 0xf1, 0x0,
    0xa, 0xff, 0xf3, 0xaf, 0xff, 0x40, 0x0, 0x1b,
    0xff, 0xff, 0xff, 0x60, 0x0, 0x1, 0xef, 0xff,
    0xff, 0xd2, 0x0, 0x0, 0x0, 0x8f, 0xff, 0xff,
    0xff, 0xff, 0xff, 0xff, 0xff, 0xfc, 0x0, 0x0,
    0x0, 0x0, 0xaf, 0xff, 0xef, 0xff, 0xff, 0xff,
    0xff, 0xff, 0xff, 0x91, 0x0, 0x0, 0x4d, 0xff,
    0xf9, 0x38, 0x88, 0x88, 0x88, 0x87, 0x4f, 0xff,
    0xfe, 0x70, 0x1b, 0xff, 0xff, 0x70, 0x0, 0x0,
    0x0, 0x0, 0x0, 0x3, 0xef, 0xff, 0xf8, 0xa,
    0xff, 0xce, 0xff, 0xff, 0xff, 0xff, 0xff, 0xff,
    0xff, 0xe9, 0xff, 0xb0, 0x0, 0xc6, 0xd, 0xff,
    0xff, 0xff, 0xff, 0xff, 0xff, 0xff, 0xe0, 0x29,
    0x10, 0x0, 0x0, 0xd, 0xff, 0x96, 0x66, 0x66,
    0x66, 0x6b, 0xff, 0xe0, 0x0, 0x0, 0x0, 0x0,
    0xd, 0xff, 0x50, 0x0, 0x0, 0x0, 0x7, 0xff,
    0xe0, 0x0, 0x0, 0x0, 0x0, 0xd, 0xff, 0x85,
    0x55, 0x55, 0x55, 0x5a, 0xff, 0xe0, 0x0, 0x0,
    0x0, 0x0, 0xd, 0xff, 0xff, 0xff, 0xff, 0xff,
    0xff, 0xff, 0xe0, 0x0, 0x0, 0x0, 0x0, 0xd,
    0xff, 0xff, 0xff, 0xff, 0xff, 0xff, 0xff, 0xe0,
    0x0, 0x0, 0x0, 0x0, 0x2, 0x28, 0xdf, 0x42,
    0x22, 0x22, 0xed, 0xa4, 0x20, 0x0, 0x0, 0x0,
    0x0, 0x0, 0xb, 0xff, 0xa0, 0x0, 0x4, 0xff,
    0xe0, 0x0, 0x0, 0x0, 0x0, 0x0, 0x0, 0x3,
    0xff, 0xd0, 0x0, 0xc, 0xff, 0x60, 0x0, 0x0,
    0x0, 0x3, 0xff, 0xff, 0xff, 0xff, 0xff, 0xff,
    0xff, 0xff, 0xff, 0xff, 0xff, 0xb0, 0x4, 0xff,
    0xff, 0xff, 0xff, 0xff, 0xff, 0xff, 0xff, 0xff,
    0xff, 0xff, 0xc0, 0x2, 0xbb, 0xbb, 0xbb, 0xbb,
    0xbb, 0xbb, 0xbb, 0xbb, 0xbb, 0xbb, 0xbb, 0x80,

    /* U+7684 "的" */
    0x0, 0x0, 0x10, 0x0, 0x0, 0x0, 0x1, 0x0,
    0x0, 0x0, 0x0, 0x0, 0x0, 0x4f, 0xfc, 0x0,
    0x0, 0x0, 0xce, 0xa2, 0x0, 0x0, 0x0, 0x0,
    0x7, 0xff, 0xc0, 0x0, 0x0, 0x1f, 0xff, 0x20,
    0x0, 0x0, 0x0, 0x0, 0xaf, 0xf6, 0x0, 0x0,
    0x6, 0xff, 0xd0, 0x0, 0x0, 0x0, 0x0, 0xd,
    0xff, 0x10, 0x0, 0x0, 0xbf, 0xf9, 0x22, 0x22,
    0x42, 0x1e, 0xff, 0xff, 0xff, 0xff, 0xd0, 0x1f,
    0xff, 0xff, 0xff, 0xff, 0xfb, 0xef, 0xff, 0xff,
    0xff, 0xfe, 0x9, 0xff, 0xff, 0xff, 0xff, 0xff,
    0xbe, 0xff, 0xcc, 0xcc, 0xff, 0xe1, 0xff, 0xfc,
    0xbb, 0xbb, 0xcf, 0xfa, 0xef, 0xe0, 0x0, 0xe,
    0xfe, 0x9f, 0xfd, 0x0, 0x0, 0x4, 0xff, 0xae,
    0xfe, 0x0, 0x0, 0xef, 0xff, 0xff, 0x50, 0x0,
    0x0, 0x4f, 0xf9, 0xef, 0xe0, 0x0, 0xe, 0xff,
    0xcf, 0xc0, 0x0, 0x0, 0x5, 0xff, 0x9e, 0xfe,
    0x0, 0x0, 0xef, 0xe0, 0x83, 0x6c, 0x0, 0x0,
    0x5f, 0xf8, 0xef, 0xff, 0xff, 0xff, 0xfe, 0x0,
    0x9f, 0xf9, 0x0, 0x6, 0xff, 0x8e, 0xff, 0xff,
    0xff, 0xff, 0xe0, 0x2, 0xff, 0xf4, 0x0, 0x7f,
    0xf7, 0xef, 0xfc, 0xcc, 0xcf, 0xfe, 0x0, 0x8,
    0xff, 0xe0, 0x7, 0xff, 0x6e, 0xfe, 0x0, 0x0,
    0xef, 0xe0, 0x0, 0xe, 0xff, 0x90, 0x8f, 0xf5,
    0xef, 0xe0, 0x0, 0xe, 0xfe, 0x0, 0x0, 0x5f,
    0xff, 0x29, 0xff, 0x4e, 0xfe, 0x0, 0x0, 0xef,
    0xe0, 0x0, 0x0, 0xcf, 0x70, 0xbf, 0xf3, 0xef,
    0xe0, 0x0, 0xe, 0xfe, 0x0, 0x0, 0x2, 0x10,
    0xc, 0xff, 0x2e, 0xfe, 0x0, 0x0, 0xef, 0xe0,
    0x0, 0x0, 0x0, 0x0, 0xef, 0xf0, 0xef, 0xff,
    0xff, 0xff, 0xfe, 0x0, 0x0, 0x0, 0x0, 0x1f,
    0xfe, 0xe, 0xff, 0xff, 0xff, 0xff, 0xe0, 0x0,
    0x0, 0x0, 0x8, 0xff, 0xb0, 0xef, 0xfb, 0xbb,
    0xbb, 0xb9, 0x0, 0x5, 0xff, 0xef, 0xff, 0xf7,
    0xe, 0xfe, 0x0, 0x0, 0x0, 0x0, 0x0, 0xe,
    0xff, 0xff, 0xfe, 0x10, 0x99, 0x90, 0x0, 0x0,
    0x0, 0x0, 0x0, 0xaf, 0xff, 0xea, 0x20, 0x0,
    0x0, 0x0, 0x0, 0x0, 0x0, 0x0, 0x0, 0x0,
    0x0, 0x0, 0x0,

    /* U+76D1 "监" */
    0x0, 0x0, 0x0, 0x0, 0x0, 0x0, 0x0, 0x0,
    0x0, 0x0, 0x0, 0x0, 0x0, 0x3, 0x32, 0x0,
    0xff, 0xf2, 0x0, 0x8, 0xea, 0x50, 0x0, 0x0,
    0x0, 0x2, 0xff, 0xe0, 0xf, 0xff, 0x20, 0x0,
    0xcf, 0xf7, 0x0, 0x0, 0x0, 0x0, 0x2f, 0xfe,
    0x0, 0xff, 0xf2, 0x0, 0x1f, 0xff, 0x20, 0x0,
    0x0, 0x0, 0x2, 0xff, 0xe0, 0xf, 0xff, 0x20,
    0x6, 0xff, 0xf9, 0x99, 0x99, 0x99, 0x0, 0x2f,
    0xfe, 0x0, 0xff, 0xf2, 0x0, 0xdf, 0xff, 0xff,
    0xff, 0xff, 0xf0, 0x2, 0xff, 0xe0, 0xf, 0xff,
    0x20, 0x4f, 0xff, 0xff, 0xff, 0xff, 0xff, 0x0,
    0x2f, 0xfe, 0x0, 0xff, 0xf2, 0xc, 0xff, 0xa3,
    0x33, 0x33, 0x33, 0x30, 0x2, 0xff, 0xe0, 0xf,
    0xff, 0x25, 0xff, 0xf2, 0x1a, 0xd2, 0x0, 0x0,
    0x0, 0x2f, 0xfe, 0x0, 0xff, 0xf4, 0xff, 0xf9,
    0xd, 0xff, 0xe3, 0x0, 0x0, 0x2, 0xff, 0xe0,
    0xf, 0xff, 0x9f, 0xfe, 0x10, 0x3e, 0xff, 0xf4,
    0x0, 0x0, 0x2f, 0xfe, 0x0, 0xff, 0xf2, 0x4e,
    0x40, 0x0, 0x2e, 0xff, 0xf4, 0x0, 0x1, 0xee,
    0xd0, 0xf, 0xff, 0x20, 0x0, 0x0, 0x0, 0x2e,
    0xfe, 0x50, 0x0, 0x0, 0x0, 0x0, 0x9a, 0xa1,
    0x0, 0x0, 0x0, 0x0, 0x3b, 0x10, 0x0, 0x0,
    0x0, 0x0, 0x0, 0x0, 0x0, 0x0, 0x0, 0x0,
    0x0, 0x0, 0x0, 0x0, 0x1, 0xff, 0xff, 0xff,
    0xff, 0xff, 0xff, 0xff, 0xff, 0xff, 0xd0, 0x0,
    0x0, 0x1f, 0xff, 0xff, 0xff, 0xff, 0xff, 0xff,
    0xff, 0xff, 0xfd, 0x0, 0x0, 0x1, 0xff, 0xe8,
    0x8e, 0xff, 0x88, 0xef, 0xf9, 0x8a, 0xff, 0xd0,
    0x0, 0x0, 0x1f, 0xfd, 0x0, 0xdf, 0xf0, 0xc,
    0xff, 0x10, 0x3f, 0xfd, 0x0, 0x0, 0x1, 0xff,
    0xd0, 0xd, 0xff, 0x0, 0xcf, 0xf1, 0x3, 0xff,
    0xd0, 0x0, 0x0, 0x1f, 0xfd, 0x0, 0xdf, 0xf0,
    0xc, 0xff, 0x10, 0x3f, 0xfd, 0x0, 0x0, 0x1,
    0xff, 0xd0, 0xd, 0xff, 0x0, 0xcf, 0xf1, 0x3,
    0xff, 0xd0, 0x0, 0xdf, 0xff, 0xff, 0xff, 0xff,
    0xff, 0xff, 0xff, 0xff, 0xff, 0xff, 0xff, 0x4d,
    0xff, 0xff, 0xff, 0xff, 0xff, 0xff, 0xff, 0xff,
    0xff, 0xff, 0xff, 0xf4, 0xac, 0xcc, 0xcc, 0xcc,
    0xcc, 0xcc, 0xcc, 0xcc, 0xcc, 0xcc, 0xcc, 0xcc,
    0x30,

    /* U+76D6 "盖" */
    0x0, 0x0, 0x3, 0x8d, 0x30, 0x0, 0x0, 0x2,
    0xd9, 0x50, 0x0, 0x0, 0x0, 0x0, 0x9, 0xff,
    0xd0, 0x0, 0x0, 0x8, 0xff, 0xb0, 0x0, 0x0,
    0x0, 0x0, 0x1, 0xff, 0xf5, 0x0, 0x0, 0xe,
    0xff, 0x20, 0x0, 0x0, 0x1, 0x88, 0x88, 0xdf,
    0xfa, 0x88, 0x88, 0xaf, 0xfe, 0x88, 0x88, 0x0,
    0x3, 0xff, 0xff, 0xff, 0xff, 0xff, 0xff, 0xff,
    0xff, 0xff, 0xff, 0x10, 0x2, 0xee, 0xee, 0xee,
    0xee, 0xff, 0xff, 0xee, 0xee, 0xee, 0xee, 0x10,
    0x0, 0x0, 0x0, 0x0, 0x0, 0x8f, 0xfa, 0x0,
    0x0, 0x0, 0x0, 0x0, 0x0, 0xb, 0xff, 0xff,
    0xff, 0xff, 0xff, 0xff, 0xff, 0xff, 0xc0, 0x0,
    0x0, 0xc, 0xff, 0xff, 0xff, 0xff, 0xff, 0xff,
    0xff, 0xff, 0xd0, 0x0, 0x0, 0x5, 0x66, 0x66,
    0x66, 0xbf, 0xfc, 0x66, 0x66, 0x66, 0x50, 0x0,
    0x0, 0x0, 0x0, 0x0, 0x0, 0x9f, 0xfa, 0x0,
    0x0, 0x0, 0x0, 0x0, 0x4f, 0xff, 0xff, 0xff,
    0xff, 0xff, 0xff, 0xff, 0xff, 0xff, 0xff, 0xf4,
    0x4f, 0xff, 0xff, 0xff, 0xff, 0xff, 0xff, 0xff,
    0xff, 0xff, 0xff, 0xf4, 0x16, 0x66, 0x66, 0x66,
    0x66, 0x66, 0x66, 0x66, 0x66, 0x66, 0x66, 0x61,
    0x0, 0x8, 0x88, 0x88, 0x88, 0x88, 0x88, 0x88,
    0x88, 0x88, 0x81, 0x0, 0x0, 0x1f, 0xff, 0xff,
    0xff, 0xff, 0xff, 0xff, 0xff, 0xff, 0xf3, 0x0,
    0x0, 0x1f, 0xff, 0xff, 0xff, 0xff, 0xff, 0xff,
    0xff, 0xff, 0xf3, 0x0, 0x0, 0x1f, 0xfd, 0x0,
    0xef, 0xe0, 0xc, 0xff, 0x10, 0xdf, 0xf3, 0x0,
    0x0, 0x1f, 0xfd, 0x0, 0xef, 0xe0, 0xc, 0xff,
    0x0, 0xdf, 0xf3, 0x0, 0x0, 0x1f, 0xfd, 0x0,
    0xef, 0xe0, 0xc, 0xff, 0x0, 0xdf, 0xf3, 0x0,
    0x1, 0x2f, 0xfd, 0x11, 0xef, 0xf1, 0x1c, 0xff,
    0x11, 0xef, 0xf4, 0x10, 0xdf, 0xff, 0xff, 0xff,
    0xff, 0xff, 0xff, 0xff, 0xff, 0xff, 0xff, 0xfc,
    0xdf, 0xff, 0xff, 0xff, 0xff, 0xff, 0xff, 0xff,
    0xff, 0xff, 0xff, 0xfc, 0x79, 0x99, 0x99, 0x99,
    0x99, 0x99, 0x99, 0x99, 0x99, 0x99, 0x99, 0x97,

    /* U+76F8 "相" */
    0x0, 0x0, 0x1, 0x11, 0x0, 0x0, 0x0, 0x0,
    0x0, 0x0, 0x0, 0x0, 0x0, 0x0, 0x1, 0xff,
    0xe0, 0x0, 0x0, 0x0, 0x0, 0x0, 0x0, 0x0,
    0x0, 0x0, 0x0, 0x1f, 0xfe, 0x0, 0x0, 0xde,
    0xee, 0xee, 0xee, 0xee, 0xee, 0x50, 0x0, 0x1,
    0xff, 0xe0, 0x0, 0xe, 0xff, 0xff, 0xff, 0xff,
    0xff, 0xf6, 0x0, 0x0, 0x1f, 0xfe, 0x0, 0x0,
    0xef, 0xff, 0xff, 0xff, 0xff, 0xff, 0x60, 0x0,
    0x1, 0xff, 0xe0, 0x0, 0xe, 0xff, 0x10, 0x0,
    0x0, 0xbf, 0xf6, 0xc, 0xff, 0xff, 0xff, 0xff,
    0xf2, 0xef, 0xf1, 0x0, 0x0, 0xb, 0xff, 0x60,
    0xdf, 0xff, 0xff, 0xff, 0xff, 0x2e, 0xff, 0x10,
    0x0, 0x0, 0xbf, 0xf6, 0xd, 0xff, 0xff, 0xff,
    0xff, 0xf2, 0xef, 0xfc, 0xcc, 0xcc, 0xce, 0xff,
    0x60, 0x0, 0x9, 0xff, 0xe0, 0x0, 0xe, 0xff,
    0xff, 0xff, 0xff, 0xff, 0xf6, 0x0, 0x0, 0xdf,
    0xff, 0x0, 0x0, 0xef, 0xff, 0xff, 0xff, 0xff,
    0xff, 0x60, 0x0, 0x3f, 0xff, 0xfa, 0x0, 0xe,
    0xff, 0x21, 0x11, 0x11, 0xcf, 0xf6, 0x0, 0x8,
    0xff, 0xff, 0xf7, 0x0, 0xef, 0xf1, 0x0, 0x0,
    0xb, 0xff, 0x60, 0x0, 0xef, 0xff, 0xff, 0xf3,
    0xe, 0xff, 0x10, 0x0, 0x0, 0xbf, 0xf6, 0x0,
    0x5f, 0xff, 0xff, 0xff, 0xd1, 0xef, 0xf3, 0x22,
    0x22, 0x2c, 0xff, 0x60, 0xd, 0xfd, 0xff, 0xe7,
    0xff, 0x6e, 0xff, 0xff, 0xff, 0xff, 0xff, 0xf6,
    0x6, 0xff, 0x7f, 0xfe, 0xe, 0xc0, 0xef, 0xff,
    0xff, 0xff, 0xff, 0xff, 0x61, 0xef, 0xe1, 0xff,
    0xe0, 0x52, 0xe, 0xff, 0xba, 0xaa, 0xaa, 0xef,
    0xf6, 0x3f, 0xf7, 0x1f, 0xfe, 0x0, 0x0, 0xef,
    0xf1, 0x0, 0x0, 0xb, 0xff, 0x60, 0xae, 0x1,
    0xff, 0xe0, 0x0, 0xe, 0xff, 0x10, 0x0, 0x0,
    0xbf, 0xf6, 0x3, 0x50, 0x1f, 0xfe, 0x0, 0x0,
    0xef, 0xf2, 0x0, 0x0, 0xc, 0xff, 0x60, 0x0,
    0x1, 0xff, 0xe0, 0x0, 0xe, 0xff, 0xff, 0xff,
    0xff, 0xff, 0xf6, 0x0, 0x0, 0x1f, 0xfe, 0x0,
    0x0, 0xef, 0xff, 0xff, 0xff, 0xff, 0xff, 0x60,
    0x0, 0x1, 0xff, 0xe0, 0x0, 0xe, 0xff, 0xcc,
    0xcc, 0xcc, 0xff, 0xf6, 0x0, 0x0, 0x1f, 0xfe,
    0x0, 0x0, 0xef, 0xf1, 0x0, 0x0, 0xb, 0xff,
    0x60, 0x0, 0x0, 0x0, 0x0, 0x0, 0x2, 0x22,
    0x0, 0x0, 0x0, 0x0, 0x0,

    /* U+770B "看" */
    0x0, 0x0, 0x0, 0x0, 0x1, 0x12, 0x34, 0x56,
    0x78, 0xac, 0xe9, 0x0, 0x0, 0x0, 0xef, 0xff,
    0xff, 0xff, 0xff, 0xff, 0xff, 0xff, 0xff, 0xf6,
    0x0, 0x0, 0xb, 0xff, 0xff, 0xff, 0xff, 0xff,
    0xff, 0xfd, 0xca, 0x97, 0x40, 0x0, 0x0, 0x35,
    0x55, 0x55, 0x8f, 0xff, 0x41, 0x0, 0x0, 0x0,
    0x0, 0x0, 0x0, 0x5, 0x66, 0x66, 0x6a, 0xff,
    0xf6, 0x66, 0x66, 0x66, 0x66, 0x60, 0x0, 0x0,
    0xef, 0xff, 0xff, 0xff, 0xff, 0xff, 0xff, 0xff,
    0xff, 0xff, 0x10, 0x0, 0xe, 0xff, 0xff, 0xff,
    0xff, 0xff, 0xff, 0xff, 0xff, 0xff, 0xf1, 0x0,
    0x12, 0x22, 0x22, 0x2a, 0xff, 0xd2, 0x22, 0x22,
    0x22, 0x22, 0x22, 0x20, 0xd, 0xff, 0xff, 0xff,
    0xff, 0xff, 0xff, 0xff, 0xff, 0xff, 0xff, 0xff,
    0x60, 0xdf, 0xff, 0xff, 0xff, 0xff, 0xff, 0xff,
    0xff, 0xff, 0xff, 0xff, 0xf6, 0x4, 0x55, 0x55,
    0x9f, 0xff, 0x85, 0x55, 0x55, 0x55, 0x55, 0x55,
    0x55, 0x20, 0x0, 0x0, 0xd, 0xff, 0xf6, 0x66,
    0x66, 0x66, 0x66, 0x66, 0x60, 0x0, 0x0, 0x0,
    0xa, 0xff, 0xff, 0xff, 0xff, 0xff, 0xff, 0xff,
    0xff, 0x20, 0x0, 0x0, 0x9, 0xff, 0xff, 0xff,
    0xff, 0xff, 0xff, 0xff, 0xff, 0xf2, 0x0, 0x0,
    0xa, 0xff, 0xff, 0xf9, 0x0, 0x0, 0x0, 0x0,
    0xf, 0xff, 0x20, 0x0, 0x2c, 0xff, 0xff, 0xff,
    0xff, 0xff, 0xff, 0xff, 0xff, 0xff, 0xf2, 0x0,
    0x4f, 0xff, 0xfb, 0x6f, 0xff, 0xee, 0xee, 0xee,
    0xee, 0xef, 0xff, 0x20, 0x0, 0xbf, 0xf8, 0x6,
    0xff, 0x90, 0x0, 0x0, 0x0, 0x0, 0xff, 0xf2,
    0x0, 0x0, 0xb3, 0x0, 0x6f, 0xff, 0xff, 0xff,
    0xff, 0xff, 0xff, 0xff, 0x20, 0x0, 0x0, 0x0,
    0x6, 0xff, 0xfe, 0xee, 0xee, 0xee, 0xee, 0xff,
    0xf2, 0x0, 0x0, 0x0, 0x0, 0x6f, 0xf9, 0x0,
    0x0, 0x0, 0x0, 0xf, 0xff, 0x20, 0x0, 0x0,
    0x0, 0x6, 0xff, 0xff, 0xff, 0xff, 0xff, 0xff,
    0xff, 0xf2, 0x0, 0x0, 0x0, 0x0, 0x6f, 0xff,
    0xff, 0xff, 0xff, 0xff, 0xff, 0xff, 0x20, 0x0,
    0x0, 0x0, 0x6, 0xff, 0xc6, 0x66, 0x66, 0x66,
    0x66, 0xff, 0xf2, 0x0,

    /* U+7740 "着" */
    0x0, 0x0, 0x0, 0x0, 0x30, 0x0, 0x0, 0x0,
    0x2, 0x0, 0x0, 0x0, 0x0, 0x0, 0x0, 0x9,
    0xef, 0xa0, 0x0, 0x0, 0x4, 0xfe, 0xb3, 0x0,
    0x0, 0x0, 0x0, 0x0, 0x6f, 0xff, 0x40, 0x0,
    0x0, 0xcf, 0xfc, 0x0, 0x0, 0x0, 0x3, 0x77,
    0x77, 0xff, 0xfa, 0x77, 0x77, 0x9f, 0xff, 0x97,
    0x77, 0x20, 0x0, 0x8f, 0xff, 0xff, 0xff, 0xff,
    0xff, 0xff, 0xff, 0xff, 0xff, 0xf5, 0x0, 0x7,
    0xff, 0xff, 0xff, 0xff, 0xff, 0xff, 0xff, 0xff,
    0xff, 0xff, 0x50, 0x0, 0x0, 0x0, 0x0, 0x0,
    0x9f, 0xfc, 0x0, 0x0, 0x0, 0x0, 0x0, 0x0,
    0x0, 0x2f, 0xff, 0xff, 0xff, 0xff, 0xff, 0xff,
    0xff, 0xff, 0xf0, 0x0, 0x0, 0x2, 0xff, 0xff,
    0xff, 0xff, 0xff, 0xff, 0xff, 0xff, 0xff, 0x10,
    0x0, 0x0, 0x4, 0x44, 0x45, 0xff, 0xf9, 0x44,
    0x44, 0x44, 0x44, 0x40, 0x0, 0x5, 0x77, 0x77,
    0x77, 0xaf, 0xff, 0x87, 0x77, 0x77, 0x77, 0x77,
    0x77, 0x20, 0xbf, 0xff, 0xff, 0xff, 0xff, 0xff,
    0xff, 0xff, 0xff, 0xff, 0xff, 0xf4, 0xb, 0xff,
    0xff, 0xff, 0xff, 0xff, 0xff, 0xff, 0xff, 0xff,
    0xff, 0xff, 0x40, 0x0, 0x0, 0x8, 0xff, 0xf5,
    0x11, 0x11, 0x11, 0x11, 0x11, 0x10, 0x0, 0x0,
    0x0, 0x6, 0xff, 0xff, 0xff, 0xff, 0xff, 0xff,
    0xff, 0xff, 0x30, 0x0, 0x0, 0x5, 0xff, 0xff,
    0xff, 0xff, 0xff, 0xff, 0xff, 0xff, 0xf3, 0x0,
    0x0, 0x6, 0xff, 0xff, 0xff, 0x11, 0x11, 0x11,
    0x11, 0x1f, 0xff, 0x30, 0x0, 0xa, 0xff, 0xff,
    0xff, 0xff, 0xff, 0xff, 0xff, 0xff, 0xff, 0xf3,
    0x0, 0x4e, 0xff, 0xfd, 0x4f, 0xff, 0xbb, 0xbb,
    0xbb, 0xbb, 0xbf, 0xff, 0x30, 0x1, 0xcf, 0xfc,
    0x12, 0xff, 0xf6, 0x66, 0x66, 0x66, 0x66, 0xff,
    0xf3, 0x0, 0x0, 0xb8, 0x0, 0x2f, 0xff, 0xff,
    0xff, 0xff, 0xff, 0xff, 0xff, 0x30, 0x0, 0x0,
    0x0, 0x2, 0xff, 0xf4, 0x44, 0x44, 0x44, 0x44,
    0xff, 0xf3, 0x0, 0x0, 0x0, 0x0, 0x2f, 0xff,
    0xee, 0xee, 0xee, 0xee, 0xef, 0xff, 0x30, 0x0,
    0x0, 0x0, 0x2, 0xff, 0xff, 0xff, 0xff, 0xff,
    0xff, 0xff, 0xf3, 0x0, 0x0, 0x0, 0x0, 0x2f,
    0xff, 0x55, 0x55, 0x55, 0x55, 0x5f, 0xff, 0x30,
    0x0, 0x0, 0x0, 0x0, 0x0, 0x0, 0x0, 0x0,
    0x0, 0x0, 0x0, 0x0, 0x0,

    /* U+77E5 "知" */
    0x0, 0x0, 0x0, 0x0, 0x0, 0x0, 0x0, 0x0,
    0x0, 0x0, 0x0, 0x0, 0x0, 0x0, 0xbd, 0xa2,
    0x0, 0x0, 0x0, 0x0, 0x0, 0x0, 0x0, 0x0,
    0x0, 0x0, 0xe, 0xff, 0x20, 0x0, 0x0, 0x0,
    0x0, 0x0, 0x0, 0x0, 0x0, 0x0, 0x3, 0xff,
    0xe0, 0x0, 0x0, 0x0, 0xd, 0xdd, 0xdd, 0xdd,
    0xdd, 0xd0, 0x0, 0x7f, 0xff, 0xcc, 0xcc, 0xcc,
    0x71, 0xff, 0xff, 0xff, 0xff, 0xff, 0x10, 0xd,
    0xff, 0xff, 0xff, 0xff, 0xf9, 0x1f, 0xff, 0xff,
    0xff, 0xff, 0xf1, 0x4, 0xff, 0xff, 0xff, 0xff,
    0xff, 0x91, 0xff, 0xf1, 0x11, 0x2f, 0xff, 0x10,
    0xbf, 0xf9, 0x4f, 0xff, 0x11, 0x10, 0x1f, 0xff,
    0x0, 0x1, 0xff, 0xf1, 0x4f, 0xff, 0x23, 0xff,
    0xf0, 0x0, 0x1, 0xff, 0xf0, 0x0, 0x1f, 0xff,
    0x10, 0x6f, 0x90, 0x3f, 0xff, 0x0, 0x0, 0x1f,
    0xff, 0x0, 0x1, 0xff, 0xf1, 0x0, 0x21, 0x3,
    0xff, 0xf0, 0x0, 0x1, 0xff, 0xf0, 0x0, 0x1f,
    0xff, 0x10, 0xee, 0xee, 0xef, 0xff, 0xee, 0xee,
    0x4f, 0xff, 0x0, 0x1, 0xff, 0xf1, 0xf, 0xff,
    0xff, 0xff, 0xff, 0xff, 0xf4, 0xff, 0xf0, 0x0,
    0x1f, 0xff, 0x10, 0xff, 0xff, 0xff, 0xff, 0xff,
    0xff, 0x4f, 0xff, 0x0, 0x1, 0xff, 0xf1, 0x0,
    0x0, 0x8, 0xff, 0xb0, 0x0, 0x1, 0xff, 0xf0,
    0x0, 0x1f, 0xff, 0x10, 0x0, 0x0, 0xaf, 0xfd,
    0x0, 0x0, 0x1f, 0xff, 0x0, 0x1, 0xff, 0xf1,
    0x0, 0x0, 0xe, 0xff, 0xfb, 0x0, 0x1, 0xff,
    0xf0, 0x0, 0x1f, 0xff, 0x10, 0x0, 0x3, 0xff,
    0xff, 0xf9, 0x0, 0x1f, 0xff, 0x0, 0x1, 0xff,
    0xf1, 0x0, 0x0, 0x9f, 0xfe, 0xff, 0xf7, 0x1,
    0xff, 0xf0, 0x0, 0x1f, 0xff, 0x10, 0x0, 0x2f,
    0xff, 0x67, 0xff, 0xf5, 0x1f, 0xff, 0x0, 0x2,
    0xff, 0xf1, 0x0, 0xc, 0xff, 0xe0, 0xb, 0xff,
    0xf4, 0xff, 0xff, 0xff, 0xff, 0xff, 0x10, 0x9,
    0xff, 0xf6, 0x0, 0x1e, 0xfe, 0x2f, 0xff, 0xff,
    0xff, 0xff, 0xf1, 0xa, 0xff, 0xfb, 0x0, 0x0,
    0x5f, 0x31, 0xff, 0xfe, 0xee, 0xef, 0xff, 0x11,
    0xdf, 0xfd, 0x10, 0x0, 0x0, 0x30, 0x1f, 0xff,
    0x0, 0x1, 0xff, 0xf1, 0x1, 0xdd, 0x10, 0x0,
    0x0, 0x0, 0x0, 0xcc, 0xc0, 0x0, 0x6, 0x66,
    0x0, 0x2, 0x10, 0x0, 0x0, 0x0, 0x0, 0x0,
    0x0, 0x0, 0x0, 0x0, 0x0,

    /* U+7801 "码" */
    0xe, 0xff, 0xff, 0xff, 0xff, 0x67, 0xcc, 0xcc,
    0xcc, 0xcc, 0xdc, 0x80, 0x0, 0xef, 0xff, 0xff,
    0xff, 0xf7, 0xaf, 0xff, 0xff, 0xff, 0xff, 0xfa,
    0x0, 0xc, 0xde, 0xff, 0xfd, 0xdd, 0x6a, 0xff,
    0xff, 0xff, 0xff, 0xff, 0x90, 0x0, 0x0, 0x4f,
    0xfa, 0x0, 0x0, 0x0, 0x0, 0x0, 0x0, 0x8f,
    0xf8, 0x0, 0x0, 0x7, 0xff, 0x60, 0x0, 0x0,
    0x4c, 0xb5, 0x0, 0x9, 0xff, 0x60, 0x0, 0x0,
    0xcf, 0xf2, 0x0, 0x0, 0x6, 0xff, 0x70, 0x0,
    0xaf, 0xf4, 0x0, 0x0, 0x1f, 0xfe, 0x0, 0x0,
    0x0, 0x8f, 0xf6, 0x0, 0xc, 0xff, 0x30, 0x0,
    0x5, 0xff, 0x90, 0x0, 0x0, 0x9, 0xff, 0x40,
    0x0, 0xef, 0xf1, 0x0, 0x0, 0xbf, 0xfd, 0xbb,
    0xba, 0x0, 0xbf, 0xf2, 0x0, 0xf, 0xff, 0x0,
    0x0, 0x3f, 0xff, 0xff, 0xff, 0xe0, 0xd, 0xff,
    0x10, 0x1, 0xff, 0xe0, 0x0, 0xb, 0xff, 0xff,
    0xff, 0xfe, 0x0, 0xef, 0xfa, 0xaa, 0xbf, 0xff,
    0xba, 0x74, 0xff, 0xff, 0x50, 0xcf, 0xe0, 0x1f,
    0xff, 0xff, 0xff, 0xff, 0xff, 0xf9, 0x2f, 0xff,
    0xf5, 0xc, 0xfe, 0x3, 0xff, 0xff, 0xff, 0xff,
    0xff, 0xff, 0x80, 0xdf, 0xff, 0x50, 0xcf, 0xe0,
    0x0, 0x0, 0x0, 0x0, 0x0, 0x9f, 0xf7, 0x9,
    0x9f, 0xf5, 0xc, 0xfe, 0x0, 0x0, 0x0, 0x0,
    0x0, 0xa, 0xff, 0x50, 0x14, 0xff, 0x50, 0xcf,
    0xe1, 0xaa, 0xaa, 0xaa, 0xaa, 0xa1, 0xcf, 0xf3,
    0x0, 0x4f, 0xf5, 0xc, 0xfe, 0x2f, 0xff, 0xff,
    0xff, 0xff, 0x2e, 0xff, 0x20, 0x4, 0xff, 0xca,
    0xef, 0xe2, 0xff, 0xff, 0xff, 0xff, 0xf3, 0xff,
    0xf0, 0x0, 0x4f, 0xff, 0xff, 0xfe, 0x0, 0x0,
    0x0, 0x0, 0x0, 0x4f, 0xfc, 0x0, 0x4, 0xff,
    0xff, 0xff, 0xe0, 0x0, 0x0, 0x0, 0x0, 0xa,
    0xff, 0x90, 0x0, 0x4f, 0xf5, 0x0, 0x0, 0x0,
    0x0, 0x0, 0x3b, 0xbc, 0xff, 0xf5, 0x0, 0x4,
    0xff, 0x50, 0x0, 0x0, 0x0, 0x0, 0x0, 0xef,
    0xff, 0xfd, 0x0, 0x0, 0x0, 0x0, 0x0, 0x0,
    0x0, 0x0, 0x0, 0xb, 0xff, 0xea, 0x10, 0x0,
    0x0, 0x0, 0x0, 0x0, 0x0, 0x0, 0x0, 0x0,
    0x0, 0x0, 0x0, 0x0,

    /* U+786C "硬" */
    0x0, 0x0, 0x0, 0x0, 0x0, 0x0, 0x0, 0x0,
    0x0, 0x0, 0x0, 0x0, 0x0, 0xf, 0xff, 0xff,
    0xff, 0xff, 0x8f, 0xff, 0xff, 0xff, 0xff, 0xff,
    0xff, 0xd0, 0x1f, 0xff, 0xff, 0xff, 0xff, 0x9f,
    0xff, 0xff, 0xff, 0xff, 0xff, 0xff, 0xd0, 0xe,
    0xee, 0xff, 0xfe, 0xee, 0x7c, 0xcc, 0xcc, 0xff,
    0xfc, 0xcc, 0xcc, 0xa0, 0x0, 0x3, 0xff, 0xb0,
    0x0, 0x0, 0x0, 0x0, 0xef, 0xf1, 0x0, 0x0,
    0x0, 0x0, 0x7, 0xff, 0x80, 0x0, 0x5, 0x55,
    0x55, 0xff, 0xf6, 0x55, 0x55, 0x30, 0x0, 0xb,
    0xff, 0x40, 0x0, 0xe, 0xff, 0xff, 0xff, 0xff,
    0xff, 0xff, 0xa0, 0x0, 0xf, 0xff, 0x0, 0x0,
    0xe, 0xff, 0xff, 0xff, 0xff, 0xff, 0xff, 0xa0,
    0x0, 0x5f, 0xfa, 0x0, 0x0, 0xe, 0xfd, 0x0,
    0xef, 0xf1, 0x3, 0xff, 0xa0, 0x0, 0xbf, 0xfe,
    0xcc, 0xcc, 0x3e, 0xfe, 0x88, 0xff, 0xf8, 0x89,
    0xff, 0xa0, 0x2, 0xff, 0xff, 0xff, 0xff, 0x4e,
    0xff, 0xff, 0xff, 0xff, 0xff, 0xff, 0xa0, 0xb,
    0xff, 0xff, 0xff, 0xff, 0x4e, 0xff, 0xaa, 0xff,
    0xfb, 0xab, 0xff, 0xa0, 0x4f, 0xff, 0xf4, 0x5,
    0xff, 0x4e, 0xfd, 0x0, 0xef, 0xf1, 0x3, 0xff,
    0xa0, 0x1f, 0xff, 0xf4, 0x5, 0xff, 0x4e, 0xff,
    0xff, 0xff, 0xff, 0xff, 0xff, 0xa0, 0xc, 0xff,
    0xf4, 0x5, 0xff, 0x4e, 0xff, 0xff, 0xff, 0xff,
    0xff, 0xff, 0xa0, 0x7, 0xaf, 0xf4, 0x5, 0xff,
    0x45, 0x56, 0x56, 0xff, 0xf5, 0x55, 0x55, 0x30,
    0x0, 0x5f, 0xf4, 0x5, 0xff, 0x4a, 0xdc, 0x3,
    0xff, 0xb0, 0x0, 0x0, 0x0, 0x0, 0x5f, 0xf4,
    0x5, 0xff, 0x4a, 0xff, 0x88, 0xff, 0x70, 0x0,
    0x0, 0x0, 0x0, 0x5f, 0xfc, 0xac, 0xff, 0x41,
    0xef, 0xff, 0xff, 0x10, 0x0, 0x0, 0x0, 0x0,
    0x5f, 0xff, 0xff, 0xff, 0x40, 0x3f, 0xff, 0xfb,
    0x0, 0x0, 0x0, 0x0, 0x0, 0x5f, 0xff, 0xff,
    0xff, 0x40, 0x4e, 0xff, 0xff, 0xc7, 0x20, 0x0,
    0x0, 0x0, 0x5f, 0xf5, 0x0, 0x2, 0x7c, 0xff,
    0xff, 0xff, 0xff, 0xfe, 0xc9, 0x80, 0x0, 0x5f,
    0xf4, 0x0, 0x0, 0xdf, 0xff, 0xb1, 0x5c, 0xff,
    0xff, 0xff, 0xb0, 0x0, 0x0, 0x0, 0x0, 0x0,
    0x3f, 0xc5, 0x0, 0x0, 0x27, 0xbe, 0xff, 0x20,
    0x0, 0x0, 0x0, 0x0, 0x0, 0x1, 0x0, 0x0,
    0x0, 0x0, 0x0, 0x13, 0x0,

    /* U+786E "确" */
    0x0, 0x0, 0x0, 0x0, 0x0, 0x0, 0x0, 0x0,
    0x0, 0x0, 0x0, 0x0, 0x0, 0x0, 0x0, 0x0,
    0x0, 0x0, 0x0, 0xae, 0xa1, 0x0, 0x0, 0x0,
    0x0, 0xe, 0xff, 0xff, 0xff, 0xff, 0x30, 0x1f,
    0xfd, 0x0, 0x0, 0x0, 0x0, 0x0, 0xef, 0xff,
    0xff, 0xff, 0xf3, 0x9, 0xff, 0xff, 0xff, 0xff,
    0x80, 0x0, 0xc, 0xde, 0xff, 0xfd, 0xdd, 0x32,
    0xff, 0xff, 0xff, 0xff, 0xff, 0x70, 0x0, 0x0,
    0x4f, 0xfa, 0x0, 0x0, 0xcf, 0xfb, 0x99, 0x9e,
    0xff, 0xd0, 0x0, 0x0, 0x7, 0xff, 0x60, 0x0,
    0x9f, 0xfc, 0x0, 0x3, 0xff, 0xf2, 0x0, 0x0,
    0x0, 0xcf, 0xf2, 0x0, 0x8f, 0xff, 0x95, 0x55,
    0xdf, 0xfb, 0x67, 0x52, 0x0, 0x1f, 0xfe, 0x0,
    0x1f, 0xff, 0xff, 0xff, 0xff, 0xff, 0xff, 0xff,
    0x70, 0x6, 0xff, 0x90, 0x0, 0x5f, 0xff, 0xff,
    0xff, 0xff, 0xff, 0xff, 0xf7, 0x0, 0xcf, 0xfe,
    0xdd, 0xd8, 0x4c, 0xff, 0x54, 0xdf, 0xf4, 0x4a,
    0xff, 0x70, 0x3f, 0xff, 0xff, 0xff, 0xa0, 0xcf,
    0xf1, 0xc, 0xff, 0x0, 0x8f, 0xf7, 0xc, 0xff,
    0xfd, 0xcf, 0xfa, 0xc, 0xff, 0xff, 0xff, 0xff,
    0xff, 0xff, 0x75, 0xff, 0xff, 0x50, 0xef, 0xa0,
    0xcf, 0xff, 0xff, 0xff, 0xff, 0xff, 0xf7, 0x1f,
    0xff, 0xf5, 0xe, 0xfa, 0xc, 0xff, 0x76, 0xdf,
    0xf6, 0x6b, 0xff, 0x70, 0xcf, 0xff, 0x50, 0xef,
    0xa0, 0xcf, 0xf1, 0xc, 0xff, 0x0, 0x8f, 0xf7,
    0x8, 0x7f, 0xf5, 0xe, 0xfa, 0xd, 0xff, 0x88,
    0xef, 0xf8, 0x8c, 0xff, 0x70, 0x3, 0xff, 0x50,
    0xef, 0xa0, 0xff, 0xff, 0xff, 0xff, 0xff, 0xff,
    0xf7, 0x0, 0x3f, 0xf5, 0xe, 0xfa, 0x1f, 0xff,
    0xff, 0xff, 0xff, 0xff, 0xff, 0x70, 0x3, 0xff,
    0xca, 0xff, 0xa4, 0xff, 0xa1, 0x1c, 0xff, 0x11,
    0x8f, 0xf7, 0x0, 0x3f, 0xff, 0xff, 0xfa, 0x9f,
    0xf6, 0x0, 0xcf, 0xf0, 0x8, 0xff, 0x70, 0x3,
    0xff, 0xff, 0xff, 0xae, 0xff, 0x20, 0xc, 0xff,
    0x0, 0x8f, 0xf7, 0x0, 0x3f, 0xf6, 0x0, 0x8,
    0xff, 0xc0, 0x0, 0xcf, 0xf6, 0xad, 0xff, 0x60,
    0x3, 0xff, 0x50, 0x1, 0xef, 0xf4, 0x0, 0xc,
    0xff, 0x5f, 0xff, 0xf3, 0x0, 0x0, 0x0, 0x0,
    0x1, 0xba, 0x0, 0x0, 0x1, 0x11, 0xff, 0xd6,
    0x0, 0x0, 0x0, 0x0, 0x0, 0x0, 0x0, 0x0,
    0x0, 0x0, 0x0, 0x0, 0x0,

    /* U+793A "示" */
    0x0, 0x0, 0x33, 0x33, 0x33, 0x33, 0x33, 0x33,
    0x33, 0x33, 0x33, 0x0, 0x0, 0x0, 0x3f, 0xff,
    0xff, 0xff, 0xff, 0xff, 0xff, 0xff, 0xff, 0xf3,
    0x0, 0x0, 0x3, 0xff, 0xff, 0xff, 0xff, 0xff,
    0xff, 0xff, 0xff, 0xff, 0x30, 0x0, 0x0, 0x3e,
    0xee, 0xee, 0xee, 0xee, 0xee, 0xee, 0xee, 0xee,
    0xe2, 0x0, 0x0, 0x0, 0x0, 0x0, 0x0, 0x0,
    0x0, 0x0, 0x0, 0x0, 0x0, 0x0, 0x0, 0x0,
    0x0, 0x0, 0x0, 0x0, 0x0, 0x0, 0x0, 0x0,
    0x0, 0x0, 0x0, 0x1, 0x22, 0x22, 0x22, 0x22,
    0x22, 0x22, 0x22, 0x22, 0x22, 0x22, 0x22, 0x10,
    0x9f, 0xff, 0xff, 0xff, 0xff, 0xff, 0xff, 0xff,
    0xff, 0xff, 0xff, 0xfa, 0x9, 0xff, 0xff, 0xff,
    0xff, 0xff, 0xff, 0xff, 0xff, 0xff, 0xff, 0xff,
    0xa0, 0x9f, 0xff, 0xff, 0xff, 0xff, 0xff, 0xff,
    0xff, 0xff, 0xff, 0xff, 0xf9, 0x0, 0x0, 0x0,
    0x0, 0x0, 0x9, 0xff, 0xc0, 0x0, 0x0, 0x0,
    0x0, 0x0, 0x0, 0x0, 0x10, 0x0, 0x0, 0x9f,
    0xfc, 0x0, 0x0, 0x1, 0x0, 0x0, 0x0, 0x0,
    0x2f, 0xd9, 0x20, 0x9, 0xff, 0xc0, 0x1, 0x8e,
    0xe0, 0x0, 0x0, 0x0, 0x9, 0xff, 0xf1, 0x0,
    0x9f, 0xfc, 0x0, 0x2f, 0xff, 0x90, 0x0, 0x0,
    0x2, 0xff, 0xfa, 0x0, 0x9, 0xff, 0xc0, 0x0,
    0x8f, 0xff, 0x40, 0x0, 0x0, 0xbf, 0xff, 0x20,
    0x0, 0x9f, 0xfc, 0x0, 0x0, 0xef, 0xfd, 0x0,
    0x0, 0x6f, 0xff, 0x80, 0x0, 0x9, 0xff, 0xc0,
    0x0, 0x6, 0xff, 0xf6, 0x0, 0x3f, 0xff, 0xd0,
    0x0, 0x0, 0x9f, 0xfc, 0x0, 0x0, 0xd, 0xff,
    0xe0, 0x2e, 0xff, 0xf3, 0x0, 0x0, 0x9, 0xff,
    0xc0, 0x0, 0x0, 0x6f, 0xff, 0x60, 0x5e, 0xf7,
    0x0, 0x33, 0x22, 0xbf, 0xfc, 0x0, 0x0, 0x0,
    0xef, 0xd5, 0x0, 0x16, 0x0, 0xc, 0xff, 0xff,
    0xff, 0xb0, 0x0, 0x0, 0x6, 0x40, 0x0, 0x0,
    0x0, 0x0, 0x6f, 0xff, 0xff, 0xf6, 0x0, 0x0,
    0x0, 0x0, 0x0, 0x0, 0x0, 0x0, 0x2, 0xff,
    0xfe, 0xb6, 0x0, 0x0, 0x0, 0x0, 0x0, 0x0,
    0x0, 0x0, 0x0, 0x1, 0x0, 0x0, 0x0, 0x0,
    0x0, 0x0, 0x0, 0x0,

    /* U+79BB "离" */
    0x0, 0x0, 0x0, 0x0, 0x0, 0x0, 0x20, 0x0,
    0x0, 0x0, 0x0, 0x0, 0x0, 0x0, 0x0, 0x0,
    0x1, 0xbf, 0xe0, 0x0, 0x0, 0x0, 0x0, 0x0,
    0x0, 0x0, 0x0, 0x0, 0x0, 0xcf, 0xf7, 0x0,
    0x0, 0x0, 0x0, 0x0, 0x4f, 0xff, 0xff, 0xff,
    0xff, 0xff, 0xff, 0xff, 0xff, 0xff, 0xff, 0xfd,
    0x4f, 0xff, 0xff, 0xff, 0xff, 0xff, 0xff, 0xff,
    0xff, 0xff, 0xff, 0xfd, 0x2a, 0xaa, 0xaa, 0xaa,
    0xcb, 0xaa, 0xaa, 0xbf, 0xba, 0xaa, 0xaa, 0xa8,
    0x0, 0x8, 0xee, 0x61, 0xef, 0x93, 0x5, 0xef,
    0xd0, 0xce, 0xe4, 0x0, 0x0, 0x9, 0xff, 0x61,
    0x7d, 0xff, 0xef, 0xf9, 0x0, 0xdf, 0xf4, 0x0,
    0x0, 0x9, 0xff, 0x60, 0x17, 0xff, 0xff, 0xe7,
    0x10, 0xdf, 0xf4, 0x0, 0x0, 0x9, 0xff, 0x69,
    0xff, 0xfb, 0x5b, 0xff, 0xf3, 0xdf, 0xf4, 0x0,
    0x0, 0x9, 0xff, 0x62, 0xea, 0x30, 0x0, 0x3b,
    0xa0, 0xdf, 0xf4, 0x0, 0x0, 0x9, 0xff, 0xfe,
    0xfe, 0xee, 0xee, 0xee, 0xee, 0xff, 0xf4, 0x0,
    0x0, 0x9, 0xff, 0xff, 0xff, 0xff, 0xff, 0xff,
    0xff, 0xff, 0xf4, 0x0, 0x0, 0x4, 0x77, 0x77,
    0x77, 0xcf, 0xfe, 0x77, 0x77, 0x77, 0x72, 0x0,
    0x0, 0x0, 0x0, 0x0, 0x0, 0xef, 0xf7, 0x0,
    0x0, 0x0, 0x0, 0x0, 0x4, 0xff, 0xff, 0xff,
    0xff, 0xff, 0xff, 0xff, 0xff, 0xff, 0xff, 0xe0,
    0x4, 0xff, 0xff, 0xff, 0xff, 0xff, 0xff, 0xff,
    0xff, 0xff, 0xff, 0xe0, 0x4, 0xff, 0xea, 0xaa,
    0xff, 0xfc, 0xaa, 0xcf, 0xca, 0xab, 0xff, 0xe0,
    0x4, 0xff, 0xc0, 0x7, 0xff, 0xd0, 0x0, 0xef,
    0xd1, 0x1, 0xff, 0xe0, 0x4, 0xff, 0xc0, 0x7f,
    0xff, 0x65, 0x79, 0xdf, 0xfb, 0x1, 0xff, 0xe0,
    0x4, 0xff, 0xc0, 0xcf, 0xff, 0xff, 0xff, 0xff,
    0xff, 0x81, 0xff, 0xe0, 0x4, 0xff, 0xc0, 0x6f,
    0xff, 0xfe, 0xca, 0x87, 0xbe, 0x51, 0xff, 0xe0,
    0x4, 0xff, 0xc0, 0x17, 0x42, 0x0, 0x0, 0x0,
    0x55, 0x35, 0xff, 0xe0, 0x4, 0xff, 0xc0, 0x0,
    0x0, 0x0, 0x0, 0x0, 0xcf, 0xff, 0xff, 0xb0,
    0x4, 0xff, 0xc0, 0x0, 0x0, 0x0, 0x0, 0x0,
    0x5f, 0xff, 0xea, 0x20, 0x0, 0x0, 0x0, 0x0,
    0x0, 0x0, 0x0, 0x0, 0x1, 0x0, 0x0, 0x0,

    /* U+79D2 "秒" */
    0x0, 0x0, 0x0, 0x0, 0x0, 0x0, 0x0, 0x0,
    0x11, 0x10, 0x0, 0x0, 0x0, 0x0, 0x0, 0x0,
    0x2, 0x7a, 0x0, 0x0, 0x0, 0xef, 0xf1, 0x0,
    0x0, 0x0, 0x0, 0x2, 0x69, 0xef, 0xff, 0x70,
    0x0, 0x0, 0xef, 0xf1, 0x0, 0x0, 0x0, 0x9,
    0xff, 0xff, 0xff, 0xff, 0xe1, 0x0, 0x0, 0xef,
    0xf1, 0x0, 0x0, 0x0, 0x5, 0xff, 0xff, 0xff,
    0x84, 0x0, 0x0, 0x0, 0xef, 0xf1, 0x0, 0x10,
    0x0, 0x1, 0x97, 0x6f, 0xfe, 0x0, 0x0, 0x56,
    0x30, 0xef, 0xf1, 0x8d, 0xd0, 0x0, 0x0, 0x0,
    0x2f, 0xfe, 0x0, 0x0, 0xbf, 0xf1, 0xef, 0xf1,
    0xdf, 0xf5, 0x0, 0x0, 0x0, 0x2f, 0xfe, 0x0,
    0x0, 0xdf, 0xf0, 0xef, 0xf1, 0x6f, 0xfb, 0x0,
    0xc, 0xcc, 0xcf, 0xff, 0xcc, 0xc2, 0xff, 0xc0,
    0xef, 0xf1, 0xf, 0xff, 0x20, 0xf, 0xff, 0xff,
    0xff, 0xff, 0xf5, 0xff, 0x90, 0xef, 0xf1, 0xa,
    0xff, 0x70, 0xf, 0xff, 0xff, 0xff, 0xff, 0xf9,
    0xff, 0x60, 0xef, 0xf1, 0x5, 0xff, 0xc0, 0x2,
    0x22, 0xbf, 0xff, 0x32, 0x2c, 0xff, 0x20, 0xef,
    0xf1, 0x1, 0xff, 0xf0, 0x0, 0x1, 0xff, 0xff,
    0xc0, 0x1f, 0xfd, 0x0, 0xef, 0xf1, 0x0, 0xa7,
    0x20, 0x0, 0x8, 0xff, 0xff, 0xfb, 0x3, 0xb8,
    0x0, 0xef, 0xf1, 0x2, 0x0, 0x0, 0x0, 0x1f,
    0xff, 0xff, 0xff, 0x90, 0x0, 0x0, 0xef, 0xf1,
    0xd, 0xfb, 0x20, 0x0, 0x9f, 0xff, 0xfe, 0xcf,
    0xe0, 0x0, 0x0, 0xef, 0xf1, 0x5f, 0xff, 0x0,
    0x3, 0xff, 0xbf, 0xfe, 0x2f, 0x40, 0x0, 0x0,
    0xef, 0xf2, 0xef, 0xf8, 0x0, 0x1d, 0xff, 0x4f,
    0xfe, 0x3, 0x0, 0x0, 0x0, 0x0, 0xb, 0xff,
    0xe1, 0x0, 0x2f, 0xfa, 0x2f, 0xfe, 0x0, 0x0,
    0x0, 0x0, 0x0, 0xaf, 0xff, 0x50, 0x0, 0x9,
    0xf1, 0x2f, 0xfe, 0x0, 0x0, 0x0, 0x0, 0x3d,
    0xff, 0xf8, 0x0, 0x0, 0x1, 0x60, 0x2f, 0xfe,
    0x0, 0x0, 0x0, 0x3a, 0xff, 0xff, 0x80, 0x0,
    0x0, 0x0, 0x0, 0x2f, 0xfe, 0x0, 0x4, 0x8d,
    0xff, 0xff, 0xf6, 0x0, 0x0, 0x0, 0x0, 0x0,
    0x2f, 0xfe, 0x4, 0xff, 0xff, 0xff, 0xfa, 0x10,
    0x0, 0x0, 0x0, 0x0, 0x0, 0x2f, 0xfe, 0x0,
    0xaf, 0xff, 0xe8, 0x20, 0x0, 0x0, 0x0, 0x0,
    0x0, 0x0, 0x2f, 0xfe, 0x0, 0x2c, 0x83, 0x0,
    0x0, 0x0, 0x0, 0x0, 0x0,

    /* U+7A0B "程" */
    0x0, 0x0, 0x0, 0x16, 0xb3, 0x0, 0x0, 0x0,
    0x0, 0x0, 0x0, 0x0, 0x0, 0x0, 0x14, 0x8c,
    0xff, 0xfe, 0x10, 0xff, 0xff, 0xff, 0xff, 0xff,
    0xff, 0x0, 0xd, 0xff, 0xff, 0xff, 0xff, 0x70,
    0xff, 0xff, 0xff, 0xff, 0xff, 0xff, 0x0, 0xa,
    0xff, 0xff, 0xff, 0x50, 0x0, 0xff, 0xf9, 0x99,
    0x99, 0x9f, 0xff, 0x0, 0x4, 0x97, 0x5f, 0xfe,
    0x0, 0x0, 0xff, 0xe0, 0x0, 0x0, 0xf, 0xff,
    0x0, 0x0, 0x0, 0x1f, 0xfe, 0x0, 0x0, 0xff,
    0xe0, 0x0, 0x0, 0xf, 0xff, 0x0, 0x0, 0x0,
    0x1f, 0xfe, 0x0, 0x0, 0xff, 0xe0, 0x0, 0x0,
    0xf, 0xff, 0x0, 0xb, 0xdd, 0xdf, 0xff, 0xdd,
    0x90, 0xff, 0xff, 0xff, 0xff, 0xff, 0xff, 0x0,
    0xd, 0xff, 0xff, 0xff, 0xff, 0xb0, 0xff, 0xff,
    0xff, 0xff, 0xff, 0xff, 0x0, 0xd, 0xff, 0xff,
    0xff, 0xff, 0xb0, 0xaa, 0xaa, 0xaa, 0xaa, 0xaa,
    0xaa, 0x0, 0x0, 0x0, 0xbf, 0xff, 0x0, 0x0,
    0x0, 0x0, 0x0, 0x0, 0x0, 0x0, 0x0, 0x0,
    0x1, 0xff, 0xff, 0x70, 0xb, 0xbb, 0xbb, 0xbb,
    0xbb, 0xbb, 0xbb, 0x50, 0x0, 0x9, 0xff, 0xff,
    0xf7, 0xf, 0xff, 0xff, 0xff, 0xff, 0xff, 0xff,
    0x80, 0x0, 0x1f, 0xff, 0xff, 0xff, 0x6f, 0xff,
    0xff, 0xff, 0xff, 0xff, 0xff, 0x70, 0x0, 0x9f,
    0xff, 0xff, 0xef, 0xd0, 0x0, 0x0, 0xdf, 0xf4,
    0x0, 0x0, 0x0, 0x3, 0xff, 0xbf, 0xfe, 0x5f,
    0x30, 0x0, 0x0, 0xdf, 0xf4, 0x0, 0x0, 0x0,
    0x1d, 0xff, 0x4f, 0xfe, 0x4, 0x2, 0xff, 0xff,
    0xff, 0xff, 0xff, 0xff, 0x10, 0x2f, 0xfa, 0x1f,
    0xfe, 0x0, 0x2, 0xff, 0xff, 0xff, 0xff, 0xff,
    0xff, 0x10, 0x9, 0xf2, 0x1f, 0xfe, 0x0, 0x1,
    0xaa, 0xaa, 0xff, 0xfc, 0xaa, 0xaa, 0x10, 0x2,
    0x70, 0x1f, 0xfe, 0x0, 0x0, 0x0, 0x0, 0xdf,
    0xf4, 0x0, 0x0, 0x0, 0x0, 0x0, 0x1f, 0xfe,
    0x0, 0x0, 0x0, 0x0, 0xdf, 0xf4, 0x0, 0x0,
    0x0, 0x0, 0x0, 0x1f, 0xfe, 0x0, 0xff, 0xff,
    0xff, 0xff, 0xff, 0xff, 0xff, 0xf1, 0x0, 0x0,
    0x1f, 0xfe, 0x0, 0xff, 0xff, 0xff, 0xff, 0xff,
    0xff, 0xff, 0xf1, 0x0, 0x0, 0x1f, 0xfe, 0x0,
    0xcc, 0xcc, 0xcc, 0xcc, 0xcc, 0xcc, 0xcc, 0xc0,

    /* U+7A0D "稍" */
    0x0, 0x0, 0x0, 0x0, 0x0, 0x0, 0x0, 0x0,
    0x11, 0x10, 0x0, 0x0, 0x0, 0x0, 0x0, 0x17,
    0xd6, 0x0, 0x2, 0x0, 0xe, 0xff, 0x0, 0x6,
    0x10, 0x1, 0x48, 0xcf, 0xff, 0xe1, 0x3b, 0xf6,
    0x0, 0xef, 0xf0, 0x3, 0xff, 0x90, 0xef, 0xff,
    0xff, 0xfe, 0x53, 0xff, 0xe0, 0xe, 0xff, 0x0,
    0x9f, 0xf8, 0x8, 0xff, 0xff, 0xf4, 0x0, 0xa,
    0xff, 0x70, 0xef, 0xf0, 0x1f, 0xff, 0x10, 0x14,
    0x1b, 0xff, 0x10, 0x0, 0x2f, 0xfe, 0xe, 0xff,
    0x8, 0xff, 0x90, 0x0, 0x0, 0xbf, 0xf1, 0x0,
    0x0, 0xbf, 0x80, 0xef, 0xf0, 0x9f, 0xf1, 0x0,
    0x0, 0xb, 0xff, 0x10, 0x0, 0x3, 0x10, 0xe,
    0xff, 0x0, 0x13, 0x0, 0x3d, 0xdd, 0xff, 0xfe,
    0xdb, 0xd, 0xff, 0xff, 0xff, 0xff, 0xff, 0xfe,
    0x4, 0xff, 0xff, 0xff, 0xff, 0xd0, 0xef, 0xff,
    0xff, 0xff, 0xff, 0xff, 0xf0, 0x4f, 0xff, 0xff,
    0xff, 0xfd, 0xe, 0xff, 0xff, 0xff, 0xff, 0xff,
    0xff, 0x0, 0x0, 0xaf, 0xff, 0x20, 0x0, 0xef,
    0xe0, 0x0, 0x0, 0x0, 0xef, 0xf0, 0x0, 0xe,
    0xff, 0xfc, 0x0, 0xe, 0xfe, 0x0, 0x0, 0x0,
    0xe, 0xff, 0x0, 0x5, 0xff, 0xff, 0xfc, 0x0,
    0xef, 0xff, 0xff, 0xff, 0xff, 0xff, 0xf0, 0x0,
    0xcf, 0xff, 0xff, 0xfa, 0xe, 0xff, 0xff, 0xff,
    0xff, 0xff, 0xff, 0x0, 0x3f, 0xff, 0xff, 0x7f,
    0x70, 0xef, 0xf9, 0x99, 0x99, 0x99, 0xff, 0xf0,
    0xb, 0xff, 0xcf, 0xf1, 0xa0, 0xe, 0xfe, 0x0,
    0x0, 0x0, 0xe, 0xff, 0x5, 0xff, 0x9b, 0xff,
    0x10, 0x0, 0xef, 0xf9, 0x99, 0x99, 0x99, 0xff,
    0xf0, 0x2f, 0xf3, 0xbf, 0xf1, 0x0, 0xe, 0xff,
    0xff, 0xff, 0xff, 0xff, 0xff, 0x0, 0xab, 0xb,
    0xff, 0x10, 0x0, 0xef, 0xff, 0xff, 0xff, 0xff,
    0xff, 0xf0, 0x3, 0x30, 0xbf, 0xf1, 0x0, 0xe,
    0xfe, 0x0, 0x0, 0x0, 0xe, 0xff, 0x0, 0x0,
    0xb, 0xff, 0x10, 0x0, 0xef, 0xe0, 0x0, 0x0,
    0x0, 0xef, 0xf0, 0x0, 0x0, 0xbf, 0xf1, 0x0,
    0xe, 0xfe, 0x0, 0x0, 0xef, 0xff, 0xfe, 0x0,
    0x0, 0xb, 0xff, 0x10, 0x0, 0xef, 0xe0, 0x0,
    0x9, 0xff, 0xff, 0xa0, 0x0, 0x0, 0xbf, 0xf1,
    0x0, 0xd, 0xfd, 0x0, 0x0, 0x4e, 0xdc, 0x80,
    0x0,

    /* U+7A7A "空" */
    0x0, 0x0, 0x0, 0x0, 0x0, 0x0, 0x0, 0x0,
    0x0, 0x0, 0x0, 0x0, 0x0, 0x0, 0x0, 0x0,
    0x0, 0x8c, 0xf7, 0x0, 0x0, 0x0, 0x0, 0x0,
    0x0, 0x0, 0x0, 0x0, 0x0, 0xdf, 0xfe, 0x0,
    0x0, 0x0, 0x0, 0x0, 0x0, 0x0, 0x0, 0x0,
    0x0, 0x8f, 0xff, 0x60, 0x0, 0x0, 0x0, 0x0,
    0x2f, 0xff, 0xff, 0xff, 0xff, 0xff, 0xff, 0xff,
    0xff, 0xff, 0xff, 0xfe, 0x2f, 0xff, 0xff, 0xff,
    0xff, 0xff, 0xff, 0xff, 0xff, 0xff, 0xff, 0xfe,
    0x2f, 0xff, 0xcc, 0xcc, 0xcc, 0xcc, 0xcc, 0xcc,
    0xcc, 0xcc, 0xdf, 0xfe, 0x2f, 0xfe, 0x0, 0x0,
    0x0, 0x0, 0x0, 0x1, 0x0, 0x0, 0x6f, 0xfe,
    0x2f, 0xfe, 0x0, 0x2, 0xcd, 0x10, 0x0, 0x4f,
    0xb4, 0x0, 0x6f, 0xfe, 0x2f, 0xfe, 0x1, 0x8f,
    0xff, 0xe1, 0x3, 0xff, 0xff, 0xc5, 0x5d, 0xdb,
    0x5, 0x56, 0x8f, 0xff, 0xff, 0x50, 0x1, 0x8f,
    0xff, 0xff, 0xd5, 0x0, 0x5, 0xaf, 0xff, 0xff,
    0xb2, 0x0, 0x0, 0x1, 0x8f, 0xff, 0xff, 0xc3,
    0x9, 0xff, 0xff, 0xe5, 0x0, 0x0, 0x0, 0x0,
    0x1, 0x9f, 0xff, 0xf3, 0x1, 0xef, 0xe7, 0x10,
    0x0, 0x0, 0x0, 0x0, 0x0, 0x3, 0xbf, 0x50,
    0x0, 0x56, 0xbf, 0xff, 0xff, 0xff, 0xff, 0xff,
    0xff, 0xff, 0x82, 0x0, 0x0, 0x0, 0xaf, 0xff,
    0xff, 0xff, 0xff, 0xff, 0xff, 0xff, 0x80, 0x0,
    0x0, 0x0, 0x7c, 0xcc, 0xcc, 0xdf, 0xff, 0xcc,
    0xcc, 0xcc, 0x60, 0x0, 0x0, 0x0, 0x0, 0x0,
    0x0, 0x6f, 0xfe, 0x0, 0x0, 0x0, 0x0, 0x0,
    0x0, 0x0, 0x0, 0x0, 0x0, 0x6f, 0xfe, 0x0,
    0x0, 0x0, 0x0, 0x0, 0x0, 0x0, 0x0, 0x0,
    0x0, 0x6f, 0xfe, 0x0, 0x0, 0x0, 0x0, 0x0,
    0x0, 0x0, 0x0, 0x0, 0x0, 0x6f, 0xfe, 0x0,
    0x0, 0x0, 0x0, 0x0, 0x5, 0x55, 0x55, 0x55,
    0x55, 0xaf, 0xff, 0x55, 0x55, 0x55, 0x55, 0x54,
    0xf, 0xff, 0xff, 0xff, 0xff, 0xff, 0xff, 0xff,
    0xff, 0xff, 0xff, 0xfc, 0xf, 0xff, 0xff, 0xff,
    0xff, 0xff, 0xff, 0xff, 0xff, 0xff, 0xff, 0xfc,
    0x7, 0x77, 0x77, 0x77, 0x77, 0x77, 0x77, 0x77,
    0x77, 0x77, 0x77, 0x75,

    /* U+7ACB "立" */
    0x0, 0x0, 0x0, 0x0, 0x0, 0x0, 0x0, 0x0,
    0x0, 0x0, 0x0, 0x0, 0x0, 0x0, 0x0, 0x0,
    0x2, 0x9d, 0xf0, 0x0, 0x0, 0x0, 0x0, 0x0,
    0x0, 0x0, 0x0, 0x0, 0x1, 0xff, 0xf5, 0x0,
    0x0, 0x0, 0x0, 0x0, 0x0, 0x0, 0x0, 0x0,
    0x0, 0xcf, 0xfb, 0x0, 0x0, 0x0, 0x0, 0x0,
    0x0, 0x0, 0x0, 0x0, 0x0, 0x7f, 0xff, 0x0,
    0x0, 0x0, 0x0, 0x0, 0x2, 0x33, 0x33, 0x33,
    0x33, 0x6e, 0xa6, 0x33, 0x33, 0x33, 0x33, 0x20,
    0xa, 0xff, 0xff, 0xff, 0xff, 0xff, 0xff, 0xff,
    0xff, 0xff, 0xff, 0xc0, 0xa, 0xff, 0xff, 0xff,
    0xff, 0xff, 0xff, 0xff, 0xff, 0xff, 0xff, 0xc0,
    0x9, 0xff, 0xff, 0xff, 0xff, 0xff, 0xff, 0xff,
    0xff, 0xff, 0xff, 0xb0, 0x0, 0x0, 0x0, 0x3,
    0x0, 0x0, 0x0, 0x0, 0x20, 0x0, 0x0, 0x0,
    0x0, 0x0, 0x3c, 0xff, 0x0, 0x0, 0x0, 0x0,
    0xcf, 0xd8, 0x0, 0x0, 0x0, 0x0, 0x1f, 0xff,
    0x40, 0x0, 0x0, 0x0, 0xff, 0xf8, 0x0, 0x0,
    0x0, 0x0, 0xd, 0xff, 0x80, 0x0, 0x0, 0x4,
    0xff, 0xf4, 0x0, 0x0, 0x0, 0x0, 0x9, 0xff,
    0xc0, 0x0, 0x0, 0x8, 0xff, 0xf0, 0x0, 0x0,
    0x0, 0x0, 0x5, 0xff, 0xf0, 0x0, 0x0, 0xc,
    0xff, 0xa0, 0x0, 0x0, 0x0, 0x0, 0x1, 0xff,
    0xf4, 0x0, 0x0, 0x1f, 0xff, 0x50, 0x0, 0x0,
    0x0, 0x0, 0x0, 0xef, 0xf8, 0x0, 0x0, 0x6f,
    0xff, 0x10, 0x0, 0x0, 0x0, 0x0, 0x0, 0xaf,
    0xfb, 0x0, 0x0, 0xbf, 0xfb, 0x0, 0x0, 0x0,
    0x0, 0x0, 0x0, 0x7f, 0xff, 0x0, 0x1, 0xff,
    0xf5, 0x0, 0x0, 0x0, 0x0, 0x0, 0x0, 0x5f,
    0xfc, 0x0, 0x6, 0xff, 0xf0, 0x0, 0x0, 0x0,
    0x0, 0x0, 0x0, 0x14, 0x0, 0x0, 0xc, 0xff,
    0x90, 0x0, 0x0, 0x0, 0xcf, 0xff, 0xff, 0xff,
    0xff, 0xff, 0xff, 0xff, 0xff, 0xff, 0xff, 0xfe,
    0xdf, 0xff, 0xff, 0xff, 0xff, 0xff, 0xff, 0xff,
    0xff, 0xff, 0xff, 0xfe, 0xdf, 0xff, 0xff, 0xff,
    0xff, 0xff, 0xff, 0xff, 0xff, 0xff, 0xff, 0xfe,
    0x23, 0x33, 0x33, 0x33, 0x33, 0x33, 0x33, 0x33,
    0x33, 0x33, 0x33, 0x33,

    /* U+7AD6 "竖" */
    0x0, 0x0, 0x0, 0x15, 0x51, 0x0, 0x0, 0x0,
    0x0, 0x0, 0x10, 0x0, 0x0, 0x26, 0x62, 0x6,
    0xff, 0x52, 0xff, 0xff, 0xff, 0xff, 0xff, 0xf9,
    0x0, 0x7, 0xff, 0x50, 0x6f, 0xf5, 0x2f, 0xff,
    0xff, 0xff, 0xff, 0xff, 0xa0, 0x0, 0x7f, 0xf5,
    0x6, 0xff, 0x51, 0xbf, 0xfa, 0xaa, 0xaa, 0xff,
    0xf4, 0x0, 0x7, 0xff, 0x50, 0x6f, 0xf5, 0x6,
    0xff, 0x80, 0x0, 0x6f, 0xfe, 0x0, 0x0, 0x7f,
    0xf5, 0x6, 0xff, 0x50, 0xe, 0xff, 0x30, 0x1e,
    0xff, 0x60, 0x0, 0x7, 0xff, 0x50, 0x6f, 0xf5,
    0x0, 0x5f, 0xfe, 0x3c, 0xff, 0xd0, 0x0, 0x0,
    0x7f, 0xf5, 0x6, 0xff, 0x50, 0x0, 0xbf, 0xff,
    0xff, 0xf3, 0x0, 0x0, 0x7, 0xff, 0x50, 0x6f,
    0xf5, 0x0, 0x1, 0xef, 0xff, 0xf6, 0x0, 0x0,
    0x0, 0x7f, 0xf5, 0x6, 0xff, 0x50, 0x3, 0xbf,
    0xff, 0xff, 0xe7, 0x10, 0x0, 0x7, 0xff, 0x50,
    0x6f, 0xf5, 0x8d, 0xff, 0xff, 0xff, 0xff, 0xff,
    0xb7, 0x0, 0x7f, 0xf5, 0x6, 0xff, 0x58, 0xff,
    0xff, 0x91, 0x7f, 0xff, 0xff, 0x90, 0x3, 0x88,
    0x20, 0x6f, 0xf5, 0x3f, 0xfa, 0x20, 0x0, 0x18,
    0xef, 0xd0, 0x0, 0x0, 0x0, 0x1, 0x22, 0xc,
    0xff, 0x60, 0x0, 0x0, 0x0, 0x33, 0x0, 0x0,
    0x11, 0x11, 0x11, 0x11, 0x7f, 0xfc, 0x11, 0x11,
    0x11, 0x11, 0x10, 0x0, 0x3f, 0xff, 0xff, 0xff,
    0xff, 0xff, 0xff, 0xff, 0xff, 0xff, 0xfd, 0x0,
    0x3, 0xff, 0xff, 0xff, 0xff, 0xff, 0xff, 0xff,
    0xff, 0xff, 0xff, 0xd0, 0x0, 0x2a, 0xaa, 0xad,
    0xfc, 0xaa, 0xaa, 0xaa, 0xbf, 0xeb, 0xaa, 0xa8,
    0x0, 0x0, 0x0, 0x8, 0xff, 0xc0, 0x0, 0x0,
    0x6, 0xff, 0xd0, 0x0, 0x0, 0x0, 0x0, 0x0,
    0x1f, 0xff, 0x20, 0x0, 0x0, 0xcf, 0xf7, 0x0,
    0x0, 0x0, 0x0, 0x0, 0x0, 0xcf, 0xb3, 0x0,
    0x0, 0x2f, 0xff, 0x20, 0x0, 0x0, 0x6, 0xff,
    0xff, 0xff, 0xff, 0xff, 0xff, 0xff, 0xff, 0xff,
    0xff, 0xff, 0xe0, 0x6f, 0xff, 0xff, 0xff, 0xff,
    0xff, 0xff, 0xff, 0xff, 0xff, 0xff, 0xfe, 0x4,
    0xbb, 0xbb, 0xbb, 0xbb, 0xbb, 0xbb, 0xbb, 0xbb,
    0xbb, 0xbb, 0xbb, 0xa0,

    /* U+7AEF "端" */
    0x0, 0x1, 0x6b, 0x30, 0x0, 0x0, 0x0, 0x7,
    0xff, 0xc0, 0x0, 0x0, 0x0, 0x0, 0x3, 0xff,
    0xc0, 0x0, 0x6d, 0xd2, 0x7, 0xff, 0xc0, 0xa,
    0xdd, 0x30, 0x0, 0x0, 0xcf, 0xf3, 0x0, 0x8f,
    0xf3, 0x7, 0xff, 0xc0, 0xc, 0xff, 0x30, 0x0,
    0x0, 0x5f, 0xf7, 0x0, 0x8f, 0xf3, 0x7, 0xff,
    0xc0, 0xc, 0xff, 0x30, 0xb, 0xcc, 0xcf, 0xdc,
    0xca, 0x8f, 0xf4, 0x8, 0xff, 0xc0, 0xc, 0xff,
    0x30, 0xf, 0xff, 0xff, 0xff, 0xfd, 0x8f, 0xff,
    0xff, 0xff, 0xff, 0xff, 0xff, 0x30, 0xf, 0xff,
    0xff, 0xff, 0xfd, 0x8f, 0xff, 0xff, 0xff, 0xff,
    0xff, 0xff, 0x30, 0x1, 0x22, 0x22, 0x22, 0x21,
    0x5b, 0xbb, 0xbb, 0xbb, 0xbb, 0xbb, 0xbb, 0x20,
    0x1, 0x7a, 0x0, 0x4c, 0x92, 0x0, 0x0, 0x0,
    0x0, 0x0, 0x0, 0x0, 0x0, 0x3, 0xff, 0x30,
    0x5f, 0xf8, 0xcc, 0xcc, 0xcc, 0xcc, 0xcc, 0xcc,
    0xcc, 0xc0, 0x1, 0xff, 0x50, 0x7f, 0xf7, 0xff,
    0xff, 0xff, 0xff, 0xff, 0xff, 0xff, 0xf0, 0x0,
    0xff, 0x70, 0x8f, 0xe5, 0xff, 0xff, 0xff, 0xff,
    0xff, 0xff, 0xff, 0xf0, 0x0, 0xdf, 0x90, 0xaf,
    0xb0, 0x0, 0x0, 0xf, 0xff, 0x90, 0x0, 0x0,
    0x0, 0x0, 0xbf, 0xa0, 0xcf, 0x90, 0x79, 0x99,
    0xaf, 0xff, 0xb9, 0x99, 0xa9, 0x50, 0x0, 0xaf,
    0xc0, 0xef, 0x60, 0xdf, 0xff, 0xff, 0xff, 0xff,
    0xff, 0xff, 0x80, 0x0, 0x9f, 0xd0, 0xff, 0x30,
    0xdf, 0xff, 0xff, 0xff, 0xff, 0xff, 0xff, 0x80,
    0x0, 0x8f, 0xd3, 0xff, 0x0, 0xdf, 0xd0, 0xef,
    0x70, 0xff, 0x73, 0xff, 0x80, 0x0, 0x21, 0x7,
    0xff, 0xda, 0xdf, 0xd0, 0xef, 0x60, 0xff, 0x63,
    0xff, 0x80, 0x5, 0x8b, 0xff, 0xff, 0xfc, 0xdf,
    0xd0, 0xef, 0x60, 0xff, 0x63, 0xff, 0x80, 0x1f,
    0xff, 0xff, 0xff, 0xfc, 0xdf, 0xd0, 0xef, 0x60,
    0xff, 0x63, 0xff, 0x80, 0xe, 0xff, 0xfe, 0xa6,
    0x20, 0xdf, 0xd0, 0xef, 0x60, 0xff, 0x63, 0xff,
    0x80, 0x8, 0x95, 0x10, 0x0, 0x0, 0xdf, 0xd0,
    0xef, 0x60, 0xff, 0x85, 0xff, 0x80, 0x0, 0x0,
    0x0, 0x0, 0x0, 0xdf, 0xd0, 0xef, 0x60, 0xff,
    0xcf, 0xff, 0x70, 0x0, 0x0, 0x0, 0x0, 0x0,
    0xdf, 0xd0, 0xef, 0x60, 0xff, 0x7f, 0xea, 0x0,
    0x0, 0x0, 0x0, 0x0, 0x0, 0x23, 0x20, 0x0,
    0x0, 0x0, 0x0, 0x0, 0x0,

    /* U+7B49 "等" */
    0x0, 0x0, 0x0, 0x0, 0x0, 0x0, 0x0, 0x0,
    0x0, 0x0, 0x0, 0x0, 0x0, 0x0, 0x0, 0x8e,
    0xa5, 0x0, 0x0, 0x0, 0xe, 0xd8, 0x10, 0x0,
    0x0, 0x0, 0x0, 0x1, 0xff, 0xf7, 0x0, 0x0,
    0x0, 0x6f, 0xfe, 0x0, 0x0, 0x0, 0x0, 0x0,
    0xa, 0xff, 0xff, 0xff, 0xff, 0xe0, 0xef, 0xff,
    0xff, 0xff, 0xff, 0xf0, 0x0, 0x6f, 0xff, 0xff,
    0xff, 0xff, 0xea, 0xff, 0xff, 0xff, 0xff, 0xff,
    0xf0, 0x5, 0xff, 0xfb, 0xff, 0xfa, 0x88, 0xef,
    0xff, 0x9c, 0xff, 0xd8, 0x88, 0x80, 0x3f, 0xff,
    0xc0, 0x8f, 0xfa, 0x1, 0xcf, 0xf8, 0x1, 0xef,
    0xf3, 0x0, 0x0, 0x4, 0xdd, 0x10, 0x1e, 0x92,
    0x6, 0xdf, 0xd0, 0x0, 0x7d, 0x60, 0x0, 0x0,
    0x0, 0x3, 0x99, 0x99, 0x99, 0x9c, 0xff, 0xe9,
    0x99, 0x99, 0x99, 0x40, 0x0, 0x0, 0x4, 0xff,
    0xff, 0xff, 0xff, 0xff, 0xff, 0xff, 0xff, 0xff,
    0x70, 0x0, 0x0, 0x3, 0xff, 0xff, 0xff, 0xff,
    0xff, 0xff, 0xff, 0xff, 0xff, 0x70, 0x0, 0x0,
    0x0, 0x0, 0x0, 0x0, 0x7, 0xff, 0xc0, 0x0,
    0x0, 0x0, 0x0, 0x0, 0x8, 0x99, 0x99, 0x99,
    0x99, 0x9c, 0xff, 0xe9, 0x99, 0x99, 0x99, 0x99,
    0x91, 0xe, 0xff, 0xff, 0xff, 0xff, 0xff, 0xff,
    0xff, 0xff, 0xff, 0xff, 0xff, 0xf1, 0xe, 0xff,
    0xff, 0xff, 0xff, 0xff, 0xff, 0xff, 0xff, 0xff,
    0xff, 0xff, 0xf1, 0x0, 0x0, 0x0, 0x0, 0x0,
    0x0, 0x0, 0x0, 0x5f, 0xfc, 0x0, 0x0, 0x0,
    0x0, 0x89, 0x99, 0x99, 0x99, 0x99, 0x99, 0x99,
    0xbf, 0xfe, 0x99, 0x99, 0x10, 0x0, 0xef, 0xff,
    0xff, 0xff, 0xff, 0xff, 0xff, 0xff, 0xff, 0xff,
    0xff, 0x20, 0x0, 0xef, 0xff, 0xff, 0xff, 0xff,
    0xff, 0xff, 0xff, 0xff, 0xff, 0xff, 0x20, 0x0,
    0x0, 0x0, 0x8f, 0xf9, 0x0, 0x0, 0x0, 0x6f,
    0xfc, 0x0, 0x0, 0x0, 0x0, 0x0, 0x0, 0xaf,
    0xff, 0xa0, 0x0, 0x0, 0x5f, 0xfc, 0x0, 0x0,
    0x0, 0x0, 0x0, 0x0, 0x8, 0xff, 0xfa, 0x0,
    0x0, 0x5f, 0xfc, 0x0, 0x0, 0x0, 0x0, 0x0,
    0x0, 0x0, 0x8f, 0xf8, 0xc, 0xdd, 0xef, 0xfb,
    0x0, 0x0, 0x0, 0x0, 0x0, 0x0, 0x0, 0x9,
    0x50, 0x8, 0xff, 0xff, 0xf8, 0x0, 0x0, 0x0,
    0x0, 0x0, 0x0, 0x0, 0x0, 0x0, 0x3, 0xff,
    0xfd, 0x80, 0x0, 0x0, 0x0, 0x0, 0x0, 0x0,
    0x0, 0x0, 0x0, 0x0, 0x0, 0x0, 0x0, 0x0,
    0x0, 0x0,

    /* U+7BA1 "管" */
    0x0, 0x0, 0x20, 0x0, 0x0, 0x0, 0x0, 0x1,
    0x0, 0x0, 0x0, 0x0, 0x0, 0x0, 0x3f, 0xfa,
    0x0, 0x0, 0x0, 0x0, 0xcf, 0xd4, 0x0, 0x0,
    0x0, 0x0, 0xa, 0xff, 0xa3, 0x33, 0x33, 0x20,
    0x2f, 0xff, 0x53, 0x33, 0x33, 0x20, 0x2, 0xff,
    0xff, 0xff, 0xff, 0xfe, 0xa, 0xff, 0xff, 0xff,
    0xff, 0xfe, 0x0, 0xaf, 0xff, 0xff, 0xff, 0xff,
    0xd4, 0xff, 0xff, 0xff, 0xff, 0xff, 0xe0, 0x6f,
    0xff, 0x14, 0xff, 0xe0, 0x0, 0xdf, 0xf9, 0x8,
    0xff, 0xb0, 0x0, 0xd, 0xff, 0x70, 0xb, 0xff,
    0x66, 0x9c, 0x8b, 0x0, 0xc, 0xff, 0x30, 0x0,
    0x5, 0x90, 0x0, 0x27, 0x10, 0xaf, 0xfa, 0x0,
    0x0, 0x37, 0x10, 0x0, 0x1, 0xff, 0xff, 0xff,
    0xff, 0xff, 0xff, 0xff, 0xff, 0xff, 0xff, 0xff,
    0x60, 0x1f, 0xff, 0xff, 0xff, 0xff, 0xff, 0xff,
    0xff, 0xff, 0xff, 0xff, 0xf6, 0x1, 0xff, 0xf6,
    0x66, 0x66, 0x66, 0x66, 0x66, 0x66, 0x66, 0x6d,
    0xff, 0x60, 0x1f, 0xfe, 0x44, 0x44, 0x44, 0x44,
    0x44, 0x44, 0x44, 0x44, 0xcf, 0xf6, 0x0, 0xaa,
    0xbf, 0xff, 0xff, 0xff, 0xff, 0xff, 0xff, 0xff,
    0xfa, 0xaa, 0x40, 0x0, 0x2, 0xff, 0xff, 0xff,
    0xff, 0xff, 0xff, 0xff, 0xff, 0x20, 0x0, 0x0,
    0x0, 0x2f, 0xff, 0x0, 0x0, 0x0, 0x0, 0x0,
    0xef, 0xf2, 0x0, 0x0, 0x0, 0x2, 0xff, 0xff,
    0xff, 0xff, 0xff, 0xff, 0xff, 0xff, 0x20, 0x0,
    0x0, 0x0, 0x2f, 0xff, 0xff, 0xff, 0xff, 0xff,
    0xff, 0xff, 0xf2, 0x0, 0x0, 0x0, 0x2, 0xff,
    0xf4, 0x44, 0x44, 0x44, 0x44, 0x44, 0x44, 0x0,
    0x0, 0x0, 0x0, 0x2f, 0xff, 0x55, 0x55, 0x55,
    0x55, 0x55, 0x55, 0x55, 0x20, 0x0, 0x0, 0x2,
    0xff, 0xff, 0xff, 0xff, 0xff, 0xff, 0xff, 0xff,
    0xf8, 0x0, 0x0, 0x0, 0x2f, 0xff, 0xff, 0xff,
    0xff, 0xff, 0xff, 0xff, 0xff, 0x80, 0x0, 0x0,
    0x2, 0xff, 0xf0, 0x0, 0x0, 0x0, 0x0, 0x0,
    0x9f, 0xf8, 0x0, 0x0, 0x0, 0x2f, 0xff, 0x77,
    0x77, 0x77, 0x77, 0x77, 0x7c, 0xff, 0x80, 0x0,
    0x0, 0x2, 0xff, 0xff, 0xff, 0xff, 0xff, 0xff,
    0xff, 0xff, 0xf8, 0x0, 0x0, 0x0, 0x2f, 0xff,
    0xee, 0xee, 0xee, 0xee, 0xee, 0xef, 0xff, 0x80,
    0x0, 0x0, 0x0, 0x0, 0x0, 0x0, 0x0, 0x0,
    0x0, 0x0, 0x0, 0x0, 0x0,

    /* U+7C7B "类" */
    0x0, 0x0, 0x2, 0x20, 0x0, 0x5d, 0xda, 0x0,
    0x0, 0x62, 0x0, 0x0, 0x0, 0x0, 0x3b, 0xfe,
    0x10, 0x6, 0xff, 0xc0, 0x0, 0x8f, 0xfd, 0x10,
    0x0, 0x0, 0x1, 0xdf, 0xfc, 0x0, 0x6f, 0xfc,
    0x0, 0x2f, 0xff, 0x80, 0x0, 0x0, 0x0, 0x3,
    0xff, 0xf7, 0x6, 0xff, 0xc0, 0xc, 0xff, 0xb0,
    0x0, 0x0, 0x0, 0x0, 0x8, 0xfd, 0x50, 0x7f,
    0xfc, 0x2, 0xaf, 0xd1, 0x0, 0x0, 0x2, 0xff,
    0xff, 0xff, 0xff, 0xff, 0xff, 0xff, 0xff, 0xff,
    0xff, 0xff, 0xa0, 0x2f, 0xff, 0xff, 0xff, 0xff,
    0xff, 0xff, 0xff, 0xff, 0xff, 0xff, 0xfa, 0x1,
    0xdd, 0xdd, 0xdd, 0xdf, 0xff, 0xff, 0xff, 0xfd,
    0xdd, 0xdd, 0xdd, 0x80, 0x0, 0x0, 0x0, 0x1a,
    0xff, 0xff, 0xff, 0xff, 0xd6, 0x0, 0x0, 0x0,
    0x0, 0x0, 0x0, 0x7f, 0xff, 0xfb, 0xff, 0xff,
    0xff, 0xff, 0x81, 0x0, 0x0, 0x0, 0x49, 0xff,
    0xff, 0xd2, 0x6f, 0xfc, 0x18, 0xef, 0xff, 0xfa,
    0x20, 0x5, 0xef, 0xff, 0xff, 0x80, 0x6, 0xff,
    0xc0, 0x0, 0x6e, 0xff, 0xff, 0x70, 0xb, 0xff,
    0xf8, 0x10, 0x0, 0x4b, 0xb8, 0x0, 0x0, 0x6,
    0xdf, 0xf1, 0x0, 0x1a, 0x50, 0x0, 0x0, 0x8,
    0xff, 0xb0, 0x0, 0x0, 0x0, 0x65, 0x0, 0x0,
    0x0, 0x0, 0x0, 0x0, 0xbf, 0xfa, 0x0, 0x0,
    0x0, 0x0, 0x0, 0x5, 0xff, 0xff, 0xff, 0xff,
    0xff, 0xff, 0xff, 0xff, 0xff, 0xff, 0xff, 0xd0,
    0x5f, 0xff, 0xff, 0xff, 0xff, 0xff, 0xff, 0xff,
    0xff, 0xff, 0xff, 0xfd, 0x4, 0xdd, 0xdd, 0xdd,
    0xdd, 0xff, 0xff, 0xff, 0xdd, 0xdd, 0xdd, 0xdd,
    0xb0, 0x0, 0x0, 0x0, 0x0, 0x9f, 0xff, 0xff,
    0xfb, 0x10, 0x0, 0x0, 0x0, 0x0, 0x0, 0x0,
    0x4, 0xcf, 0xff, 0xd5, 0xff, 0xfe, 0x60, 0x0,
    0x0, 0x0, 0x0, 0x3, 0x8d, 0xff, 0xff, 0xd1,
    0x6, 0xff, 0xff, 0xe9, 0x51, 0x0, 0x8, 0xdf,
    0xff, 0xff, 0xff, 0xb1, 0x0, 0x4, 0xef, 0xff,
    0xff, 0xfe, 0xc3, 0x3f, 0xff, 0xff, 0xfb, 0x40,
    0x0, 0x0, 0x0, 0x8e, 0xff, 0xff, 0xfa, 0x0,
    0xbf, 0xfb, 0x71, 0x0, 0x0, 0x0, 0x0, 0x0,
    0x5, 0xae, 0xff, 0x10, 0x2, 0x20, 0x0, 0x0,
    0x0, 0x0, 0x0, 0x0, 0x0, 0x0, 0x1, 0x20,
    0x0,

    /* U+7CFB "系" */
    0x0, 0x0, 0x0, 0x0, 0x0, 0x0, 0x0, 0x0,
    0x0, 0x13, 0x0, 0x0, 0x0, 0x0, 0x0, 0x0,
    0x0, 0x1, 0x35, 0x79, 0xbe, 0xff, 0x60, 0x0,
    0x2, 0x77, 0x89, 0xab, 0xce, 0xff, 0xff, 0xff,
    0xff, 0xff, 0xf4, 0x0, 0x1, 0xff, 0xff, 0xff,
    0xff, 0xff, 0xff, 0xff, 0xff, 0xeb, 0x84, 0x0,
    0x0, 0xcf, 0xff, 0xff, 0xff, 0xff, 0xd9, 0x75,
    0x31, 0x0, 0x0, 0x0, 0x0, 0x34, 0x33, 0x24,
    0xef, 0xfb, 0x0, 0x0, 0x45, 0x0, 0x0, 0x0,
    0x0, 0x0, 0x0, 0x4f, 0xff, 0xb0, 0x0, 0x7,
    0xff, 0x50, 0x0, 0x0, 0x0, 0x0, 0x6, 0xff,
    0xf9, 0x0, 0x1, 0xbf, 0xff, 0xf1, 0x0, 0x0,
    0x0, 0x2, 0xbf, 0xff, 0xb5, 0x67, 0x8e, 0xff,
    0xfd, 0x20, 0x0, 0x0, 0x0, 0xc, 0xff, 0xff,
    0xff, 0xff, 0xff, 0xff, 0x80, 0x0, 0x0, 0x0,
    0x0, 0x7, 0xff, 0xff, 0xff, 0xff, 0xff, 0xc3,
    0x2, 0x30, 0x0, 0x0, 0x0, 0x2, 0x64, 0x36,
    0xdf, 0xff, 0xe6, 0x0, 0x9f, 0xf5, 0x0, 0x0,
    0x0, 0x0, 0x3, 0xbf, 0xff, 0xe7, 0x0, 0x0,
    0x5f, 0xff, 0x50, 0x0, 0x0, 0x4, 0xcf, 0xff,
    0xff, 0xaa, 0xbc, 0xdf, 0xff, 0xff, 0xf4, 0x0,
    0x0, 0xef, 0xff, 0xff, 0xff, 0xff, 0xff, 0xff,
    0xff, 0xff, 0xff, 0x20, 0x0, 0xaf, 0xff, 0xff,
    0xff, 0xff, 0xff, 0xa8, 0x76, 0x5a, 0xff, 0xd1,
    0x0, 0x6b, 0x86, 0x53, 0x10, 0x4f, 0xfe, 0x0,
    0x0, 0x0, 0xcf, 0x91, 0x0, 0x0, 0x9, 0x61,
    0x0, 0x4f, 0xfe, 0x0, 0x1a, 0x70, 0x23, 0x0,
    0x0, 0x0, 0x9f, 0xff, 0x50, 0x4f, 0xfe, 0x4,
    0xff, 0xfb, 0x10, 0x0, 0x0, 0xa, 0xff, 0xfb,
    0x0, 0x4f, 0xfe, 0x0, 0xaf, 0xff, 0xe3, 0x0,
    0x2, 0xcf, 0xff, 0xb0, 0x0, 0x4f, 0xfe, 0x0,
    0x7, 0xff, 0xff, 0x50, 0x5f, 0xff, 0xfb, 0x0,
    0x0, 0x4f, 0xfe, 0x0, 0x0, 0x5f, 0xff, 0xf5,
    0xa, 0xff, 0x90, 0xd, 0xee, 0xff, 0xfd, 0x0,
    0x0, 0x4, 0xff, 0xc2, 0x0, 0x65, 0x0, 0x8,
    0xff, 0xff, 0xf9, 0x0, 0x0, 0x0, 0x47, 0x0,
    0x0, 0x0, 0x0, 0x3, 0xff, 0xfd, 0x80, 0x0,
    0x0, 0x0, 0x0, 0x0, 0x0, 0x0, 0x0, 0x0,
    0x10, 0x0, 0x0, 0x0, 0x0, 0x0, 0x0, 0x0,

    /* U+7EBF "线" */
    0x0, 0x0, 0x1, 0x10, 0x0, 0x0, 0x0, 0x7,
    0x77, 0x0, 0x0, 0x0, 0x0, 0x0, 0x0, 0x7,
    0xf9, 0x10, 0x0, 0x0, 0x1f, 0xff, 0x7, 0xe5,
    0x0, 0x0, 0x0, 0x0, 0xd, 0xff, 0x80, 0x0,
    0x0, 0x1f, 0xff, 0x4f, 0xff, 0xb1, 0x0, 0x0,
    0x0, 0x4f, 0xff, 0x10, 0x0, 0x0, 0x1f, 0xff,
    0x4, 0xef, 0xe2, 0x0, 0x0, 0x0, 0xbf, 0xf8,
    0x0, 0x0, 0x0, 0xf, 0xff, 0x0, 0x1b, 0x42,
    0x0, 0x0, 0x4, 0xff, 0xe1, 0x0, 0x0, 0x0,
    0xf, 0xff, 0x8a, 0xdf, 0xfd, 0x0, 0x0, 0xd,
    0xff, 0x60, 0xb9, 0x4, 0x9b, 0xef, 0xff, 0xff,
    0xff, 0xff, 0x0, 0x0, 0x6f, 0xfb, 0x4, 0xff,
    0xd9, 0xff, 0xff, 0xff, 0xff, 0xfd, 0xb8, 0x10,
    0x4, 0xff, 0xf6, 0x5d, 0xff, 0x76, 0xff, 0xff,
    0xff, 0x82, 0x0, 0x0, 0x0, 0xd, 0xff, 0xff,
    0xff, 0xfd, 0x1, 0x42, 0xb, 0xff, 0x60, 0x0,
    0x1, 0x10, 0x7, 0xff, 0xff, 0xff, 0xf3, 0x0,
    0x0, 0x9, 0xff, 0x95, 0x8b, 0xef, 0x80, 0x3,
    0xc8, 0x6f, 0xff, 0x80, 0x0, 0x14, 0x7c, 0xff,
    0xff, 0xff, 0xff, 0xb0, 0x0, 0x0, 0x9f, 0xfc,
    0x0, 0x2e, 0xff, 0xff, 0xff, 0xff, 0xff, 0xeb,
    0x70, 0x0, 0x5, 0xff, 0xe1, 0x1, 0x2f, 0xff,
    0xff, 0xff, 0xf7, 0x41, 0x30, 0x0, 0x0, 0x4f,
    0xff, 0xcc, 0xef, 0x4c, 0xc9, 0x64, 0xff, 0xf0,
    0x3, 0xfe, 0x80, 0x6, 0xff, 0xff, 0xff, 0xff,
    0x30, 0x0, 0x0, 0xef, 0xf3, 0x1e, 0xff, 0x90,
    0x6, 0xff, 0xff, 0xfe, 0xb8, 0x10, 0x0, 0x0,
    0xaf, 0xf9, 0xdf, 0xfc, 0x0, 0x1, 0xfc, 0x85,
    0x10, 0x0, 0x0, 0x0, 0x0, 0x7f, 0xff, 0xff,
    0xd1, 0x0, 0x0, 0x10, 0x0, 0x0, 0x49, 0x20,
    0x0, 0x0, 0x3f, 0xff, 0xfd, 0x20, 0x0, 0x0,
    0x0, 0x15, 0xaf, 0xff, 0x60, 0x0, 0x4, 0xdf,
    0xff, 0xd1, 0x4, 0x0, 0x2, 0x7c, 0xff, 0xff,
    0xff, 0x80, 0x4, 0xcf, 0xff, 0xff, 0xc0, 0xe,
    0x91, 0x9, 0xff, 0xff, 0xfd, 0x82, 0x27, 0xdf,
    0xff, 0xfe, 0xff, 0xf7, 0x3f, 0xf4, 0x5, 0xff,
    0xe9, 0x30, 0x0, 0xcf, 0xff, 0xff, 0x80, 0x8f,
    0xff, 0xff, 0xf1, 0x2, 0x94, 0x0, 0x0, 0x0,
    0x1e, 0xfe, 0x81, 0x0, 0xc, 0xff, 0xff, 0xa0,
    0x0, 0x0, 0x0, 0x0, 0x0, 0x4, 0x50, 0x0,
    0x0, 0x1, 0xaf, 0xfb, 0x10,

    /* U+7ED3 "结" */
    0x0, 0x0, 0x0, 0x0, 0x0, 0x0, 0x0, 0x0,
    0x22, 0x20, 0x0, 0x0, 0x0, 0x0, 0x0, 0xea,
    0x40, 0x0, 0x0, 0x0, 0xe, 0xff, 0x50, 0x0,
    0x0, 0x0, 0x0, 0x4f, 0xff, 0x50, 0x0, 0x0,
    0x0, 0xef, 0xf5, 0x0, 0x0, 0x0, 0x0, 0xb,
    0xff, 0xd0, 0x0, 0x0, 0x0, 0xe, 0xff, 0x50,
    0x0, 0x0, 0x0, 0x3, 0xff, 0xf5, 0x0, 0x6f,
    0xff, 0xff, 0xff, 0xff, 0xff, 0xff, 0xb0, 0x0,
    0xbf, 0xfc, 0x0, 0x6, 0xff, 0xff, 0xff, 0xff,
    0xff, 0xff, 0xfc, 0x0, 0x4f, 0xff, 0x30, 0xc5,
    0x6f, 0xff, 0xff, 0xff, 0xff, 0xff, 0xff, 0xc0,
    0xe, 0xff, 0x80, 0x7f, 0xfa, 0x0, 0x0, 0xe,
    0xff, 0x50, 0x0, 0x0, 0xb, 0xff, 0xe3, 0x5f,
    0xff, 0x90, 0x0, 0x0, 0xef, 0xf5, 0x0, 0x0,
    0x6, 0xff, 0xff, 0xff, 0xff, 0xe0, 0x0, 0x0,
    0xe, 0xff, 0x50, 0x0, 0x0, 0x1f, 0xff, 0xff,
    0xff, 0xf4, 0xb, 0xff, 0xff, 0xff, 0xff, 0xff,
    0xff, 0x20, 0xbd, 0xab, 0xff, 0xf8, 0x0, 0xbf,
    0xff, 0xff, 0xff, 0xff, 0xff, 0xf2, 0x0, 0x0,
    0xdf, 0xfc, 0x0, 0xa, 0xee, 0xee, 0xee, 0xee,
    0xee, 0xee, 0x20, 0x0, 0xbf, 0xfd, 0x10, 0x0,
    0x0, 0x0, 0x0, 0x0, 0x0, 0x0, 0x0, 0x0,
    0xbf, 0xff, 0x88, 0xbd, 0x70, 0x0, 0x0, 0x0,
    0x0, 0x0, 0x0, 0x1, 0xcf, 0xff, 0xff, 0xff,
    0xf8, 0xf, 0xff, 0xff, 0xff, 0xff, 0xff, 0xb0,
    0xe, 0xff, 0xff, 0xff, 0xfe, 0x60, 0xff, 0xff,
    0xff, 0xff, 0xff, 0xfb, 0x0, 0x9f, 0xfd, 0xa6,
    0x30, 0x0, 0xf, 0xff, 0xcc, 0xcc, 0xcd, 0xff,
    0xb0, 0x3, 0x51, 0x0, 0x0, 0x0, 0x0, 0xff,
    0xf0, 0x0, 0x0, 0x7f, 0xfb, 0x0, 0x0, 0x0,
    0x0, 0x14, 0x76, 0xf, 0xff, 0x0, 0x0, 0x7,
    0xff, 0xb0, 0x1, 0x36, 0x9b, 0xef, 0xff, 0xc0,
    0xff, 0xf0, 0x0, 0x0, 0x7f, 0xfb, 0x4, 0xff,
    0xff, 0xff, 0xff, 0xfd, 0xf, 0xff, 0xcc, 0xcc,
    0xce, 0xff, 0xb0, 0x1f, 0xff, 0xff, 0xfd, 0x96,
    0x20, 0xff, 0xff, 0xff, 0xff, 0xff, 0xfb, 0x0,
    0xed, 0xa7, 0x30, 0x0, 0x0, 0xf, 0xff, 0xff,
    0xff, 0xff, 0xff, 0xb0, 0x0, 0x0, 0x0, 0x0,
    0x0, 0x0, 0xff, 0xf1, 0x0, 0x0, 0x8f, 0xfb,
    0x0, 0x0, 0x0, 0x0, 0x0, 0x0, 0x1, 0x11,
    0x0, 0x0, 0x0, 0x0, 0x0,

    /* U+7EDC "络" */
    0x0, 0x0, 0x0, 0x0, 0x0, 0x0, 0x0, 0x14,
    0x0, 0x0, 0x0, 0x0, 0x0, 0x0, 0x0, 0x9,
    0xc5, 0x0, 0x0, 0x0, 0x9f, 0xf6, 0x0, 0x0,
    0x0, 0x0, 0x0, 0x0, 0xf, 0xff, 0x80, 0x0,
    0x1, 0xff, 0xf2, 0x0, 0x0, 0x0, 0x0, 0x0,
    0x0, 0x6f, 0xff, 0x20, 0x0, 0xa, 0xff, 0xfc,
    0xcc, 0xcc, 0xc7, 0x0, 0x0, 0x0, 0xef, 0xf9,
    0x0, 0x0, 0x5f, 0xff, 0xff, 0xff, 0xff, 0xff,
    0x80, 0x0, 0x6, 0xff, 0xf1, 0x0, 0x2, 0xff,
    0xff, 0xff, 0xff, 0xff, 0xff, 0x20, 0x0, 0xe,
    0xff, 0x60, 0x60, 0x1e, 0xff, 0xf8, 0x0, 0x0,
    0xbf, 0xf9, 0x0, 0x0, 0x8f, 0xfc, 0x5, 0xfd,
    0xef, 0xff, 0xff, 0x30, 0x8, 0xff, 0xe1, 0x0,
    0x4, 0xff, 0xf3, 0x3e, 0xff, 0xff, 0xfb, 0xff,
    0xe2, 0x7f, 0xff, 0x40, 0x0, 0x2f, 0xff, 0xff,
    0xff, 0xff, 0x3d, 0x70, 0xaf, 0xff, 0xff, 0xf7,
    0x0, 0x0, 0xd, 0xff, 0xff, 0xff, 0xf6, 0x1,
    0x0, 0xd, 0xff, 0xff, 0x80, 0x0, 0x0, 0x8,
    0xfc, 0xaf, 0xff, 0xa0, 0x0, 0x4, 0xcf, 0xff,
    0xff, 0xf8, 0x10, 0x0, 0x1, 0x0, 0xaf, 0xfd,
    0x10, 0x38, 0xdf, 0xff, 0xfe, 0xff, 0xff, 0xfb,
    0x62, 0x0, 0x6, 0xff, 0xf2, 0x16, 0xff, 0xff,
    0xff, 0x80, 0x2b, 0xff, 0xff, 0xf6, 0x0, 0x5f,
    0xff, 0xed, 0xff, 0xcf, 0xff, 0x91, 0x0, 0x0,
    0x4b, 0xff, 0xf0, 0x8, 0xff, 0xff, 0xff, 0xff,
    0x6c, 0xfd, 0xcc, 0xcc, 0xcc, 0xcc, 0xee, 0x80,
    0xb, 0xff, 0xff, 0xff, 0xb7, 0x0, 0xff, 0xff,
    0xff, 0xff, 0xff, 0xfb, 0x0, 0x6, 0xff, 0xb7,
    0x30, 0x0, 0x0, 0xff, 0xff, 0xff, 0xff, 0xff,
    0xfb, 0x0, 0x1, 0x50, 0x0, 0x0, 0x27, 0x0,
    0xff, 0xe0, 0x0, 0x0, 0x5f, 0xfb, 0x0, 0x0,
    0x0, 0x2, 0x7d, 0xff, 0x40, 0xff, 0xe0, 0x0,
    0x0, 0x5f, 0xfb, 0x0, 0x0, 0x27, 0xdf, 0xff,
    0xff, 0x70, 0xff, 0xe0, 0x0, 0x0, 0x5f, 0xfb,
    0x0, 0xc, 0xff, 0xff, 0xff, 0xc6, 0x10, 0xff,
    0xff, 0xff, 0xff, 0xff, 0xfb, 0x0, 0xa, 0xff,
    0xfe, 0x82, 0x0, 0x0, 0xff, 0xff, 0xff, 0xff,
    0xff, 0xfb, 0x0, 0x7, 0xfa, 0x40, 0x0, 0x0,
    0x0, 0xff, 0xfc, 0xcc, 0xcc, 0xdf, 0xfb, 0x0,
    0x1, 0x10, 0x0, 0x0, 0x0, 0x0, 0xff, 0xe0,
    0x0, 0x0, 0x5f, 0xfb, 0x0, 0x0, 0x0, 0x0,
    0x0, 0x0, 0x0, 0x11, 0x10, 0x0, 0x0, 0x0,
    0x0, 0x0,

    /* U+7EDF "统" */
    0x0, 0x0, 0x2, 0x0, 0x0, 0x0, 0x0, 0x0,
    0x1, 0x0, 0x0, 0x0, 0x0, 0x0, 0x0, 0x1f,
    0xc5, 0x0, 0x0, 0x0, 0x7, 0xdf, 0x70, 0x0,
    0x0, 0x0, 0x0, 0x0, 0x6f, 0xff, 0x30, 0x0,
    0x0, 0x6, 0xff, 0xe0, 0x0, 0x0, 0x0, 0x0,
    0x0, 0xcf, 0xfc, 0x0, 0x0, 0x0, 0x1, 0xff,
    0xf3, 0x0, 0x0, 0x0, 0x0, 0x3, 0xff, 0xf4,
    0x0, 0x7b, 0xbb, 0xbb, 0xff, 0xcb, 0xbb, 0xbb,
    0xb0, 0x0, 0xb, 0xff, 0xc0, 0x0, 0x9f, 0xff,
    0xff, 0xff, 0xff, 0xff, 0xff, 0xf0, 0x0, 0x3f,
    0xff, 0x34, 0x91, 0x9f, 0xff, 0xff, 0xff, 0xff,
    0xff, 0xff, 0xf0, 0x0, 0xcf, 0xf9, 0xc, 0xfe,
    0x50, 0x1, 0xdf, 0xfc, 0x10, 0x14, 0x0, 0x0,
    0x9, 0xff, 0xe2, 0x6f, 0xff, 0x30, 0x9, 0xff,
    0xf2, 0x6, 0xef, 0x30, 0x0, 0x4f, 0xff, 0xff,
    0xff, 0xfa, 0x0, 0x5f, 0xff, 0x60, 0x6, 0xff,
    0xd0, 0x0, 0xe, 0xff, 0xff, 0xff, 0xe1, 0x4,
    0xff, 0xf9, 0x12, 0x35, 0xef, 0xf8, 0x0, 0x9,
    0xfd, 0xdf, 0xff, 0x51, 0xbf, 0xff, 0xff, 0xff,
    0xff, 0xff, 0xff, 0x20, 0x1, 0x0, 0xdf, 0xf9,
    0x0, 0xef, 0xff, 0xff, 0xff, 0xff, 0xff, 0xff,
    0xb0, 0x0, 0xa, 0xff, 0xd0, 0x2, 0x9f, 0xff,
    0xec, 0xa8, 0x64, 0x32, 0xff, 0xe1, 0x0, 0x8f,
    0xff, 0xbc, 0xfc, 0x35, 0x4d, 0xdc, 0x3, 0xdd,
    0xb0, 0x87, 0x0, 0xa, 0xff, 0xff, 0xff, 0xfc,
    0x0, 0x3f, 0xfd, 0x3, 0xff, 0xd0, 0x0, 0x0,
    0xd, 0xff, 0xff, 0xff, 0xc7, 0x0, 0x4f, 0xfc,
    0x3, 0xff, 0xd0, 0x0, 0x0, 0x8, 0xff, 0xc8,
    0x40, 0x0, 0x0, 0x6f, 0xfa, 0x3, 0xff, 0xd0,
    0x0, 0x0, 0x2, 0x61, 0x0, 0x0, 0x37, 0x0,
    0x9f, 0xf8, 0x3, 0xff, 0xd0, 0x11, 0x0, 0x0,
    0x0, 0x2, 0x8d, 0xff, 0x0, 0xef, 0xf5, 0x3,
    0xff, 0xd0, 0x4f, 0x92, 0x0, 0x27, 0xdf, 0xff,
    0xff, 0x46, 0xff, 0xf1, 0x3, 0xff, 0xd0, 0x4f,
    0xf5, 0xc, 0xff, 0xff, 0xff, 0xb5, 0x4f, 0xff,
    0xa0, 0x3, 0xff, 0xd0, 0x6f, 0xf3, 0xc, 0xff,
    0xfe, 0x82, 0x18, 0xff, 0xff, 0x20, 0x2, 0xff,
    0xfa, 0xdf, 0xf0, 0x8, 0xfb, 0x50, 0x0, 0x2f,
    0xff, 0xf4, 0x0, 0x0, 0xff, 0xff, 0xff, 0xc0,
    0x2, 0x10, 0x0, 0x0, 0x5, 0xfe, 0x40, 0x0,
    0x0, 0x5d, 0xff, 0xfd, 0x20, 0x0, 0x0, 0x0,
    0x0, 0x0, 0x50, 0x0, 0x0, 0x0, 0x0, 0x0,
    0x0, 0x0,

    /* U+7EE7 "继" */
    0x0, 0x0, 0x0, 0x0, 0x0, 0x0, 0x0, 0x0,
    0x0, 0x0, 0x0, 0x0, 0x0, 0x0, 0x0, 0xf,
    0xb5, 0x0, 0x46, 0x60, 0x0, 0x0, 0xbb, 0x60,
    0x0, 0x0, 0x0, 0x0, 0x5f, 0xfd, 0x0, 0xbf,
    0xf2, 0x2, 0x0, 0xff, 0x90, 0x21, 0x0, 0x0,
    0x0, 0xcf, 0xf6, 0x0, 0xbf, 0xf2, 0xcf, 0x40,
    0xff, 0x90, 0xaf, 0xb0, 0x0, 0x2, 0xff, 0xe0,
    0x0, 0xbf, 0xf2, 0x9f, 0x90, 0xff, 0x90, 0xef,
    0x70, 0x0, 0xa, 0xff, 0x70, 0x0, 0xbf, 0xf2,
    0x4f, 0xe0, 0xff, 0x93, 0xff, 0x10, 0x0, 0x2f,
    0xfe, 0x2, 0x60, 0xbf, 0xf2, 0xf, 0xf2, 0xff,
    0x98, 0xf9, 0x0, 0x0, 0xbf, 0xf5, 0x9, 0xfb,
    0xcf, 0xf2, 0xd, 0xc3, 0xff, 0x9b, 0xf2, 0x0,
    0x6, 0xff, 0xc0, 0x2f, 0xfe, 0xcf, 0xf2, 0x1,
    0x0, 0xff, 0x90, 0x20, 0x0, 0x1f, 0xff, 0xcb,
    0xef, 0xf6, 0xbf, 0xf4, 0xff, 0xff, 0xff, 0xff,
    0xff, 0xf1, 0xc, 0xff, 0xff, 0xff, 0xc0, 0xbf,
    0xf4, 0xff, 0xff, 0xff, 0xff, 0xff, 0xf1, 0x7,
    0xff, 0xdf, 0xff, 0x30, 0xbf, 0xf3, 0x99, 0x9e,
    0xff, 0xfa, 0x99, 0x90, 0x1, 0x20, 0xaf, 0xf8,
    0x0, 0xbf, 0xf2, 0x0, 0x3f, 0xff, 0xfb, 0x0,
    0x0, 0x0, 0x6, 0xff, 0xc0, 0x0, 0xbf, 0xf2,
    0x0, 0xbf, 0xff, 0xff, 0x80, 0x0, 0x0, 0x3f,
    0xff, 0x45, 0x85, 0xbf, 0xf2, 0x5, 0xff, 0xff,
    0xdf, 0xf5, 0x0, 0x4, 0xef, 0xff, 0xff, 0xf7,
    0xbf, 0xf2, 0x1e, 0xfa, 0xff, 0x9a, 0xff, 0x20,
    0xe, 0xff, 0xff, 0xff, 0xf7, 0xbf, 0xf2, 0xcf,
    0xf2, 0xff, 0x91, 0xef, 0xc0, 0x9, 0xff, 0xeb,
    0x74, 0x10, 0xbf, 0xf2, 0xef, 0x90, 0xff, 0x90,
    0x6f, 0x90, 0x3, 0x72, 0x0, 0x0, 0x0, 0xbf,
    0xf2, 0x6d, 0x0, 0xff, 0x90, 0x8, 0x0, 0x0,
    0x0, 0x0, 0x3, 0x65, 0xbf, 0xf2, 0x2, 0x0,
    0xff, 0x90, 0x0, 0x0, 0x0, 0x36, 0x9c, 0xff,
    0xfa, 0xbf, 0xf2, 0x0, 0x0, 0xff, 0x90, 0x0,
    0x0, 0xe, 0xff, 0xff, 0xff, 0xe8, 0xbf, 0xfa,
    0x99, 0x99, 0xbc, 0xa9, 0x99, 0x91, 0xb, 0xff,
    0xea, 0x62, 0x0, 0xbf, 0xff, 0xff, 0xff, 0xff,
    0xff, 0xff, 0xf2, 0x5, 0x72, 0x0, 0x0, 0x0,
    0xbf, 0xff, 0xff, 0xff, 0xff, 0xff, 0xff, 0xf2,
    0x0, 0x0, 0x0, 0x0, 0x0, 0x11, 0x11, 0x11,
    0x11, 0x11, 0x11, 0x11, 0x10,

    /* U+7EED "续" */
    0x0, 0x0, 0x0, 0x0, 0x0, 0x0, 0x0, 0x0,
    0x11, 0x10, 0x0, 0x0, 0x0, 0x0, 0x0, 0x9,
    0xa3, 0x0, 0x0, 0x0, 0x4, 0xff, 0xc0, 0x0,
    0x0, 0x0, 0x0, 0x0, 0xe, 0xff, 0x10, 0x0,
    0x0, 0x4, 0xff, 0xc0, 0x0, 0x0, 0x0, 0x0,
    0x0, 0x5f, 0xfb, 0x0, 0xb, 0xff, 0xff, 0xff,
    0xff, 0xff, 0xf4, 0x0, 0x0, 0x0, 0xcf, 0xf3,
    0x0, 0xb, 0xff, 0xff, 0xff, 0xff, 0xff, 0xf4,
    0x0, 0x0, 0x3, 0xff, 0xb0, 0x0, 0x5, 0x88,
    0x8a, 0xff, 0xe8, 0x88, 0x82, 0x0, 0x0, 0xc,
    0xff, 0x22, 0x70, 0x0, 0x0, 0x4, 0xff, 0xc0,
    0x0, 0x0, 0x0, 0x0, 0x4f, 0xf9, 0xa, 0xfc,
    0x9f, 0xff, 0xff, 0xff, 0xff, 0xff, 0xfe, 0xb0,
    0x1, 0xef, 0xe1, 0x3f, 0xfb, 0x9f, 0xff, 0xff,
    0xff, 0xff, 0xff, 0xff, 0xb0, 0xc, 0xff, 0xff,
    0xff, 0xf3, 0x6a, 0xaa, 0xaa, 0xaa, 0xaa, 0xad,
    0xff, 0x60, 0xc, 0xff, 0xff, 0xff, 0x90, 0x0,
    0x2b, 0x40, 0x69, 0x92, 0xb, 0xff, 0x10, 0x7,
    0xfd, 0xbf, 0xfe, 0x10, 0x0, 0xaf, 0xfa, 0xbf,
    0xf3, 0xf, 0xfb, 0x0, 0x1, 0x0, 0xaf, 0xf5,
    0x0, 0x7, 0x27, 0xff, 0xdf, 0xf3, 0x2a, 0xe5,
    0x0, 0x0, 0x5, 0xff, 0xa0, 0x32, 0x9f, 0xf6,
    0x34, 0xbf, 0xf3, 0x0, 0x0, 0x0, 0x0, 0x2f,
    0xff, 0xcf, 0xf6, 0x2b, 0xff, 0x80, 0xcf, 0xf2,
    0x0, 0x0, 0x0, 0x3, 0xef, 0xff, 0xff, 0xf7,
    0x0, 0x8e, 0x20, 0xef, 0xf1, 0x0, 0x0, 0x0,
    0xb, 0xff, 0xff, 0xfb, 0x61, 0xef, 0xff, 0xff,
    0xff, 0xff, 0xff, 0xff, 0xa0, 0x5, 0xfe, 0x94,
    0x0, 0x0, 0xef, 0xff, 0xff, 0xff, 0xff, 0xff,
    0xff, 0xa0, 0x1, 0x40, 0x0, 0x4, 0xa5, 0x9a,
    0xaa, 0xaf, 0xff, 0xba, 0xaa, 0xaa, 0x60, 0x0,
    0x0, 0x28, 0xef, 0xf9, 0x0, 0x0, 0x9f, 0xfd,
    0x1c, 0x70, 0x0, 0x0, 0x2, 0x7d, 0xff, 0xff,
    0xf9, 0x0, 0x7, 0xff, 0xf4, 0xdf, 0xfc, 0x10,
    0x0, 0xc, 0xff, 0xff, 0xe8, 0x20, 0x0, 0x9f,
    0xff, 0x80, 0x2d, 0xff, 0xe4, 0x0, 0x9, 0xff,
    0xc5, 0x0, 0x0, 0x6e, 0xff, 0xf9, 0x0, 0x1,
    0xbf, 0xff, 0x60, 0x4, 0x82, 0x0, 0x0, 0x3,
    0xff, 0xff, 0x60, 0x0, 0x0, 0x9, 0xff, 0xf2,
    0x0, 0x0, 0x0, 0x0, 0x0, 0x7f, 0xb2, 0x0,
    0x0, 0x0, 0x0, 0x9e, 0x30, 0x0, 0x0, 0x0,
    0x0, 0x0, 0x3, 0x0, 0x0, 0x0, 0x0, 0x0,
    0x1, 0x0,

    /* U+7EF4 "维" */
    0x0, 0x0, 0x2, 0x0, 0x0, 0x0, 0x0, 0x10,
    0x0, 0x0, 0x0, 0x0, 0x0, 0x0, 0x0, 0xc,
    0xe7, 0x0, 0x0, 0x0, 0xfd, 0x82, 0x8e, 0x80,
    0x0, 0x0, 0x0, 0x0, 0x2f, 0xff, 0x10, 0x0,
    0x5, 0xff, 0xe3, 0xff, 0xf1, 0x0, 0x0, 0x0,
    0x0, 0x8f, 0xf9, 0x0, 0x0, 0xa, 0xff, 0x80,
    0xbf, 0xf9, 0x0, 0x0, 0x0, 0x0, 0xef, 0xf2,
    0x0, 0x0, 0x1f, 0xff, 0x20, 0x4f, 0xf9, 0x0,
    0x0, 0x0, 0x7, 0xff, 0x90, 0x0, 0x0, 0x7f,
    0xff, 0xaa, 0xaf, 0xda, 0xaa, 0xa0, 0x0, 0xe,
    0xff, 0x11, 0xe7, 0x0, 0xef, 0xff, 0xff, 0xff,
    0xff, 0xff, 0xf0, 0x0, 0x9f, 0xf6, 0x9, 0xff,
    0x86, 0xff, 0xff, 0xff, 0xff, 0xff, 0xff, 0xf0,
    0x4, 0xff, 0xc0, 0x2f, 0xff, 0x2e, 0xff, 0xf2,
    0x22, 0xdf, 0xf3, 0x22, 0x20, 0x1f, 0xff, 0xee,
    0xff, 0xf6, 0x9f, 0xff, 0xf0, 0x0, 0xdf, 0xf1,
    0x0, 0x0, 0xc, 0xff, 0xff, 0xff, 0xc2, 0xff,
    0xff, 0xf3, 0x22, 0xdf, 0xf3, 0x22, 0x10, 0x7,
    0xff, 0xff, 0xff, 0x20, 0xcf, 0xff, 0xff, 0xff,
    0xff, 0xff, 0xff, 0x60, 0x1, 0x30, 0xbf, 0xf6,
    0x0, 0x5c, 0xef, 0xff, 0xff, 0xff, 0xff, 0xff,
    0x60, 0x0, 0x7, 0xff, 0xa0, 0x0, 0x1, 0xef,
    0xfa, 0xaa, 0xff, 0xfa, 0xaa, 0x30, 0x0, 0x5f,
    0xfe, 0x67, 0x9c, 0x20, 0xef, 0xf0, 0x0, 0xdf,
    0xf1, 0x0, 0x0, 0x6, 0xff, 0xff, 0xff, 0xff,
    0x20, 0xef, 0xfa, 0x99, 0xef, 0xfa, 0x99, 0x40,
    0xb, 0xff, 0xff, 0xff, 0xc9, 0x10, 0xef, 0xff,
    0xff, 0xff, 0xff, 0xff, 0x70, 0x5, 0xfd, 0x96,
    0x20, 0x0, 0x0, 0xef, 0xff, 0xff, 0xff, 0xff,
    0xff, 0x70, 0x1, 0x20, 0x0, 0x0, 0x0, 0x0,
    0xef, 0xf3, 0x22, 0xdf, 0xf4, 0x22, 0x10, 0x0,
    0x0, 0x0, 0x3, 0x7b, 0x90, 0xef, 0xf0, 0x0,
    0xdf, 0xf1, 0x0, 0x0, 0x0, 0x15, 0x8c, 0xff,
    0xff, 0xc0, 0xef, 0xf1, 0x0, 0xdf, 0xf2, 0x0,
    0x0, 0xc, 0xff, 0xff, 0xff, 0xff, 0xd0, 0xef,
    0xff, 0xff, 0xff, 0xff, 0xff, 0xf5, 0xa, 0xff,
    0xff, 0xfc, 0x84, 0x0, 0xef, 0xff, 0xff, 0xff,
    0xff, 0xff, 0xf5, 0x7, 0xfc, 0x84, 0x0, 0x0,
    0x0, 0xef, 0xfd, 0xdd, 0xdd, 0xdd, 0xdd, 0xd4,
    0x1, 0x0, 0x0, 0x0, 0x0, 0x0, 0xef, 0xf0,
    0x0, 0x0, 0x0, 0x0, 0x0,

    /* U+7F13 "缓" */
    0x0, 0x0, 0x0, 0x0, 0x0, 0x0, 0x0, 0x0,
    0x0, 0x0, 0x0, 0x0, 0x0, 0x0, 0x0, 0x2f,
    0x93, 0x0, 0x0, 0x0, 0x0, 0x13, 0x56, 0x8b,
    0xe3, 0x0, 0x0, 0x0, 0x8f, 0xfd, 0x1, 0xcc,
    0xde, 0xff, 0xff, 0xff, 0xff, 0xfe, 0x10, 0x0,
    0x0, 0xef, 0xf6, 0x0, 0xdf, 0xff, 0xff, 0xff,
    0xff, 0xfe, 0xb8, 0x30, 0x0, 0x5, 0xff, 0xe0,
    0x0, 0x69, 0xca, 0x78, 0xbc, 0x21, 0xd, 0xd8,
    0x0, 0x0, 0xc, 0xff, 0x70, 0x0, 0xe, 0xf9,
    0x7, 0xff, 0x10, 0x4f, 0xfc, 0x0, 0x0, 0x4f,
    0xfe, 0x2, 0x20, 0xb, 0xfe, 0x4, 0xff, 0x50,
    0xbf, 0xf3, 0x0, 0x0, 0xdf, 0xf5, 0xb, 0xf7,
    0x6, 0xff, 0x32, 0xfe, 0x53, 0xff, 0x90, 0x0,
    0x7, 0xff, 0xc0, 0x3f, 0xff, 0xbc, 0xfd, 0xcc,
    0xec, 0xce, 0xff, 0xcc, 0x60, 0x5f, 0xff, 0xdc,
    0xff, 0xf8, 0xcf, 0xff, 0xff, 0xff, 0xff, 0xff,
    0xff, 0x90, 0x1f, 0xff, 0xff, 0xff, 0xd0, 0x8b,
    0xbf, 0xff, 0xbb, 0xbb, 0xbb, 0xbb, 0x60, 0xc,
    0xfe, 0xdf, 0xff, 0x32, 0x33, 0x4f, 0xff, 0x33,
    0x33, 0x33, 0x33, 0x20, 0x2, 0x0, 0xbf, 0xf8,
    0xd, 0xff, 0xff, 0xff, 0xff, 0xff, 0xff, 0xff,
    0xd0, 0x0, 0x7, 0xff, 0xc0, 0xd, 0xff, 0xff,
    0xff, 0xff, 0xff, 0xff, 0xff, 0xd0, 0x0, 0x4f,
    0xff, 0xbc, 0xe9, 0x11, 0x8f, 0xf9, 0x11, 0x11,
    0x11, 0x11, 0x10, 0x4, 0xff, 0xff, 0xff, 0xf8,
    0x0, 0xaf, 0xff, 0xff, 0xff, 0xff, 0xd5, 0x0,
    0x1f, 0xff, 0xff, 0xfe, 0xb5, 0x0, 0xef, 0xff,
    0xff, 0xff, 0xff, 0xf7, 0x0, 0xb, 0xfc, 0x84,
    0x10, 0x0, 0x4, 0xff, 0xfe, 0x54, 0x44, 0xef,
    0xf1, 0x0, 0x4, 0x10, 0x0, 0x3, 0x94, 0xb,
    0xff, 0xff, 0xa0, 0x6, 0xff, 0x90, 0x0, 0x0,
    0x0, 0x38, 0xef, 0xf8, 0x3f, 0xff, 0xdf, 0xfb,
    0x6f, 0xfe, 0x10, 0x0, 0x3, 0x9e, 0xff, 0xff,
    0xf9, 0xdf, 0xf9, 0x1e, 0xff, 0xff, 0xf5, 0x0,
    0x0, 0x4f, 0xff, 0xff, 0xe8, 0x2b, 0xff, 0xe1,
    0x7, 0xff, 0xff, 0xf7, 0x20, 0x0, 0xf, 0xff,
    0xc6, 0x2, 0xdf, 0xff, 0x99, 0xef, 0xff, 0xff,
    0xff, 0xfd, 0x94, 0xc, 0xa3, 0x0, 0x0, 0xaf,
    0xf5, 0xbf, 0xff, 0xf9, 0x5b, 0xff, 0xff, 0xe1,
    0x0, 0x0, 0x0, 0x0, 0xb, 0x40, 0x1e, 0xd8,
    0x10, 0x0, 0x28, 0xdf, 0x40, 0x0, 0x0, 0x0,
    0x0, 0x0, 0x0, 0x1, 0x0, 0x0, 0x0, 0x0,
    0x1, 0x0,

    /* U+7F16 "编" */
    0x0, 0x0, 0x1, 0x0, 0x0, 0x0, 0x0, 0x0,
    0x1, 0x20, 0x0, 0x0, 0x0, 0x0, 0x2, 0xfb,
    0x60, 0x0, 0x0, 0x0, 0x5d, 0xfc, 0x0, 0x0,
    0x0, 0x0, 0x0, 0x7f, 0xfb, 0x0, 0x0, 0x0,
    0x3, 0xff, 0xf3, 0x0, 0x0, 0x0, 0x0, 0xc,
    0xff, 0x40, 0x1, 0x78, 0x77, 0x7f, 0xff, 0xb7,
    0x77, 0x71, 0x0, 0x2, 0xff, 0xd0, 0x0, 0x3f,
    0xff, 0xff, 0xff, 0xff, 0xff, 0xff, 0x20, 0x0,
    0x9f, 0xf6, 0x0, 0x3, 0xff, 0xff, 0xff, 0xff,
    0xff, 0xff, 0xf2, 0x0, 0x1f, 0xfd, 0x7, 0x60,
    0x3f, 0xf9, 0x0, 0x0, 0x0, 0xc, 0xff, 0x20,
    0x8, 0xff, 0x50, 0xff, 0xb3, 0xff, 0x90, 0x0,
    0x0, 0x0, 0xcf, 0xf2, 0x2, 0xff, 0xc0, 0x7f,
    0xf9, 0x3f, 0xff, 0xff, 0xff, 0xff, 0xff, 0xff,
    0x20, 0xdf, 0xff, 0xff, 0xff, 0x13, 0xff, 0xff,
    0xff, 0xff, 0xff, 0xff, 0xf2, 0xc, 0xff, 0xff,
    0xff, 0x70, 0x4f, 0xfc, 0x77, 0x77, 0x77, 0x77,
    0x77, 0x0, 0x7d, 0xaa, 0xff, 0xd0, 0x4, 0xff,
    0xa3, 0x33, 0x33, 0x33, 0x34, 0x32, 0x0, 0x0,
    0xcf, 0xf3, 0x0, 0x5f, 0xff, 0xff, 0xff, 0xff,
    0xff, 0xff, 0x80, 0x0, 0x6f, 0xf9, 0x1, 0x6,
    0xff, 0xff, 0xff, 0xff, 0xff, 0xff, 0xf8, 0x0,
    0x3f, 0xff, 0xbd, 0xf0, 0x7f, 0xff, 0xf6, 0xcf,
    0x6d, 0xf5, 0xdf, 0x80, 0x2e, 0xff, 0xff, 0xff,
    0x9, 0xff, 0xff, 0x3b, 0xf2, 0xcf, 0x1c, 0xf8,
    0xb, 0xff, 0xff, 0xfb, 0x70, 0xbf, 0xff, 0xf3,
    0xbf, 0x2c, 0xf1, 0xcf, 0x80, 0x6f, 0xc8, 0x30,
    0x0, 0xe, 0xfe, 0xff, 0xff, 0xff, 0xff, 0xff,
    0xf8, 0x1, 0x20, 0x0, 0x29, 0xc2, 0xff, 0xbf,
    0xff, 0xff, 0xff, 0xff, 0xff, 0x80, 0x0, 0x6,
    0xcf, 0xff, 0x8f, 0xf7, 0xff, 0x8d, 0xf8, 0xdf,
    0x7e, 0xf8, 0x3, 0x9f, 0xff, 0xff, 0xce, 0xff,
    0x3f, 0xf3, 0xbf, 0x2c, 0xf1, 0xcf, 0x80, 0xff,
    0xff, 0xfa, 0x33, 0xff, 0xe0, 0xff, 0x3b, 0xf2,
    0xcf, 0x1c, 0xf8, 0xb, 0xff, 0x92, 0x0, 0xbf,
    0xf8, 0xf, 0xf3, 0xbf, 0x2c, 0xf4, 0xdf, 0x80,
    0x57, 0x10, 0x0, 0x6, 0xff, 0x10, 0xff, 0x3b,
    0xf2, 0xcf, 0xaf, 0xf7, 0x0, 0x0, 0x0, 0x0,
    0x2, 0x70, 0xf, 0xf2, 0x45, 0x13, 0x55, 0xfb,
    0x10,

    /* U+7F29 "缩" */
    0x0, 0x0, 0x0, 0x0, 0x0, 0x0, 0x0, 0x0,
    0x0, 0x0, 0x0, 0x0, 0x0, 0x0, 0x0, 0xd,
    0x71, 0x0, 0x0, 0x0, 0x3, 0xaf, 0x70, 0x0,
    0x0, 0x0, 0x0, 0x0, 0x4f, 0xfd, 0x0, 0x0,
    0x0, 0x2, 0xff, 0xf0, 0x0, 0x0, 0x0, 0x0,
    0x0, 0x9f, 0xf7, 0x0, 0x99, 0x99, 0x99, 0xef,
    0xfb, 0x99, 0x99, 0x91, 0x0, 0x0, 0xff, 0xf1,
    0x1, 0xff, 0xff, 0xff, 0xff, 0xff, 0xff, 0xff,
    0xf3, 0x0, 0x6, 0xff, 0x80, 0x1, 0xff, 0xff,
    0xff, 0xff, 0xff, 0xff, 0xff, 0xf3, 0x0, 0xd,
    0xff, 0x13, 0x1, 0xff, 0xc0, 0x0, 0x0, 0x0,
    0x0, 0xcf, 0xf3, 0x0, 0x6f, 0xf7, 0xe, 0xd5,
    0xff, 0xe7, 0x20, 0x0, 0x0, 0x0, 0x9c, 0xc2,
    0x1, 0xef, 0xe1, 0x7f, 0xfa, 0x24, 0xff, 0xef,
    0xff, 0xff, 0xff, 0xff, 0xe0, 0xc, 0xff, 0xff,
    0xff, 0xf2, 0x7, 0xff, 0x9f, 0xff, 0xff, 0xff,
    0xff, 0xe0, 0xd, 0xff, 0xff, 0xff, 0x80, 0xd,
    0xfd, 0x38, 0x88, 0xef, 0xf8, 0x88, 0x70, 0x7,
    0xfc, 0xbf, 0xfe, 0x0, 0x4f, 0xfa, 0x0, 0x0,
    0xef, 0xd0, 0x0, 0x0, 0x1, 0x0, 0xaf, 0xf4,
    0x0, 0xcf, 0xf9, 0x4, 0x67, 0xff, 0xc6, 0x66,
    0x30, 0x0, 0x5, 0xff, 0xa0, 0x4, 0xff, 0xf9,
    0xb, 0xff, 0xff, 0xff, 0xff, 0x90, 0x0, 0x1e,
    0xff, 0x8a, 0xae, 0xff, 0xf9, 0xb, 0xff, 0xff,
    0xff, 0xff, 0x90, 0x1, 0xcf, 0xff, 0xff, 0xef,
    0xff, 0xf9, 0xb, 0xfe, 0x0, 0x3, 0xff, 0x90,
    0xb, 0xff, 0xff, 0xfc, 0x68, 0xad, 0xf9, 0xb,
    0xfe, 0x0, 0x3, 0xff, 0x90, 0x6, 0xfe, 0x94,
    0x0, 0x0, 0xd, 0xf9, 0xb, 0xff, 0xff, 0xff,
    0xff, 0x90, 0x1, 0x40, 0x0, 0x1, 0x73, 0xd,
    0xf9, 0xb, 0xff, 0xff, 0xff, 0xff, 0x90, 0x0,
    0x0, 0x5, 0xbf, 0xf7, 0xd, 0xf9, 0xb, 0xff,
    0x77, 0x78, 0xff, 0x90, 0x0, 0x4a, 0xff, 0xff,
    0xfa, 0xd, 0xf9, 0xb, 0xfe, 0x0, 0x3, 0xff,
    0x90, 0xc, 0xff, 0xff, 0xfd, 0x60, 0xd, 0xf9,
    0xb, 0xff, 0x33, 0x36, 0xff, 0x90, 0x9, 0xff,
    0xfa, 0x30, 0x0, 0xd, 0xf9, 0xb, 0xff, 0xff,
    0xff, 0xff, 0x90, 0x6, 0xd7, 0x10, 0x0, 0x0,
    0xd, 0xf9, 0xb, 0xff, 0xff, 0xff, 0xff, 0x90,
    0x0, 0x0, 0x0, 0x0, 0x0, 0xd, 0xf9, 0xb,
    0xff, 0x33, 0x35, 0xff, 0x90, 0x0, 0x0, 0x0,
    0x0, 0x0, 0x2, 0x21, 0x1, 0x22, 0x0, 0x0,
    0x0, 0x0,

    /* U+7F51 "网" */
    0xdd, 0xdd, 0xdd, 0xdd, 0xdd, 0xdd, 0xdd, 0xdd,
    0xdd, 0xdf, 0xfd, 0xf, 0xff, 0xff, 0xff, 0xff,
    0xff, 0xff, 0xff, 0xff, 0xff, 0xff, 0xf0, 0xff,
    0xff, 0xff, 0xff, 0xff, 0xff, 0xff, 0xff, 0xff,
    0xff, 0xff, 0xf, 0xff, 0x31, 0x11, 0x11, 0x11,
    0x11, 0x11, 0x11, 0x12, 0xff, 0xf0, 0xff, 0xf2,
    0x0, 0x2, 0xba, 0x40, 0x0, 0xb, 0x96, 0x1f,
    0xff, 0xf, 0xff, 0x20, 0x0, 0x5f, 0xf7, 0x0,
    0x2, 0xff, 0xa1, 0xff, 0xf0, 0xff, 0xf2, 0xc3,
    0x7, 0xff, 0x56, 0x70, 0x5f, 0xf7, 0x1f, 0xff,
    0xf, 0xff, 0xdf, 0xe2, 0xaf, 0xf9, 0xff, 0x67,
    0xff, 0x41, 0xff, 0xf0, 0xff, 0xf9, 0xff, 0xdd,
    0xff, 0x3f, 0xff, 0xdf, 0xf1, 0x1f, 0xff, 0xf,
    0xff, 0x29, 0xff, 0xff, 0xb0, 0x4f, 0xff, 0xfe,
    0x1, 0xff, 0xf0, 0xff, 0xf2, 0xc, 0xff, 0xf7,
    0x0, 0x7f, 0xff, 0xa0, 0x1f, 0xff, 0xf, 0xff,
    0x20, 0x1e, 0xff, 0x70, 0x0, 0xbf, 0xfa, 0x1,
    0xff, 0xf0, 0xff, 0xf2, 0x0, 0xef, 0xff, 0x30,
    0xc, 0xff, 0xf4, 0x1f, 0xff, 0xf, 0xff, 0x20,
    0x4f, 0xff, 0xfe, 0x12, 0xff, 0xff, 0xd1, 0xff,
    0xf0, 0xff, 0xf2, 0xc, 0xff, 0xdf, 0xf6, 0x9f,
    0xfe, 0xff, 0x8f, 0xff, 0xf, 0xff, 0x24, 0xff,
    0xd1, 0xeb, 0x2f, 0xff, 0x2f, 0xfb, 0xff, 0xf0,
    0xff, 0xf2, 0xdf, 0xf5, 0x4, 0xb, 0xff, 0x80,
    0x8a, 0x1f, 0xff, 0xf, 0xff, 0xcf, 0xfc, 0x0,
    0x8, 0xff, 0xe0, 0x0, 0x1, 0xff, 0xf0, 0xff,
    0xfe, 0xff, 0x20, 0x3, 0xff, 0xf4, 0x0, 0x0,
    0x1f, 0xff, 0xf, 0xff, 0x29, 0x50, 0x0, 0x3,
    0xd8, 0x2, 0x11, 0x13, 0xff, 0xf0, 0xff, 0xf2,
    0x0, 0x0, 0x0, 0x0, 0x0, 0x9f, 0xff, 0xff,
    0xff, 0xf, 0xff, 0x20, 0x0, 0x0, 0x0, 0x0,
    0x2, 0xff, 0xff, 0xff, 0x90, 0xff, 0xf2, 0x0,
    0x0, 0x0, 0x0, 0x0, 0xd, 0xff, 0xeb, 0x60,
    0x0,

    /* U+7F6E "置" */
    0x0, 0x22, 0x22, 0x22, 0x22, 0x22, 0x22, 0x22,
    0x22, 0x22, 0x22, 0x0, 0x4, 0xff, 0xff, 0xff,
    0xff, 0xff, 0xff, 0xff, 0xff, 0xff, 0xff, 0x60,
    0x4, 0xff, 0xff, 0xff, 0xff, 0xff, 0xff, 0xff,
    0xff, 0xff, 0xff, 0x60, 0x4, 0xff, 0xb0, 0x6,
    0xff, 0x70, 0x9, 0xff, 0x40, 0xb, 0xff, 0x60,
    0x4, 0xff, 0xe9, 0x9b, 0xff, 0xc9, 0x9c, 0xff,
    0xa9, 0x9e, 0xff, 0x60, 0x4, 0xff, 0xff, 0xff,
    0xff, 0xff, 0xff, 0xff, 0xff, 0xff, 0xff, 0x60,
    0x2, 0x88, 0x88, 0x88, 0x88, 0xef, 0xfb, 0x88,
    0x88, 0x88, 0x88, 0x30, 0x15, 0x55, 0x55, 0x55,
    0x55, 0xef, 0xf9, 0x55, 0x55, 0x55, 0x55, 0x50,
    0x5f, 0xff, 0xff, 0xff, 0xff, 0xff, 0xff, 0xff,
    0xff, 0xff, 0xff, 0xf0, 0x4f, 0xff, 0xff, 0xff,
    0xff, 0xff, 0xff, 0xff, 0xff, 0xff, 0xff, 0xf0,
    0x0, 0x0, 0x0, 0x0, 0x2, 0xff, 0xd0, 0x0,
    0x0, 0x0, 0x0, 0x0, 0x0, 0xa, 0xff, 0xff,
    0xff, 0xff, 0xff, 0xff, 0xff, 0xff, 0x90, 0x0,
    0x0, 0xa, 0xff, 0xee, 0xee, 0xee, 0xee, 0xee,
    0xef, 0xff, 0x90, 0x0, 0x0, 0xa, 0xff, 0xa8,
    0x88, 0x88, 0x88, 0x88, 0x8c, 0xff, 0x90, 0x0,
    0x0, 0xa, 0xff, 0xff, 0xff, 0xff, 0xff, 0xff,
    0xff, 0xff, 0x90, 0x0, 0x0, 0xa, 0xff, 0x51,
    0x11, 0x11, 0x11, 0x11, 0x18, 0xff, 0x90, 0x0,
    0x0, 0xa, 0xff, 0xb9, 0x99, 0x99, 0x99, 0x99,
    0x9c, 0xff, 0x90, 0x0, 0x0, 0xa, 0xff, 0xff,
    0xff, 0xff, 0xff, 0xff, 0xff, 0xff, 0x90, 0x0,
    0x0, 0xa, 0xff, 0x50, 0x0, 0x0, 0x0, 0x0,
    0x8, 0xff, 0x90, 0x0, 0x0, 0xa, 0xff, 0xff,
    0xff, 0xff, 0xff, 0xff, 0xff, 0xff, 0x90, 0x0,
    0x0, 0xa, 0xff, 0xa8, 0x88, 0x88, 0x88, 0x88,
    0x8c, 0xff, 0x90, 0x0, 0x35, 0x5c, 0xff, 0x85,
    0x55, 0x55, 0x55, 0x55, 0x5a, 0xff, 0xb5, 0x54,
    0xaf, 0xff, 0xff, 0xff, 0xff, 0xff, 0xff, 0xff,
    0xff, 0xff, 0xff, 0xfc, 0x9d, 0xdd, 0xdd, 0xdd,
    0xdd, 0xdd, 0xdd, 0xdd, 0xdd, 0xdd, 0xdd, 0xda,

    /* U+7FFB "翻" */
    0x0, 0x0, 0x0, 0x0, 0x0, 0x0, 0x0, 0x0,
    0x0, 0x0, 0x0, 0x0, 0x0, 0x0, 0x1, 0x34,
    0x68, 0xbe, 0x70, 0x0, 0x0, 0x0, 0x0, 0x0,
    0x0, 0x8, 0xff, 0xff, 0xff, 0xff, 0xff, 0x3f,
    0xff, 0xff, 0x9c, 0xff, 0xff, 0x90, 0x5f, 0xff,
    0xff, 0xfd, 0x98, 0x40, 0xff, 0xff, 0xf9, 0xdf,
    0xff, 0xfa, 0x0, 0x9d, 0x31, 0xff, 0x81, 0xfc,
    0x28, 0x99, 0xff, 0x98, 0xaa, 0xff, 0xa0, 0xb,
    0xf9, 0x1f, 0xf8, 0x6f, 0xe0, 0x0, 0xe, 0xf9,
    0x0, 0xe, 0xfa, 0x0, 0x6f, 0xc1, 0xff, 0x8c,
    0xf7, 0x1, 0x20, 0xef, 0x92, 0x40, 0xef, 0xa0,
    0xcf, 0xff, 0xff, 0xff, 0xff, 0xfb, 0xfe, 0xe,
    0xf9, 0xff, 0x1e, 0xfa, 0xd, 0xff, 0xff, 0xff,
    0xff, 0xff, 0x9e, 0xf4, 0xef, 0x9c, 0xf6, 0xef,
    0xa0, 0x45, 0x5b, 0xff, 0xff, 0xc5, 0x52, 0x9f,
    0xae, 0xf9, 0x8f, 0xae, 0xfa, 0x0, 0x6, 0xff,
    0xff, 0xff, 0xc2, 0x4, 0xfe, 0xef, 0x94, 0xfe,
    0xef, 0xa0, 0x7, 0xff, 0xcf, 0xfd, 0xff, 0xf5,
    0xf, 0xef, 0xf9, 0x1f, 0xdf, 0xfa, 0xb, 0xff,
    0xd2, 0xff, 0x85, 0xff, 0x40, 0x20, 0xef, 0x90,
    0x0, 0xef, 0xa0, 0xdf, 0xe2, 0x1f, 0xf8, 0x5,
    0xa0, 0x0, 0x3f, 0xf9, 0x0, 0x5f, 0xfa, 0x7,
    0xf7, 0x55, 0xbb, 0x85, 0x55, 0x20, 0x2e, 0xff,
    0x90, 0x6f, 0xff, 0xa0, 0x3f, 0xff, 0xff, 0xff,
    0xff, 0xf6, 0x2e, 0xff, 0xf9, 0x6f, 0xff, 0xfa,
    0x3, 0xff, 0xff, 0xff, 0xff, 0xff, 0x9e, 0xff,
    0xff, 0xdf, 0xfc, 0xff, 0xa0, 0x3f, 0xf1, 0xe,
    0xf3, 0xf, 0xfa, 0xff, 0x3e, 0xf9, 0xdc, 0x1e,
    0xfa, 0x3, 0xff, 0xdd, 0xff, 0xed, 0xff, 0x6a,
    0x40, 0xef, 0x93, 0x10, 0xef, 0xa0, 0x3f, 0xff,
    0xff, 0xff, 0xff, 0xf6, 0x0, 0xe, 0xf9, 0x0,
    0xe, 0xfa, 0x3, 0xff, 0x32, 0xef, 0x52, 0xff,
    0x60, 0x0, 0xef, 0x90, 0x0, 0xef, 0xa0, 0x3f,
    0xf4, 0x4e, 0xf6, 0x4f, 0xf6, 0x0, 0xe, 0xf9,
    0x0, 0xe, 0xfa, 0x3, 0xff, 0xff, 0xff, 0xff,
    0xff, 0x63, 0xaa, 0xff, 0x87, 0xab, 0xff, 0x90,
    0x3f, 0xff, 0xff, 0xff, 0xff, 0xf6, 0xf, 0xff,
    0xf5, 0x4f, 0xff, 0xf6, 0x3, 0xff, 0x21, 0x11,
    0x11, 0xff, 0x60, 0xad, 0xc6, 0x0, 0xfe, 0xc7,
    0x0,

    /* U+8017 "耗" */
    0x0, 0x0, 0x2, 0x22, 0x0, 0x0, 0x0, 0x0,
    0x0, 0x0, 0x0, 0x0, 0x0, 0x0, 0x0, 0xe,
    0xff, 0x0, 0x0, 0x0, 0x0, 0x0, 0x2, 0xae,
    0x30, 0x0, 0x0, 0x0, 0xe, 0xff, 0x0, 0x0,
    0x0, 0x0, 0x3, 0xaf, 0xff, 0xf6, 0x0, 0x5,
    0x99, 0x9f, 0xff, 0x99, 0x91, 0x0, 0x27, 0xdf,
    0xff, 0xff, 0xb2, 0x0, 0xa, 0xff, 0xff, 0xff,
    0xff, 0xf3, 0x8c, 0xff, 0xff, 0xff, 0x92, 0x0,
    0x0, 0xa, 0xff, 0xff, 0xff, 0xff, 0xf3, 0xff,
    0xff, 0xff, 0xf1, 0x0, 0x0, 0x0, 0x0, 0x0,
    0xe, 0xff, 0x0, 0x0, 0xae, 0xa5, 0xff, 0xf0,
    0x0, 0x0, 0x0, 0x0, 0x0, 0xe, 0xff, 0x0,
    0x0, 0x0, 0x0, 0xff, 0xf0, 0x0, 0x0, 0x0,
    0x3, 0xff, 0xff, 0xff, 0xff, 0x90, 0x0, 0x0,
    0xff, 0xf5, 0x79, 0xbc, 0x0, 0x3, 0xff, 0xff,
    0xff, 0xff, 0x90, 0x46, 0x9b, 0xff, 0xff, 0xff,
    0xff, 0x10, 0x1, 0x88, 0x8f, 0xff, 0x88, 0x50,
    0xdf, 0xff, 0xff, 0xff, 0xff, 0xfe, 0x20, 0x0,
    0x0, 0xe, 0xff, 0x0, 0x0, 0xaf, 0xff, 0xff,
    0xf7, 0x42, 0x0, 0x0, 0xf, 0xff, 0xff, 0xff,
    0xff, 0xfa, 0x34, 0x20, 0xff, 0xf0, 0x0, 0x0,
    0x0, 0xf, 0xff, 0xff, 0xff, 0xff, 0xfb, 0x0,
    0x0, 0xff, 0xf0, 0x0, 0x35, 0x70, 0xb, 0xbb,
    0xef, 0xff, 0xeb, 0xb8, 0x0, 0x2, 0xff, 0xfc,
    0xef, 0xff, 0xf0, 0x0, 0x2, 0xff, 0xff, 0xf3,
    0x3, 0xad, 0xff, 0xff, 0xff, 0xff, 0xff, 0xf2,
    0x0, 0xc, 0xff, 0xff, 0xfe, 0x24, 0xff, 0xff,
    0xff, 0xff, 0xfc, 0xa7, 0x50, 0x0, 0x8f, 0xff,
    0xff, 0xff, 0xd3, 0xff, 0xeb, 0xff, 0xf2, 0x0,
    0x0, 0x0, 0x5, 0xff, 0xef, 0xff, 0xcf, 0xfa,
    0x30, 0x0, 0xff, 0xf0, 0x0, 0x0, 0x0, 0x3f,
    0xff, 0x5e, 0xff, 0x2f, 0xe2, 0x0, 0x0, 0xff,
    0xf0, 0x0, 0x3d, 0x61, 0xe, 0xfa, 0xe, 0xff,
    0x6, 0x40, 0x0, 0x0, 0xff, 0xf0, 0x0, 0x4f,
    0xf5, 0x7, 0xc0, 0xe, 0xff, 0x0, 0x0, 0x0,
    0x0, 0xff, 0xf0, 0x0, 0x6f, 0xf3, 0x1, 0x10,
    0xe, 0xff, 0x0, 0x0, 0x0, 0x0, 0xef, 0xfb,
    0xaa, 0xef, 0xf0, 0x0, 0x0, 0xe, 0xff, 0x0,
    0x0, 0x0, 0x0, 0xaf, 0xff, 0xff, 0xff, 0xb0,
    0x0, 0x0, 0xe, 0xff, 0x0, 0x0, 0x0, 0x0,
    0x1b, 0xff, 0xff, 0xfb, 0x10,

    /* U+8054 "联" */
    0x0, 0x0, 0x0, 0x0, 0x0, 0x0, 0x0, 0x40,
    0x0, 0x0, 0x31, 0x0, 0x0, 0xd, 0xee, 0xee,
    0xee, 0xee, 0xe6, 0x5e, 0xf8, 0x0, 0x0, 0xff,
    0xd3, 0x0, 0xe, 0xff, 0xff, 0xff, 0xff, 0xf7,
    0x2f, 0xff, 0x40, 0x6, 0xff, 0xd0, 0x0, 0xd,
    0xff, 0xfe, 0xee, 0xff, 0xf6, 0x6, 0xff, 0xd0,
    0xe, 0xff, 0x50, 0x0, 0x0, 0xcf, 0xe0, 0x2,
    0xff, 0x70, 0x0, 0xdf, 0xa1, 0x6f, 0xfb, 0x0,
    0x0, 0x0, 0xcf, 0xe0, 0x2, 0xff, 0x72, 0xbb,
    0xdd, 0xbb, 0xff, 0xfc, 0xbb, 0x20, 0x0, 0xcf,
    0xf9, 0x9a, 0xff, 0x73, 0xff, 0xff, 0xff, 0xff,
    0xff, 0xff, 0x20, 0x0, 0xcf, 0xff, 0xff, 0xff,
    0x73, 0xff, 0xff, 0xff, 0xff, 0xff, 0xff, 0x20,
    0x0, 0xcf, 0xff, 0xff, 0xff, 0x70, 0x11, 0x11,
    0xff, 0xf5, 0x11, 0x11, 0x0, 0x0, 0xcf, 0xe0,
    0x2, 0xff, 0x70, 0x0, 0x0, 0xef, 0xf4, 0x0,
    0x0, 0x0, 0x0, 0xcf, 0xe0, 0x2, 0xff, 0x70,
    0x0, 0x0, 0xef, 0xf4, 0x0, 0x0, 0x0, 0x0,
    0xcf, 0xf1, 0x13, 0xff, 0x70, 0x0, 0x0, 0xff,
    0xf4, 0x0, 0x0, 0x0, 0x0, 0xcf, 0xff, 0xff,
    0xff, 0x7b, 0xff, 0xff, 0xff, 0xff, 0xff, 0xff,
    0xe0, 0x0, 0xcf, 0xff, 0xff, 0xff, 0x7b, 0xff,
    0xff, 0xff, 0xff, 0xff, 0xff, 0xe0, 0x0, 0xcf,
    0xf7, 0x78, 0xff, 0x78, 0xcc, 0xcd, 0xff, 0xfc,
    0xcc, 0xcc, 0xb0, 0x0, 0xcf, 0xe0, 0x2, 0xff,
    0x70, 0x0, 0x6, 0xff, 0xf5, 0x0, 0x0, 0x0,
    0x0, 0xcf, 0xe0, 0x2, 0xff, 0xa7, 0x0, 0xb,
    0xff, 0xfd, 0x0, 0x0, 0x0, 0x0, 0xdf, 0xf9,
    0xbe, 0xff, 0xff, 0x0, 0x2f, 0xff, 0xff, 0x60,
    0x0, 0x0, 0x2f, 0xff, 0xff, 0xff, 0xff, 0xff,
    0x10, 0xbf, 0xfe, 0xff, 0xf3, 0x0, 0x0, 0xe,
    0xff, 0xff, 0xfd, 0xff, 0x91, 0x6, 0xff, 0xf3,
    0xaf, 0xfe, 0x20, 0x0, 0x8, 0x97, 0x41, 0x2,
    0xff, 0x70, 0x5f, 0xff, 0x80, 0x1e, 0xff, 0xf6,
    0x0, 0x0, 0x0, 0x0, 0x2, 0xff, 0x88, 0xff,
    0xfb, 0x0, 0x3, 0xff, 0xff, 0xd1, 0x0, 0x0,
    0x0, 0x2, 0xff, 0xae, 0xff, 0xb0, 0x0, 0x0,
    0x3e, 0xff, 0x50, 0x0, 0x0, 0x0, 0x2, 0xff,
    0x73, 0xf8, 0x0, 0x0, 0x0, 0x0, 0x99, 0x0,
    0x0, 0x0, 0x0, 0x0, 0x0, 0x0, 0x10, 0x0,
    0x0, 0x0, 0x0, 0x0, 0x0,

    /* U+80FD "能" */
    0x0, 0x0, 0x0, 0x0, 0x0, 0x0, 0x0, 0x0,
    0x0, 0x0, 0x0, 0x0, 0x0, 0x0, 0x9f, 0xb7,
    0x0, 0x0, 0x0, 0xff, 0xf1, 0x0, 0x0, 0x0,
    0x0, 0x0, 0x1f, 0xff, 0xa0, 0x14, 0x0, 0xf,
    0xff, 0x10, 0x0, 0x30, 0x0, 0x0, 0x9, 0xff,
    0xf2, 0xaf, 0xf2, 0x0, 0xff, 0xf1, 0x3, 0xbf,
    0x90, 0x0, 0x3, 0xff, 0xf6, 0x8, 0xff, 0xb0,
    0xf, 0xff, 0x6c, 0xff, 0xff, 0x70, 0x2, 0xef,
    0xfa, 0x0, 0x2f, 0xff, 0x30, 0xff, 0xff, 0xff,
    0xfd, 0x71, 0x0, 0xdf, 0xff, 0xff, 0xff, 0xff,
    0xfb, 0xf, 0xff, 0xfe, 0x94, 0x0, 0x0, 0x7,
    0xff, 0xff, 0xff, 0xff, 0xff, 0xf2, 0xff, 0xf4,
    0x0, 0x0, 0x61, 0x0, 0x2f, 0xdb, 0x97, 0x64,
    0x3a, 0xfb, 0x2f, 0xff, 0x10, 0x0, 0xe, 0xfa,
    0x0, 0x0, 0x0, 0x0, 0x0, 0x22, 0x0, 0xff,
    0xf3, 0x0, 0x3, 0xff, 0xc0, 0x8, 0x99, 0x99,
    0x99, 0xaa, 0x91, 0xd, 0xff, 0xff, 0xff, 0xff,
    0xf8, 0x0, 0xef, 0xff, 0xff, 0xff, 0xff, 0x30,
    0x8f, 0xff, 0xff, 0xff, 0xff, 0x20, 0xe, 0xff,
    0xff, 0xff, 0xff, 0xf3, 0x2, 0x7b, 0xbb, 0xbb,
    0xa9, 0x20, 0x0, 0xef, 0xf1, 0x0, 0xf, 0xff,
    0x30, 0xff, 0xf2, 0x0, 0x0, 0x0, 0x0, 0xe,
    0xff, 0xff, 0xff, 0xff, 0xf3, 0xf, 0xff, 0x20,
    0x1, 0xa6, 0x0, 0x0, 0xef, 0xff, 0xff, 0xff,
    0xff, 0x30, 0xff, 0xf2, 0x19, 0xff, 0xf5, 0x0,
    0xe, 0xff, 0x65, 0x55, 0xff, 0xf3, 0xf, 0xff,
    0xbf, 0xff, 0xff, 0x90, 0x0, 0xef, 0xf1, 0x0,
    0xf, 0xff, 0x30, 0xff, 0xff, 0xff, 0xf9, 0x20,
    0x0, 0xe, 0xff, 0xff, 0xff, 0xff, 0xf3, 0xf,
    0xff, 0xfc, 0x60, 0x0, 0x0, 0x0, 0xef, 0xff,
    0xff, 0xff, 0xff, 0x30, 0xff, 0xf3, 0x0, 0x0,
    0x52, 0x0, 0xe, 0xff, 0x65, 0x55, 0xff, 0xf3,
    0xf, 0xff, 0x20, 0x0, 0xa, 0xfc, 0x10, 0xef,
    0xf1, 0x0, 0xf, 0xff, 0x30, 0xff, 0xf3, 0x0,
    0x0, 0xdf, 0xf0, 0xe, 0xff, 0x16, 0xcc, 0xff,
    0xf2, 0xd, 0xff, 0xfe, 0xee, 0xff, 0xfd, 0x0,
    0xef, 0xf1, 0x1f, 0xff, 0xfe, 0x0, 0x8f, 0xff,
    0xff, 0xff, 0xff, 0x60, 0xe, 0xff, 0x10, 0xbe,
    0xda, 0x20, 0x0, 0x7b, 0xdd, 0xdd, 0xdc, 0x60,
    0x0,

    /* U+81EA "自" */
    0x0, 0x0, 0x0, 0x0, 0x43, 0x10, 0x0, 0x0,
    0x0, 0x0, 0x0, 0x0, 0x0, 0x0, 0xff, 0xfb,
    0x0, 0x0, 0x0, 0x0, 0x0, 0x0, 0x0, 0x3,
    0xff, 0xf5, 0x0, 0x0, 0x0, 0x0, 0x0, 0x0,
    0x0, 0x6, 0xff, 0xe0, 0x0, 0x0, 0x0, 0x0,
    0x3f, 0xff, 0xff, 0xff, 0xff, 0xff, 0xff, 0xff,
    0xff, 0xf9, 0x3f, 0xff, 0xff, 0xff, 0xff, 0xff,
    0xff, 0xff, 0xff, 0xfa, 0x3f, 0xff, 0xff, 0xff,
    0xff, 0xff, 0xff, 0xff, 0xff, 0xfa, 0x3f, 0xfe,
    0x0, 0x0, 0x0, 0x0, 0x0, 0x0, 0xbf, 0xfa,
    0x3f, 0xfe, 0x0, 0x0, 0x0, 0x0, 0x0, 0x0,
    0xbf, 0xfa, 0x3f, 0xfe, 0x0, 0x0, 0x0, 0x0,
    0x0, 0x0, 0xbf, 0xfa, 0x3f, 0xff, 0xff, 0xff,
    0xff, 0xff, 0xff, 0xff, 0xff, 0xfa, 0x3f, 0xff,
    0xff, 0xff, 0xff, 0xff, 0xff, 0xff, 0xff, 0xfa,
    0x3f, 0xff, 0xdd, 0xdd, 0xdd, 0xdd, 0xdd, 0xdd,
    0xff, 0xfa, 0x3f, 0xfe, 0x0, 0x0, 0x0, 0x0,
    0x0, 0x0, 0xbf, 0xfa, 0x3f, 0xfe, 0x0, 0x0,
    0x0, 0x0, 0x0, 0x0, 0xbf, 0xfa, 0x3f, 0xff,
    0xbb, 0xbb, 0xbb, 0xbb, 0xbb, 0xbb, 0xef, 0xfa,
    0x3f, 0xff, 0xff, 0xff, 0xff, 0xff, 0xff, 0xff,
    0xff, 0xfa, 0x3f, 0xff, 0xff, 0xff, 0xff, 0xff,
    0xff, 0xff, 0xff, 0xfa, 0x3f, 0xff, 0x22, 0x22,
    0x22, 0x22, 0x22, 0x22, 0xbf, 0xfa, 0x3f, 0xfe,
    0x0, 0x0, 0x0, 0x0, 0x0, 0x0, 0xbf, 0xfa,
    0x3f, 0xfe, 0x0, 0x0, 0x0, 0x0, 0x0, 0x0,
    0xbf, 0xfa, 0x3f, 0xff, 0xee, 0xee, 0xee, 0xee,
    0xee, 0xee, 0xff, 0xfa, 0x3f, 0xff, 0xff, 0xff,
    0xff, 0xff, 0xff, 0xff, 0xff, 0xfa, 0x3f, 0xff,
    0xff, 0xff, 0xff, 0xff, 0xff, 0xff, 0xff, 0xfa,
    0x3f, 0xfe, 0x0, 0x0, 0x0, 0x0, 0x0, 0x0,
    0xbf, 0xfa, 0x0, 0x0, 0x0, 0x0, 0x0, 0x0,
    0x0, 0x0, 0x0, 0x0,

    /* U+821F "舟" */
    0x0, 0x0, 0x0, 0x0, 0x0, 0x0, 0x0, 0x0,
    0x0, 0x0, 0x0, 0x0, 0x0, 0x0, 0x0, 0x0,
    0x0, 0x0, 0xef, 0xec, 0x0, 0x0, 0x0, 0x0,
    0x0, 0x0, 0x0, 0x0, 0x0, 0x0, 0x2f, 0xff,
    0x70, 0x0, 0x0, 0x0, 0x0, 0x0, 0x0, 0x0,
    0x1, 0x10, 0x8, 0xff, 0xe1, 0x0, 0x1, 0x10,
    0x0, 0x0, 0x0, 0x0, 0xf, 0xff, 0xff, 0xff,
    0xff, 0xff, 0xff, 0xff, 0xf4, 0x0, 0x0, 0x0,
    0x0, 0xff, 0xff, 0xff, 0xff, 0xff, 0xff, 0xff,
    0xff, 0x40, 0x0, 0x0, 0x0, 0xf, 0xff, 0xdd,
    0xdd, 0xdd, 0xdd, 0xdd, 0xff, 0xf4, 0x0, 0x0,
    0x0, 0x0, 0xff, 0xf1, 0x0, 0x98, 0x0, 0x0,
    0xe, 0xff, 0x40, 0x0, 0x0, 0x0, 0xf, 0xff,
    0x10, 0xbf, 0xfd, 0x20, 0x0, 0xef, 0xf4, 0x0,
    0x0, 0x0, 0x0, 0xff, 0xf1, 0x2, 0xdf, 0xff,
    0x30, 0xe, 0xff, 0x40, 0x0, 0x0, 0x0, 0xf,
    0xff, 0x10, 0x1, 0xbf, 0xfa, 0x0, 0xef, 0xf4,
    0x0, 0x0, 0x0, 0x0, 0xff, 0xf1, 0x0, 0x0,
    0xb8, 0x0, 0xe, 0xff, 0x40, 0x0, 0xa, 0xdd,
    0xdf, 0xff, 0xdd, 0xdd, 0xdd, 0xdd, 0xdd, 0xff,
    0xfe, 0xdd, 0xb0, 0xcf, 0xff, 0xff, 0xff, 0xff,
    0xff, 0xff, 0xff, 0xff, 0xff, 0xff, 0xfd, 0xc,
    0xff, 0xff, 0xff, 0xff, 0xff, 0xff, 0xff, 0xff,
    0xff, 0xff, 0xff, 0xd0, 0x0, 0x5, 0xff, 0xd0,
    0x0, 0x31, 0x0, 0x0, 0xe, 0xff, 0x50, 0x0,
    0x0, 0x0, 0x7f, 0xfa, 0x0, 0x5f, 0xd3, 0x0,
    0x0, 0xef, 0xf4, 0x0, 0x0, 0x0, 0xb, 0xff,
    0x70, 0x1d, 0xff, 0xf7, 0x0, 0xe, 0xff, 0x40,
    0x0, 0x0, 0x1, 0xff, 0xf3, 0x0, 0x9, 0xff,
    0xfa, 0x0, 0xef, 0xf4, 0x0, 0x0, 0x0, 0x7f,
    0xfe, 0x0, 0x0, 0x6, 0xff, 0xb0, 0xe, 0xff,
    0x40, 0x0, 0x0, 0x1e, 0xff, 0x80, 0x0, 0x0,
    0x5, 0x90, 0x0, 0xef, 0xf4, 0x0, 0x0, 0xb,
    0xff, 0xf1, 0x0, 0x0, 0x0, 0x0, 0x0, 0xe,
    0xff, 0x40, 0x0, 0xa, 0xff, 0xf8, 0x0, 0x0,
    0x0, 0x0, 0x1f, 0xff, 0xff, 0xf3, 0x0, 0x0,
    0xaf, 0xfc, 0x0, 0x0, 0x0, 0x0, 0x0, 0xbf,
    0xff, 0xfe, 0x0, 0x0, 0x0, 0x8c, 0x10, 0x0,
    0x0, 0x0, 0x0, 0x7, 0xff, 0xea, 0x20, 0x0,
    0x0, 0x0, 0x0, 0x0, 0x0, 0x0, 0x0, 0x0,
    0x0, 0x0, 0x0, 0x0, 0x0,

    /* U+8272 "色" */
    0x0, 0x0, 0x0, 0x0, 0x10, 0x0, 0x0, 0x0,
    0x0, 0x0, 0x0, 0x0, 0x0, 0x0, 0x0, 0x0,
    0x0, 0xaf, 0x92, 0x0, 0x0, 0x0, 0x0, 0x0,
    0x0, 0x0, 0x0, 0x0, 0x0, 0x5, 0xff, 0xf4,
    0x0, 0x0, 0x11, 0x0, 0x0, 0x0, 0x0, 0x0,
    0x0, 0x0, 0x2f, 0xff, 0xff, 0xff, 0xff, 0xff,
    0x70, 0x0, 0x0, 0x0, 0x0, 0x0, 0x2, 0xef,
    0xff, 0xff, 0xff, 0xff, 0xff, 0xf3, 0x0, 0x0,
    0x0, 0x0, 0x0, 0x2e, 0xff, 0xfb, 0xbb, 0xbb,
    0xdf, 0xff, 0x90, 0x0, 0x0, 0x0, 0x0, 0x3,
    0xef, 0xff, 0x40, 0x0, 0x1, 0xdf, 0xfc, 0x0,
    0x0, 0x0, 0x0, 0x0, 0x6f, 0xff, 0xf5, 0x0,
    0x0, 0xb, 0xff, 0xd1, 0x0, 0x0, 0x0, 0x0,
    0x1b, 0xff, 0xff, 0xfd, 0xdd, 0xdd, 0xef, 0xff,
    0xed, 0xdd, 0xdd, 0x80, 0x0, 0xd, 0xff, 0xff,
    0xff, 0xff, 0xff, 0xff, 0xff, 0xff, 0xff, 0xff,
    0xa0, 0x0, 0x4, 0xfe, 0xff, 0xff, 0xff, 0xff,
    0xff, 0xff, 0xff, 0xff, 0xff, 0xa0, 0x0, 0x0,
    0x83, 0xff, 0xe0, 0x0, 0x2, 0xff, 0xe0, 0x0,
    0x7, 0xff, 0xa0, 0x0, 0x0, 0x2, 0xff, 0xe0,
    0x0, 0x2, 0xff, 0xe0, 0x0, 0x7, 0xff, 0xa0,
    0x0, 0x0, 0x2, 0xff, 0xe0, 0x0, 0x2, 0xff,
    0xe0, 0x0, 0x7, 0xff, 0xa0, 0x0, 0x0, 0x2,
    0xff, 0xfe, 0xee, 0xee, 0xff, 0xfe, 0xee, 0xef,
    0xff, 0xa0, 0x0, 0x0, 0x2, 0xff, 0xff, 0xff,
    0xff, 0xff, 0xff, 0xff, 0xff, 0xff, 0xa0, 0x0,
    0x0, 0x2, 0xff, 0xff, 0xff, 0xff, 0xff, 0xff,
    0xff, 0xff, 0xff, 0xa0, 0x0, 0x0, 0x2, 0xff,
    0xe1, 0x11, 0x11, 0x11, 0x11, 0x11, 0x17, 0xee,
    0x90, 0x0, 0x0, 0x2, 0xff, 0xe0, 0x0, 0x0,
    0x0, 0x0, 0x0, 0x0, 0x0, 0x73, 0x0, 0x0,
    0x2, 0xff, 0xe0, 0x0, 0x0, 0x0, 0x0, 0x0,
    0x0, 0x0, 0xef, 0xd1, 0x0, 0x1, 0xff, 0xe0,
    0x0, 0x0, 0x0, 0x0, 0x0, 0x0, 0x1, 0xff,
    0xf0, 0x0, 0x0, 0xff, 0xf3, 0x0, 0x0, 0x0,
    0x0, 0x0, 0x0, 0x9, 0xff, 0xc0, 0x0, 0x0,
    0xdf, 0xff, 0xed, 0xdd, 0xdd, 0xdd, 0xdd, 0xdd,
    0xff, 0xff, 0x70, 0x0, 0x0, 0x5f, 0xff, 0xff,
    0xff, 0xff, 0xff, 0xff, 0xff, 0xff, 0xfc, 0x0,
    0x0, 0x0, 0x3, 0x9d, 0xff, 0xff, 0xff, 0xff,
    0xff, 0xff, 0xfc, 0x70, 0x0,

    /* U+82AF "芯" */
    0x0, 0x0, 0x0, 0x2, 0x21, 0x0, 0x0, 0x0,
    0x11, 0x10, 0x0, 0x0, 0x0, 0x0, 0x0, 0x2,
    0xff, 0xe0, 0x0, 0x0, 0xe, 0xff, 0x20, 0x0,
    0x0, 0x0, 0x0, 0x0, 0x2f, 0xfe, 0x0, 0x0,
    0x0, 0xef, 0xf2, 0x0, 0x0, 0x0, 0x0, 0x0,
    0x2, 0xff, 0xe0, 0x0, 0x0, 0xe, 0xff, 0x20,
    0x0, 0x0, 0x5, 0xff, 0xff, 0xff, 0xff, 0xff,
    0xff, 0xff, 0xff, 0xff, 0xff, 0xff, 0x60, 0x5f,
    0xff, 0xff, 0xff, 0xff, 0xff, 0xff, 0xff, 0xff,
    0xff, 0xff, 0xf7, 0x5, 0xff, 0xff, 0xff, 0xff,
    0xff, 0xff, 0xff, 0xff, 0xff, 0xff, 0xff, 0x70,
    0x1, 0x11, 0x13, 0xff, 0xf1, 0x11, 0x11, 0x1f,
    0xff, 0x31, 0x11, 0x10, 0x0, 0x0, 0x0, 0x2f,
    0xfe, 0x0, 0x4, 0x0, 0xef, 0xf2, 0x0, 0x0,
    0x0, 0x0, 0x0, 0x1, 0x88, 0x70, 0x7e, 0xf4,
    0x7, 0x88, 0x10, 0x0, 0x0, 0x0, 0x0, 0x0,
    0x0, 0x0, 0xb, 0xff, 0xd0, 0x0, 0x0, 0x0,
    0x0, 0x0, 0x0, 0x0, 0x0, 0x0, 0x0, 0x2f,
    0xff, 0x70, 0x0, 0x0, 0x0, 0x0, 0x0, 0x0,
    0x0, 0x2, 0x33, 0x10, 0x8f, 0xff, 0x10, 0x0,
    0x0, 0x0, 0x0, 0x0, 0x31, 0x0, 0xbf, 0xf6,
    0x1, 0xff, 0xf7, 0x0, 0x1, 0x64, 0x0, 0x0,
    0xb, 0xfc, 0x3b, 0xff, 0x60, 0x8, 0xff, 0xe0,
    0x6, 0xff, 0xc0, 0x0, 0x0, 0xff, 0xf2, 0xbf,
    0xf6, 0x0, 0x2f, 0xe5, 0x0, 0x2f, 0xff, 0x30,
    0x0, 0x3f, 0xff, 0xb, 0xff, 0x60, 0x0, 0x50,
    0x0, 0x0, 0xcf, 0xf9, 0x0, 0x8, 0xff, 0xb0,
    0xbf, 0xf6, 0x0, 0x0, 0x0, 0x0, 0x6, 0xff,
    0xf0, 0x0, 0xef, 0xf6, 0xb, 0xff, 0x60, 0x0,
    0x0, 0x4, 0x0, 0x1f, 0xff, 0x40, 0x5f, 0xff,
    0x20, 0xbf, 0xf6, 0x0, 0x0, 0x0, 0xee, 0x80,
    0xdf, 0xf9, 0xc, 0xff, 0xc0, 0xb, 0xff, 0x60,
    0x0, 0x0, 0xf, 0xff, 0x8, 0xff, 0xd0, 0x8f,
    0xf6, 0x0, 0xaf, 0xf9, 0x11, 0x11, 0x16, 0xff,
    0xc0, 0x5f, 0xd8, 0x0, 0x18, 0x0, 0x9, 0xff,
    0xff, 0xff, 0xff, 0xff, 0xf8, 0x1, 0x20, 0x0,
    0x0, 0x0, 0x0, 0x3f, 0xff, 0xff, 0xff, 0xff,
    0xff, 0x20, 0x0, 0x0, 0x0, 0x0, 0x0, 0x0,
    0x5b, 0xef, 0xff, 0xff, 0xeb, 0x40, 0x0, 0x0,
    0x0,

    /* U+83B7 "获" */
    0x0, 0x0, 0x0, 0xd, 0xec, 0x0, 0x0, 0x3,
    0xee, 0xc0, 0x0, 0x0, 0x0, 0x0, 0x11, 0x11,
    0x1f, 0xff, 0x11, 0x11, 0x14, 0xff, 0xe1, 0x11,
    0x11, 0x0, 0x8, 0xff, 0xff, 0xff, 0xff, 0xff,
    0xff, 0xff, 0xff, 0xff, 0xff, 0xff, 0x90, 0x8,
    0xff, 0xff, 0xff, 0xff, 0xff, 0xff, 0xff, 0xff,
    0xff, 0xff, 0xff, 0x90, 0x6, 0xbb, 0xbb, 0xbf,
    0xff, 0xbb, 0xbb, 0xbc, 0xff, 0xfb, 0xbb, 0xbb,
    0x60, 0x0, 0x0, 0x0, 0xf, 0xfe, 0x0, 0x0,
    0x4, 0xff, 0xe0, 0x0, 0x0, 0x0, 0x0, 0x5,
    0x80, 0xa, 0x86, 0x0, 0x0, 0x4, 0x88, 0x30,
    0x50, 0x0, 0x0, 0x0, 0x8f, 0xfd, 0x6f, 0xe7,
    0x0, 0x0, 0xb, 0xff, 0x4c, 0xfd, 0x10, 0x0,
    0x0, 0x1b, 0xff, 0xff, 0xf9, 0x0, 0x0, 0xb,
    0xff, 0x3b, 0xff, 0xd1, 0x0, 0x0, 0x1, 0xef,
    0xff, 0x90, 0x0, 0x0, 0xb, 0xff, 0x30, 0xcf,
    0xf7, 0x0, 0x0, 0x6e, 0xff, 0xff, 0x80, 0x22,
    0x22, 0x2c, 0xff, 0x52, 0x4f, 0x82, 0x10, 0xd,
    0xff, 0xfd, 0xff, 0xf2, 0xff, 0xff, 0xff, 0xff,
    0xff, 0xff, 0xff, 0x80, 0x3, 0xff, 0x70, 0xaf,
    0xf6, 0xff, 0xff, 0xff, 0xff, 0xff, 0xff, 0xff,
    0x80, 0x0, 0x41, 0x0, 0xcf, 0xf9, 0xbb, 0xbb,
    0xbf, 0xff, 0xeb, 0xbb, 0xbb, 0x50, 0x0, 0x0,
    0xb, 0xff, 0xfa, 0x0, 0x0, 0x2f, 0xff, 0xd0,
    0x0, 0x0, 0x0, 0x0, 0x2, 0xdf, 0xff, 0xfc,
    0x0, 0x0, 0x7f, 0xff, 0xf3, 0x0, 0x0, 0x0,
    0x0, 0x8f, 0xff, 0xaf, 0xfc, 0x0, 0x0, 0xdf,
    0xff, 0xfb, 0x0, 0x0, 0x0, 0xd, 0xff, 0xf7,
    0x1f, 0xfc, 0x0, 0x4, 0xff, 0xfd, 0xff, 0x40,
    0x0, 0x0, 0x3, 0xfe, 0x40, 0x2f, 0xfb, 0x0,
    0xd, 0xff, 0x95, 0xff, 0xe1, 0x0, 0x0, 0x0,
    0x40, 0x0, 0x4f, 0xf9, 0x0, 0xaf, 0xff, 0x10,
    0xcf, 0xfc, 0x10, 0x0, 0x0, 0x0, 0x0, 0x9f,
    0xf6, 0x9, 0xff, 0xf5, 0x0, 0x2f, 0xff, 0xe4,
    0x0, 0x0, 0x2a, 0x9b, 0xff, 0xf3, 0xbf, 0xff,
    0x80, 0x0, 0x5, 0xff, 0xff, 0xa0, 0x0, 0xd,
    0xff, 0xff, 0x96, 0xff, 0xf8, 0x0, 0x0, 0x0,
    0x5f, 0xff, 0x20, 0x0, 0x9, 0xff, 0xd8, 0x0,
    0x5f, 0x60, 0x0, 0x0, 0x0, 0x2, 0xc6, 0x0,
    0x0, 0x0, 0x0, 0x0, 0x0, 0x1, 0x0, 0x0,
    0x0, 0x0, 0x0, 0x0, 0x0,

    /* U+843D "落" */
    0x0, 0x0, 0x0, 0x2, 0x22, 0x0, 0x0, 0x0,
    0x22, 0x20, 0x0, 0x0, 0x0, 0x0, 0x0, 0x0,
    0x1f, 0xff, 0x0, 0x0, 0x1, 0xff, 0xf0, 0x0,
    0x0, 0x0, 0x6, 0xbb, 0xbb, 0xbf, 0xff, 0xbb,
    0xbb, 0xbb, 0xff, 0xfb, 0xbb, 0xbb, 0x60, 0x9,
    0xff, 0xff, 0xff, 0xff, 0xff, 0xff, 0xff, 0xff,
    0xff, 0xff, 0xff, 0x90, 0x9, 0xff, 0xff, 0xff,
    0xff, 0xff, 0xff, 0xff, 0xff, 0xff, 0xff, 0xff,
    0x90, 0x0, 0x0, 0x0, 0x2f, 0xff, 0x0, 0x0,
    0x2, 0xff, 0xf0, 0x0, 0x0, 0x0, 0x0, 0x1,
    0x81, 0x1b, 0xbb, 0x0, 0x5b, 0x85, 0xbb, 0xb0,
    0x0, 0x0, 0x0, 0x0, 0xc, 0xff, 0x70, 0x0,
    0x2, 0xff, 0xf6, 0x0, 0x0, 0x1, 0x0, 0x0,
    0x0, 0x4f, 0xff, 0xfd, 0x40, 0x1d, 0xff, 0xff,
    0xff, 0xff, 0xff, 0xa1, 0x0, 0x0, 0x1, 0xbf,
    0xff, 0x40, 0xcf, 0xff, 0xff, 0xff, 0xff, 0xff,
    0xf6, 0x0, 0x0, 0x0, 0x5, 0xe7, 0x1c, 0xff,
    0xff, 0x73, 0x33, 0xaf, 0xff, 0x90, 0x0, 0x0,
    0x41, 0x0, 0x3, 0xef, 0xff, 0xff, 0xf9, 0x2a,
    0xff, 0xfa, 0x0, 0x0, 0x4, 0xff, 0x80, 0x4,
    0xef, 0xe2, 0x7f, 0xff, 0xff, 0xff, 0x80, 0x0,
    0x0, 0xd, 0xff, 0xfe, 0x50, 0x1a, 0x10, 0x1a,
    0xff, 0xff, 0xfe, 0x50, 0x0, 0x0, 0x0, 0x8f,
    0xff, 0xb0, 0x1, 0x5b, 0xff, 0xff, 0xff, 0xff,
    0xff, 0xb7, 0x30, 0x0, 0x2, 0xdd, 0x6, 0xdf,
    0xff, 0xff, 0xf9, 0x25, 0xcf, 0xff, 0xff, 0xf3,
    0x0, 0x0, 0x1, 0x1, 0xff, 0xff, 0xc7, 0x10,
    0x0, 0x2, 0x8d, 0xff, 0x60, 0x0, 0x0, 0x1,
    0xc1, 0x7c, 0xff, 0xff, 0xff, 0xff, 0xff, 0xff,
    0xb6, 0x0, 0x0, 0x0, 0xd, 0xfc, 0x3, 0xff,
    0xff, 0xff, 0xff, 0xff, 0xff, 0xa0, 0x0, 0x0,
    0x0, 0xbf, 0xff, 0x23, 0xff, 0xd6, 0x66, 0x66,
    0x6b, 0xff, 0xa0, 0x0, 0x0, 0xa, 0xff, 0xf5,
    0x3, 0xff, 0xc0, 0x0, 0x0, 0x8, 0xff, 0xa0,
    0x0, 0x0, 0x9f, 0xff, 0x80, 0x3, 0xff, 0xd2,
    0x22, 0x22, 0x29, 0xff, 0xa0, 0x0, 0x7, 0xff,
    0xfa, 0x0, 0x3, 0xff, 0xff, 0xff, 0xff, 0xff,
    0xff, 0xa0, 0x0, 0x1, 0xdf, 0xc0, 0x0, 0x3,
    0xff, 0xff, 0xff, 0xff, 0xff, 0xff, 0xa0, 0x0,
    0x0, 0x2c, 0x10, 0x0, 0x3, 0xff, 0xd3, 0x33,
    0x33, 0x39, 0xff, 0xa0, 0x0, 0x0, 0x0, 0x0,
    0x0, 0x0, 0x0, 0x0, 0x0, 0x0, 0x0, 0x0,
    0x0, 0x0,

    /* U+8457 "著" */
    0x0, 0x0, 0x0, 0x2, 0x21, 0x0, 0x0, 0x0,
    0x22, 0x20, 0x0, 0x0, 0x0, 0x0, 0x0, 0x1,
    0xff, 0xc0, 0x0, 0x0, 0x1f, 0xfe, 0x0, 0x0,
    0x0, 0x6, 0xbb, 0xbb, 0xbf, 0xfe, 0xbb, 0xbb,
    0xbb, 0xff, 0xfb, 0xbb, 0xbb, 0x60, 0x9f, 0xff,
    0xff, 0xff, 0xff, 0xff, 0xff, 0xff, 0xff, 0xff,
    0xff, 0xf9, 0x9, 0xff, 0xff, 0xff, 0xff, 0xff,
    0xff, 0xff, 0xff, 0xff, 0xff, 0xff, 0x90, 0x0,
    0x0, 0x2, 0xff, 0xc2, 0x22, 0x0, 0x2f, 0xfe,
    0x0, 0x0, 0x0, 0x0, 0x0, 0x0, 0x1a, 0xac,
    0xff, 0xe0, 0x1, 0xaa, 0x90, 0x27, 0x0, 0x0,
    0x0, 0x49, 0x99, 0x99, 0xcf, 0xff, 0x99, 0x99,
    0x96, 0x1d, 0xfe, 0x40, 0x0, 0x7, 0xff, 0xff,
    0xff, 0xff, 0xff, 0xff, 0xff, 0xcd, 0xff, 0xe2,
    0x0, 0x0, 0x7f, 0xff, 0xff, 0xff, 0xff, 0xff,
    0xff, 0xff, 0xff, 0xe2, 0x0, 0x0, 0x0, 0x0,
    0x0, 0x5, 0xff, 0xe0, 0x0, 0x6f, 0xff, 0xd2,
    0x0, 0x0, 0x6a, 0xaa, 0xaa, 0xaa, 0xcf, 0xff,
    0xaa, 0xcf, 0xff, 0xfc, 0xaa, 0xa8, 0x9, 0xff,
    0xff, 0xff, 0xff, 0xff, 0xff, 0xff, 0xff, 0xff,
    0xff, 0xff, 0xc0, 0x9f, 0xff, 0xff, 0xff, 0xff,
    0xff, 0xff, 0xff, 0xff, 0xff, 0xff, 0xfc, 0x0,
    0x0, 0x0, 0x0, 0x17, 0xef, 0xff, 0xf7, 0x0,
    0x0, 0x0, 0x0, 0x0, 0x0, 0x0, 0x4, 0xaf,
    0xff, 0xff, 0xe7, 0x66, 0x66, 0x77, 0x62, 0x0,
    0x0, 0x5, 0x9e, 0xff, 0xff, 0xff, 0xff, 0xff,
    0xff, 0xff, 0xff, 0x70, 0x2, 0xcf, 0xff, 0xff,
    0xff, 0xff, 0xff, 0xff, 0xff, 0xff, 0xff, 0xf7,
    0x0, 0xc, 0xff, 0xfd, 0xff, 0xf1, 0x0, 0x0,
    0x0, 0x0, 0xa, 0xff, 0x70, 0x0, 0x2c, 0x83,
    0xf, 0xff, 0xff, 0xff, 0xff, 0xff, 0xff, 0xff,
    0xf7, 0x0, 0x0, 0x0, 0x0, 0xff, 0xff, 0xff,
    0xff, 0xff, 0xff, 0xff, 0xff, 0x70, 0x0, 0x0,
    0x0, 0xf, 0xff, 0x10, 0x0, 0x0, 0x0, 0x0,
    0xaf, 0xf7, 0x0, 0x0, 0x0, 0x0, 0xff, 0xff,
    0xff, 0xff, 0xff, 0xff, 0xff, 0xff, 0x70, 0x0,
    0x0, 0x0, 0xf, 0xff, 0xff, 0xff, 0xff, 0xff,
    0xff, 0xff, 0xf7, 0x0, 0x0, 0x0, 0x0, 0xff,
    0xf7, 0x66, 0x66, 0x66, 0x66, 0x6c, 0xff, 0x60,
    0x0,

    /* U+865A "虚" */
    0x0, 0x0, 0x0, 0x0, 0x0, 0x1, 0x11, 0x0,
    0x0, 0x0, 0x0, 0x0, 0x0, 0x0, 0x0, 0x0,
    0x0, 0x0, 0xff, 0xf4, 0x0, 0x0, 0x0, 0x0,
    0x0, 0x0, 0x0, 0x0, 0x0, 0x0, 0xf, 0xff,
    0x97, 0x77, 0x77, 0x77, 0x40, 0x0, 0x0, 0x0,
    0x0, 0x0, 0x0, 0xff, 0xff, 0xff, 0xff, 0xff,
    0xfa, 0x0, 0x0, 0x0, 0x0, 0x0, 0x0, 0xf,
    0xff, 0xff, 0xff, 0xff, 0xff, 0xa0, 0x0, 0x0,
    0x0, 0x0, 0x0, 0x0, 0xff, 0xf4, 0x0, 0x0,
    0x0, 0x0, 0x0, 0x0, 0xd, 0xef, 0xee, 0xee,
    0xef, 0xff, 0xee, 0xee, 0xee, 0xef, 0xeb, 0x50,
    0x0, 0xef, 0xff, 0xff, 0xff, 0xff, 0xff, 0xff,
    0xff, 0xff, 0xff, 0xf6, 0x0, 0xe, 0xff, 0xba,
    0xaa, 0xaf, 0xff, 0xaa, 0xaa, 0xaa, 0xcf, 0xff,
    0x20, 0x0, 0xef, 0xf2, 0x0, 0x0, 0xff, 0xf5,
    0x67, 0x8a, 0x68, 0xff, 0xc0, 0x0, 0xe, 0xff,
    0x4c, 0xde, 0xff, 0xff, 0xff, 0xff, 0xfa, 0x39,
    0xe6, 0x0, 0x0, 0xef, 0xf4, 0xff, 0xff, 0xff,
    0xfc, 0xb9, 0x87, 0x40, 0x36, 0x10, 0x0, 0xe,
    0xff, 0x25, 0x42, 0x1f, 0xff, 0x74, 0x44, 0x44,
    0x4b, 0xff, 0x50, 0x0, 0xef, 0xf2, 0x0, 0x0,
    0xbf, 0xff, 0xff, 0xff, 0xff, 0xff, 0xf1, 0x0,
    0xf, 0xff, 0x10, 0x0, 0x1, 0x9d, 0xef, 0xff,
    0xff, 0xfe, 0xc4, 0x0, 0x0, 0xff, 0xf0, 0x0,
    0x6, 0x99, 0x10, 0x79, 0x90, 0x0, 0x0, 0x0,
    0x0, 0x1f, 0xff, 0x4, 0x40, 0xbf, 0xf2, 0xd,
    0xff, 0x10, 0x86, 0x10, 0x0, 0x3, 0xff, 0xed,
    0xfe, 0xb, 0xff, 0x20, 0xdf, 0xf1, 0x2f, 0xff,
    0x20, 0x0, 0x5f, 0xfc, 0x8f, 0xf5, 0xbf, 0xf2,
    0xd, 0xff, 0x19, 0xff, 0x80, 0x0, 0x9, 0xff,
    0x92, 0xff, 0xbb, 0xff, 0x20, 0xdf, 0xf3, 0xff,
    0xd0, 0x0, 0x0, 0xdf, 0xf6, 0xc, 0xff, 0xbf,
    0xf2, 0xd, 0xff, 0xaf, 0xf3, 0x0, 0x0, 0x1f,
    0xff, 0x20, 0x67, 0x1b, 0xff, 0x20, 0xdf, 0xf1,
    0x55, 0x0, 0x0, 0x8, 0xff, 0xdb, 0xbb, 0xbb,
    0xef, 0xfc, 0xbf, 0xff, 0xbb, 0xbb, 0xbb, 0x40,
    0xef, 0xf7, 0xff, 0xff, 0xff, 0xff, 0xff, 0xff,
    0xff, 0xff, 0xff, 0xf6, 0x1, 0xaf, 0x1f, 0xff,
    0xff, 0xff, 0xff, 0xff, 0xff, 0xff, 0xff, 0xff,
    0x60, 0x0, 0x20, 0x0, 0x0, 0x0, 0x0, 0x0,
    0x0, 0x0, 0x0, 0x0, 0x0,

    /* U+884C "行" */
    0x0, 0x0, 0x0, 0x10, 0x0, 0x0, 0x0, 0x0,
    0x0, 0x0, 0x0, 0x0, 0x0, 0x0, 0x0, 0x1d,
    0xf8, 0x20, 0x0, 0x0, 0x0, 0x0, 0x0, 0x0,
    0x0, 0x0, 0x0, 0xc, 0xff, 0xf3, 0x1, 0xdd,
    0xdd, 0xdd, 0xdd, 0xdd, 0xdd, 0x80, 0x0, 0xb,
    0xff, 0xf6, 0x0, 0x1f, 0xff, 0xff, 0xff, 0xff,
    0xff, 0xf9, 0x0, 0x1c, 0xff, 0xf9, 0x0, 0x1,
    0xff, 0xff, 0xff, 0xff, 0xff, 0xff, 0x90, 0x2d,
    0xff, 0xfa, 0x0, 0x0, 0x2, 0x22, 0x22, 0x22,
    0x22, 0x22, 0x21, 0xe, 0xff, 0xfa, 0x2, 0x10,
    0x0, 0x0, 0x0, 0x0, 0x0, 0x0, 0x0, 0x0,
    0x6f, 0xfa, 0x0, 0xef, 0xa3, 0x0, 0x0, 0x0,
    0x0, 0x0, 0x0, 0x0, 0x0, 0xc7, 0x0, 0x9f,
    0xff, 0x20, 0x0, 0x0, 0x0, 0x0, 0x0, 0x0,
    0x0, 0x0, 0x0, 0x5f, 0xff, 0x61, 0x22, 0x22,
    0x22, 0x22, 0x22, 0x22, 0x22, 0x0, 0x0, 0x3f,
    0xff, 0xb0, 0x8f, 0xff, 0xff, 0xff, 0xff, 0xff,
    0xff, 0xf0, 0x0, 0x2e, 0xff, 0xf1, 0x8, 0xff,
    0xff, 0xff, 0xff, 0xff, 0xff, 0xff, 0x0, 0x2e,
    0xff, 0xfe, 0x0, 0x6c, 0xcc, 0xcc, 0xcc, 0xef,
    0xff, 0xcc, 0xc0, 0x3e, 0xff, 0xff, 0xe0, 0x0,
    0x0, 0x0, 0x0, 0x8, 0xff, 0xb0, 0x0, 0x3f,
    0xff, 0xff, 0xfe, 0x0, 0x0, 0x0, 0x0, 0x0,
    0x8f, 0xfb, 0x0, 0x0, 0x9f, 0xf9, 0xff, 0xe0,
    0x0, 0x0, 0x0, 0x0, 0x8, 0xff, 0xb0, 0x0,
    0x0, 0xb5, 0x3f, 0xfe, 0x0, 0x0, 0x0, 0x0,
    0x0, 0x8f, 0xfb, 0x0, 0x0, 0x0, 0x3, 0xff,
    0xe0, 0x0, 0x0, 0x0, 0x0, 0x8, 0xff, 0xb0,
    0x0, 0x0, 0x0, 0x3f, 0xfe, 0x0, 0x0, 0x0,
    0x0, 0x0, 0x8f, 0xfb, 0x0, 0x0, 0x0, 0x3,
    0xff, 0xe0, 0x0, 0x0, 0x0, 0x0, 0x8, 0xff,
    0xb0, 0x0, 0x0, 0x0, 0x3f, 0xfe, 0x0, 0x0,
    0x0, 0x0, 0x0, 0x8f, 0xfb, 0x0, 0x0, 0x0,
    0x3, 0xff, 0xe0, 0x0, 0x0, 0x2, 0x21, 0x19,
    0xff, 0xb0, 0x0, 0x0, 0x0, 0x3f, 0xfe, 0x0,
    0x0, 0x0, 0x8f, 0xff, 0xff, 0xfa, 0x0, 0x0,
    0x0, 0x3, 0xff, 0xe0, 0x0, 0x0, 0x3, 0xff,
    0xff, 0xff, 0x50, 0x0, 0x0, 0x0, 0x3f, 0xfe,
    0x0, 0x0, 0x0, 0xf, 0xff, 0xdb, 0x50, 0x0,
    0x0, 0x0, 0x0, 0x11, 0x10, 0x0, 0x0, 0x0,
    0x0, 0x0, 0x0, 0x0, 0x0,

    /* U+8865 "补" */
    0x0, 0x0, 0x3, 0x0, 0x0, 0x0, 0x0, 0x25,
    0x55, 0x0, 0x0, 0x0, 0x0, 0x0, 0x0, 0x8f,
    0x80, 0x0, 0x0, 0x0, 0x5f, 0xff, 0x0, 0x0,
    0x0, 0x0, 0x0, 0x5, 0xff, 0xf6, 0x0, 0x0,
    0x0, 0x5f, 0xff, 0x0, 0x0, 0x0, 0x0, 0x0,
    0x0, 0x8f, 0xff, 0x30, 0x0, 0x0, 0x5f, 0xff,
    0x0, 0x0, 0x0, 0x0, 0x0, 0x0, 0xc, 0xfb,
    0x10, 0x0, 0x0, 0x5f, 0xff, 0x0, 0x0, 0x0,
    0x0, 0xb, 0xcc, 0xcd, 0xfc, 0xcc, 0xc2, 0x0,
    0x5f, 0xff, 0x0, 0x0, 0x0, 0x0, 0xf, 0xff,
    0xff, 0xff, 0xff, 0xff, 0x10, 0x5f, 0xff, 0x0,
    0x0, 0x0, 0x0, 0xf, 0xff, 0xff, 0xff, 0xff,
    0xfb, 0x0, 0x5f, 0xff, 0x0, 0x0, 0x0, 0x0,
    0x0, 0x0, 0x0, 0x4, 0xff, 0xf3, 0x0, 0x5f,
    0xff, 0x12, 0x0, 0x0, 0x0, 0x0, 0x0, 0x0,
    0xd, 0xff, 0x90, 0x0, 0x5f, 0xff, 0xdf, 0x50,
    0x0, 0x0, 0x0, 0x0, 0x0, 0xaf, 0xfe, 0x16,
    0x20, 0x5f, 0xff, 0xff, 0xf7, 0x0, 0x0, 0x0,
    0x0, 0x8, 0xff, 0xf4, 0x2f, 0xf4, 0x5f, 0xff,
    0xef, 0xff, 0xa0, 0x0, 0x0, 0x0, 0x7f, 0xff,
    0xe1, 0xdf, 0xfa, 0x5f, 0xff, 0x2d, 0xff, 0xfb,
    0x0, 0x0, 0x8, 0xff, 0xff, 0xff, 0xff, 0xa0,
    0x5f, 0xff, 0x1, 0xdf, 0xff, 0xc0, 0x0, 0xaf,
    0xff, 0xff, 0xff, 0xfb, 0x0, 0x5f, 0xff, 0x0,
    0x1c, 0xff, 0x80, 0x4d, 0xff, 0xff, 0xff, 0xbf,
    0xfe, 0x30, 0x5f, 0xff, 0x0, 0x1, 0xd7, 0x0,
    0x4f, 0xff, 0xce, 0xff, 0x48, 0xff, 0xf2, 0x5f,
    0xff, 0x0, 0x0, 0x0, 0x0, 0xb, 0xfa, 0xd,
    0xff, 0x40, 0xbf, 0xd1, 0x5f, 0xff, 0x0, 0x0,
    0x0, 0x0, 0x3, 0x60, 0xd, 0xff, 0x40, 0xc,
    0x20, 0x5f, 0xff, 0x0, 0x0, 0x0, 0x0, 0x0,
    0x0, 0xd, 0xff, 0x40, 0x0, 0x0, 0x5f, 0xff,
    0x0, 0x0, 0x0, 0x0, 0x0, 0x0, 0xd, 0xff,
    0x40, 0x0, 0x0, 0x5f, 0xff, 0x0, 0x0, 0x0,
    0x0, 0x0, 0x0, 0xd, 0xff, 0x40, 0x0, 0x0,
    0x5f, 0xff, 0x0, 0x0, 0x0, 0x0, 0x0, 0x0,
    0xd, 0xff, 0x40, 0x0, 0x0, 0x5f, 0xff, 0x0,
    0x0, 0x0, 0x0, 0x0, 0x0, 0xd, 0xff, 0x40,
    0x0, 0x0, 0x5f, 0xff, 0x0, 0x0, 0x0, 0x0,
    0x0, 0x0, 0xd, 0xff, 0x40, 0x0, 0x0, 0x5f,
    0xff, 0x0, 0x0, 0x0, 0x0,

    /* U+88C5 "装" */
    0x0, 0x0, 0x0, 0x0, 0x0, 0x0, 0x0, 0x0,
    0x0, 0x0, 0x0, 0x0, 0x0, 0x0, 0x0, 0x0,
    0x8f, 0xf5, 0x0, 0x0, 0x2, 0xff, 0xf0, 0x0,
    0x0, 0x0, 0x0, 0x59, 0x0, 0x8f, 0xf5, 0x0,
    0x0, 0x2, 0xff, 0xf0, 0x0, 0x0, 0x0, 0x5,
    0xff, 0xd2, 0x8f, 0xf5, 0x0, 0x0, 0x2, 0xff,
    0xf0, 0x0, 0x0, 0x0, 0x1, 0xcf, 0xfe, 0xaf,
    0xf5, 0xcf, 0xff, 0xff, 0xff, 0xff, 0xff, 0xff,
    0xb0, 0x0, 0xa, 0xfa, 0x8f, 0xf5, 0xcf, 0xff,
    0xff, 0xff, 0xff, 0xff, 0xff, 0xb0, 0x0, 0x0,
    0x60, 0x8f, 0xf5, 0x7a, 0xaa, 0xab, 0xff, 0xfa,
    0xaa, 0xaa, 0x70, 0x0, 0x0, 0x0, 0xaf, 0xf5,
    0x0, 0x0, 0x2, 0xff, 0xf0, 0x0, 0x0, 0x0,
    0x0, 0x2, 0x9f, 0xff, 0xf5, 0x0, 0x0, 0x2,
    0xff, 0xf0, 0x0, 0x0, 0x0, 0x6, 0xcf, 0xff,
    0xff, 0xf5, 0x4, 0x44, 0x46, 0xff, 0xf4, 0x44,
    0x44, 0x0, 0xe, 0xff, 0xfc, 0xbf, 0xf5, 0x1f,
    0xff, 0xff, 0xff, 0xff, 0xff, 0xff, 0x10, 0x8,
    0xfa, 0x30, 0x8f, 0xf5, 0x1f, 0xff, 0xff, 0xff,
    0xff, 0xff, 0xff, 0x10, 0x1, 0x10, 0x0, 0x8f,
    0xf5, 0x5, 0x6b, 0x65, 0x55, 0x55, 0x55, 0x55,
    0x0, 0x0, 0x0, 0x0, 0x48, 0x82, 0xc, 0xff,
    0x60, 0x0, 0x0, 0x0, 0x0, 0x0, 0x5, 0x66,
    0x66, 0x66, 0x66, 0x6d, 0xff, 0xe6, 0x66, 0x66,
    0x66, 0x66, 0x60, 0xc, 0xff, 0xff, 0xff, 0xff,
    0xff, 0xff, 0xff, 0xff, 0xff, 0xff, 0xff, 0xe0,
    0xc, 0xff, 0xff, 0xff, 0xff, 0xff, 0xff, 0xff,
    0xff, 0xff, 0xff, 0xff, 0xe0, 0x0, 0x0, 0x0,
    0x3, 0xbf, 0xff, 0x7e, 0xff, 0x20, 0x0, 0x6f,
    0x80, 0x0, 0x0, 0x0, 0x16, 0xcf, 0xff, 0xd3,
    0x6, 0xff, 0xd1, 0x2b, 0xff, 0xf7, 0x0, 0x5,
    0x8c, 0xff, 0xff, 0xf9, 0x0, 0x0, 0xbf, 0xfe,
    0xff, 0xfd, 0x40, 0x0, 0xa, 0xff, 0xff, 0xff,
    0xf6, 0x0, 0x0, 0x1e, 0xff, 0xff, 0x70, 0x0,
    0x0, 0x0, 0xdc, 0x83, 0xaf, 0xf6, 0x36, 0x9d,
    0xe2, 0xef, 0xff, 0xd6, 0x10, 0x0, 0x0, 0x0,
    0x3, 0xff, 0xff, 0xff, 0xff, 0xd0, 0x1b, 0xff,
    0xff, 0xfc, 0x81, 0x0, 0x0, 0xe, 0xff, 0xff,
    0xff, 0xd9, 0x50, 0x0, 0x5d, 0xff, 0xff, 0xa0,
    0x0, 0x0, 0x9, 0xfe, 0xb7, 0x30, 0x0, 0x0,
    0x0, 0x0, 0x4a, 0xee, 0x0, 0x0, 0x0, 0x2,
    0x30, 0x0, 0x0, 0x0, 0x0, 0x0, 0x0, 0x0,
    0x1, 0x0,

    /* U+8986 "覆" */
    0x0, 0x33, 0x33, 0x33, 0x33, 0x33, 0x33, 0x33,
    0x33, 0x33, 0x33, 0x33, 0x10, 0x1, 0xff, 0xff,
    0xff, 0xff, 0xff, 0xff, 0xff, 0xff, 0xff, 0xff,
    0xff, 0x40, 0x1, 0xee, 0xee, 0xee, 0xef, 0xff,
    0xee, 0xff, 0xfe, 0xee, 0xee, 0xee, 0x40, 0x0,
    0x7, 0x77, 0x77, 0x8f, 0xfc, 0x77, 0xdf, 0xf8,
    0x77, 0x77, 0x73, 0x0, 0x0, 0x1f, 0xff, 0xff,
    0xff, 0xff, 0xff, 0xff, 0xff, 0xff, 0xff, 0xf8,
    0x0, 0x0, 0x1f, 0xfc, 0x33, 0x5f, 0xfb, 0x33,
    0xcf, 0xf5, 0x33, 0x7f, 0xf8, 0x0, 0x0, 0x1f,
    0xff, 0xee, 0xff, 0xff, 0xee, 0xff, 0xff, 0xee,
    0xff, 0xf8, 0x0, 0x0, 0x1e, 0xee, 0xee, 0xee,
    0xef, 0xfe, 0xee, 0xee, 0xee, 0xee, 0xe7, 0x0,
    0x0, 0x0, 0x8, 0xc7, 0x10, 0xd, 0xfb, 0x0,
    0x0, 0x0, 0x0, 0x0, 0x0, 0x0, 0x0, 0x6f,
    0xfe, 0x10, 0x6f, 0xff, 0xff, 0xff, 0xff, 0xff,
    0xff, 0x10, 0x0, 0x8, 0xff, 0xf3, 0x2, 0xff,
    0xff, 0xff, 0xff, 0xff, 0xff, 0xff, 0x10, 0x2,
    0xcf, 0xff, 0x30, 0x1d, 0xff, 0xa4, 0x44, 0x44,
    0x44, 0x44, 0x40, 0x0, 0x8, 0xff, 0xd3, 0xca,
    0xdf, 0xff, 0xff, 0xff, 0xff, 0xff, 0xff, 0xf0,
    0x0, 0x0, 0xb9, 0x9, 0xff, 0xbd, 0xef, 0xf9,
    0x44, 0x44, 0x44, 0xcf, 0xf0, 0x0, 0x0, 0x0,
    0x7f, 0xfd, 0x1, 0x2e, 0xff, 0xff, 0xff, 0xff,
    0xff, 0xf0, 0x0, 0x0, 0x8, 0xff, 0xf2, 0x0,
    0xe, 0xf9, 0x44, 0x44, 0x44, 0xcf, 0xf0, 0x0,
    0x1, 0xbf, 0xff, 0xe0, 0x0, 0xe, 0xff, 0xff,
    0xff, 0xff, 0xff, 0xf0, 0x0, 0xb, 0xff, 0xff,
    0xe0, 0x0, 0x4, 0x7f, 0xff, 0x75, 0x55, 0x55,
    0x50, 0x0, 0x2, 0xea, 0xef, 0xe0, 0x0, 0x29,
    0xff, 0xff, 0xff, 0xff, 0xff, 0x80, 0x0, 0x0,
    0x10, 0xef, 0xe0, 0x2c, 0xff, 0xff, 0xdc, 0xcc,
    0xdf, 0xff, 0x90, 0x0, 0x0, 0x0, 0xef, 0xe0,
    0x8, 0xfa, 0xdf, 0xf9, 0x48, 0xff, 0xf8, 0x0,
    0x0, 0x0, 0x0, 0xef, 0xe0, 0x0, 0x1, 0x4e,
    0xff, 0xff, 0xff, 0xa4, 0x21, 0x0, 0x0, 0x0,
    0xef, 0xe0, 0xbe, 0xff, 0xff, 0xff, 0xff, 0xff,
    0xff, 0xff, 0xa0, 0x0, 0x0, 0xef, 0xe0, 0x5f,
    0xff, 0xda, 0x74, 0x1, 0x58, 0xbd, 0xff, 0x10,
    0x0, 0x0, 0x23, 0x30, 0x3, 0x10, 0x0, 0x0,
    0x0, 0x0, 0x0, 0x0, 0x0,

    /* U+89C2 "观" */
    0x0, 0x0, 0x0, 0x0, 0x10, 0x1, 0xdd, 0xdd,
    0xdd, 0xdd, 0xdd, 0xdd, 0x10, 0xc, 0xff, 0xff,
    0xff, 0xff, 0xb2, 0xff, 0xff, 0xff, 0xff, 0xff,
    0xff, 0x20, 0xc, 0xff, 0xff, 0xff, 0xff, 0xf1,
    0xff, 0xfe, 0xee, 0xee, 0xef, 0xff, 0x20, 0xb,
    0xff, 0xff, 0xff, 0xff, 0xe1, 0xff, 0xe0, 0x0,
    0x0, 0xe, 0xff, 0x20, 0x0, 0x0, 0x0, 0x7,
    0xff, 0xb1, 0xff, 0xe0, 0x68, 0x80, 0xe, 0xff,
    0x20, 0x0, 0x0, 0x0, 0xa, 0xff, 0x91, 0xff,
    0xe0, 0xdf, 0xf1, 0xe, 0xff, 0x20, 0x0, 0x8e,
    0x10, 0xd, 0xff, 0x61, 0xff, 0xe0, 0xdf, 0xf1,
    0xe, 0xff, 0x20, 0x8, 0xff, 0xc0, 0x1f, 0xff,
    0x21, 0xff, 0xe0, 0xdf, 0xf1, 0xe, 0xff, 0x20,
    0x1, 0xef, 0xf9, 0x5f, 0xff, 0x1, 0xff, 0xe0,
    0xdf, 0xf1, 0xe, 0xff, 0x20, 0x0, 0x4f, 0xff,
    0xdf, 0xfb, 0x1, 0xff, 0xe0, 0xdf, 0xf1, 0xe,
    0xff, 0x20, 0x0, 0x9, 0xff, 0xff, 0xf6, 0x1,
    0xff, 0xe0, 0xef, 0xf0, 0xe, 0xff, 0x20, 0x0,
    0x0, 0xdf, 0xff, 0xf2, 0x1, 0xff, 0xe0, 0xff,
    0xe0, 0xe, 0xff, 0x20, 0x0, 0x0, 0x4f, 0xff,
    0xd0, 0x1, 0xff, 0xe2, 0xff, 0xc0, 0xe, 0xff,
    0x20, 0x0, 0x0, 0x1f, 0xff, 0xf1, 0x1, 0xee,
    0xc6, 0xff, 0x80, 0xd, 0xee, 0x20, 0x0, 0x0,
    0x7f, 0xff, 0xfa, 0x0, 0x0, 0xc, 0xff, 0xff,
    0x30, 0x0, 0x0, 0x0, 0x1, 0xef, 0xff, 0xff,
    0x30, 0x0, 0x2f, 0xff, 0xff, 0x40, 0x0, 0x0,
    0x0, 0x9, 0xff, 0xfe, 0xff, 0xc0, 0x0, 0xbf,
    0xff, 0xff, 0x40, 0x1, 0x0, 0x0, 0x3f, 0xff,
    0x95, 0xff, 0xf2, 0x6, 0xff, 0xfd, 0xff, 0x40,
    0x2f, 0x81, 0x1, 0xdf, 0xff, 0x10, 0xdd, 0x30,
    0x4f, 0xff, 0x8b, 0xff, 0x40, 0x3f, 0xf3, 0xc,
    0xff, 0xf5, 0x0, 0x40, 0x6, 0xff, 0xfc, 0xb,
    0xff, 0x40, 0x4f, 0xf1, 0x3e, 0xff, 0x90, 0x0,
    0x1, 0xaf, 0xff, 0xd1, 0xb, 0xff, 0x84, 0xaf,
    0xf0, 0x3, 0xfb, 0x0, 0x0, 0x8, 0xff, 0xfd,
    0x10, 0x8, 0xff, 0xff, 0xff, 0xa0, 0x0, 0x30,
    0x0, 0x0, 0x0, 0x8f, 0x90, 0x0, 0x1, 0xbf,
    0xff, 0xfb, 0x10, 0x0, 0x0, 0x0, 0x0, 0x0,
    0x3, 0x0, 0x0, 0x0, 0x0, 0x0, 0x0, 0x0,

    /* U+89C6 "视" */
    0x0, 0x0, 0x0, 0x0, 0x0, 0x0, 0x0, 0x0,
    0x0, 0x0, 0x0, 0x0, 0x0, 0x0, 0x0, 0x6e,
    0x40, 0x0, 0x0, 0x0, 0x0, 0x0, 0x0, 0x0,
    0x0, 0x0, 0x0, 0x6, 0xff, 0xe1, 0x0, 0xe,
    0xff, 0xff, 0xff, 0xff, 0xff, 0xff, 0x10, 0x0,
    0x0, 0xcf, 0xfa, 0x0, 0xe, 0xff, 0xff, 0xff,
    0xff, 0xff, 0xff, 0x10, 0x0, 0x0, 0x2f, 0xf9,
    0x0, 0xe, 0xff, 0xcc, 0xcc, 0xcc, 0xcf, 0xff,
    0x10, 0x7, 0xcc, 0xcf, 0xec, 0xc5, 0xe, 0xff,
    0x10, 0x0, 0x0, 0x1f, 0xff, 0x10, 0xa, 0xff,
    0xff, 0xff, 0xff, 0x4e, 0xff, 0x10, 0xbb, 0xb0,
    0x1f, 0xff, 0x10, 0xa, 0xff, 0xff, 0xff, 0xfe,
    0xe, 0xff, 0x10, 0xff, 0xf0, 0x1f, 0xff, 0x10,
    0x0, 0x0, 0x0, 0x7f, 0xf8, 0xe, 0xff, 0x10,
    0xff, 0xf0, 0x1f, 0xff, 0x10, 0x0, 0x0, 0x1,
    0xef, 0xf1, 0xe, 0xff, 0x10, 0xff, 0xf0, 0x1f,
    0xff, 0x10, 0x0, 0x0, 0xa, 0xff, 0x90, 0xe,
    0xff, 0x10, 0xff, 0xf0, 0x1f, 0xff, 0x10, 0x0,
    0x0, 0x5f, 0xff, 0x10, 0xe, 0xff, 0x10, 0xff,
    0xf0, 0x1f, 0xff, 0x10, 0x0, 0x2, 0xff, 0xff,
    0x30, 0xe, 0xff, 0x11, 0xff, 0xe0, 0x1f, 0xff,
    0x10, 0x0, 0x2e, 0xff, 0xff, 0xe2, 0xe, 0xff,
    0x13, 0xff, 0xc0, 0x1f, 0xff, 0x10, 0x3, 0xef,
    0xff, 0xff, 0xfd, 0x1e, 0xff, 0x15, 0xff, 0x90,
    0x1f, 0xff, 0x10, 0x1f, 0xff, 0xff, 0xfc, 0xff,
    0x8d, 0xee, 0x1a, 0xff, 0x82, 0x1e, 0xee, 0x0,
    0xc, 0xff, 0xff, 0xf2, 0xed, 0x10, 0x0, 0xf,
    0xff, 0xff, 0x0, 0x0, 0x0, 0x6, 0xf4, 0xef,
    0xf1, 0x63, 0x0, 0x0, 0x6f, 0xff, 0xff, 0x0,
    0x0, 0x0, 0x1, 0x30, 0xef, 0xf1, 0x0, 0x0,
    0x1, 0xef, 0xff, 0xff, 0x0, 0x11, 0x0, 0x0,
    0x0, 0xef, 0xf1, 0x0, 0x0, 0xb, 0xff, 0xbd,
    0xff, 0x0, 0x3e, 0x81, 0x0, 0x0, 0xef, 0xf1,
    0x0, 0x0, 0xaf, 0xff, 0x2d, 0xff, 0x0, 0x3f,
    0xf3, 0x0, 0x0, 0xef, 0xf1, 0x0, 0x1b, 0xff,
    0xf4, 0xd, 0xff, 0x0, 0x5f, 0xf1, 0x0, 0x0,
    0xef, 0xf1, 0x6, 0xef, 0xff, 0x50, 0xd, 0xff,
    0x64, 0xaf, 0xe0, 0x0, 0x0, 0xef, 0xf1, 0xb,
    0xff, 0xe3, 0x0, 0xa, 0xff, 0xff, 0xff, 0xa0,
    0x0, 0x0, 0xef, 0xf1, 0x0, 0xb9, 0x0, 0x0,
    0x2, 0xcf, 0xff, 0xfb, 0x10, 0x0, 0x0, 0x0,
    0x0, 0x0, 0x0, 0x0, 0x0, 0x0, 0x0, 0x0,
    0x0, 0x0,

    /* U+89C8 "览" */
    0x0, 0x0, 0x0, 0x0, 0x0, 0x0, 0x0, 0x0,
    0x0, 0x0, 0x0, 0x0, 0x0, 0x0, 0x0, 0xa,
    0xbb, 0x10, 0x3, 0xfd, 0x90, 0x0, 0x0, 0x0,
    0x1, 0x99, 0x70, 0xe, 0xff, 0x20, 0x7, 0xff,
    0xc0, 0x0, 0x0, 0x0, 0x3, 0xff, 0xd0, 0xe,
    0xff, 0x20, 0xc, 0xff, 0xec, 0xcc, 0xcc, 0xc9,
    0x3, 0xff, 0xd0, 0xe, 0xff, 0x20, 0x2f, 0xff,
    0xff, 0xff, 0xff, 0xfc, 0x3, 0xff, 0xd0, 0xe,
    0xff, 0x20, 0x8f, 0xff, 0xff, 0xff, 0xff, 0xfb,
    0x3, 0xff, 0xd0, 0xe, 0xff, 0x21, 0xff, 0xf7,
    0x3, 0x95, 0x0, 0x0, 0x3, 0xff, 0xd0, 0xe,
    0xff, 0x29, 0xff, 0xf1, 0x4f, 0xff, 0x20, 0x0,
    0x3, 0xff, 0xd0, 0xe, 0xff, 0x5f, 0xff, 0x80,
    0xa, 0xff, 0xc0, 0x0, 0x3, 0xff, 0xd0, 0xe,
    0xff, 0x24, 0xce, 0x0, 0x1, 0xef, 0xf5, 0x0,
    0x0, 0x0, 0x0, 0xc, 0xdd, 0x10, 0x1, 0x0,
    0x0, 0x7b, 0x50, 0x0, 0x0, 0x3, 0xbb, 0xbb,
    0xbb, 0xbb, 0xbb, 0xbb, 0xbb, 0xbb, 0xb0, 0x0,
    0x0, 0x5, 0xff, 0xff, 0xff, 0xff, 0xff, 0xff,
    0xff, 0xff, 0xf1, 0x0, 0x0, 0x5, 0xff, 0xff,
    0xff, 0xff, 0xff, 0xff, 0xff, 0xff, 0xf1, 0x0,
    0x0, 0x5, 0xff, 0xa0, 0x0, 0x0, 0x0, 0x0,
    0x3, 0xff, 0xf1, 0x0, 0x0, 0x5, 0xff, 0xa0,
    0x0, 0xcf, 0xfd, 0x0, 0x3, 0xff, 0xf1, 0x0,
    0x0, 0x5, 0xff, 0xa0, 0x0, 0xcf, 0xfd, 0x0,
    0x3, 0xff, 0xf1, 0x0, 0x0, 0x5, 0xff, 0xa0,
    0x0, 0xdf, 0xfc, 0x0, 0x3, 0xff, 0xf1, 0x0,
    0x0, 0x5, 0xff, 0xa0, 0x1, 0xff, 0xfe, 0xba,
    0x3, 0xff, 0xf1, 0x0, 0x0, 0x3, 0xbb, 0x70,
    0xb, 0xff, 0xff, 0xfe, 0x1, 0x55, 0x50, 0x0,
    0x0, 0x0, 0x0, 0x3, 0xcf, 0xff, 0xef, 0xfe,
    0x0, 0x0, 0x9, 0x61, 0x0, 0x0, 0x5, 0xbf,
    0xff, 0xfc, 0x4f, 0xfe, 0x0, 0x0, 0xd, 0xfe,
    0x4, 0x7b, 0xff, 0xff, 0xff, 0x70, 0x2f, 0xff,
    0x98, 0x88, 0xaf, 0xfb, 0xb, 0xff, 0xff, 0xfe,
    0x81, 0x0, 0xe, 0xff, 0xff, 0xff, 0xff, 0xf6,
    0x0, 0xdf, 0xea, 0x50, 0x0, 0x0, 0x3, 0xcf,
    0xff, 0xff, 0xfe, 0x90, 0x0, 0x22, 0x0, 0x0,
    0x0, 0x0, 0x0, 0x0, 0x0, 0x0, 0x0, 0x0,

    /* U+89E3 "解" */
    0x0, 0x0, 0x0, 0x0, 0x0, 0x0, 0x0, 0x0,
    0x0, 0x0, 0x0, 0x0, 0x0, 0x0, 0xa, 0xeb,
    0x20, 0x0, 0x0, 0x0, 0x0, 0x0, 0x0, 0x0,
    0x0, 0x0, 0x0, 0xef, 0xf0, 0x0, 0x0, 0xb,
    0xcc, 0xcc, 0xcc, 0xcc, 0xcc, 0x60, 0x0, 0x4f,
    0xfe, 0x77, 0x82, 0x0, 0xef, 0xff, 0xff, 0xff,
    0xff, 0xf8, 0x0, 0xb, 0xff, 0xff, 0xff, 0xf6,
    0xe, 0xff, 0xff, 0xff, 0xff, 0xff, 0x70, 0x2,
    0xff, 0xfe, 0xef, 0xff, 0x40, 0x0, 0x5f, 0xf8,
    0x0, 0x7f, 0xf7, 0x0, 0xbf, 0xf7, 0x0, 0xdf,
    0xc0, 0x0, 0x9, 0xff, 0x40, 0x8, 0xff, 0x60,
    0x5f, 0xff, 0x55, 0x6f, 0xf9, 0x53, 0x2, 0xff,
    0xe0, 0x0, 0xbf, 0xf4, 0x2e, 0xff, 0xff, 0xff,
    0xff, 0xff, 0x93, 0xef, 0xf7, 0x39, 0x9f, 0xff,
    0x21, 0xbf, 0xff, 0xff, 0xff, 0xef, 0xfd, 0xff,
    0xfc, 0x1, 0xff, 0xff, 0xd0, 0x0, 0xbf, 0xf2,
    0x4f, 0xc0, 0xff, 0x9c, 0xfa, 0x0, 0xb, 0xdd,
    0x91, 0x0, 0x7, 0xff, 0x24, 0xfc, 0xf, 0xf9,
    0x2b, 0x95, 0xa, 0xbb, 0x0, 0x0, 0x0, 0x7f,
    0xfd, 0xdf, 0xfc, 0xff, 0x90, 0xcf, 0xc0, 0xef,
    0xf1, 0x0, 0x0, 0x7, 0xff, 0xff, 0xff, 0xff,
    0xf9, 0xf, 0xfd, 0xaf, 0xff, 0xba, 0xa6, 0x0,
    0x7f, 0xf8, 0x9f, 0xe7, 0xff, 0x95, 0xff, 0xff,
    0xff, 0xff, 0xff, 0x90, 0x7, 0xff, 0x14, 0xfc,
    0xf, 0xf9, 0xcf, 0xff, 0xff, 0xff, 0xff, 0xf9,
    0x0, 0x7f, 0xf1, 0x4f, 0xc0, 0xff, 0xdf, 0xf6,
    0x0, 0xef, 0xf1, 0x0, 0x0, 0x8, 0xff, 0xff,
    0xff, 0xff, 0xf9, 0x4a, 0x0, 0xe, 0xff, 0x10,
    0x0, 0x0, 0x9f, 0xff, 0xff, 0xff, 0xff, 0x99,
    0xbb, 0xbb, 0xff, 0xfc, 0xbb, 0xb0, 0xb, 0xfd,
    0x57, 0xfd, 0x5f, 0xf9, 0xdf, 0xff, 0xff, 0xff,
    0xff, 0xff, 0x0, 0xef, 0x90, 0x4f, 0xc0, 0xff,
    0x9c, 0xff, 0xff, 0xff, 0xff, 0xff, 0xe0, 0x2f,
    0xf5, 0x4, 0xfc, 0xf, 0xf9, 0x0, 0x0, 0xe,
    0xff, 0x10, 0x0, 0x8, 0xff, 0x10, 0x4f, 0xe5,
    0xff, 0x90, 0x0, 0x0, 0xef, 0xf1, 0x0, 0x1,
    0xef, 0xb0, 0x3, 0xee, 0xff, 0xf7, 0x0, 0x0,
    0xe, 0xff, 0x10, 0x0, 0x17, 0xe3, 0x0, 0x0,
    0x1f, 0xe9, 0x0, 0x0, 0x0, 0xef, 0xf1, 0x0,
    0x0, 0x0, 0x0, 0x0, 0x0, 0x0, 0x0, 0x0,
    0x0, 0x0, 0x0, 0x0, 0x0,

    /* U+89E6 "触" */
    0x0, 0x0, 0x0, 0x0, 0x0, 0x0, 0x0, 0x0,
    0x0, 0x0, 0x0, 0x0, 0x0, 0x0, 0x0, 0xcc,
    0x90, 0x0, 0x0, 0x0, 0x0, 0xf, 0xff, 0x30,
    0x0, 0x0, 0x0, 0x1, 0xff, 0xd0, 0x0, 0x0,
    0x0, 0x0, 0xf, 0xff, 0x30, 0x0, 0x0, 0x0,
    0x6, 0xff, 0xc7, 0x77, 0x10, 0x0, 0x0, 0xf,
    0xff, 0x30, 0x0, 0x0, 0x0, 0xc, 0xff, 0xff,
    0xff, 0xf3, 0x0, 0x0, 0xf, 0xff, 0x30, 0x0,
    0x0, 0x0, 0x3f, 0xff, 0xff, 0xff, 0xf0, 0x6,
    0x66, 0x6f, 0xff, 0x86, 0x66, 0x0, 0x0, 0xaf,
    0xf6, 0x6, 0xff, 0x80, 0xe, 0xff, 0xff, 0xff,
    0xff, 0xff, 0x10, 0x4, 0xff, 0xf5, 0x5d, 0xff,
    0x75, 0x1e, 0xff, 0xff, 0xff, 0xff, 0xff, 0x10,
    0x1e, 0xff, 0xff, 0xff, 0xff, 0xff, 0x5e, 0xf9,
    0x2b, 0xff, 0x29, 0xff, 0x10, 0xa, 0xff, 0xff,
    0xff, 0xff, 0xff, 0x5e, 0xf8, 0xa, 0xff, 0x8,
    0xff, 0x10, 0x0, 0xaf, 0xf0, 0xdf, 0x51, 0xff,
    0x5e, 0xf8, 0xa, 0xff, 0x8, 0xff, 0x10, 0x0,
    0x8f, 0xf0, 0xdf, 0x51, 0xff, 0x5e, 0xf8, 0xa,
    0xff, 0x8, 0xff, 0x10, 0x0, 0x8f, 0xff, 0xff,
    0xff, 0xff, 0x5e, 0xf8, 0xa, 0xff, 0x8, 0xff,
    0x10, 0x0, 0x8f, 0xff, 0xff, 0xff, 0xff, 0x5e,
    0xfc, 0x7d, 0xff, 0x7b, 0xff, 0x10, 0x0, 0x8f,
    0xf4, 0xef, 0x75, 0xff, 0x5e, 0xff, 0xff, 0xff,
    0xff, 0xff, 0x10, 0x0, 0x8f, 0xf0, 0xdf, 0x51,
    0xff, 0x5e, 0xff, 0xff, 0xff, 0xff, 0xff, 0x10,
    0x0, 0x8f, 0xf2, 0xef, 0x63, 0xff, 0x50, 0x11,
    0x1f, 0xff, 0x41, 0x11, 0x0, 0x0, 0x9f, 0xff,
    0xff, 0xff, 0xff, 0x50, 0x0, 0xf, 0xff, 0x46,
    0xb4, 0x0, 0x0, 0xaf, 0xff, 0xff, 0xff, 0xff,
    0x50, 0x0, 0xf, 0xff, 0x5f, 0xfa, 0x0, 0x0,
    0xcf, 0xc2, 0xef, 0x73, 0xff, 0x50, 0x0, 0xf,
    0xff, 0x3b, 0xff, 0x10, 0x0, 0xff, 0x90, 0xdf,
    0x51, 0xff, 0x50, 0x2, 0x3f, 0xff, 0xbd, 0xff,
    0x60, 0x2, 0xff, 0x60, 0xdf, 0x51, 0xff, 0xef,
    0xff, 0xff, 0xff, 0xff, 0xff, 0xb0, 0x7, 0xff,
    0x20, 0xdf, 0x88, 0xff, 0xcf, 0xff, 0xff, 0xff,
    0xff, 0xff, 0xf0, 0xd, 0xfe, 0x0, 0xdf, 0x7f,
    0xff, 0x7f, 0xfd, 0xb9, 0x75, 0x31, 0x8f, 0xf4,
    0x5, 0xe8, 0x0, 0x67, 0x2d, 0xe8, 0x0, 0x0,
    0x0, 0x0, 0x0, 0x4d, 0x71, 0x0, 0x11, 0x0,
    0x0, 0x0, 0x0, 0x0, 0x0, 0x0, 0x0, 0x0,
    0x0, 0x0,

    /* U+8BA1 "计" */
    0x0, 0x0, 0x0, 0x0, 0x0, 0x0, 0x0, 0x0,
    0x0, 0x0, 0x0, 0x0, 0x0, 0x0, 0x49, 0x0,
    0x0, 0x0, 0x0, 0x1, 0xff, 0xf4, 0x0, 0x0,
    0x0, 0x0, 0x4f, 0xfc, 0x10, 0x0, 0x0, 0x0,
    0x1f, 0xff, 0x40, 0x0, 0x0, 0x0, 0x6, 0xff,
    0xfe, 0x20, 0x0, 0x0, 0x1, 0xff, 0xf4, 0x0,
    0x0, 0x0, 0x0, 0x4, 0xff, 0xfe, 0x20, 0x0,
    0x0, 0x1f, 0xff, 0x40, 0x0, 0x0, 0x0, 0x0,
    0x3, 0xff, 0xe2, 0x0, 0x0, 0x1, 0xff, 0xf4,
    0x0, 0x0, 0x0, 0x0, 0x0, 0x3, 0xe2, 0x0,
    0x0, 0x0, 0x1f, 0xff, 0x40, 0x0, 0x0, 0x0,
    0x0, 0x0, 0x0, 0x0, 0x0, 0x0, 0x1, 0xff,
    0xf4, 0x0, 0x0, 0x0, 0x22, 0x22, 0x43, 0x20,
    0x0, 0x0, 0x0, 0x1f, 0xff, 0x40, 0x0, 0x0,
    0xe, 0xff, 0xff, 0xff, 0x14, 0xff, 0xff, 0xff,
    0xff, 0xff, 0xff, 0xff, 0xf4, 0xef, 0xff, 0xff,
    0xf1, 0x5f, 0xff, 0xff, 0xff, 0xff, 0xff, 0xff,
    0xff, 0x4d, 0xff, 0xff, 0xff, 0x15, 0xff, 0xff,
    0xff, 0xff, 0xff, 0xff, 0xff, 0xf4, 0x0, 0x1,
    0xff, 0xf1, 0x14, 0x44, 0x44, 0x5f, 0xff, 0x74,
    0x44, 0x44, 0x10, 0x0, 0x1f, 0xff, 0x10, 0x0,
    0x0, 0x1, 0xff, 0xf4, 0x0, 0x0, 0x0, 0x0,
    0x1, 0xff, 0xf1, 0x0, 0x0, 0x0, 0x1f, 0xff,
    0x40, 0x0, 0x0, 0x0, 0x0, 0x1f, 0xff, 0x10,
    0x0, 0x0, 0x1, 0xff, 0xf4, 0x0, 0x0, 0x0,
    0x0, 0x1, 0xff, 0xf1, 0x0, 0x0, 0x0, 0x1f,
    0xff, 0x40, 0x0, 0x0, 0x0, 0x0, 0x1f, 0xff,
    0x13, 0xb0, 0x0, 0x1, 0xff, 0xf4, 0x0, 0x0,
    0x0, 0x0, 0x1, 0xff, 0xf9, 0xff, 0x30, 0x0,
    0x1f, 0xff, 0x40, 0x0, 0x0, 0x0, 0x0, 0x1f,
    0xff, 0xff, 0xf9, 0x0, 0x1, 0xff, 0xf4, 0x0,
    0x0, 0x0, 0x0, 0x4, 0xff, 0xff, 0xfa, 0x10,
    0x0, 0x1f, 0xff, 0x40, 0x0, 0x0, 0x0, 0x1,
    0xdf, 0xff, 0xf6, 0x0, 0x0, 0x1, 0xff, 0xf4,
    0x0, 0x0, 0x0, 0x0, 0x3f, 0xff, 0xd2, 0x0,
    0x0, 0x0, 0x1f, 0xff, 0x40, 0x0, 0x0, 0x0,
    0x0, 0x9f, 0x90, 0x0, 0x0, 0x0, 0x1, 0xff,
    0xf4, 0x0, 0x0, 0x0, 0x0, 0x2, 0x70, 0x0,
    0x0, 0x0, 0x0, 0x1f, 0xff, 0x40, 0x0, 0x0,
    0x0,

    /* U+8BA4 "认" */
    0x0, 0x3, 0x60, 0x0, 0x0, 0x0, 0x0, 0x4f,
    0xfd, 0x0, 0x0, 0x0, 0x0, 0x4, 0xff, 0x90,
    0x0, 0x0, 0x0, 0x5, 0xff, 0xd0, 0x0, 0x0,
    0x0, 0x0, 0x9f, 0xff, 0xb0, 0x0, 0x0, 0x0,
    0x5f, 0xfd, 0x0, 0x0, 0x0, 0x0, 0x0, 0x8f,
    0xff, 0xc0, 0x0, 0x0, 0x5, 0xff, 0xc0, 0x0,
    0x0, 0x0, 0x0, 0x0, 0x7f, 0xfd, 0x10, 0x0,
    0x0, 0x5f, 0xfc, 0x0, 0x0, 0x0, 0x0, 0x0,
    0x0, 0x7d, 0x10, 0x0, 0x0, 0x6, 0xff, 0xc0,
    0x0, 0x0, 0x0, 0x0, 0x0, 0x0, 0x10, 0x0,
    0x0, 0x0, 0x6f, 0xfb, 0x0, 0x0, 0x0, 0x0,
    0x0, 0x1, 0x10, 0x0, 0x0, 0x0, 0x7, 0xff,
    0xb0, 0x0, 0x0, 0x0, 0xff, 0xff, 0xff, 0xf0,
    0x0, 0x0, 0x0, 0x8f, 0xfc, 0x0, 0x0, 0x0,
    0xf, 0xff, 0xff, 0xff, 0x0, 0x0, 0x0, 0xa,
    0xff, 0xe0, 0x0, 0x0, 0x0, 0xef, 0xff, 0xff,
    0xf0, 0x0, 0x0, 0x0, 0xbf, 0xff, 0x10, 0x0,
    0x0, 0x0, 0x0, 0x1f, 0xff, 0x0, 0x0, 0x0,
    0xe, 0xff, 0xf4, 0x0, 0x0, 0x0, 0x0, 0x1,
    0xff, 0xf0, 0x0, 0x0, 0x1, 0xff, 0xff, 0x80,
    0x0, 0x0, 0x0, 0x0, 0x1f, 0xff, 0x0, 0x0,
    0x0, 0x5f, 0xff, 0xfc, 0x0, 0x0, 0x0, 0x0,
    0x1, 0xff, 0xf0, 0x0, 0x0, 0x9, 0xff, 0xff,
    0xf2, 0x0, 0x0, 0x0, 0x0, 0x1f, 0xff, 0x0,
    0x0, 0x0, 0xef, 0xfd, 0xff, 0x80, 0x0, 0x0,
    0x0, 0x1, 0xff, 0xf0, 0x23, 0x0, 0x5f, 0xff,
    0x3f, 0xfe, 0x0, 0x0, 0x0, 0x0, 0x1f, 0xff,
    0x6f, 0x90, 0xc, 0xff, 0xa0, 0xcf, 0xf8, 0x0,
    0x0, 0x0, 0x1, 0xff, 0xff, 0xff, 0x6, 0xff,
    0xf3, 0x5, 0xff, 0xf2, 0x0, 0x0, 0x0, 0x2f,
    0xff, 0xff, 0x82, 0xff, 0xfb, 0x0, 0xd, 0xff,
    0xc0, 0x0, 0x0, 0x9, 0xff, 0xfe, 0x31, 0xef,
    0xff, 0x20, 0x0, 0x3f, 0xff, 0xb0, 0x0, 0x5,
    0xff, 0xfb, 0x13, 0xef, 0xff, 0x70, 0x0, 0x0,
    0x8f, 0xff, 0xc1, 0x0, 0x1e, 0xf7, 0x0, 0x2d,
    0xff, 0x90, 0x0, 0x0, 0x0, 0xbf, 0xfc, 0x10,
    0x0, 0x45, 0x0, 0x0, 0x1d, 0x90, 0x0, 0x0,
    0x0, 0x0, 0xbd, 0x10, 0x0, 0x0, 0x0, 0x0,
    0x0, 0x10, 0x0, 0x0, 0x0, 0x0, 0x0, 0x10,
    0x0,

    /* U+8BAF "讯" */
    0x0, 0x1, 0x60, 0x0, 0x0, 0x0, 0x0, 0x0,
    0x0, 0x0, 0x0, 0x0, 0x0, 0x0, 0x3e, 0xf7,
    0x0, 0xd, 0xee, 0xee, 0xee, 0xee, 0xef, 0xfe,
    0x60, 0x0, 0x0, 0x6f, 0xff, 0x60, 0xe, 0xff,
    0xff, 0xff, 0xff, 0xff, 0xff, 0x60, 0x0, 0x0,
    0x7, 0xff, 0xf5, 0xe, 0xff, 0xff, 0xff, 0xff,
    0xff, 0xff, 0x60, 0x0, 0x0, 0x0, 0x9f, 0xfc,
    0x0, 0x0, 0xdf, 0xf1, 0x0, 0xb, 0xff, 0x50,
    0x0, 0x0, 0x0, 0xc, 0xb0, 0x0, 0x0, 0xdf,
    0xf1, 0x0, 0xb, 0xff, 0x50, 0x0, 0x0, 0x0,
    0x1, 0x0, 0x0, 0x0, 0xdf, 0xf1, 0x0, 0xb,
    0xff, 0x50, 0x0, 0x4, 0x44, 0x44, 0x40, 0x0,
    0x0, 0xdf, 0xf1, 0x0, 0xb, 0xff, 0x50, 0x0,
    0x1f, 0xff, 0xff, 0xf0, 0x0, 0x0, 0xdf, 0xf1,
    0x0, 0xb, 0xff, 0x50, 0x0, 0x1f, 0xff, 0xff,
    0xf0, 0x0, 0x0, 0xdf, 0xf1, 0x0, 0xb, 0xff,
    0x50, 0x0, 0x1b, 0xbb, 0xff, 0xf0, 0x1d, 0xdd,
    0xff, 0xfd, 0xdd, 0x4a, 0xff, 0x50, 0x0, 0x0,
    0x0, 0xff, 0xf0, 0x1f, 0xff, 0xff, 0xff, 0xff,
    0x5a, 0xff, 0x50, 0x0, 0x0, 0x0, 0xff, 0xf0,
    0x1f, 0xff, 0xff, 0xff, 0xff, 0x5a, 0xff, 0x50,
    0x0, 0x0, 0x0, 0xff, 0xf0, 0x1, 0x11, 0xef,
    0xf2, 0x11, 0x9, 0xff, 0x60, 0x0, 0x0, 0x0,
    0xff, 0xf0, 0x0, 0x0, 0xdf, 0xf1, 0x0, 0x8,
    0xff, 0x60, 0x0, 0x0, 0x0, 0xff, 0xf0, 0x20,
    0x0, 0xdf, 0xf1, 0x0, 0x7, 0xff, 0x70, 0x0,
    0x0, 0x0, 0xff, 0xf3, 0xe5, 0x0, 0xdf, 0xf1,
    0x0, 0x6, 0xff, 0x80, 0x0, 0x0, 0x0, 0xff,
    0xff, 0xfc, 0x0, 0xdf, 0xf1, 0x0, 0x4, 0xff,
    0xa0, 0x10, 0x0, 0x0, 0xff, 0xff, 0xfc, 0x0,
    0xdf, 0xf1, 0x0, 0x3, 0xff, 0xb2, 0xa0, 0x0,
    0x1, 0xff, 0xff, 0xb0, 0x0, 0xdf, 0xf1, 0x0,
    0x0, 0xff, 0xe3, 0xf5, 0x0, 0x9, 0xff, 0xfa,
    0x0, 0x0, 0xdf, 0xf1, 0x0, 0x0, 0xdf, 0xf8,
    0xf8, 0x0, 0x2f, 0xff, 0x90, 0x0, 0x0, 0xdf,
    0xf1, 0x0, 0x0, 0x9f, 0xff, 0xf5, 0x0, 0x8,
    0xf8, 0x0, 0x0, 0x0, 0xdf, 0xf1, 0x0, 0x0,
    0x3f, 0xff, 0xf1, 0x0, 0x1, 0x80, 0x0, 0x0,
    0x0, 0xdf, 0xf1, 0x0, 0x0, 0x9, 0xff, 0x80,
    0x0, 0x0, 0x0, 0x0, 0x0, 0x0, 0x0, 0x0,
    0x0, 0x0, 0x0, 0x23, 0x0,

    /* U+8BB0 "记" */
    0x0, 0x0, 0x30, 0x0, 0x0, 0x0, 0x0, 0x0,
    0x0, 0x0, 0x0, 0x0, 0x0, 0x0, 0x5, 0xfc,
    0x10, 0x0, 0x3, 0x33, 0x33, 0x33, 0x33, 0x33,
    0x31, 0x0, 0x0, 0x1f, 0xff, 0xe2, 0x0, 0x1f,
    0xff, 0xff, 0xff, 0xff, 0xff, 0xf8, 0x0, 0x0,
    0x3, 0xff, 0xfe, 0x30, 0x1f, 0xff, 0xff, 0xff,
    0xff, 0xff, 0xf8, 0x0, 0x0, 0x0, 0x3f, 0xff,
    0xe1, 0x1e, 0xee, 0xee, 0xee, 0xee, 0xff, 0xf8,
    0x0, 0x0, 0x0, 0x3, 0xff, 0x60, 0x0, 0x0,
    0x0, 0x0, 0x0, 0xaf, 0xf8, 0x0, 0x0, 0x0,
    0x0, 0x55, 0x0, 0x0, 0x0, 0x0, 0x0, 0x0,
    0xaf, 0xf8, 0x0, 0x0, 0x0, 0x1, 0x10, 0x0,
    0x0, 0x0, 0x0, 0x0, 0x0, 0xaf, 0xf8, 0x0,
    0xf, 0xff, 0xff, 0xfe, 0x0, 0x0, 0x0, 0x0,
    0x0, 0x0, 0xaf, 0xf8, 0x0, 0xf, 0xff, 0xff,
    0xfe, 0x0, 0x0, 0x0, 0x0, 0x0, 0x0, 0xaf,
    0xf8, 0x0, 0xe, 0xee, 0xef, 0xfe, 0x0, 0x8,
    0xff, 0xff, 0xff, 0xff, 0xff, 0xf8, 0x0, 0x0,
    0x0, 0x3f, 0xfe, 0x0, 0x8, 0xff, 0xff, 0xff,
    0xff, 0xff, 0xf8, 0x0, 0x0, 0x0, 0x3f, 0xfe,
    0x0, 0x8, 0xff, 0xfe, 0xee, 0xee, 0xff, 0xf8,
    0x0, 0x0, 0x0, 0x3f, 0xfe, 0x0, 0x8, 0xff,
    0xb0, 0x0, 0x0, 0xaf, 0xf8, 0x0, 0x0, 0x0,
    0x3f, 0xfe, 0x0, 0x8, 0xff, 0xb0, 0x0, 0x0,
    0x23, 0x31, 0x0, 0x0, 0x0, 0x3f, 0xfe, 0x0,
    0x8, 0xff, 0xb0, 0x0, 0x0, 0x0, 0x0, 0x0,
    0x0, 0x0, 0x3f, 0xfe, 0x0, 0x8, 0xff, 0xb0,
    0x0, 0x0, 0x0, 0x0, 0x0, 0x0, 0x0, 0x3f,
    0xfe, 0x2c, 0x38, 0xff, 0xb0, 0x0, 0x0, 0x0,
    0xc5, 0x0, 0x0, 0x0, 0x3f, 0xff, 0xff, 0x98,
    0xff, 0xb0, 0x0, 0x0, 0x0, 0xff, 0xf0, 0x0,
    0x0, 0x4f, 0xff, 0xff, 0xd8, 0xff, 0xb0, 0x0,
    0x0, 0x1, 0xff, 0xe0, 0x0, 0x0, 0x8f, 0xff,
    0xfb, 0x17, 0xff, 0xd1, 0x0, 0x0, 0x8, 0xff,
    0xc0, 0x0, 0x3, 0xff, 0xff, 0x60, 0x5, 0xff,
    0xff, 0xff, 0xff, 0xff, 0xff, 0x80, 0x0, 0x1,
    0xef, 0xd2, 0x0, 0x1, 0xef, 0xff, 0xff, 0xff,
    0xff, 0xff, 0x20, 0x0, 0x0, 0x5b, 0x0, 0x0,
    0x0, 0x3b, 0xef, 0xff, 0xff, 0xff, 0xb3, 0x0,
    0x0, 0x0, 0x0, 0x0, 0x0, 0x0, 0x0, 0x0,
    0x0, 0x0, 0x0, 0x0, 0x0,

    /* U+8BBE "设" */
    0x0, 0x0, 0x50, 0x0, 0x0, 0x0, 0x1, 0x10,
    0x0, 0x11, 0x0, 0x0, 0x0, 0x0, 0x8, 0xfc,
    0x10, 0x0, 0x0, 0xdf, 0xff, 0xff, 0xff, 0xf8,
    0x0, 0x0, 0x0, 0x2e, 0xff, 0xe2, 0x0, 0x0,
    0xdf, 0xff, 0xff, 0xff, 0xf8, 0x0, 0x0, 0x0,
    0x2, 0xdf, 0xfe, 0x20, 0x0, 0xdf, 0xfd, 0xdd,
    0xef, 0xf8, 0x0, 0x0, 0x0, 0x0, 0x1e, 0xff,
    0x80, 0x0, 0xef, 0xf1, 0x0, 0x6f, 0xf8, 0x0,
    0x0, 0x0, 0x0, 0x2, 0xe9, 0x0, 0x1, 0xff,
    0xf0, 0x0, 0x6f, 0xf8, 0x0, 0x0, 0x0, 0x0,
    0x0, 0x20, 0x0, 0x9, 0xff, 0xb0, 0x0, 0x6f,
    0xf8, 0x0, 0x0, 0x1, 0x11, 0x22, 0x10, 0x0,
    0x8f, 0xff, 0x50, 0x0, 0x5f, 0xfd, 0x88, 0x70,
    0x1f, 0xff, 0xff, 0xf0, 0x2d, 0xff, 0xfb, 0x0,
    0x0, 0x2f, 0xff, 0xff, 0xd0, 0x1f, 0xff, 0xff,
    0xf0, 0x9, 0xff, 0xb0, 0x0, 0x0, 0x8, 0xff,
    0xff, 0xe0, 0x1e, 0xee, 0xff, 0xf0, 0x0, 0x96,
    0x0, 0x0, 0x0, 0x0, 0x1, 0x21, 0x0, 0x0,
    0x0, 0xff, 0xf0, 0x1, 0xdd, 0xdd, 0xdd, 0xdd,
    0xdd, 0xdf, 0xb4, 0x0, 0x0, 0x0, 0xff, 0xf0,
    0x1, 0xff, 0xff, 0xff, 0xff, 0xff, 0xff, 0xf9,
    0x0, 0x0, 0x0, 0xff, 0xf0, 0x1, 0xff, 0xff,
    0xff, 0xff, 0xff, 0xff, 0xf3, 0x0, 0x0, 0x0,
    0xff, 0xf0, 0x0, 0x2e, 0xfd, 0x10, 0x0, 0x7,
    0xff, 0xd0, 0x0, 0x0, 0x0, 0xff, 0xf0, 0x0,
    0xb, 0xff, 0x80, 0x0, 0x2f, 0xff, 0x50, 0x0,
    0x0, 0x0, 0xff, 0xf0, 0x77, 0x2, 0xff, 0xf5,
    0x0, 0xdf, 0xfb, 0x0, 0x0, 0x0, 0x0, 0xff,
    0xfa, 0xfe, 0x0, 0x6f, 0xff, 0x7c, 0xff, 0xe1,
    0x0, 0x0, 0x0, 0x0, 0xff, 0xff, 0xff, 0x30,
    0x9, 0xff, 0xff, 0xff, 0x40, 0x0, 0x0, 0x0,
    0x1, 0xff, 0xff, 0xf4, 0x0, 0x2, 0xef, 0xff,
    0xfa, 0x0, 0x0, 0x0, 0x0, 0x9, 0xff, 0xfe,
    0x20, 0x5, 0xbf, 0xff, 0xff, 0xff, 0xe8, 0x30,
    0x0, 0x0, 0x1f, 0xff, 0xc1, 0x6c, 0xff, 0xff,
    0xff, 0x9e, 0xff, 0xff, 0xfe, 0xa1, 0x0, 0x7,
    0xfb, 0x0, 0x4f, 0xff, 0xff, 0x92, 0x0, 0x7f,
    0xff, 0xff, 0x90, 0x0, 0x0, 0x90, 0x0, 0xc,
    0xfb, 0x60, 0x0, 0x0, 0x0, 0x6c, 0xfd, 0x0,
    0x0, 0x0, 0x0, 0x0, 0x1, 0x0, 0x0, 0x0,
    0x0, 0x0, 0x0, 0x12, 0x0,

    /* U+8BC1 "证" */
    0x0, 0x59, 0x0, 0x0, 0x0, 0x0, 0x0, 0x0,
    0x0, 0x0, 0x0, 0x0, 0x0, 0x6f, 0xfb, 0x0,
    0x0, 0xbb, 0xbb, 0xbb, 0xbb, 0xbb, 0xbb, 0xbb,
    0x70, 0x6, 0xff, 0xfc, 0x0, 0x1f, 0xff, 0xff,
    0xff, 0xff, 0xff, 0xff, 0xfb, 0x0, 0x6, 0xff,
    0xfc, 0x1, 0xff, 0xff, 0xff, 0xff, 0xff, 0xff,
    0xff, 0xb0, 0x0, 0x5, 0xff, 0xd1, 0x3, 0x33,
    0x33, 0x37, 0xff, 0xf3, 0x33, 0x32, 0x0, 0x0,
    0x6, 0xd1, 0x0, 0x0, 0x0, 0x0, 0x4f, 0xfe,
    0x0, 0x0, 0x0, 0x0, 0x0, 0x1, 0x0, 0x0,
    0x0, 0x0, 0x4, 0xff, 0xe0, 0x0, 0x0, 0x1,
    0x11, 0x22, 0x10, 0x0, 0x0, 0x0, 0x0, 0x4f,
    0xfe, 0x0, 0x0, 0x0, 0xff, 0xff, 0xff, 0x10,
    0x0, 0x55, 0x51, 0x4, 0xff, 0xe0, 0x0, 0x0,
    0xf, 0xff, 0xff, 0xf1, 0x0, 0xe, 0xff, 0x20,
    0x4f, 0xfe, 0x0, 0x0, 0x0, 0xbc, 0xcf, 0xff,
    0x10, 0x0, 0xef, 0xf2, 0x4, 0xff, 0xfe, 0xee,
    0xe3, 0x0, 0x0, 0xef, 0xf1, 0x0, 0xe, 0xff,
    0x20, 0x4f, 0xff, 0xff, 0xff, 0x30, 0x0, 0xe,
    0xff, 0x10, 0x0, 0xef, 0xf2, 0x4, 0xff, 0xff,
    0xff, 0xf3, 0x0, 0x0, 0xef, 0xf1, 0x0, 0xe,
    0xff, 0x20, 0x4f, 0xfe, 0x0, 0x0, 0x0, 0x0,
    0xe, 0xff, 0x10, 0x0, 0xef, 0xf2, 0x4, 0xff,
    0xe0, 0x0, 0x0, 0x0, 0x0, 0xef, 0xf1, 0x11,
    0xe, 0xff, 0x20, 0x4f, 0xfe, 0x0, 0x0, 0x0,
    0x0, 0xe, 0xff, 0x3d, 0x80, 0xef, 0xf2, 0x4,
    0xff, 0xe0, 0x0, 0x0, 0x0, 0x0, 0xef, 0xff,
    0xfe, 0xe, 0xff, 0x20, 0x4f, 0xfe, 0x0, 0x0,
    0x0, 0x0, 0xe, 0xff, 0xff, 0xf2, 0xef, 0xf2,
    0x4, 0xff, 0xe0, 0x0, 0x0, 0x0, 0x1, 0xff,
    0xff, 0xe2, 0xe, 0xff, 0x20, 0x4f, 0xfe, 0x0,
    0x0, 0x0, 0x0, 0x7f, 0xff, 0xc1, 0x78, 0xff,
    0xf9, 0x8a, 0xff, 0xf8, 0x88, 0x88, 0x10, 0x3f,
    0xff, 0xb0, 0xd, 0xff, 0xff, 0xff, 0xff, 0xff,
    0xff, 0xff, 0xf3, 0x1, 0xcf, 0xa0, 0x0, 0xdf,
    0xff, 0xff, 0xff, 0xff, 0xff, 0xff, 0xff, 0x30,
    0x1, 0x90, 0x0, 0x5, 0x66, 0x66, 0x66, 0x66,
    0x66, 0x66, 0x66, 0x61,

    /* U+8BD1 "译" */
    0x0, 0x36, 0x0, 0x0, 0x0, 0x0, 0x0, 0x0,
    0x0, 0x0, 0x10, 0x0, 0x0, 0x8f, 0xf4, 0x0,
    0xf, 0xff, 0xff, 0xff, 0xff, 0xff, 0xff, 0xe6,
    0x0, 0x8, 0xff, 0xe1, 0x0, 0xff, 0xff, 0xff,
    0xff, 0xff, 0xff, 0xff, 0xb0, 0x0, 0xd, 0xff,
    0x90, 0x9, 0xaf, 0xff, 0xca, 0xaa, 0xad, 0xff,
    0xf2, 0x0, 0x0, 0x4f, 0xff, 0x20, 0x0, 0x6f,
    0xfd, 0x10, 0x4, 0xff, 0xf7, 0x0, 0x0, 0x0,
    0xbf, 0x80, 0x0, 0x0, 0xaf, 0xfd, 0x25, 0xff,
    0xfa, 0x0, 0x0, 0x0, 0x3, 0x40, 0x0, 0x0,
    0x0, 0xcf, 0xff, 0xff, 0xfb, 0x0, 0x0, 0x0,
    0x0, 0x11, 0x0, 0x0, 0x0, 0x0, 0xef, 0xff,
    0xfc, 0x0, 0x0, 0x0, 0xff, 0xff, 0xff, 0x0,
    0x0, 0x6, 0xdf, 0xff, 0xff, 0xfc, 0x61, 0x0,
    0xf, 0xff, 0xff, 0xf0, 0x4, 0xaf, 0xff, 0xff,
    0xbd, 0xff, 0xff, 0xfc, 0x82, 0xef, 0xff, 0xff,
    0x1e, 0xff, 0xff, 0xfc, 0x40, 0x6, 0xdf, 0xff,
    0xfc, 0x0, 0x0, 0xff, 0xf0, 0x7f, 0xff, 0xa4,
    0xb, 0xcc, 0x10, 0x4a, 0xff, 0x20, 0x0, 0xf,
    0xff, 0x0, 0xa6, 0x10, 0x0, 0xef, 0xf2, 0x0,
    0x0, 0x20, 0x0, 0x0, 0xff, 0xf0, 0x0, 0x6c,
    0xcc, 0xcf, 0xff, 0xcc, 0xcc, 0xc1, 0x0, 0x0,
    0xf, 0xff, 0x0, 0x9, 0xff, 0xff, 0xff, 0xff,
    0xff, 0xff, 0x10, 0x0, 0x0, 0xff, 0xf0, 0x0,
    0x8f, 0xff, 0xff, 0xff, 0xff, 0xff, 0xf1, 0x0,
    0x0, 0xf, 0xff, 0x3, 0x0, 0x0, 0x0, 0xef,
    0xf2, 0x0, 0x0, 0x0, 0x0, 0x0, 0xff, 0xfb,
    0xe1, 0x0, 0x0, 0xe, 0xff, 0x30, 0x0, 0x0,
    0x0, 0x0, 0xf, 0xff, 0xff, 0xff, 0xff, 0xff,
    0xff, 0xff, 0xff, 0xff, 0xfd, 0x0, 0x1, 0xff,
    0xff, 0xef, 0xff, 0xff, 0xff, 0xff, 0xff, 0xff,
    0xff, 0xd0, 0x0, 0x7f, 0xff, 0xc1, 0xbb, 0xbb,
    0xbb, 0xff, 0xfc, 0xbb, 0xbb, 0xb9, 0x0, 0x1f,
    0xff, 0x90, 0x0, 0x0, 0x0, 0xe, 0xff, 0x20,
    0x0, 0x0, 0x0, 0x0, 0x9f, 0x60, 0x0, 0x0,
    0x0, 0x0, 0xef, 0xf2, 0x0, 0x0, 0x0, 0x0,
    0x0, 0x50, 0x0, 0x0, 0x0, 0x0, 0xe, 0xff,
    0x20, 0x0, 0x0, 0x0,

    /* U+8BD5 "试" */
    0x0, 0x8, 0x10, 0x0, 0x0, 0x0, 0x0, 0x0,
    0xde, 0xe3, 0x39, 0x0, 0x0, 0xb, 0xfd, 0x20,
    0x0, 0x0, 0x0, 0x0, 0xe, 0xff, 0x9f, 0xf8,
    0x0, 0x2, 0xef, 0xfe, 0x20, 0x0, 0x0, 0x0,
    0x0, 0xef, 0xf4, 0xcf, 0xf4, 0x0, 0x2, 0xef,
    0xfe, 0x20, 0x0, 0x0, 0x0, 0xe, 0xff, 0x32,
    0xff, 0xc0, 0x0, 0x2, 0xef, 0xf5, 0x1, 0x11,
    0x11, 0x11, 0xef, 0xf4, 0x19, 0xb2, 0x0, 0x0,
    0x2, 0xe5, 0xf, 0xff, 0xff, 0xff, 0xff, 0xff,
    0xff, 0xff, 0xf0, 0x0, 0x0, 0x1, 0x0, 0xff,
    0xff, 0xff, 0xff, 0xff, 0xff, 0xff, 0xff, 0x0,
    0x0, 0x11, 0x0, 0xd, 0xee, 0xee, 0xee, 0xef,
    0xff, 0xfe, 0xee, 0xe0, 0xbf, 0xff, 0xff, 0x50,
    0x0, 0x0, 0x0, 0x0, 0xbf, 0xf6, 0x0, 0x0,
    0xb, 0xff, 0xff, 0xf5, 0x0, 0x0, 0x0, 0x0,
    0xa, 0xff, 0x70, 0x0, 0x0, 0xaf, 0xff, 0xff,
    0x50, 0x0, 0x0, 0x0, 0x0, 0x9f, 0xf8, 0x0,
    0x0, 0x0, 0x0, 0xaf, 0xf5, 0x1, 0xee, 0xee,
    0xee, 0xc8, 0xff, 0x90, 0x0, 0x0, 0x0, 0xa,
    0xff, 0x50, 0x1f, 0xff, 0xff, 0xfd, 0x7f, 0xfa,
    0x0, 0x0, 0x0, 0x0, 0xaf, 0xf5, 0x1, 0xff,
    0xff, 0xff, 0xc5, 0xff, 0xc0, 0x0, 0x0, 0x0,
    0xa, 0xff, 0x50, 0x0, 0xf, 0xfe, 0x0, 0x4f,
    0xfd, 0x0, 0x0, 0x0, 0x0, 0xaf, 0xf5, 0x0,
    0x0, 0xff, 0xe0, 0x2, 0xff, 0xf0, 0x0, 0x0,
    0x0, 0xa, 0xff, 0x50, 0x0, 0xf, 0xfe, 0x0,
    0xf, 0xff, 0x10, 0x20, 0x0, 0x0, 0xaf, 0xf5,
    0x48, 0x0, 0xff, 0xe0, 0x0, 0xdf, 0xf4, 0x2f,
    0x60, 0x0, 0xa, 0xff, 0xdf, 0xf0, 0xf, 0xff,
    0xae, 0x8a, 0xff, 0x83, 0xff, 0x40, 0x0, 0xcf,
    0xff, 0xff, 0x9a, 0xff, 0xff, 0xfb, 0x6f, 0xfe,
    0x9f, 0xf2, 0x0, 0x7f, 0xff, 0xfd, 0x8f, 0xff,
    0xff, 0xfd, 0x71, 0xff, 0xff, 0xfe, 0x0, 0xb,
    0xff, 0xf8, 0x1, 0xff, 0xfb, 0x72, 0x0, 0xb,
    0xff, 0xff, 0x90, 0x0, 0x2f, 0xd2, 0x0, 0x7,
    0x50, 0x0, 0x0, 0x0, 0x3f, 0xff, 0xf2, 0x0,
    0x0, 0x60, 0x0, 0x0, 0x0, 0x0, 0x0, 0x0,
    0x0, 0x5e, 0xe6, 0x0,

    /* U+8BDD "话" */
    0x0, 0x1, 0x20, 0x0, 0x0, 0x0, 0x0, 0x0,
    0x0, 0x2, 0x59, 0x50, 0x0, 0x0, 0x1d, 0xe3,
    0x0, 0x0, 0x0, 0x13, 0x57, 0x9c, 0xef, 0xff,
    0xf2, 0x0, 0x0, 0xbf, 0xff, 0x50, 0x3, 0xef,
    0xff, 0xff, 0xff, 0xff, 0xff, 0xfc, 0x0, 0x0,
    0x1c, 0xff, 0xf6, 0x0, 0xef, 0xff, 0xff, 0xff,
    0xfc, 0x96, 0x20, 0x0, 0x0, 0x0, 0xcf, 0xfe,
    0x10, 0x8b, 0x98, 0x67, 0xff, 0xe0, 0x0, 0x0,
    0x0, 0x0, 0x0, 0xc, 0xf3, 0x0, 0x0, 0x0,
    0x3, 0xff, 0xe0, 0x0, 0x0, 0x0, 0x0, 0x0,
    0x1, 0x30, 0x0, 0x0, 0x0, 0x3, 0xff, 0xe0,
    0x0, 0x0, 0x0, 0x0, 0x0, 0x0, 0x0, 0x0,
    0x11, 0x11, 0x14, 0xff, 0xf1, 0x11, 0x11, 0x10,
    0x1d, 0xdd, 0xfe, 0xb0, 0xa, 0xff, 0xff, 0xff,
    0xff, 0xff, 0xff, 0xff, 0xf4, 0x1f, 0xff, 0xff,
    0xd0, 0xa, 0xff, 0xff, 0xff, 0xff, 0xff, 0xff,
    0xff, 0xf4, 0x1f, 0xff, 0xff, 0xd0, 0x9, 0xee,
    0xee, 0xee, 0xff, 0xfe, 0xee, 0xee, 0xe4, 0x2,
    0x23, 0xff, 0xd0, 0x0, 0x0, 0x0, 0x3, 0xff,
    0xe0, 0x0, 0x0, 0x0, 0x0, 0x0, 0xff, 0xd0,
    0x0, 0x0, 0x0, 0x3, 0xff, 0xe0, 0x0, 0x0,
    0x0, 0x0, 0x0, 0xff, 0xd0, 0x0, 0x0, 0x0,
    0x3, 0xff, 0xe0, 0x0, 0x0, 0x0, 0x0, 0x0,
    0xff, 0xd0, 0x0, 0x18, 0x88, 0x89, 0xff, 0xf8,
    0x88, 0x88, 0x0, 0x0, 0x0, 0xff, 0xd0, 0x0,
    0x3f, 0xff, 0xff, 0xff, 0xff, 0xff, 0xff, 0x0,
    0x0, 0x0, 0xff, 0xd0, 0x96, 0x3f, 0xff, 0xff,
    0xff, 0xff, 0xff, 0xff, 0x0, 0x0, 0x0, 0xff,
    0xec, 0xfd, 0x3f, 0xff, 0x44, 0x44, 0x44, 0x8f,
    0xff, 0x0, 0x0, 0x1, 0xff, 0xff, 0xff, 0x5f,
    0xfe, 0x0, 0x0, 0x0, 0x4f, 0xff, 0x0, 0x0,
    0x4, 0xff, 0xff, 0xd2, 0x3f, 0xfe, 0x0, 0x0,
    0x0, 0x4f, 0xff, 0x0, 0x0, 0xd, 0xff, 0xfb,
    0x10, 0x3f, 0xff, 0xaa, 0xaa, 0xaa, 0xcf, 0xff,
    0x0, 0x0, 0x4f, 0xff, 0x90, 0x0, 0x3f, 0xff,
    0xff, 0xff, 0xff, 0xff, 0xff, 0x0, 0x0, 0x8,
    0xf6, 0x0, 0x0, 0x3f, 0xff, 0xff, 0xff, 0xff,
    0xff, 0xff, 0x0, 0x0, 0x0, 0x40, 0x0, 0x0,
    0x3f, 0xff, 0x33, 0x33, 0x33, 0x7f, 0xff, 0x0,
    0x0, 0x0, 0x0, 0x0, 0x0, 0x1, 0x11, 0x0,
    0x0, 0x0, 0x0, 0x0, 0x0,

    /* U+8BE5 "该" */
    0x0, 0x0, 0x0, 0x0, 0x0, 0x0, 0x0, 0x0,
    0x12, 0x0, 0x0, 0x0, 0x0, 0x1, 0xb5, 0x0,
    0x0, 0x0, 0x0, 0x5, 0xdf, 0xe0, 0x0, 0x0,
    0x0, 0x2, 0xef, 0xf3, 0x0, 0x0, 0x0, 0x0,
    0x2f, 0xff, 0x50, 0x0, 0x0, 0x0, 0xb, 0xff,
    0xd1, 0x2, 0x55, 0x55, 0x55, 0xef, 0xfc, 0x55,
    0x55, 0x50, 0x0, 0x1e, 0xff, 0xa0, 0x5f, 0xff,
    0xff, 0xff, 0xff, 0xff, 0xff, 0xff, 0x0, 0x0,
    0x5f, 0xff, 0x25, 0xff, 0xff, 0xff, 0xff, 0xff,
    0xff, 0xff, 0xf0, 0x0, 0x0, 0xbe, 0x40, 0x27,
    0x77, 0x7c, 0xff, 0xf7, 0x77, 0x77, 0x77, 0x0,
    0x0, 0x2, 0x20, 0x0, 0x0, 0x1, 0xff, 0xf7,
    0x0, 0x0, 0x0, 0x0, 0x1, 0x11, 0x21, 0x10,
    0x0, 0x0, 0xaf, 0xfd, 0x0, 0x9, 0xc6, 0x10,
    0xc, 0xff, 0xff, 0xff, 0x0, 0x0, 0x6f, 0xff,
    0x30, 0x3, 0xff, 0xf7, 0x0, 0xcf, 0xff, 0xff,
    0xf0, 0x4, 0xaf, 0xff, 0xd9, 0x9a, 0xef, 0xfc,
    0x0, 0xc, 0xff, 0xff, 0xff, 0x0, 0xaf, 0xff,
    0xff, 0xff, 0xff, 0xfe, 0x20, 0x0, 0x0, 0x1,
    0xff, 0xf0, 0x5, 0xff, 0xff, 0xff, 0xff, 0xff,
    0x40, 0x0, 0x0, 0x0, 0x1f, 0xff, 0x0, 0x19,
    0x64, 0x34, 0xef, 0xff, 0x51, 0x71, 0x0, 0x0,
    0x1, 0xff, 0xf0, 0x0, 0x0, 0x5, 0xff, 0xff,
    0x50, 0xbf, 0xfb, 0x10, 0x0, 0x1f, 0xff, 0x0,
    0x0, 0x2b, 0xff, 0xfe, 0x30, 0x8f, 0xff, 0xa0,
    0x0, 0x1, 0xff, 0xf0, 0x2, 0x9f, 0xff, 0xfc,
    0x10, 0x6f, 0xff, 0xd0, 0x0, 0x0, 0x1f, 0xff,
    0x2, 0xff, 0xff, 0xf7, 0x0, 0x7f, 0xff, 0xe1,
    0x0, 0x0, 0x1, 0xff, 0xf0, 0x98, 0xff, 0xa2,
    0x0, 0xaf, 0xff, 0xe2, 0x0, 0x0, 0x0, 0x1f,
    0xff, 0xdf, 0x77, 0x20, 0x3, 0xdf, 0xff, 0xf2,
    0x0, 0x0, 0x0, 0x1, 0xff, 0xff, 0xfc, 0x0,
    0x1a, 0xff, 0xff, 0xff, 0xd2, 0x0, 0x0, 0x0,
    0x4f, 0xff, 0xfc, 0x22, 0x9f, 0xff, 0xff, 0xaf,
    0xff, 0xe4, 0x0, 0x0, 0xc, 0xff, 0xfa, 0x7c,
    0xff, 0xff, 0xfc, 0x30, 0x3e, 0xff, 0xf5, 0x0,
    0x2, 0xef, 0xf5, 0x1e, 0xff, 0xff, 0xd5, 0x0,
    0x0, 0x2d, 0xff, 0xa0, 0x0, 0x4, 0xe3, 0x0,
    0x4f, 0xfc, 0x50, 0x0, 0x0, 0x0, 0x1d, 0x70,
    0x0, 0x0, 0x1, 0x0, 0x0, 0x52, 0x0, 0x0,
    0x0, 0x0, 0x0, 0x0, 0x0,

    /* U+8BE6 "详" */
    0x0, 0x0, 0x0, 0x0, 0x0, 0x0, 0x0, 0x0,
    0x0, 0x0, 0x0, 0x0, 0x0, 0x0, 0x33, 0x0,
    0x0, 0x0, 0x5, 0xa6, 0x0, 0x0, 0x8, 0xd8,
    0x30, 0x0, 0x3f, 0xf6, 0x0, 0x0, 0x5, 0xff,
    0xf1, 0x0, 0x0, 0xdf, 0xf9, 0x0, 0xb, 0xff,
    0xf9, 0x0, 0x0, 0xd, 0xff, 0x90, 0x0, 0x3f,
    0xff, 0x20, 0x0, 0xa, 0xff, 0xfb, 0x0, 0x0,
    0x5f, 0xff, 0x10, 0xa, 0xff, 0xa0, 0x0, 0x0,
    0x9, 0xff, 0xe1, 0x1, 0x12, 0xee, 0x92, 0x13,
    0xff, 0xf4, 0x10, 0x0, 0x0, 0x9, 0xe2, 0x0,
    0xdf, 0xff, 0xff, 0xff, 0xff, 0xff, 0xff, 0x60,
    0x0, 0x0, 0x2, 0x0, 0xd, 0xff, 0xff, 0xff,
    0xff, 0xff, 0xff, 0xf6, 0x0, 0x0, 0x0, 0x0,
    0x0, 0x9b, 0xbb, 0xbc, 0xff, 0xfb, 0xbb, 0xbb,
    0x45, 0xff, 0xff, 0xff, 0x10, 0x0, 0x0, 0x0,
    0x2f, 0xff, 0x0, 0x0, 0x0, 0x6f, 0xff, 0xff,
    0xf1, 0x0, 0x0, 0x0, 0x2, 0xff, 0xf0, 0x0,
    0x0, 0x5, 0xee, 0xef, 0xff, 0x10, 0x0, 0xee,
    0xee, 0xef, 0xff, 0xee, 0xee, 0x80, 0x0, 0x0,
    0xef, 0xf1, 0x0, 0xf, 0xff, 0xff, 0xff, 0xff,
    0xff, 0xfa, 0x0, 0x0, 0xe, 0xff, 0x10, 0x0,
    0xff, 0xff, 0xff, 0xff, 0xff, 0xff, 0x90, 0x0,
    0x0, 0xef, 0xf1, 0x0, 0x0, 0x0, 0x2, 0xff,
    0xf0, 0x0, 0x0, 0x0, 0x0, 0xe, 0xff, 0x10,
    0x0, 0x0, 0x0, 0x2f, 0xff, 0x0, 0x0, 0x0,
    0x0, 0x0, 0xef, 0xf1, 0x4, 0xbb, 0xbb, 0xbb,
    0xff, 0xfb, 0xbb, 0xbb, 0x80, 0x0, 0xe, 0xff,
    0x12, 0x8f, 0xff, 0xff, 0xff, 0xff, 0xff, 0xff,
    0xfd, 0x0, 0x0, 0xef, 0xf6, 0xfe, 0xff, 0xff,
    0xff, 0xff, 0xff, 0xff, 0xff, 0xd0, 0x0, 0xe,
    0xff, 0xff, 0xf3, 0x33, 0x33, 0x5f, 0xff, 0x33,
    0x33, 0x32, 0x0, 0x0, 0xff, 0xff, 0xf8, 0x0,
    0x0, 0x2, 0xff, 0xf0, 0x0, 0x0, 0x0, 0x0,
    0x4f, 0xff, 0xf5, 0x0, 0x0, 0x0, 0x2f, 0xff,
    0x0, 0x0, 0x0, 0x0, 0xe, 0xff, 0xd2, 0x0,
    0x0, 0x0, 0x2, 0xff, 0xf0, 0x0, 0x0, 0x0,
    0x0, 0x8f, 0xb1, 0x0, 0x0, 0x0, 0x0, 0x2f,
    0xff, 0x0, 0x0, 0x0, 0x0, 0x0, 0x80, 0x0,
    0x0, 0x0, 0x0, 0x2, 0xff, 0xf0, 0x0, 0x0,
    0x0,

    /* U+8BEF "误" */
    0x0, 0x1, 0x60, 0x0, 0x0, 0x0, 0x0, 0x0,
    0x0, 0x0, 0x0, 0x0, 0x0, 0x0, 0x2e, 0xfa,
    0x0, 0x0, 0x5f, 0xff, 0xff, 0xff, 0xff, 0xff,
    0xf9, 0x0, 0x0, 0x7f, 0xff, 0xb0, 0x0, 0x5f,
    0xff, 0xff, 0xff, 0xff, 0xff, 0xfa, 0x0, 0x0,
    0x7, 0xff, 0xfb, 0x0, 0x5f, 0xfd, 0xbb, 0xbb,
    0xbb, 0xdf, 0xfa, 0x0, 0x0, 0x0, 0x7f, 0xff,
    0x20, 0x5f, 0xf8, 0x0, 0x0, 0x0, 0x7f, 0xfa,
    0x0, 0x0, 0x0, 0x9, 0xf4, 0x0, 0x5f, 0xf8,
    0x0, 0x0, 0x0, 0x7f, 0xfa, 0x0, 0x0, 0x0,
    0x0, 0x30, 0x0, 0x5f, 0xfe, 0xdd, 0xdd, 0xdd,
    0xef, 0xfa, 0x0, 0x0, 0x0, 0x11, 0x0, 0x0,
    0x5f, 0xff, 0xff, 0xff, 0xff, 0xff, 0xfa, 0x0,
    0x3f, 0xff, 0xff, 0xf1, 0x0, 0x4d, 0xdd, 0xdd,
    0xdd, 0xdd, 0xdd, 0xd8, 0x0, 0x3f, 0xff, 0xff,
    0xf1, 0x0, 0x0, 0x0, 0x0, 0x0, 0x0, 0x0,
    0x0, 0x0, 0x2f, 0xff, 0xff, 0xf1, 0x0, 0xac,
    0xcc, 0xcc, 0xcc, 0xcc, 0xcc, 0xcc, 0x20, 0x0,
    0x0, 0xef, 0xf1, 0x0, 0xef, 0xff, 0xff, 0xff,
    0xff, 0xff, 0xff, 0x30, 0x0, 0x0, 0xef, 0xf1,
    0x0, 0xef, 0xff, 0xff, 0xff, 0xff, 0xff, 0xff,
    0x30, 0x0, 0x0, 0xef, 0xf1, 0x0, 0x0, 0x0,
    0x7, 0xff, 0x70, 0x0, 0x0, 0x0, 0x0, 0x0,
    0xef, 0xf1, 0x0, 0x0, 0x0, 0x9, 0xff, 0x60,
    0x0, 0x0, 0x0, 0x0, 0x0, 0xef, 0xf1, 0xb,
    0xff, 0xff, 0xff, 0xff, 0xff, 0xff, 0xff, 0xf1,
    0x0, 0x0, 0xef, 0xf1, 0xb, 0xff, 0xff, 0xff,
    0xff, 0xff, 0xff, 0xff, 0xf1, 0x0, 0x0, 0xef,
    0xf1, 0x5a, 0xbb, 0xbb, 0xdf, 0xff, 0xfd, 0xbb,
    0xbb, 0xb0, 0x0, 0x0, 0xef, 0xfc, 0xf6, 0x0,
    0x0, 0xdf, 0xff, 0xfd, 0x10, 0x0, 0x0, 0x0,
    0x0, 0xff, 0xff, 0xfc, 0x0, 0xb, 0xff, 0xfd,
    0xff, 0xc1, 0x0, 0x0, 0x0, 0x8, 0xff, 0xff,
    0xd3, 0x3, 0xdf, 0xff, 0x72, 0xff, 0xfe, 0x60,
    0x0, 0x0, 0xd, 0xff, 0xf9, 0x16, 0xcf, 0xff,
    0xf9, 0x0, 0x4f, 0xff, 0xfe, 0x91, 0x0, 0x4,
    0xfe, 0x40, 0xb, 0xff, 0xff, 0x60, 0x0, 0x3,
    0xef, 0xff, 0xb0, 0x0, 0x0, 0xa1, 0x0, 0x1,
    0xff, 0x91, 0x0, 0x0, 0x0, 0x18, 0xfe, 0x10,
    0x0, 0x0, 0x0, 0x0, 0x0, 0x30, 0x0, 0x0,
    0x0, 0x0, 0x0, 0x2, 0x0,

    /* U+8BF7 "请" */
    0x0, 0x0, 0x0, 0x0, 0x0, 0x0, 0x0, 0x0,
    0x0, 0x0, 0x0, 0x0, 0x0, 0x0, 0x2, 0x50,
    0x0, 0x0, 0x0, 0x0, 0x5, 0xff, 0xc0, 0x0,
    0x0, 0x0, 0x0, 0x3e, 0xf8, 0x0, 0x0, 0x44,
    0x44, 0x47, 0xff, 0xd4, 0x44, 0x44, 0x20, 0x0,
    0x8f, 0xff, 0xa0, 0x0, 0xff, 0xff, 0xff, 0xff,
    0xff, 0xff, 0xff, 0x90, 0x0, 0x8, 0xff, 0xfb,
    0x0, 0xff, 0xff, 0xff, 0xff, 0xff, 0xff, 0xff,
    0x80, 0x0, 0x0, 0x7f, 0xff, 0x20, 0x0, 0x0,
    0x5, 0xff, 0xc0, 0x0, 0x0, 0x0, 0x0, 0x0,
    0x8, 0xe3, 0x0, 0x4f, 0xff, 0xff, 0xff, 0xff,
    0xff, 0xf7, 0x0, 0x0, 0x0, 0x0, 0x10, 0x0,
    0x4f, 0xff, 0xff, 0xff, 0xff, 0xff, 0xf7, 0x0,
    0x0, 0x0, 0x11, 0x0, 0x0, 0x0, 0x0, 0x5,
    0xff, 0xc0, 0x0, 0x0, 0x0, 0x1f, 0xff, 0xff,
    0xf0, 0xa, 0xdd, 0xdd, 0xde, 0xff, 0xfd, 0xdd,
    0xdd, 0xd5, 0x1f, 0xff, 0xff, 0xf0, 0xc, 0xff,
    0xff, 0xff, 0xff, 0xff, 0xff, 0xff, 0xf6, 0x1f,
    0xff, 0xff, 0xf0, 0x6, 0x88, 0x88, 0x88, 0x88,
    0x88, 0x88, 0x88, 0x83, 0x2, 0x22, 0xff, 0xf0,
    0x0, 0x16, 0x66, 0x66, 0x66, 0x66, 0x76, 0x61,
    0x0, 0x0, 0x0, 0xff, 0xf0, 0x0, 0x3f, 0xff,
    0xff, 0xff, 0xff, 0xff, 0xf3, 0x0, 0x0, 0x0,
    0xff, 0xf0, 0x0, 0x3f, 0xff, 0xee, 0xee, 0xee,
    0xff, 0xf3, 0x0, 0x0, 0x0, 0xff, 0xf0, 0x0,
    0x3f, 0xfa, 0x0, 0x0, 0x0, 0xbf, 0xf3, 0x0,
    0x0, 0x0, 0xff, 0xf0, 0x0, 0x3f, 0xff, 0xff,
    0xff, 0xff, 0xff, 0xf3, 0x0, 0x0, 0x0, 0xff,
    0xf0, 0x4, 0x3f, 0xff, 0xff, 0xff, 0xff, 0xff,
    0xf3, 0x0, 0x0, 0x0, 0xff, 0xf4, 0xee, 0x4f,
    0xfa, 0x0, 0x0, 0x0, 0xbf, 0xf3, 0x0, 0x0,
    0x0, 0xff, 0xff, 0xff, 0x9f, 0xfe, 0xcc, 0xcc,
    0xcc, 0xef, 0xf3, 0x0, 0x0, 0x1, 0xff, 0xff,
    0xf8, 0x4f, 0xff, 0xff, 0xff, 0xff, 0xff, 0xf3,
    0x0, 0x0, 0x9, 0xff, 0xfe, 0x40, 0x3f, 0xfc,
    0x44, 0x44, 0x44, 0xcf, 0xf3, 0x0, 0x0, 0xe,
    0xff, 0xc1, 0x0, 0x3f, 0xfa, 0x0, 0x3, 0xaa,
    0xef, 0xf3, 0x0, 0x0, 0x5, 0xf9, 0x0, 0x0,
    0x3f, 0xfa, 0x0, 0x0, 0xff, 0xff, 0xf1, 0x0,
    0x0, 0x0, 0x60, 0x0, 0x0, 0x3f, 0xfa, 0x0,
    0x0, 0xbf, 0xec, 0x40, 0x0,

    /* U+8BFB "读" */
    0x0, 0x0, 0x0, 0x0, 0x0, 0x0, 0x0, 0x1,
    0x11, 0x0, 0x0, 0x0, 0x0, 0x0, 0x4, 0x60,
    0x0, 0x0, 0x0, 0x0, 0xa, 0xff, 0x60, 0x0,
    0x0, 0x0, 0x0, 0x4f, 0xfa, 0x0, 0x0, 0x0,
    0x0, 0xa, 0xff, 0x60, 0x0, 0x0, 0x0, 0x0,
    0x9f, 0xff, 0xc1, 0x0, 0xcf, 0xff, 0xff, 0xff,
    0xff, 0xff, 0xf8, 0x0, 0x0, 0x8, 0xff, 0xfd,
    0x10, 0xcf, 0xff, 0xff, 0xff, 0xff, 0xff, 0xf8,
    0x0, 0x0, 0x0, 0x6f, 0xfe, 0x20, 0x68, 0x88,
    0x8d, 0xff, 0xb8, 0x88, 0x84, 0x0, 0x0, 0x0,
    0x6, 0xe2, 0x0, 0x0, 0x0, 0xa, 0xff, 0x60,
    0x0, 0x0, 0x0, 0x0, 0x0, 0x0, 0x10, 0x8,
    0xdd, 0xdd, 0xdf, 0xff, 0xed, 0xdd, 0xec, 0x80,
    0x0, 0x0, 0x11, 0x0, 0xa, 0xff, 0xff, 0xff,
    0xff, 0xff, 0xff, 0xff, 0xa0, 0x2f, 0xff, 0xff,
    0xd0, 0x8, 0xcc, 0xcc, 0xcc, 0xcc, 0xcc, 0xce,
    0xff, 0x50, 0x2f, 0xff, 0xff, 0xd0, 0x0, 0x1,
    0xb4, 0x0, 0x99, 0x80, 0xb, 0xff, 0x10, 0x2f,
    0xff, 0xff, 0xd0, 0x0, 0x9, 0xff, 0xb2, 0xff,
    0xf0, 0xf, 0xfb, 0x0, 0x0, 0x0, 0xff, 0xd0,
    0x0, 0x62, 0x6e, 0xfe, 0xff, 0xf0, 0x2b, 0xf5,
    0x0, 0x0, 0x0, 0xff, 0xd0, 0x7, 0xff, 0x82,
    0xc7, 0xff, 0xf0, 0x0, 0x0, 0x0, 0x0, 0x0,
    0xff, 0xd0, 0x1, 0xaf, 0xfd, 0x21, 0xff, 0xe0,
    0x0, 0x0, 0x0, 0x0, 0x0, 0xff, 0xd0, 0x0,
    0x6, 0xfe, 0x24, 0xff, 0xd0, 0x0, 0x0, 0x0,
    0x0, 0x0, 0xff, 0xd0, 0x1f, 0xff, 0xff, 0xff,
    0xff, 0xff, 0xff, 0xff, 0xd0, 0x0, 0x0, 0xff,
    0xd0, 0x4f, 0xff, 0xff, 0xff, 0xff, 0xff, 0xff,
    0xff, 0xd0, 0x0, 0x0, 0xff, 0xe9, 0xfa, 0xaa,
    0xaa, 0xdf, 0xff, 0xaa, 0xaa, 0xaa, 0x80, 0x0,
    0x0, 0xff, 0xff, 0xf5, 0x0, 0x2, 0xff, 0xf9,
    0x3e, 0x70, 0x0, 0x0, 0x0, 0x0, 0xff, 0xff,
    0xf4, 0x0, 0x3e, 0xff, 0xe2, 0xff, 0xfc, 0x10,
    0x0, 0x0, 0x3, 0xff, 0xfe, 0x20, 0x6, 0xff,
    0xff, 0x30, 0x3e, 0xff, 0xe5, 0x0, 0x0, 0xb,
    0xff, 0xd1, 0x5, 0xdf, 0xff, 0xf4, 0x0, 0x1,
    0xbf, 0xff, 0x80, 0x0, 0xd, 0xfc, 0x10, 0x4f,
    0xff, 0xfc, 0x20, 0x0, 0x0, 0x9, 0xff, 0xf4,
    0x0, 0x2, 0xc0, 0x0, 0x7, 0xfe, 0x60, 0x0,
    0x0, 0x0, 0x0, 0x8f, 0x60, 0x0, 0x0, 0x0,
    0x0, 0x0, 0x50, 0x0, 0x0, 0x0, 0x0, 0x0,
    0x2, 0x0,

    /* U+8D1F "负" */
    0x0, 0x0, 0x0, 0x0, 0x0, 0x0, 0x0, 0x0,
    0x0, 0x0, 0x0, 0x0, 0x0, 0x0, 0x0, 0x0,
    0xd, 0xdb, 0x60, 0x0, 0x0, 0x0, 0x0, 0x0,
    0x0, 0x0, 0x0, 0x0, 0x5, 0xff, 0xf4, 0x0,
    0x0, 0x0, 0x0, 0x0, 0x0, 0x0, 0x0, 0x0,
    0x1, 0xef, 0xfe, 0x88, 0x88, 0x89, 0x60, 0x0,
    0x0, 0x0, 0x0, 0x0, 0x0, 0xbf, 0xff, 0xff,
    0xff, 0xff, 0xff, 0xc1, 0x0, 0x0, 0x0, 0x0,
    0x0, 0x7f, 0xff, 0xff, 0xff, 0xff, 0xff, 0xfc,
    0x0, 0x0, 0x0, 0x0, 0x0, 0x5f, 0xff, 0xa0,
    0x0, 0x0, 0x6f, 0xff, 0x30, 0x0, 0x0, 0x0,
    0x0, 0x5f, 0xff, 0xd0, 0x0, 0x0, 0x1f, 0xff,
    0x80, 0x0, 0x0, 0x0, 0x0, 0x7f, 0xff, 0xfc,
    0xaa, 0xaa, 0xad, 0xff, 0xfb, 0xaa, 0xaa, 0x10,
    0x0, 0xaf, 0xff, 0xff, 0xff, 0xff, 0xff, 0xff,
    0xff, 0xff, 0xff, 0xf2, 0x0, 0x2, 0xdf, 0xef,
    0xff, 0xff, 0xff, 0xff, 0xff, 0xff, 0xff, 0xff,
    0x20, 0x0, 0x1, 0x94, 0xff, 0xe0, 0x0, 0x0,
    0x0, 0x0, 0x2, 0xff, 0xf2, 0x0, 0x0, 0x0,
    0x3f, 0xfe, 0x0, 0x1, 0x44, 0x40, 0x0, 0x1f,
    0xff, 0x20, 0x0, 0x0, 0x3, 0xff, 0xe0, 0x0,
    0x4f, 0xff, 0x0, 0x1, 0xff, 0xf2, 0x0, 0x0,
    0x0, 0x3f, 0xfe, 0x0, 0x5, 0xff, 0xe0, 0x0,
    0x1f, 0xff, 0x20, 0x0, 0x0, 0x3, 0xff, 0xe0,
    0x0, 0x7f, 0xfb, 0x0, 0x1, 0xff, 0xf2, 0x0,
    0x0, 0x0, 0x3f, 0xfe, 0x0, 0xb, 0xff, 0x90,
    0x0, 0x1f, 0xff, 0x20, 0x0, 0x0, 0x3, 0xff,
    0xe0, 0x0, 0xff, 0xf5, 0x0, 0x1, 0xff, 0xf2,
    0x0, 0x0, 0x0, 0x3f, 0xfe, 0x0, 0x7f, 0xff,
    0x10, 0x0, 0x1f, 0xff, 0x20, 0x0, 0x0, 0x2,
    0xcc, 0xb0, 0x4f, 0xff, 0x91, 0xc8, 0x21, 0xcc,
    0xc2, 0x0, 0x0, 0x0, 0x0, 0x0, 0x7f, 0xff,
    0xe2, 0xdf, 0xff, 0xb4, 0x0, 0x0, 0x0, 0x0,
    0x0, 0x49, 0xef, 0xff, 0xe3, 0x17, 0xef, 0xff,
    0xfd, 0x60, 0x0, 0x5, 0x9c, 0xff, 0xff, 0xff,
    0xb1, 0x0, 0x0, 0x5d, 0xff, 0xff, 0xe7, 0x0,
    0x3f, 0xff, 0xff, 0xfb, 0x40, 0x0, 0x0, 0x0,
    0x5, 0xcf, 0xff, 0xf4, 0x0, 0xaf, 0xea, 0x61,
    0x0, 0x0, 0x0, 0x0, 0x0, 0x0, 0x5d, 0xe3,
    0x0, 0x1, 0x10, 0x0, 0x0, 0x0, 0x0, 0x0,
    0x0, 0x0, 0x0, 0x1, 0x0,

    /* U+8D25 "败" */
    0x0, 0x0, 0x0, 0x0, 0x0, 0x0, 0x0, 0x0,
    0xa7, 0x30, 0x0, 0x0, 0x0, 0x0, 0xdd, 0xdd,
    0xdd, 0xdd, 0xdd, 0x40, 0x2, 0xff, 0xb0, 0x0,
    0x0, 0x0, 0x0, 0xff, 0xff, 0xff, 0xff, 0xff,
    0x50, 0x6, 0xff, 0x70, 0x0, 0x0, 0x0, 0x0,
    0xff, 0xff, 0xff, 0xff, 0xff, 0x50, 0xa, 0xff,
    0x30, 0x0, 0x0, 0x0, 0x0, 0xff, 0x70, 0x0,
    0x3, 0xff, 0x50, 0xe, 0xff, 0x33, 0x33, 0x33,
    0x30, 0x0, 0xff, 0x70, 0x88, 0x43, 0xff, 0x50,
    0x4f, 0xff, 0xff, 0xff, 0xff, 0xe0, 0x0, 0xff,
    0x71, 0xff, 0x93, 0xff, 0x50, 0xaf, 0xff, 0xff,
    0xff, 0xff, 0xe0, 0x0, 0xff, 0x71, 0xff, 0x93,
    0xff, 0x51, 0xff, 0xe9, 0x99, 0xaf, 0xfc, 0x80,
    0x0, 0xff, 0x71, 0xff, 0x93, 0xff, 0x58, 0xff,
    0x80, 0x0, 0x4f, 0xf5, 0x0, 0x0, 0xff, 0x71,
    0xff, 0x93, 0xff, 0x7f, 0xff, 0x50, 0x0, 0x7f,
    0xf3, 0x0, 0x0, 0xff, 0x71, 0xff, 0x93, 0xff,
    0xff, 0xff, 0xa0, 0x0, 0x9f, 0xf0, 0x0, 0x0,
    0xff, 0x71, 0xff, 0x93, 0xff, 0xaf, 0xff, 0xf0,
    0x0, 0xdf, 0xd0, 0x0, 0x0, 0xff, 0x71, 0xff,
    0x93, 0xff, 0x5a, 0xcf, 0xf5, 0x1, 0xff, 0x90,
    0x0, 0x0, 0xff, 0x72, 0xff, 0x83, 0xff, 0x50,
    0x1f, 0xfc, 0x6, 0xff, 0x50, 0x0, 0x0, 0xff,
    0x73, 0xff, 0x73, 0xff, 0x50, 0xa, 0xff, 0x3b,
    0xff, 0x0, 0x0, 0x0, 0xff, 0x75, 0xff, 0x63,
    0xff, 0x50, 0x3, 0xff, 0xdf, 0xfa, 0x0, 0x0,
    0x0, 0xff, 0x78, 0xff, 0x33, 0xff, 0x50, 0x0,
    0xbf, 0xff, 0xf4, 0x0, 0x0, 0x0, 0x33, 0x1d,
    0xff, 0x2, 0x11, 0x0, 0x0, 0x3f, 0xff, 0xd0,
    0x0, 0x0, 0x0, 0x0, 0x3f, 0xfb, 0x8f, 0x60,
    0x0, 0x0, 0x1e, 0xff, 0xd1, 0x0, 0x0, 0x0,
    0x0, 0xdf, 0xf4, 0xef, 0xf1, 0x0, 0x0, 0xbf,
    0xff, 0xfc, 0x10, 0x0, 0x0, 0xa, 0xff, 0xb0,
    0x4f, 0xfb, 0x0, 0x1c, 0xff, 0xef, 0xff, 0xd3,
    0x0, 0x1, 0xbf, 0xfe, 0x10, 0xa, 0xff, 0x55,
    0xef, 0xff, 0x33, 0xff, 0xff, 0x80, 0xd, 0xff,
    0xe3, 0x0, 0x1, 0xff, 0x6b, 0xff, 0xe3, 0x0,
    0x3e, 0xff, 0xd1, 0x2, 0xec, 0x20, 0x0, 0x0,
    0x62, 0x0, 0xdb, 0x10, 0x0, 0x1, 0xbe, 0x10,
    0x0, 0x20, 0x0, 0x0, 0x0, 0x0, 0x0, 0x10,
    0x0, 0x0, 0x0, 0x1, 0x0,

    /* U+8D26 "账" */
    0x0, 0x11, 0x11, 0x11, 0x11, 0x10, 0xd, 0xda,
    0x0, 0x0, 0x0, 0x0, 0x0, 0x3, 0xff, 0xff,
    0xff, 0xff, 0xe0, 0xf, 0xfd, 0x0, 0x0, 0xe,
    0xb6, 0x0, 0x3, 0xff, 0xff, 0xff, 0xff, 0xe0,
    0xf, 0xfd, 0x0, 0x0, 0x9f, 0xfd, 0x0, 0x3,
    0xff, 0x76, 0x66, 0xaf, 0xe0, 0xf, 0xfd, 0x0,
    0x4, 0xff, 0xf4, 0x0, 0x3, 0xff, 0x16, 0x74,
    0x6f, 0xe0, 0xf, 0xfd, 0x0, 0x2e, 0xff, 0x90,
    0x0, 0x3, 0xff, 0x1d, 0xf9, 0x6f, 0xe0, 0xf,
    0xfd, 0x2, 0xef, 0xfd, 0x0, 0x0, 0x3, 0xff,
    0x1d, 0xf9, 0x6f, 0xe0, 0xf, 0xfd, 0x4e, 0xff,
    0xe2, 0x0, 0x0, 0x3, 0xff, 0x1d, 0xf9, 0x6f,
    0xe0, 0xf, 0xfd, 0x1d, 0xff, 0x30, 0x0, 0x0,
    0x3, 0xff, 0x1d, 0xf9, 0x6f, 0xe0, 0xf, 0xfd,
    0x2, 0xd3, 0x0, 0x0, 0x0, 0x3, 0xff, 0x1d,
    0xf9, 0x6f, 0xe7, 0xaf, 0xff, 0xaa, 0xaa, 0xaa,
    0xaa, 0x80, 0x3, 0xff, 0x1d, 0xf9, 0x6f, 0xec,
    0xff, 0xff, 0xff, 0xff, 0xff, 0xff, 0xd0, 0x3,
    0xff, 0x1d, 0xf9, 0x6f, 0xec, 0xff, 0xff, 0xff,
    0xff, 0xff, 0xff, 0xd0, 0x3, 0xff, 0x1d, 0xf9,
    0x6f, 0xe2, 0x3f, 0xfd, 0x3a, 0xff, 0x73, 0x33,
    0x20, 0x3, 0xff, 0x1e, 0xf8, 0x6f, 0xe0, 0xf,
    0xfd, 0x5, 0xff, 0x90, 0x0, 0x0, 0x3, 0xff,
    0x1f, 0xf7, 0x6f, 0xe0, 0xf, 0xfd, 0x0, 0xff,
    0xe0, 0x0, 0x0, 0x3, 0xff, 0x2f, 0xf5, 0x6f,
    0xe0, 0xf, 0xfd, 0x0, 0xbf, 0xf4, 0x0, 0x0,
    0x3, 0xff, 0x5f, 0xf3, 0x6f, 0xe0, 0xf, 0xfd,
    0x0, 0x5f, 0xfb, 0x0, 0x0, 0x1, 0x66, 0x8f,
    0xf1, 0x44, 0x30, 0xf, 0xfd, 0x0, 0xf, 0xff,
    0x40, 0x0, 0x0, 0x0, 0xdf, 0xdd, 0xd1, 0x0,
    0xf, 0xfd, 0x0, 0x8, 0xff, 0xd0, 0x0, 0x0,
    0x6, 0xff, 0x7f, 0xfa, 0x0, 0xf, 0xfd, 0x4a,
    0xf1, 0xff, 0xf8, 0x0, 0x0, 0x2f, 0xfc, 0x6,
    0xff, 0x50, 0x1f, 0xff, 0xff, 0xf1, 0x7f, 0xff,
    0x70, 0x3, 0xef, 0xf2, 0x0, 0xbf, 0xe1, 0xaf,
    0xff, 0xff, 0xe2, 0xc, 0xff, 0xf2, 0xd, 0xff,
    0x40, 0x0, 0x2f, 0x91, 0xef, 0xff, 0xb5, 0x0,
    0x1, 0xef, 0x40, 0x2, 0xd3, 0x0, 0x0, 0x3,
    0x0, 0x8f, 0x82, 0x0, 0x0, 0x0, 0x26, 0x0,
    0x0, 0x0, 0x0, 0x0, 0x0, 0x0, 0x11, 0x0,
    0x0, 0x0, 0x0, 0x0, 0x0,

    /* U+8D85 "超" */
    0x0, 0x0, 0x0, 0x44, 0x30, 0x0, 0x0, 0x0,
    0x0, 0x0, 0x0, 0x0, 0x0, 0x0, 0x0, 0x3,
    0xff, 0xa0, 0x0, 0x1, 0x22, 0x22, 0x22, 0x23,
    0x42, 0x10, 0x0, 0x0, 0x3, 0xff, 0xa0, 0x0,
    0xd, 0xff, 0xff, 0xff, 0xff, 0xff, 0x80, 0x2,
    0xaa, 0xab, 0xff, 0xea, 0xaa, 0x1d, 0xff, 0xff,
    0xff, 0xff, 0xff, 0x70, 0x3, 0xff, 0xff, 0xff,
    0xff, 0xff, 0x13, 0x46, 0xff, 0xc4, 0x4a, 0xff,
    0x60, 0x3, 0xff, 0xff, 0xff, 0xff, 0xff, 0x10,
    0x6, 0xff, 0x80, 0x9, 0xff, 0x50, 0x0, 0x11,
    0x14, 0xff, 0xb1, 0x11, 0x0, 0xd, 0xff, 0x30,
    0xb, 0xff, 0x40, 0x0, 0x0, 0x3, 0xff, 0xa0,
    0x0, 0x0, 0x6f, 0xfd, 0x0, 0xd, 0xff, 0x20,
    0x3, 0x55, 0x57, 0xff, 0xc5, 0x55, 0x45, 0xff,
    0xf5, 0x7a, 0xbf, 0xff, 0x0, 0x9, 0xff, 0xff,
    0xff, 0xff, 0xff, 0xff, 0xff, 0xa0, 0x6f, 0xff,
    0xfa, 0x0, 0x9, 0xff, 0xff, 0xff, 0xff, 0xff,
    0xec, 0xfb, 0x0, 0x2e, 0xed, 0x91, 0x0, 0x4,
    0x77, 0x77, 0xff, 0xf7, 0x77, 0x50, 0x61, 0x0,
    0x0, 0x0, 0x0, 0x0, 0x0, 0x21, 0x0, 0xff,
    0xf0, 0x0, 0x3, 0xff, 0xff, 0xff, 0xff, 0xfe,
    0x0, 0x0, 0xff, 0xb0, 0xff, 0xf0, 0x0, 0x3,
    0xff, 0xff, 0xff, 0xff, 0xfe, 0x0, 0x0, 0xff,
    0xb0, 0xff, 0xfb, 0xbb, 0x23, 0xff, 0xd7, 0x77,
    0x9f, 0xfe, 0x0, 0x0, 0xff, 0xa0, 0xff, 0xff,
    0xff, 0x43, 0xff, 0xb0, 0x0, 0x3f, 0xfe, 0x0,
    0x1, 0xff, 0xb0, 0xff, 0xff, 0xff, 0x33, 0xff,
    0xb0, 0x0, 0x3f, 0xfe, 0x0, 0x2, 0xff, 0xf0,
    0xff, 0xf0, 0x0, 0x3, 0xff, 0xd6, 0x66, 0x7f,
    0xfe, 0x0, 0x3, 0xff, 0xf7, 0xff, 0xf0, 0x0,
    0x3, 0xff, 0xff, 0xff, 0xff, 0xfe, 0x0, 0x5,
    0xff, 0xff, 0xff, 0xf0, 0x0, 0x3, 0xff, 0xff,
    0xff, 0xff, 0xfe, 0x0, 0x7, 0xff, 0xff, 0xff,
    0xf0, 0x0, 0x0, 0x11, 0x11, 0x11, 0x11, 0x11,
    0x0, 0x9, 0xff, 0xbf, 0xff, 0xf9, 0x53, 0x22,
    0x21, 0x11, 0x12, 0x22, 0x22, 0x21, 0xd, 0xfe,
    0xb, 0xff, 0xff, 0xff, 0xff, 0xff, 0xff, 0xff,
    0xff, 0xff, 0xf3, 0x1f, 0xfa, 0x0, 0x6e, 0xff,
    0xff, 0xff, 0xff, 0xff, 0xff, 0xff, 0xff, 0xd0,
    0x9, 0xf5, 0x0, 0x0, 0x48, 0xac, 0xdd, 0xdd,
    0xdd, 0xdd, 0xdd, 0xdd, 0x60, 0x0, 0x30, 0x0,
    0x0, 0x0, 0x0, 0x0, 0x0, 0x0, 0x0, 0x0,
    0x0, 0x0,

    /* U+8DB3 "足" */
    0x0, 0x0, 0xef, 0xff, 0xff, 0xff, 0xff, 0xff,
    0xff, 0xff, 0xff, 0x50, 0x0, 0x0, 0x0, 0xef,
    0xff, 0xff, 0xff, 0xff, 0xff, 0xff, 0xff, 0xff,
    0x60, 0x0, 0x0, 0x0, 0xef, 0xff, 0xff, 0xff,
    0xff, 0xff, 0xff, 0xff, 0xff, 0x60, 0x0, 0x0,
    0x0, 0xef, 0xf3, 0x0, 0x0, 0x0, 0x0, 0x0,
    0xe, 0xff, 0x60, 0x0, 0x0, 0x0, 0xef, 0xf3,
    0x0, 0x0, 0x0, 0x0, 0x0, 0xe, 0xff, 0x60,
    0x0, 0x0, 0x0, 0xef, 0xf3, 0x0, 0x0, 0x0,
    0x0, 0x0, 0xe, 0xff, 0x60, 0x0, 0x0, 0x0,
    0xef, 0xf6, 0x33, 0x33, 0x33, 0x33, 0x33, 0x3f,
    0xff, 0x60, 0x0, 0x0, 0x0, 0xef, 0xff, 0xff,
    0xff, 0xff, 0xff, 0xff, 0xff, 0xff, 0x60, 0x0,
    0x0, 0x0, 0xef, 0xff, 0xff, 0xff, 0xff, 0xff,
    0xff, 0xff, 0xff, 0x60, 0x0, 0x0, 0x0, 0xbc,
    0xcc, 0xcc, 0xcd, 0xff, 0xfc, 0xcc, 0xcc, 0xcc,
    0x40, 0x0, 0x0, 0x0, 0x0, 0x0, 0x0, 0x6,
    0xff, 0xd0, 0x0, 0x0, 0x0, 0x0, 0x0, 0x0,
    0x0, 0x9, 0x97, 0x20, 0x6, 0xff, 0xd0, 0x0,
    0x0, 0x0, 0x0, 0x0, 0x0, 0x0, 0xf, 0xff,
    0x50, 0x6, 0xff, 0xd0, 0x0, 0x0, 0x0, 0x0,
    0x0, 0x0, 0x0, 0x2f, 0xff, 0x10, 0x6, 0xff,
    0xff, 0xff, 0xff, 0xff, 0xf5, 0x0, 0x0, 0x0,
    0x5f, 0xfe, 0x0, 0x6, 0xff, 0xff, 0xff, 0xff,
    0xff, 0xf5, 0x0, 0x0, 0x0, 0xaf, 0xff, 0x30,
    0x6, 0xff, 0xfd, 0xdd, 0xdd, 0xdd, 0xd4, 0x0,
    0x0, 0x0, 0xff, 0xff, 0xc0, 0x6, 0xff, 0xd0,
    0x0, 0x0, 0x0, 0x0, 0x0, 0x0, 0x6, 0xff,
    0xff, 0xfb, 0x6, 0xff, 0xd0, 0x0, 0x0, 0x0,
    0x0, 0x0, 0x0, 0xd, 0xff, 0xbf, 0xff, 0xda,
    0xff, 0xd0, 0x0, 0x0, 0x0, 0x0, 0x0, 0x0,
    0x9f, 0xff, 0x15, 0xff, 0xff, 0xff, 0xd2, 0x10,
    0x0, 0x0, 0x0, 0x0, 0x7, 0xff, 0xf7, 0x0,
    0x4e, 0xff, 0xff, 0xff, 0xff, 0xff, 0xff, 0xff,
    0xf1, 0x8, 0xff, 0xb0, 0x0, 0x1, 0x8f, 0xff,
    0xff, 0xff, 0xff, 0xff, 0xff, 0xa0, 0x0, 0x8c,
    0x0, 0x0, 0x0, 0x0, 0x58, 0xbd, 0xef, 0xff,
    0xff, 0xff, 0x50, 0x0, 0x0, 0x0, 0x0, 0x0,
    0x0, 0x0, 0x0, 0x0, 0x0, 0x0, 0x0, 0x0,

    /* U+8DDD "距" */
    0x0, 0x11, 0x11, 0x11, 0x11, 0x10, 0x0, 0x0,
    0x0, 0x0, 0x0, 0x0, 0x0, 0x1, 0xff, 0xff,
    0xff, 0xff, 0xf4, 0x9f, 0xff, 0xff, 0xff, 0xff,
    0xff, 0xd0, 0x1, 0xff, 0xff, 0xff, 0xff, 0xf4,
    0x9f, 0xff, 0xff, 0xff, 0xff, 0xff, 0xe0, 0x1,
    0xff, 0xc8, 0x88, 0xcf, 0xf4, 0x9f, 0xff, 0xff,
    0xff, 0xff, 0xff, 0xe0, 0x1, 0xff, 0x80, 0x0,
    0x8f, 0xf4, 0x9f, 0xf9, 0x11, 0x11, 0x11, 0x11,
    0x0, 0x1, 0xff, 0x80, 0x0, 0x8f, 0xf4, 0x9f,
    0xf8, 0x0, 0x0, 0x0, 0x0, 0x0, 0x1, 0xff,
    0x91, 0x11, 0x9f, 0xf4, 0x9f, 0xf8, 0x0, 0x0,
    0x0, 0x0, 0x0, 0x1, 0xff, 0xff, 0xff, 0xff,
    0xf4, 0x9f, 0xff, 0xee, 0xee, 0xee, 0xeb, 0x0,
    0x1, 0xff, 0xff, 0xff, 0xff, 0xf4, 0x9f, 0xff,
    0xff, 0xff, 0xff, 0xfc, 0x0, 0x0, 0x88, 0x8a,
    0xff, 0xc8, 0x82, 0x9f, 0xff, 0xff, 0xff, 0xff,
    0xfc, 0x0, 0x0, 0x0, 0x5, 0xff, 0x80, 0x0,
    0x9f, 0xf8, 0x0, 0x0, 0x1f, 0xfc, 0x0, 0x1,
    0x55, 0x25, 0xff, 0x80, 0x0, 0x9f, 0xf8, 0x0,
    0x0, 0x1f, 0xfc, 0x0, 0x3, 0xff, 0x65, 0xff,
    0xc9, 0x93, 0x9f, 0xf8, 0x0, 0x0, 0x1f, 0xfc,
    0x0, 0x3, 0xff, 0x65, 0xff, 0xff, 0xf6, 0x9f,
    0xf8, 0x0, 0x0, 0x2f, 0xfc, 0x0, 0x3, 0xff,
    0x65, 0xff, 0xff, 0xf6, 0x9f, 0xff, 0xff, 0xff,
    0xff, 0xfc, 0x0, 0x3, 0xff, 0x65, 0xff, 0x91,
    0x10, 0x9f, 0xff, 0xff, 0xff, 0xff, 0xfc, 0x0,
    0x3, 0xff, 0x65, 0xff, 0x80, 0x0, 0x9f, 0xfe,
    0xdd, 0xdd, 0xdd, 0xda, 0x0, 0x3, 0xff, 0x65,
    0xff, 0x80, 0x11, 0x9f, 0xf8, 0x0, 0x0, 0x0,
    0x0, 0x0, 0x3, 0xff, 0x65, 0xff, 0xdc, 0xf8,
    0x9f, 0xf8, 0x0, 0x0, 0x0, 0x0, 0x0, 0x3,
    0xff, 0xbd, 0xff, 0xff, 0xfa, 0x9f, 0xf8, 0x0,
    0x0, 0x0, 0x0, 0x0, 0x3d, 0xff, 0xff, 0xff,
    0xff, 0xa5, 0x9f, 0xff, 0xee, 0xee, 0xee, 0xee,
    0xe5, 0x1f, 0xff, 0xff, 0xd8, 0x30, 0x0, 0x9f,
    0xff, 0xff, 0xff, 0xff, 0xff, 0xf6, 0xd, 0xfa,
    0x61, 0x0, 0x0, 0x0, 0x9f, 0xff, 0xff, 0xff,
    0xff, 0xff, 0xf6, 0x2, 0x0, 0x0, 0x0, 0x0,
    0x0, 0x12, 0x22, 0x22, 0x22, 0x22, 0x22, 0x20,

    /* U+8DDF "跟" */
    0x0, 0x0, 0x0, 0x0, 0x0, 0x0, 0x0, 0x0,
    0x0, 0x0, 0x0, 0x0, 0x0, 0x1, 0xff, 0xff,
    0xff, 0xff, 0xf4, 0xef, 0xff, 0xff, 0xff, 0xff,
    0xfd, 0x0, 0x1, 0xff, 0xff, 0xff, 0xff, 0xf4,
    0xff, 0xff, 0xff, 0xff, 0xff, 0xfe, 0x0, 0x1,
    0xff, 0xd9, 0x99, 0xcf, 0xf4, 0xff, 0xfb, 0xbb,
    0xbb, 0xbf, 0xfe, 0x0, 0x1, 0xff, 0x80, 0x0,
    0x6f, 0xf4, 0xff, 0xf0, 0x0, 0x0, 0xf, 0xfe,
    0x0, 0x1, 0xff, 0x80, 0x0, 0x6f, 0xf4, 0xff,
    0xf3, 0x33, 0x33, 0x3f, 0xfe, 0x0, 0x1, 0xff,
    0x80, 0x0, 0x6f, 0xf4, 0xff, 0xff, 0xff, 0xff,
    0xff, 0xfe, 0x0, 0x1, 0xff, 0xfe, 0xee, 0xef,
    0xf4, 0xff, 0xff, 0xff, 0xff, 0xff, 0xfe, 0x0,
    0x1, 0xff, 0xff, 0xff, 0xff, 0xf4, 0xff, 0xf6,
    0x66, 0x66, 0x6f, 0xfe, 0x0, 0x0, 0xbb, 0xbc,
    0xff, 0xeb, 0xb2, 0xff, 0xf0, 0x0, 0x0, 0xf,
    0xfe, 0x0, 0x0, 0x0, 0x2, 0xff, 0x90, 0x0,
    0xff, 0xf9, 0x99, 0x99, 0x9f, 0xfe, 0x0, 0x1,
    0x88, 0x22, 0xff, 0x90, 0x0, 0xff, 0xff, 0xff,
    0xff, 0xff, 0xfe, 0x0, 0x3, 0xff, 0x52, 0xff,
    0xd9, 0x91, 0xff, 0xff, 0xff, 0xff, 0xff, 0xfe,
    0x0, 0x3, 0xff, 0x52, 0xff, 0xff, 0xf2, 0xff,
    0xf1, 0x2f, 0xf6, 0x0, 0x26, 0x0, 0x3, 0xff,
    0x52, 0xff, 0xff, 0xf2, 0xff, 0xf0, 0xe, 0xfb,
    0x2, 0xdf, 0x50, 0x3, 0xff, 0x52, 0xff, 0x91,
    0x10, 0xff, 0xf0, 0x9, 0xff, 0x5e, 0xff, 0xd0,
    0x3, 0xff, 0x52, 0xff, 0x90, 0x0, 0xff, 0xf0,
    0x4, 0xff, 0xff, 0xfc, 0x10, 0x3, 0xff, 0x52,
    0xff, 0x90, 0x0, 0xff, 0xf0, 0x0, 0xef, 0xff,
    0x80, 0x0, 0x3, 0xff, 0x52, 0xff, 0xa6, 0xa1,
    0xff, 0xf0, 0x0, 0x7f, 0xfc, 0x0, 0x0, 0x3,
    0xff, 0x88, 0xff, 0xff, 0xf3, 0xff, 0xf0, 0x2,
    0x5e, 0xff, 0x90, 0x0, 0x2a, 0xff, 0xff, 0xff,
    0xff, 0xf5, 0xff, 0xfb, 0xef, 0xb6, 0xff, 0xfa,
    0x0, 0x2f, 0xff, 0xff, 0xfe, 0xa6, 0x18, 0xff,
    0xff, 0xff, 0xc0, 0xbf, 0xff, 0xe2, 0xe, 0xff,
    0xb7, 0x20, 0x0, 0xc, 0xff, 0xff, 0xfc, 0x70,
    0xc, 0xff, 0xa0, 0x5, 0x30, 0x0, 0x0, 0x0,
    0x4, 0xfe, 0x94, 0x0, 0x0, 0x0, 0xae, 0x0,
    0x0, 0x0, 0x0, 0x0, 0x0, 0x0, 0x40, 0x0,
    0x0, 0x0, 0x0, 0x1, 0x0,

    /* U+8DF3 "跳" */
    0x0, 0x0, 0x0, 0x0, 0x0, 0x0, 0x0, 0x11,
    0x0, 0x11, 0x10, 0x0, 0x0, 0x0, 0x0, 0x0,
    0x0, 0x0, 0x0, 0xa, 0xff, 0x21, 0xff, 0xc0,
    0x0, 0x0, 0x0, 0xef, 0xff, 0xff, 0xff, 0x0,
    0xa, 0xff, 0x21, 0xff, 0xc0, 0x0, 0x0, 0x0,
    0xff, 0xff, 0xff, 0xff, 0x0, 0xa, 0xff, 0x21,
    0xff, 0xc0, 0x0, 0x0, 0x0, 0xff, 0xda, 0xad,
    0xff, 0x6, 0x2a, 0xff, 0x21, 0xff, 0xc0, 0x75,
    0x0, 0x0, 0xff, 0xa0, 0x7, 0xff, 0xef, 0x9a,
    0xff, 0x21, 0xff, 0xc0, 0xef, 0xd2, 0x0, 0xff,
    0xa0, 0x7, 0xff, 0xdf, 0xfb, 0xff, 0x21, 0xff,
    0xc5, 0xff, 0xd0, 0x0, 0xff, 0xa0, 0x7, 0xff,
    0x7f, 0xff, 0xff, 0x21, 0xff, 0xcc, 0xff, 0x50,
    0x0, 0xff, 0xeb, 0xbd, 0xff, 0x1f, 0xff, 0xff,
    0x21, 0xff, 0xef, 0xfc, 0x0, 0x0, 0xff, 0xff,
    0xff, 0xff, 0xb, 0xff, 0xff, 0x21, 0xff, 0xff,
    0xf4, 0x0, 0x0, 0xde, 0xef, 0xff, 0xee, 0x7,
    0xed, 0xff, 0x21, 0xff, 0xed, 0xb0, 0x0, 0x0,
    0x0, 0x9, 0xfe, 0x0, 0x1, 0xa, 0xff, 0x21,
    0xff, 0xc0, 0x0, 0x0, 0x0, 0x99, 0x19, 0xfe,
    0x0, 0x0, 0xa, 0xff, 0x21, 0xff, 0xd4, 0x0,
    0x0, 0x0, 0xff, 0x29, 0xff, 0xbb, 0x10, 0xc,
    0xff, 0x21, 0xff, 0xff, 0x90, 0x0, 0x0, 0xff,
    0x29, 0xff, 0xff, 0x25, 0xdf, 0xff, 0x11, 0xff,
    0xff, 0xfb, 0x0, 0x0, 0xff, 0x29, 0xff, 0xff,
    0xdf, 0xff, 0xff, 0x1, 0xff, 0xff, 0xff, 0xc1,
    0x0, 0xff, 0x29, 0xfe, 0xb, 0xff, 0xff, 0xfe,
    0x1, 0xff, 0xc5, 0xff, 0xf6, 0x0, 0xff, 0x29,
    0xfe, 0x2, 0xff, 0x6f, 0xfc, 0x1, 0xff, 0xc0,
    0x4f, 0x90, 0x0, 0xff, 0x29, 0xfe, 0x0, 0x83,
    0x4f, 0xf9, 0x1, 0xff, 0xc0, 0x4, 0x0, 0x0,
    0xff, 0x29, 0xff, 0xbe, 0x80, 0x9f, 0xf5, 0x1,
    0xff, 0xc0, 0x3, 0x0, 0x0, 0xff, 0xcf, 0xff,
    0xff, 0xa1, 0xff, 0xf0, 0x1, 0xff, 0xc0, 0xf,
    0xc4, 0x3f, 0xff, 0xff, 0xff, 0xfc, 0x6a, 0xff,
    0x90, 0x1, 0xff, 0xd0, 0xf, 0xf8, 0xf, 0xff,
    0xfd, 0x95, 0x0, 0x9f, 0xff, 0x10, 0x0, 0xff,
    0xfc, 0xdf, 0xf5, 0xa, 0xa5, 0x10, 0x0, 0x2,
    0xef, 0xf5, 0x0, 0x0, 0xcf, 0xff, 0xff, 0xf1,
    0x0, 0x0, 0x0, 0x0, 0x0, 0x3f, 0x70, 0x0,
    0x0, 0x3d, 0xff, 0xfe, 0x50, 0x0, 0x0, 0x0,
    0x0, 0x0, 0x2, 0x0, 0x0, 0x0, 0x0, 0x0,
    0x0, 0x0,

    /* U+8E2A "踪" */
    0x0, 0x0, 0x0, 0x0, 0x0, 0x0, 0x0, 0x0,
    0x0, 0x10, 0x0, 0x0, 0x0, 0x0, 0x11, 0x11,
    0x11, 0x11, 0x0, 0x0, 0x3, 0xcf, 0xd0, 0x0,
    0x0, 0x0, 0x3, 0xff, 0xff, 0xff, 0xff, 0x40,
    0x0, 0x1, 0xff, 0xf3, 0x0, 0x0, 0x0, 0x3,
    0xff, 0xff, 0xff, 0xff, 0x40, 0x0, 0x0, 0xbf,
    0xf9, 0x0, 0x0, 0x0, 0x3, 0xff, 0xc9, 0x9c,
    0xff, 0x4f, 0xff, 0xff, 0xff, 0xff, 0xff, 0xff,
    0xf0, 0x3, 0xff, 0x70, 0x8, 0xff, 0x4f, 0xff,
    0xff, 0xff, 0xff, 0xff, 0xff, 0xf0, 0x3, 0xff,
    0x70, 0x8, 0xff, 0x4f, 0xff, 0x99, 0x99, 0x99,
    0x99, 0xff, 0xf0, 0x3, 0xff, 0x70, 0x8, 0xff,
    0x4f, 0xfe, 0x0, 0x0, 0x0, 0x0, 0xff, 0xf0,
    0x3, 0xff, 0xfe, 0xef, 0xff, 0x4f, 0xfe, 0x0,
    0x0, 0x0, 0x0, 0xff, 0xf0, 0x3, 0xff, 0xff,
    0xff, 0xff, 0x41, 0x2c, 0xff, 0xff, 0xff, 0xff,
    0xa2, 0x10, 0x2, 0xbb, 0xbe, 0xff, 0xbb, 0x30,
    0xb, 0xff, 0xff, 0xff, 0xff, 0x90, 0x0, 0x0,
    0x0, 0x8, 0xfe, 0x0, 0x0, 0x5, 0x77, 0x77,
    0x77, 0x77, 0x30, 0x0, 0x2, 0x88, 0x18, 0xfe,
    0x0, 0x0, 0x0, 0x0, 0x0, 0x0, 0x0, 0x0,
    0x0, 0x4, 0xff, 0x28, 0xff, 0xcc, 0x78, 0x88,
    0x88, 0x88, 0x88, 0x88, 0x88, 0x81, 0x4, 0xff,
    0x28, 0xff, 0xff, 0x9f, 0xff, 0xff, 0xff, 0xff,
    0xff, 0xff, 0xf2, 0x4, 0xff, 0x28, 0xff, 0xee,
    0x8f, 0xff, 0xff, 0xff, 0xff, 0xff, 0xff, 0xf2,
    0x4, 0xff, 0x28, 0xfe, 0x0, 0x3, 0x33, 0x33,
    0x4f, 0xfd, 0x33, 0x33, 0x30, 0x4, 0xff, 0x28,
    0xfe, 0x0, 0x0, 0x7, 0x40, 0x1f, 0xfd, 0x2,
    0x60, 0x0, 0x4, 0xff, 0x28, 0xfe, 0x2, 0x20,
    0x4f, 0xfd, 0x1f, 0xfd, 0x8f, 0xf6, 0x0, 0x4,
    0xff, 0x28, 0xff, 0xdf, 0x80, 0xef, 0xf4, 0x1f,
    0xfd, 0x1f, 0xff, 0x10, 0x4, 0xff, 0xdf, 0xff,
    0xff, 0xaa, 0xff, 0x90, 0x1f, 0xfd, 0x8, 0xff,
    0x90, 0x5f, 0xff, 0xff, 0xff, 0xea, 0xcf, 0xfd,
    0x0, 0x1f, 0xfd, 0x0, 0xef, 0xf2, 0x1f, 0xff,
    0xfc, 0x73, 0x0, 0x9f, 0xf2, 0x8a, 0xbf, 0xfd,
    0x0, 0x8f, 0xe4, 0xb, 0x95, 0x10, 0x0, 0x0,
    0x5, 0x30, 0x7f, 0xff, 0xfa, 0x0, 0x15, 0x0,
    0x0, 0x0, 0x0, 0x0, 0x0, 0x0, 0x0, 0x2f,
    0xfd, 0x91, 0x0, 0x0, 0x0,

    /* U+8F6C "转" */
    0x0, 0x0, 0x3b, 0x84, 0x0, 0x0, 0x0, 0x0,
    0x2c, 0xa8, 0x0, 0x0, 0x0, 0x0, 0x0, 0x6f,
    0xf9, 0x0, 0x0, 0x0, 0x0, 0x5f, 0xfc, 0x0,
    0x0, 0x0, 0x2, 0x22, 0xaf, 0xf7, 0x22, 0x20,
    0x11, 0x11, 0xaf, 0xf9, 0x11, 0x11, 0x0, 0xf,
    0xff, 0xff, 0xff, 0xff, 0xf1, 0xef, 0xff, 0xff,
    0xff, 0xff, 0xff, 0x30, 0xf, 0xff, 0xff, 0xff,
    0xff, 0xf1, 0xef, 0xff, 0xff, 0xff, 0xff, 0xff,
    0x30, 0xb, 0xbd, 0xff, 0xcb, 0xbb, 0xb0, 0xab,
    0xbd, 0xff, 0xeb, 0xbb, 0xbb, 0x20, 0x0, 0x9,
    0xff, 0x20, 0x0, 0x0, 0x0, 0xa, 0xff, 0x70,
    0x0, 0x0, 0x0, 0x0, 0xe, 0xfd, 0xee, 0xc0,
    0xa, 0xbb, 0xbf, 0xff, 0xcb, 0xbb, 0xbb, 0xb1,
    0x0, 0x3f, 0xf7, 0xff, 0xe0, 0xe, 0xff, 0xff,
    0xff, 0xff, 0xff, 0xff, 0xf1, 0x0, 0x9f, 0xf2,
    0xff, 0xe0, 0xe, 0xff, 0xff, 0xff, 0xff, 0xff,
    0xff, 0xf1, 0x1, 0xff, 0xd8, 0xff, 0xf7, 0x62,
    0x33, 0xdf, 0xf7, 0x33, 0x33, 0x33, 0x30, 0xb,
    0xff, 0xff, 0xff, 0xff, 0xd0, 0x1, 0xff, 0xf1,
    0x0, 0x0, 0x0, 0x0, 0x9, 0xff, 0xff, 0xff,
    0xff, 0xd0, 0x6, 0xff, 0xfc, 0xcc, 0xcc, 0xd6,
    0x0, 0x3, 0x95, 0x56, 0xff, 0xf5, 0x40, 0xb,
    0xff, 0xff, 0xff, 0xff, 0xff, 0x50, 0x0, 0x0,
    0x1, 0xff, 0xe0, 0x0, 0xf, 0xff, 0xff, 0xff,
    0xff, 0xfb, 0x0, 0x0, 0x0, 0x1, 0xff, 0xe3,
    0x55, 0x2, 0x24, 0x22, 0x2b, 0xff, 0xe1, 0x0,
    0x2, 0x46, 0x8b, 0xff, 0xff, 0xfc, 0x0, 0x1,
    0x0, 0x6f, 0xff, 0x30, 0x0, 0x1f, 0xff, 0xff,
    0xff, 0xff, 0xfd, 0x0, 0xcf, 0x73, 0xff, 0xf7,
    0x0, 0x0, 0xe, 0xff, 0xff, 0xff, 0xf8, 0x52,
    0xa, 0xff, 0xff, 0xff, 0xb0, 0x0, 0x0, 0x9,
    0xb9, 0x64, 0xff, 0xe0, 0x0, 0x0, 0x9f, 0xff,
    0xff, 0x20, 0x0, 0x0, 0x0, 0x0, 0x1, 0xff,
    0xe0, 0x0, 0x0, 0x3, 0xdf, 0xff, 0xe5, 0x0,
    0x0, 0x0, 0x0, 0x1, 0xff, 0xe0, 0x0, 0x0,
    0x0, 0x8, 0xff, 0xff, 0x70, 0x0, 0x0, 0x0,
    0x1, 0xff, 0xe0, 0x0, 0x0, 0x0, 0x0, 0x4e,
    0xff, 0x40, 0x0, 0x0, 0x0, 0x1, 0xff, 0xe0,
    0x0, 0x0, 0x0, 0x0, 0x2, 0xd6, 0x0, 0x0,
    0x0, 0x0, 0x0, 0x0, 0x0, 0x0, 0x0, 0x0,
    0x0, 0x0, 0x0, 0x0, 0x0,

    /* U+8F7D "载" */
    0x0, 0x0, 0x0, 0x11, 0x10, 0x0, 0x0, 0x1,
    0x10, 0x0, 0x0, 0x0, 0x0, 0x0, 0x0, 0x2f,
    0xfd, 0x0, 0x0, 0x8, 0xff, 0x80, 0x49, 0x0,
    0x0, 0x2, 0x55, 0x56, 0xff, 0xe5, 0x55, 0x50,
    0x8f, 0xf8, 0x7f, 0xfb, 0x0, 0x0, 0x8f, 0xff,
    0xff, 0xff, 0xff, 0xff, 0x27, 0xff, 0x81, 0xef,
    0xf9, 0x0, 0x8, 0xff, 0xff, 0xff, 0xff, 0xff,
    0xf2, 0x7f, 0xf8, 0x3, 0xff, 0xf4, 0x0, 0x1,
    0x11, 0x3f, 0xfd, 0x11, 0x11, 0x7, 0xff, 0x80,
    0x6, 0xf5, 0x0, 0x56, 0x66, 0x67, 0xff, 0xe6,
    0x66, 0x66, 0xaf, 0xfb, 0x66, 0x68, 0x65, 0xc,
    0xff, 0xff, 0xff, 0xff, 0xff, 0xff, 0xff, 0xff,
    0xff, 0xff, 0xff, 0xe0, 0xcf, 0xff, 0xff, 0xff,
    0xff, 0xff, 0xff, 0xff, 0xff, 0xff, 0xff, 0xfe,
    0x0, 0x0, 0x6, 0xfd, 0x70, 0x0, 0x0, 0x4,
    0xff, 0xa0, 0x0, 0x0, 0x0, 0x0, 0x0, 0xcf,
    0xf7, 0x0, 0x0, 0x0, 0x3f, 0xfb, 0x0, 0xa8,
    0x40, 0x5, 0xff, 0xff, 0xff, 0xff, 0xff, 0xff,
    0xe2, 0xff, 0xd0, 0x1f, 0xfe, 0x0, 0x5f, 0xff,
    0xff, 0xff, 0xff, 0xff, 0xfe, 0xf, 0xfe, 0x6,
    0xff, 0x90, 0x2, 0x69, 0xff, 0xd6, 0x77, 0x66,
    0x66, 0x50, 0xff, 0xf0, 0xcf, 0xf4, 0x0, 0x0,
    0xdf, 0xf3, 0xf, 0xfe, 0x0, 0x0, 0xd, 0xff,
    0x5f, 0xfe, 0x0, 0x0, 0xbf, 0xfd, 0x88, 0xff,
    0xf8, 0x88, 0x40, 0xaf, 0xfe, 0xff, 0x70, 0x0,
    0xd, 0xff, 0xff, 0xff, 0xff, 0xff, 0xf8, 0x8,
    0xff, 0xff, 0xf1, 0x0, 0x0, 0x7f, 0xff, 0xff,
    0xff, 0xff, 0xff, 0x70, 0x5f, 0xff, 0xf8, 0x0,
    0x0, 0x1, 0x21, 0x0, 0x1f, 0xfe, 0x0, 0x0,
    0x1, 0xff, 0xfe, 0x10, 0x40, 0x0, 0x1, 0x23,
    0x45, 0xff, 0xf9, 0xab, 0xc0, 0x2f, 0xff, 0x70,
    0x2f, 0x80, 0x6f, 0xff, 0xff, 0xff, 0xff, 0xff,
    0xff, 0x1d, 0xff, 0xf9, 0x3, 0xff, 0x35, 0xff,
    0xff, 0xff, 0xff, 0xff, 0xec, 0xcc, 0xff, 0xff,
    0xf3, 0x7f, 0xf0, 0x3c, 0xb9, 0x86, 0x5f, 0xfe,
    0x0, 0x2d, 0xff, 0xfc, 0xff, 0xff, 0xfd, 0x0,
    0x0, 0x0, 0x0, 0xff, 0xe0, 0xa, 0xff, 0xf5,
    0x1e, 0xff, 0xff, 0x60, 0x0, 0x0, 0x0, 0xf,
    0xfe, 0x0, 0xa, 0xf4, 0x0, 0x2b, 0xfe, 0x90,
    0x0, 0x0, 0x0, 0x0, 0x22, 0x20, 0x0, 0x2,
    0x0, 0x0, 0x0, 0x0, 0x0,

    /* U+8F93 "输" */
    0x0, 0x0, 0x0, 0x0, 0x0, 0x0, 0x0, 0x0,
    0x2, 0x0, 0x0, 0x0, 0x0, 0x0, 0x5, 0xfd,
    0x60, 0x0, 0x0, 0x0, 0x0, 0x8f, 0xa2, 0x0,
    0x0, 0x0, 0x0, 0x6, 0xff, 0x60, 0x0, 0x0,
    0x0, 0x7, 0xff, 0xf4, 0x0, 0x0, 0x0, 0x4,
    0x4a, 0xff, 0x74, 0x42, 0x0, 0x0, 0x9f, 0xff,
    0xfe, 0x30, 0x0, 0x0, 0xf, 0xff, 0xff, 0xff,
    0xfa, 0x0, 0x2c, 0xff, 0xfb, 0xff, 0xf7, 0x0,
    0x0, 0xf, 0xff, 0xff, 0xff, 0xfa, 0x7, 0xff,
    0xff, 0x40, 0x7f, 0xff, 0xd4, 0x0, 0x8, 0x9f,
    0xfc, 0x88, 0x9c, 0xef, 0xff, 0xd3, 0x0, 0x5,
    0xff, 0xff, 0xd4, 0x0, 0x4f, 0xf4, 0x0, 0x9,
    0xff, 0xff, 0xff, 0xff, 0xff, 0xff, 0xff, 0xe2,
    0x0, 0x8f, 0xf9, 0xdc, 0x0, 0xcd, 0xff, 0xff,
    0xff, 0xff, 0xff, 0xce, 0x40, 0x0, 0xcf, 0xbb,
    0xfe, 0x0, 0x10, 0x77, 0x77, 0x77, 0x77, 0x77,
    0x40, 0x0, 0x1, 0xff, 0x6b, 0xfe, 0x0, 0x24,
    0x44, 0x44, 0x43, 0x0, 0x0, 0x79, 0x40, 0x6,
    0xff, 0x4c, 0xff, 0x31, 0x8f, 0xff, 0xff, 0xfe,
    0x18, 0x81, 0xdf, 0x80, 0xe, 0xff, 0xff, 0xff,
    0xf9, 0x8f, 0xff, 0xff, 0xfe, 0x3f, 0xf2, 0xdf,
    0x80, 0xd, 0xff, 0xff, 0xff, 0xf9, 0x8f, 0xf2,
    0x29, 0xfe, 0x3f, 0xf2, 0xdf, 0x80, 0x7, 0xba,
    0xae, 0xff, 0xa5, 0x8f, 0xf9, 0x9c, 0xfe, 0x3f,
    0xf2, 0xdf, 0x80, 0x0, 0x0, 0xb, 0xfe, 0x0,
    0x8f, 0xff, 0xff, 0xfe, 0x3f, 0xf2, 0xdf, 0x80,
    0x0, 0x0, 0xb, 0xff, 0x33, 0x8f, 0xfa, 0xad,
    0xfe, 0x3f, 0xf2, 0xdf, 0x80, 0x0, 0x14, 0x7e,
    0xff, 0xfb, 0x8f, 0xf0, 0x8, 0xfe, 0x3f, 0xf2,
    0xdf, 0x80, 0xe, 0xff, 0xff, 0xff, 0xfc, 0x8f,
    0xff, 0xff, 0xfe, 0x3f, 0xf2, 0xdf, 0x80, 0xd,
    0xff, 0xff, 0xff, 0x73, 0x8f, 0xff, 0xff, 0xfe,
    0x3f, 0xf2, 0xdf, 0x80, 0x9, 0xda, 0x6c, 0xfe,
    0x0, 0x8f, 0xf3, 0x39, 0xfe, 0x3f, 0xf2, 0xdf,
    0x80, 0x0, 0x0, 0xb, 0xfe, 0x0, 0x8f, 0xf0,
    0x8, 0xfe, 0x0, 0x0, 0xdf, 0x80, 0x0, 0x0,
    0xb, 0xfe, 0x0, 0x8f, 0xf2, 0x8c, 0xfe, 0x7,
    0xaa, 0xff, 0x80, 0x0, 0x0, 0xb, 0xfe, 0x0,
    0x8f, 0xf0, 0xff, 0xfc, 0x7, 0xff, 0xff, 0x40,
    0x0, 0x0, 0xb, 0xfe, 0x0, 0x7f, 0xf0, 0xbe,
    0xb2, 0x2, 0xcb, 0xa5, 0x0,

    /* U+8FA8 "辨" */
    0x0, 0x0, 0x0, 0x0, 0x0, 0x0, 0x0, 0x0,
    0x0, 0x0, 0x0, 0x0, 0x0, 0x0, 0x5, 0xa9,
    0x0, 0x0, 0x0, 0xf, 0xf9, 0x0, 0x3a, 0xf3,
    0x0, 0x0, 0x0, 0xd, 0xff, 0x20, 0x0, 0x0,
    0xf, 0xf9, 0x0, 0x3f, 0xfb, 0x0, 0x0, 0x0,
    0x7, 0xff, 0x90, 0x0, 0x0, 0xf, 0xf9, 0x0,
    0xd, 0xff, 0x20, 0x0, 0xe, 0xff, 0xff, 0xff,
    0xf1, 0x0, 0xf, 0xf9, 0xbf, 0xff, 0xff, 0xff,
    0xa0, 0xe, 0xff, 0xff, 0xff, 0xf1, 0x10, 0xf,
    0xf9, 0xbf, 0xff, 0xff, 0xff, 0xa0, 0x9, 0xad,
    0x99, 0xcb, 0x91, 0xef, 0x3f, 0xf9, 0x69, 0xc9,
    0x89, 0xea, 0x50, 0x2, 0xff, 0x20, 0xaf, 0xb0,
    0xff, 0x3f, 0xf9, 0xe, 0xf5, 0x3, 0xff, 0x40,
    0x0, 0xef, 0x60, 0xdf, 0x80, 0xff, 0x3f, 0xf9,
    0xb, 0xf9, 0x6, 0xff, 0x0, 0x0, 0xbf, 0x91,
    0xff, 0x41, 0xff, 0x2f, 0xf9, 0x8, 0xfc, 0x9,
    0xfc, 0x0, 0x0, 0xaf, 0xa4, 0xff, 0x2, 0xff,
    0x2f, 0xf9, 0x6, 0xfe, 0xc, 0xf8, 0x0, 0x19,
    0xde, 0xac, 0xfe, 0x96, 0xff, 0xf, 0xf9, 0x9b,
    0xeb, 0x9f, 0xfb, 0x90, 0x2f, 0xff, 0xff, 0xff,
    0xfa, 0xfe, 0xf, 0xf9, 0xff, 0xff, 0xff, 0xff,
    0xf0, 0x2f, 0xff, 0xff, 0xff, 0xfd, 0xfc, 0x1f,
    0xf8, 0xff, 0xff, 0xff, 0xff, 0xf0, 0x0, 0x5,
    0xff, 0x80, 0x6, 0xc8, 0x2f, 0xf7, 0x0, 0xd,
    0xff, 0x10, 0x0, 0x0, 0x5, 0xff, 0x80, 0x0,
    0x0, 0x4f, 0xf5, 0x0, 0xd, 0xff, 0x10, 0x0,
    0xe, 0xff, 0xff, 0xff, 0xf1, 0x0, 0x7f, 0xf3,
    0x58, 0x8e, 0xff, 0x98, 0x60, 0xe, 0xff, 0xff,
    0xff, 0xf1, 0x0, 0xbf, 0xf0, 0xaf, 0xff, 0xff,
    0xff, 0xb0, 0x6, 0x7b, 0xff, 0xa7, 0x70, 0x1,
    0xff, 0xc0, 0xaf, 0xff, 0xff, 0xff, 0xb0, 0x0,
    0xa, 0xff, 0x30, 0x0, 0x9, 0xff, 0x60, 0x0,
    0xd, 0xff, 0x10, 0x0, 0x0, 0xf, 0xff, 0x0,
    0x0, 0x3f, 0xfe, 0x0, 0x0, 0xd, 0xff, 0x10,
    0x0, 0x0, 0x8f, 0xf9, 0x0, 0x1, 0xef, 0xf6,
    0x0, 0x0, 0xd, 0xff, 0x10, 0x0, 0x7, 0xff,
    0xf2, 0x0, 0x3e, 0xff, 0xa0, 0x0, 0x0, 0xd,
    0xff, 0x10, 0x0, 0xa, 0xff, 0x60, 0x0, 0x3f,
    0xfc, 0x0, 0x0, 0x0, 0xd, 0xff, 0x10, 0x0,
    0x0, 0xa6, 0x0, 0x0, 0x4, 0xa0, 0x0, 0x0,
    0x0, 0xd, 0xff, 0x10, 0x0, 0x0, 0x0, 0x0,
    0x0, 0x0, 0x0, 0x0, 0x0, 0x0, 0x0, 0x0,
    0x0, 0x0,

    /* U+8FBE "达" */
    0x0, 0x2, 0x20, 0x0, 0x0, 0x0, 0x0, 0x4d,
    0xdc, 0x0, 0x0, 0x0, 0x0, 0x1, 0x9f, 0xe1,
    0x0, 0x0, 0x0, 0x0, 0x5f, 0xfe, 0x0, 0x0,
    0x0, 0x0, 0x1, 0xef, 0xfb, 0x0, 0x0, 0x0,
    0x0, 0x5f, 0xfd, 0x0, 0x0, 0x0, 0x0, 0x0,
    0x5f, 0xff, 0x50, 0x0, 0x0, 0x0, 0x6f, 0xfd,
    0x0, 0x0, 0x0, 0x0, 0x0, 0xb, 0xff, 0xe0,
    0x1, 0x11, 0x11, 0x7f, 0xfc, 0x11, 0x11, 0x11,
    0x0, 0x0, 0x2, 0xff, 0xf4, 0x6f, 0xff, 0xff,
    0xff, 0xff, 0xff, 0xff, 0xff, 0x90, 0x0, 0x0,
    0xa9, 0x10, 0x6f, 0xff, 0xff, 0xff, 0xff, 0xff,
    0xff, 0xff, 0x90, 0x0, 0x0, 0x0, 0x0, 0x5f,
    0xff, 0xff, 0xff, 0xff, 0xff, 0xff, 0xff, 0x90,
    0x0, 0x0, 0x0, 0x0, 0x0, 0x0, 0x0, 0xcf,
    0xf6, 0x0, 0x0, 0x0, 0x0, 0xd, 0xdd, 0xdd,
    0xd2, 0x0, 0x0, 0x0, 0xff, 0xf9, 0x0, 0x0,
    0x0, 0x0, 0xf, 0xff, 0xff, 0xf3, 0x0, 0x0,
    0x4, 0xff, 0xff, 0x90, 0x0, 0x0, 0x0, 0xf,
    0xff, 0xff, 0xf3, 0x0, 0x0, 0xa, 0xff, 0xff,
    0xf9, 0x0, 0x0, 0x0, 0x2, 0x22, 0xff, 0xf3,
    0x0, 0x0, 0x1f, 0xff, 0xdf, 0xff, 0x90, 0x0,
    0x0, 0x0, 0x0, 0xff, 0xf3, 0x0, 0x0, 0xbf,
    0xff, 0x1b, 0xff, 0xf8, 0x0, 0x0, 0x0, 0x0,
    0xff, 0xf3, 0x0, 0x7, 0xff, 0xf8, 0x0, 0xbf,
    0xff, 0x70, 0x0, 0x0, 0x0, 0xff, 0xf3, 0x0,
    0x8f, 0xff, 0xd0, 0x0, 0xd, 0xff, 0xf5, 0x0,
    0x0, 0x0, 0xff, 0xf3, 0x3c, 0xff, 0xff, 0x30,
    0x0, 0x1, 0xef, 0xff, 0x20, 0x0, 0x0, 0xff,
    0xf3, 0x7f, 0xff, 0xf3, 0x0, 0x0, 0x0, 0x3f,
    0xff, 0x90, 0x0, 0x4, 0xff, 0xf4, 0x9, 0xfc,
    0x20, 0x0, 0x0, 0x0, 0x7, 0xf8, 0x0, 0x0,
    0x9f, 0xff, 0xff, 0x61, 0x60, 0x0, 0x0, 0x0,
    0x0, 0x0, 0x40, 0x0, 0xb, 0xff, 0xff, 0xff,
    0xfe, 0x85, 0x32, 0x11, 0x11, 0x12, 0x34, 0x67,
    0x93, 0x3f, 0xff, 0xa0, 0x6f, 0xff, 0xff, 0xff,
    0xff, 0xff, 0xff, 0xff, 0xff, 0xf0, 0x9, 0xfd,
    0x0, 0x1, 0xaf, 0xff, 0xff, 0xff, 0xff, 0xff,
    0xff, 0xff, 0xb0, 0x0, 0xd4, 0x0, 0x0, 0x1,
    0x6a, 0xce, 0xef, 0xff, 0xee, 0xdd, 0xcb, 0x50,
    0x0, 0x10, 0x0, 0x0, 0x0, 0x0, 0x0, 0x0,
    0x0, 0x0, 0x0, 0x0, 0x0,

    /* U+8FC7 "过" */
    0x0, 0x0, 0x0, 0x0, 0x0, 0x0, 0x0, 0x0,
    0x0, 0x22, 0x20, 0x0, 0x0, 0x0, 0x4, 0x10,
    0x0, 0x0, 0x0, 0x0, 0x0, 0x0, 0xef, 0xf4,
    0x0, 0x0, 0x0, 0x9f, 0xc1, 0x0, 0x0, 0x0,
    0x0, 0x0, 0x0, 0xef, 0xf4, 0x0, 0x0, 0x3,
    0xff, 0xfc, 0x0, 0x0, 0x0, 0x0, 0x0, 0x0,
    0xef, 0xf4, 0x0, 0x0, 0x0, 0x4f, 0xff, 0xb0,
    0x0, 0x0, 0x0, 0x0, 0x0, 0xef, 0xf4, 0x0,
    0x0, 0x0, 0x6, 0xff, 0xf7, 0x5d, 0xdd, 0xdd,
    0xdd, 0xdd, 0xff, 0xfe, 0xdd, 0x60, 0x0, 0x0,
    0x9f, 0xc2, 0x6f, 0xff, 0xff, 0xff, 0xff, 0xff,
    0xff, 0xff, 0x70, 0x0, 0x0, 0x7, 0x0, 0x6f,
    0xff, 0xff, 0xff, 0xff, 0xff, 0xff, 0xff, 0x70,
    0x0, 0x0, 0x0, 0x0, 0x1, 0x11, 0x11, 0x11,
    0x11, 0xef, 0xf5, 0x11, 0x0, 0x0, 0x0, 0x0,
    0x0, 0x0, 0x19, 0x10, 0x0, 0x0, 0xef, 0xf4,
    0x0, 0x0, 0xa, 0xaa, 0xaa, 0xa1, 0x5, 0xff,
    0xc0, 0x0, 0x0, 0xef, 0xf4, 0x0, 0x0, 0xf,
    0xff, 0xff, 0xf2, 0x2, 0xff, 0xf8, 0x0, 0x0,
    0xef, 0xf4, 0x0, 0x0, 0xf, 0xff, 0xff, 0xf2,
    0x0, 0x6f, 0xff, 0x40, 0x0, 0xef, 0xf4, 0x0,
    0x0, 0x3, 0x33, 0xff, 0xf2, 0x0, 0xc, 0xff,
    0xe0, 0x0, 0xef, 0xf4, 0x0, 0x0, 0x0, 0x0,
    0xef, 0xf2, 0x0, 0x2, 0xff, 0xe2, 0x0, 0xef,
    0xf4, 0x0, 0x0, 0x0, 0x0, 0xef, 0xf2, 0x0,
    0x0, 0x8b, 0x10, 0x0, 0xef, 0xf4, 0x0, 0x0,
    0x0, 0x0, 0xef, 0xf2, 0x0, 0x0, 0x0, 0x0,
    0x0, 0xef, 0xf4, 0x0, 0x0, 0x0, 0x0, 0xef,
    0xf2, 0x0, 0x0, 0x3, 0x55, 0x55, 0xff, 0xf3,
    0x0, 0x0, 0x0, 0x0, 0xef, 0xf2, 0x0, 0x0,
    0x4, 0xff, 0xff, 0xff, 0xf1, 0x0, 0x0, 0x0,
    0x3, 0xff, 0xf3, 0x0, 0x0, 0x0, 0xef, 0xff,
    0xff, 0xa0, 0x0, 0x0, 0x0, 0x9f, 0xff, 0xfe,
    0x60, 0x0, 0x0, 0x8c, 0xba, 0x84, 0x0, 0x0,
    0x0, 0xc, 0xff, 0xff, 0xff, 0xfe, 0x96, 0x53,
    0x33, 0x33, 0x44, 0x56, 0x89, 0xa0, 0x5f, 0xff,
    0xb2, 0x9f, 0xff, 0xff, 0xff, 0xff, 0xff, 0xff,
    0xff, 0xff, 0x90, 0xa, 0xfd, 0x0, 0x3, 0xbf,
    0xff, 0xff, 0xff, 0xff, 0xff, 0xff, 0xff, 0x50,
    0x1, 0xe3, 0x0, 0x0, 0x2, 0x7a, 0xcd, 0xee,
    0xee, 0xdd, 0xcc, 0xba, 0x10, 0x0, 0x10, 0x0,
    0x0, 0x0, 0x0, 0x0, 0x0, 0x0, 0x0, 0x0,
    0x0, 0x0,

    /* U+8FD0 "运" */
    0x0, 0x0, 0x0, 0x0, 0x0, 0x0, 0x0, 0x0,
    0x0, 0x0, 0x0, 0x0, 0x0, 0x0, 0x4f, 0x70,
    0x0, 0x1, 0xee, 0xee, 0xee, 0xee, 0xee, 0xee,
    0xe3, 0x0, 0x3, 0xff, 0xfc, 0x20, 0x1, 0xff,
    0xff, 0xff, 0xff, 0xff, 0xff, 0xf4, 0x0, 0x0,
    0xaf, 0xff, 0xf5, 0x1, 0xff, 0xff, 0xff, 0xff,
    0xff, 0xff, 0xf4, 0x0, 0x0, 0x6, 0xff, 0xfc,
    0x0, 0x0, 0x0, 0x0, 0x0, 0x0, 0x0, 0x0,
    0x0, 0x0, 0x0, 0x4f, 0xd1, 0x0, 0x0, 0x0,
    0x0, 0x0, 0x0, 0x0, 0x0, 0x0, 0x0, 0x0,
    0x2, 0x10, 0x0, 0x0, 0x0, 0x0, 0x0, 0x0,
    0x0, 0x0, 0x0, 0x0, 0x0, 0x0, 0x0, 0xdf,
    0xff, 0xff, 0xff, 0xff, 0xff, 0xff, 0xff, 0xe0,
    0x0, 0x0, 0x0, 0x0, 0xdf, 0xff, 0xff, 0xff,
    0xff, 0xff, 0xff, 0xff, 0xf0, 0x1f, 0xff, 0xff,
    0xf2, 0xdf, 0xff, 0xff, 0xff, 0xff, 0xff, 0xff,
    0xff, 0xf0, 0x1f, 0xff, 0xff, 0xf2, 0x0, 0x0,
    0x7f, 0xff, 0x40, 0x1, 0x20, 0x0, 0x0, 0x1d,
    0xdd, 0xff, 0xf2, 0x0, 0x0, 0xef, 0xfc, 0x1,
    0x9f, 0xc0, 0x0, 0x0, 0x0, 0x0, 0xef, 0xf2,
    0x0, 0x6, 0xff, 0xf3, 0x0, 0xef, 0xf6, 0x0,
    0x0, 0x0, 0x0, 0xef, 0xf2, 0x0, 0xe, 0xff,
    0xa0, 0x0, 0x5f, 0xff, 0x10, 0x0, 0x0, 0x0,
    0xef, 0xf2, 0x0, 0x8f, 0xfe, 0x10, 0x0, 0xc,
    0xff, 0x90, 0x0, 0x0, 0x0, 0xef, 0xf2, 0x4,
    0xff, 0xfa, 0x78, 0x9a, 0xce, 0xff, 0xf3, 0x0,
    0x0, 0x0, 0xef, 0xf2, 0xf, 0xff, 0xff, 0xff,
    0xff, 0xff, 0xff, 0xfc, 0x0, 0x0, 0x0, 0xef,
    0xf2, 0xa, 0xff, 0xff, 0xff, 0xff, 0xff, 0xef,
    0xff, 0x40, 0x0, 0x0, 0xef, 0xf2, 0x5, 0xfe,
    0xca, 0x86, 0x53, 0x20, 0xa, 0xfe, 0x50, 0x0,
    0x7, 0xff, 0xfc, 0x30, 0x10, 0x0, 0x0, 0x0,
    0x0, 0x3, 0x70, 0x0, 0x1, 0xcf, 0xff, 0xff,
    0xfb, 0x52, 0x10, 0x0, 0x0, 0x0, 0x12, 0x34,
    0x52, 0x2e, 0xff, 0xfc, 0xdf, 0xff, 0xff, 0xff,
    0xff, 0xff, 0xff, 0xff, 0xff, 0xf2, 0xc, 0xff,
    0x90, 0x6, 0xef, 0xff, 0xff, 0xff, 0xff, 0xff,
    0xff, 0xff, 0xd0, 0x2, 0xea, 0x0, 0x0, 0x5,
    0xad, 0xff, 0xff, 0xff, 0xff, 0xff, 0xfe, 0x80,
    0x0, 0x30, 0x0, 0x0, 0x0, 0x0, 0x1, 0x12,
    0x21, 0x11, 0x0, 0x0, 0x0,

    /* U+8FD1 "近" */
    0x0, 0x0, 0x0, 0x0, 0x0, 0x0, 0x0, 0x0,
    0x0, 0x0, 0x0, 0x0, 0x0, 0x0, 0x6, 0x20,
    0x0, 0x0, 0x0, 0x0, 0x0, 0x2, 0x47, 0xae,
    0x60, 0x0, 0x2, 0xcf, 0xe2, 0x0, 0x0, 0x7b,
    0xbc, 0xde, 0xff, 0xff, 0xff, 0xf8, 0x0, 0x1,
    0xdf, 0xfd, 0x10, 0x0, 0xbf, 0xff, 0xff, 0xff,
    0xff, 0xff, 0xd8, 0x10, 0x0, 0x2e, 0xff, 0xc0,
    0x0, 0xbf, 0xff, 0xed, 0xca, 0x86, 0x30, 0x0,
    0x0, 0x0, 0x4, 0xff, 0xf9, 0x0, 0xbf, 0xf7,
    0x0, 0x0, 0x0, 0x0, 0x0, 0x0, 0x0, 0x0,
    0x7f, 0xd3, 0x0, 0xbf, 0xf7, 0x0, 0x0, 0x0,
    0x0, 0x0, 0x0, 0x0, 0x0, 0x7, 0x0, 0x0,
    0xbf, 0xf7, 0x0, 0x0, 0x0, 0x0, 0x0, 0x0,
    0x0, 0x0, 0x0, 0x0, 0x0, 0xbf, 0xfe, 0xcc,
    0xcc, 0xcc, 0xcc, 0xcc, 0x70, 0x0, 0x0, 0x0,
    0x0, 0x0, 0xbf, 0xff, 0xff, 0xff, 0xff, 0xff,
    0xff, 0x90, 0xd, 0xff, 0xff, 0xf1, 0x0, 0xcf,
    0xff, 0xff, 0xff, 0xff, 0xff, 0xff, 0x90, 0xd,
    0xff, 0xff, 0xf2, 0x0, 0xdf, 0xf5, 0x0, 0xd,
    0xff, 0x40, 0x0, 0x0, 0xd, 0xff, 0xff, 0xf2,
    0x0, 0xef, 0xf4, 0x0, 0xd, 0xff, 0x40, 0x0,
    0x0, 0x1, 0x22, 0xef, 0xf2, 0x0, 0xff, 0xf2,
    0x0, 0xd, 0xff, 0x40, 0x0, 0x0, 0x0, 0x0,
    0xef, 0xf2, 0x3, 0xff, 0xf0, 0x0, 0xd, 0xff,
    0x40, 0x0, 0x0, 0x0, 0x0, 0xef, 0xf2, 0x7,
    0xff, 0xd0, 0x0, 0xd, 0xff, 0x40, 0x0, 0x0,
    0x0, 0x0, 0xef, 0xf2, 0xc, 0xff, 0x90, 0x0,
    0xd, 0xff, 0x40, 0x0, 0x0, 0x0, 0x0, 0xef,
    0xf2, 0x3f, 0xff, 0x40, 0x0, 0xd, 0xff, 0x40,
    0x0, 0x0, 0x0, 0x0, 0xef, 0xf2, 0xbf, 0xfe,
    0x0, 0x0, 0xd, 0xff, 0x40, 0x0, 0x0, 0x0,
    0x4, 0xff, 0xf2, 0x2d, 0xf7, 0x0, 0x0, 0xd,
    0xff, 0x40, 0x0, 0x0, 0x0, 0x9f, 0xff, 0xfd,
    0x40, 0x80, 0x0, 0x0, 0x7, 0x88, 0x20, 0x0,
    0x0, 0xb, 0xff, 0xfe, 0xff, 0xfb, 0x63, 0x10,
    0x0, 0x0, 0x1, 0x13, 0x46, 0x80, 0x3f, 0xff,
    0x80, 0x6f, 0xff, 0xff, 0xff, 0xff, 0xff, 0xff,
    0xff, 0xff, 0xa0, 0x9, 0xfc, 0x0, 0x2, 0xbf,
    0xff, 0xff, 0xff, 0xff, 0xff, 0xff, 0xff, 0x60,
    0x1, 0xe2, 0x0, 0x0, 0x2, 0x7b, 0xde, 0xff,
    0xff, 0xee, 0xdd, 0xcb, 0x20, 0x0, 0x10, 0x0,
    0x0, 0x0, 0x0, 0x0, 0x0, 0x0, 0x0, 0x0,
    0x0, 0x0,

    /* U+8FD4 "返" */
    0x0, 0x0, 0x0, 0x0, 0x0, 0x0, 0x0, 0x0,
    0x0, 0x0, 0x0, 0x0, 0x0, 0x0, 0x6, 0x20,
    0x0, 0x0, 0x0, 0x0, 0x0, 0x2, 0x46, 0x9d,
    0xe2, 0x0, 0x2, 0xbf, 0xe1, 0x0, 0x2, 0xab,
    0xbc, 0xdf, 0xff, 0xff, 0xff, 0xfe, 0x30, 0x3,
    0xff, 0xfd, 0x10, 0x2, 0xff, 0xff, 0xff, 0xff,
    0xff, 0xff, 0xfd, 0x80, 0x0, 0x5f, 0xff, 0xc0,
    0x2, 0xff, 0xff, 0xff, 0xdc, 0xa8, 0x53, 0x0,
    0x0, 0x0, 0x7, 0xff, 0xf6, 0x2, 0xff, 0xf1,
    0x0, 0x0, 0x0, 0x0, 0x0, 0x0, 0x0, 0x0,
    0x9e, 0x40, 0x2, 0xff, 0xe0, 0x0, 0x0, 0x0,
    0x0, 0x0, 0x0, 0x0, 0x0, 0x1, 0x0, 0x2,
    0xff, 0xff, 0xff, 0xff, 0xff, 0xff, 0xfa, 0x0,
    0x0, 0x0, 0x0, 0x0, 0x2, 0xff, 0xff, 0xff,
    0xff, 0xff, 0xff, 0xfd, 0x0, 0x0, 0x0, 0x0,
    0x0, 0x3, 0xff, 0xfc, 0xcc, 0xcc, 0xcc, 0xff,
    0xf8, 0x0, 0xd, 0xee, 0xee, 0xe1, 0x3, 0xff,
    0xd0, 0x21, 0x0, 0x0, 0xef, 0xf3, 0x0, 0xf,
    0xff, 0xff, 0xf1, 0x5, 0xff, 0xc3, 0xed, 0x20,
    0x7, 0xff, 0xd0, 0x0, 0xf, 0xff, 0xff, 0xf1,
    0x6, 0xff, 0xbe, 0xff, 0xf4, 0x2f, 0xff, 0x50,
    0x0, 0x0, 0x1, 0xff, 0xf1, 0x9, 0xff, 0x82,
    0xdf, 0xff, 0xef, 0xfd, 0x0, 0x0, 0x0, 0x0,
    0xff, 0xf1, 0xd, 0xff, 0x50, 0x1b, 0xff, 0xff,
    0xf3, 0x0, 0x0, 0x0, 0x0, 0xff, 0xf1, 0x2f,
    0xff, 0x20, 0x1, 0xef, 0xff, 0xe1, 0x0, 0x0,
    0x0, 0x0, 0xff, 0xf1, 0x8f, 0xfd, 0x0, 0x3d,
    0xff, 0xff, 0xfe, 0x20, 0x0, 0x0, 0x0, 0xff,
    0xf3, 0xff, 0xf7, 0x2a, 0xff, 0xff, 0xcf, 0xff,
    0xe3, 0x0, 0x0, 0x0, 0xff, 0xfa, 0xff, 0xf3,
    0xff, 0xff, 0xf7, 0x6, 0xff, 0xfe, 0x10, 0x0,
    0x6, 0xff, 0xf2, 0x5e, 0x70, 0x7f, 0xfb, 0x20,
    0x0, 0x5f, 0xf3, 0x0, 0x1, 0xbf, 0xff, 0xfe,
    0x61, 0x0, 0x9, 0x40, 0x0, 0x0, 0x5, 0x30,
    0x0, 0x1d, 0xff, 0xff, 0xff, 0xfe, 0x95, 0x42,
    0x11, 0x11, 0x22, 0x34, 0x68, 0xa3, 0x3f, 0xff,
    0x60, 0x7f, 0xff, 0xff, 0xff, 0xff, 0xff, 0xff,
    0xff, 0xff, 0xf0, 0x8, 0xfb, 0x0, 0x2, 0xaf,
    0xff, 0xff, 0xff, 0xff, 0xff, 0xff, 0xff, 0xb0,
    0x0, 0xd2, 0x0, 0x0, 0x1, 0x69, 0xbd, 0xee,
    0xee, 0xed, 0xdc, 0xbb, 0x50, 0x0, 0x10, 0x0,
    0x0, 0x0, 0x0, 0x0, 0x0, 0x0, 0x0, 0x0,
    0x0, 0x0,

    /* U+8FDB "进" */
    0x0, 0x9, 0x30, 0x0, 0x0, 0x0, 0x99, 0x91,
    0x0, 0x89, 0x91, 0x0, 0x0, 0x2, 0xdf, 0xf4,
    0x0, 0x0, 0x0, 0xff, 0xf2, 0x0, 0xef, 0xf2,
    0x0, 0x0, 0x1, 0xcf, 0xff, 0x40, 0x0, 0x0,
    0xff, 0xf2, 0x0, 0xef, 0xf2, 0x0, 0x0, 0x0,
    0x1d, 0xff, 0xf3, 0x0, 0x0, 0xff, 0xf2, 0x0,
    0xef, 0xf2, 0x0, 0x0, 0x0, 0x1, 0xef, 0xf9,
    0x2d, 0xdd, 0xff, 0xfe, 0xdd, 0xff, 0xfe, 0xdd,
    0x20, 0x0, 0x0, 0x2f, 0x80, 0x3f, 0xff, 0xff,
    0xff, 0xff, 0xff, 0xff, 0xff, 0x20, 0x0, 0x0,
    0x1, 0x0, 0x3f, 0xff, 0xff, 0xff, 0xff, 0xff,
    0xff, 0xff, 0x20, 0x0, 0x0, 0x0, 0x0, 0x2,
    0x22, 0xff, 0xf4, 0x22, 0xff, 0xf5, 0x22, 0x0,
    0x0, 0x0, 0x0, 0x0, 0x0, 0x0, 0xff, 0xf2,
    0x0, 0xef, 0xf2, 0x0, 0x0, 0xb, 0xbb, 0xbb,
    0xb1, 0x0, 0x0, 0xff, 0xf1, 0x0, 0xef, 0xf2,
    0x0, 0x0, 0xf, 0xff, 0xff, 0xf2, 0x0, 0x0,
    0xff, 0xf1, 0x0, 0xef, 0xf2, 0x0, 0x0, 0xf,
    0xff, 0xff, 0xf2, 0x7f, 0xff, 0xff, 0xff, 0xff,
    0xff, 0xff, 0xff, 0xb0, 0x3, 0x44, 0xff, 0xf2,
    0x7f, 0xff, 0xff, 0xff, 0xff, 0xff, 0xff, 0xff,
    0xb0, 0x0, 0x0, 0xef, 0xf2, 0x6f, 0xff, 0xff,
    0xff, 0xff, 0xff, 0xff, 0xff, 0xa0, 0x0, 0x0,
    0xef, 0xf2, 0x0, 0xc, 0xff, 0x80, 0x0, 0xef,
    0xf2, 0x0, 0x0, 0x0, 0x0, 0xef, 0xf2, 0x0,
    0x3f, 0xff, 0x30, 0x0, 0xef, 0xf2, 0x0, 0x0,
    0x0, 0x0, 0xef, 0xf2, 0x0, 0xcf, 0xfd, 0x0,
    0x0, 0xef, 0xf2, 0x0, 0x0, 0x0, 0x0, 0xef,
    0xf2, 0xa, 0xff, 0xf6, 0x0, 0x0, 0xef, 0xf2,
    0x0, 0x0, 0x0, 0x4, 0xff, 0xf3, 0x5, 0xff,
    0xc0, 0x0, 0x0, 0xef, 0xf2, 0x0, 0x0, 0x0,
    0x9f, 0xff, 0xfe, 0x40, 0x5d, 0x10, 0x0, 0x0,
    0x9a, 0xa1, 0x0, 0x0, 0xb, 0xff, 0xfe, 0xff,
    0xfc, 0x63, 0x10, 0x0, 0x0, 0x0, 0x12, 0x46,
    0x81, 0x3f, 0xff, 0x80, 0x5e, 0xff, 0xff, 0xff,
    0xff, 0xff, 0xff, 0xff, 0xff, 0xe0, 0x9, 0xfc,
    0x0, 0x1, 0xaf, 0xff, 0xff, 0xff, 0xff, 0xff,
    0xff, 0xff, 0x90, 0x1, 0xe3, 0x0, 0x0, 0x2,
    0x7a, 0xde, 0xff, 0xff, 0xee, 0xed, 0xcc, 0x50,
    0x0, 0x10, 0x0, 0x0, 0x0, 0x0, 0x0, 0x0,
    0x0, 0x0, 0x0, 0x0, 0x0,

    /* U+8FDE "连" */
    0x0, 0x0, 0x0, 0x0, 0x0, 0x0, 0x1, 0x0,
    0x0, 0x0, 0x0, 0x0, 0x0, 0x0, 0x8, 0xa0,
    0x0, 0x0, 0x0, 0x4f, 0xd8, 0x0, 0x0, 0x0,
    0x0, 0x0, 0x0, 0xdf, 0xf9, 0x0, 0x0, 0x0,
    0x9f, 0xfe, 0x0, 0x0, 0x0, 0x0, 0x0, 0x0,
    0x5f, 0xff, 0x50, 0x7a, 0xaa, 0xff, 0xfe, 0xaa,
    0xaa, 0xaa, 0xaa, 0x10, 0x0, 0x9, 0xff, 0xf2,
    0xcf, 0xff, 0xff, 0xff, 0xff, 0xff, 0xff, 0xff,
    0x20, 0x0, 0x0, 0xcf, 0xfa, 0xcf, 0xff, 0xff,
    0xff, 0xff, 0xff, 0xff, 0xff, 0x20, 0x0, 0x0,
    0x2f, 0x80, 0x0, 0x3f, 0xff, 0x41, 0x33, 0x30,
    0x0, 0x0, 0x0, 0x0, 0x0, 0x1, 0x0, 0x0,
    0x9f, 0xfb, 0x4, 0xff, 0xf0, 0x0, 0x0, 0x0,
    0x0, 0x0, 0x0, 0x0, 0x3, 0xff, 0xf3, 0x4,
    0xff, 0xf0, 0x0, 0x0, 0x0, 0xa, 0xbb, 0xbb,
    0xa0, 0x2d, 0xff, 0xf9, 0x9b, 0xff, 0xf9, 0x99,
    0x95, 0x0, 0xf, 0xff, 0xff, 0xf0, 0x3f, 0xff,
    0xff, 0xff, 0xff, 0xff, 0xff, 0xf8, 0x0, 0xf,
    0xff, 0xff, 0xf0, 0xd, 0xff, 0xff, 0xff, 0xff,
    0xff, 0xff, 0xf8, 0x0, 0x3, 0x33, 0xff, 0xf0,
    0x5, 0x64, 0x44, 0x47, 0xff, 0xf4, 0x44, 0x42,
    0x0, 0x0, 0x0, 0xff, 0xf0, 0x0, 0x0, 0x0,
    0x4, 0xff, 0xf0, 0x0, 0x0, 0x0, 0x0, 0x0,
    0xff, 0xf0, 0x0, 0x0, 0x0, 0x4, 0xff, 0xf1,
    0x0, 0x0, 0x0, 0x0, 0x0, 0xff, 0xf0, 0xcf,
    0xff, 0xff, 0xff, 0xff, 0xff, 0xff, 0xff, 0xa0,
    0x0, 0x0, 0xff, 0xf0, 0xcf, 0xff, 0xff, 0xff,
    0xff, 0xff, 0xff, 0xff, 0xa0, 0x0, 0x0, 0xff,
    0xf0, 0xbe, 0xee, 0xee, 0xee, 0xff, 0xfe, 0xee,
    0xee, 0x80, 0x0, 0x0, 0xff, 0xf0, 0x0, 0x0,
    0x0, 0x4, 0xff, 0xf0, 0x0, 0x0, 0x0, 0x0,
    0x5, 0xff, 0xf0, 0x0, 0x0, 0x0, 0x4, 0xff,
    0xf0, 0x0, 0x0, 0x0, 0x0, 0xaf, 0xff, 0xfd,
    0x40, 0x0, 0x0, 0x4, 0xff, 0xf0, 0x0, 0x0,
    0x0, 0x1c, 0xff, 0xff, 0xff, 0xfc, 0x63, 0x10,
    0x1, 0x44, 0x51, 0x23, 0x46, 0x95, 0x7f, 0xff,
    0x92, 0xaf, 0xff, 0xff, 0xff, 0xff, 0xff, 0xff,
    0xff, 0xff, 0xf2, 0xd, 0xfc, 0x0, 0x5, 0xef,
    0xff, 0xff, 0xff, 0xff, 0xff, 0xff, 0xff, 0xe0,
    0x3, 0xf3, 0x0, 0x0, 0x5, 0xad, 0xff, 0xff,
    0xff, 0xff, 0xff, 0xfe, 0x90, 0x0, 0x30, 0x0,
    0x0, 0x0, 0x0, 0x1, 0x12, 0x21, 0x11, 0x0,
    0x0, 0x0,

    /* U+8FDF "迟" */
    0x0, 0x9, 0x40, 0x0, 0x0, 0x0, 0x0, 0x0,
    0x0, 0x0, 0x0, 0x0, 0x0, 0x2, 0xef, 0xf4,
    0x0, 0x0, 0x5f, 0xff, 0xff, 0xff, 0xff, 0xff,
    0xfe, 0x0, 0x0, 0xbf, 0xff, 0x40, 0x0, 0x5f,
    0xff, 0xff, 0xff, 0xff, 0xff, 0xfe, 0x0, 0x0,
    0xc, 0xff, 0xf2, 0x0, 0x5f, 0xff, 0xff, 0xff,
    0xff, 0xff, 0xfe, 0x0, 0x0, 0x1, 0xef, 0xfc,
    0x0, 0x5f, 0xff, 0x0, 0x0, 0x0, 0x4f, 0xfe,
    0x0, 0x0, 0x0, 0x3f, 0xc2, 0x0, 0x5f, 0xff,
    0x0, 0x0, 0x0, 0x4f, 0xfe, 0x0, 0x0, 0x0,
    0x4, 0x0, 0x0, 0x5f, 0xff, 0x0, 0x0, 0x0,
    0x4f, 0xfe, 0x0, 0x0, 0x0, 0x0, 0x0, 0x0,
    0x5f, 0xff, 0xaa, 0xaa, 0xaa, 0xbf, 0xfe, 0x0,
    0x0, 0x0, 0x0, 0x0, 0x0, 0x5f, 0xff, 0xff,
    0xff, 0xff, 0xff, 0xfe, 0x0, 0xc, 0xdd, 0xdd,
    0xd2, 0x0, 0x6f, 0xff, 0xff, 0xff, 0xff, 0xff,
    0xfe, 0x0, 0xf, 0xff, 0xff, 0xf3, 0x0, 0x7f,
    0xfd, 0x44, 0x5d, 0x84, 0x44, 0x44, 0x0, 0xf,
    0xff, 0xff, 0xf3, 0x0, 0x9f, 0xfb, 0x2, 0xdf,
    0xf4, 0x0, 0x0, 0x0, 0x0, 0x0, 0xef, 0xf3,
    0x0, 0xcf, 0xf9, 0x3, 0xef, 0xff, 0x40, 0x0,
    0x0, 0x0, 0x0, 0xef, 0xf3, 0x0, 0xff, 0xf6,
    0x0, 0x3f, 0xff, 0xf4, 0x0, 0x0, 0x0, 0x0,
    0xef, 0xf3, 0x5, 0xff, 0xf2, 0x0, 0x3, 0xff,
    0xff, 0x40, 0x0, 0x0, 0x0, 0xef, 0xf3, 0xc,
    0xff, 0xe0, 0x0, 0x0, 0x4f, 0xff, 0xf3, 0x0,
    0x0, 0x0, 0xef, 0xf3, 0x6f, 0xff, 0x80, 0x0,
    0x0, 0x5, 0xff, 0xfe, 0x10, 0x0, 0x0, 0xef,
    0xf4, 0xef, 0xff, 0x10, 0x0, 0x0, 0x0, 0x8f,
    0xff, 0x50, 0x0, 0x4, 0xff, 0xf4, 0x2b, 0xf8,
    0x0, 0x0, 0x0, 0x0, 0xb, 0xe3, 0x0, 0x0,
    0x9f, 0xff, 0xff, 0x70, 0x50, 0x0, 0x0, 0x0,
    0x0, 0x1, 0x10, 0x0, 0xc, 0xff, 0xff, 0xff,
    0xfe, 0x95, 0x32, 0x11, 0x11, 0x23, 0x35, 0x68,
    0xa3, 0x2f, 0xff, 0xa0, 0x5e, 0xff, 0xff, 0xff,
    0xff, 0xff, 0xff, 0xff, 0xff, 0xe0, 0x8, 0xfd,
    0x0, 0x1, 0x9f, 0xff, 0xff, 0xff, 0xff, 0xff,
    0xff, 0xff, 0xa0, 0x0, 0xd3, 0x0, 0x0, 0x1,
    0x69, 0xcd, 0xee, 0xfe, 0xed, 0xdc, 0xcb, 0x50,
    0x0, 0x10, 0x0, 0x0, 0x0, 0x0, 0x0, 0x0,
    0x0, 0x0, 0x0, 0x0, 0x0,

    /* U+8FFD "追" */
    0x0, 0x0, 0x0, 0x0, 0x0, 0x0, 0x0, 0x23,
    0x0, 0x0, 0x0, 0x0, 0x0, 0x0, 0x1, 0x0,
    0x0, 0x0, 0x0, 0x0, 0x9f, 0xfb, 0x0, 0x0,
    0x0, 0x0, 0x0, 0x7f, 0x80, 0x0, 0x0, 0x0,
    0x0, 0xdf, 0xf6, 0x0, 0x0, 0x0, 0x0, 0x6,
    0xff, 0xf9, 0x0, 0x0, 0x88, 0x88, 0xff, 0xf9,
    0x88, 0x88, 0x0, 0x0, 0x0, 0x9f, 0xff, 0x90,
    0x1, 0xff, 0xff, 0xff, 0xff, 0xff, 0xff, 0x10,
    0x0, 0x0, 0xa, 0xff, 0xf6, 0x1, 0xff, 0xff,
    0xff, 0xff, 0xff, 0xff, 0x10, 0x0, 0x0, 0x0,
    0xcf, 0x90, 0x1, 0xff, 0xe0, 0x0, 0x0, 0xe,
    0xff, 0x10, 0x0, 0x0, 0x0, 0x15, 0x0, 0x1,
    0xff, 0xe0, 0x0, 0x0, 0xe, 0xff, 0x10, 0x0,
    0x0, 0x0, 0x0, 0x0, 0x1, 0xff, 0xf9, 0x99,
    0x99, 0x9f, 0xff, 0x10, 0x0, 0x0, 0x0, 0x0,
    0x0, 0x1, 0xff, 0xff, 0xff, 0xff, 0xff, 0xff,
    0x10, 0x0, 0x3c, 0xcc, 0xcc, 0xc2, 0x1, 0xff,
    0xff, 0xff, 0xff, 0xff, 0xff, 0x10, 0x0, 0x3f,
    0xff, 0xff, 0xf3, 0x1, 0xff, 0xe0, 0x0, 0x0,
    0x0, 0x0, 0x0, 0x0, 0x3d, 0xdd, 0xff, 0xf3,
    0x1, 0xff, 0xf8, 0x88, 0x88, 0x88, 0x88, 0x80,
    0x0, 0x0, 0x0, 0xcf, 0xf3, 0x1, 0xff, 0xff,
    0xff, 0xff, 0xff, 0xff, 0xf1, 0x0, 0x0, 0x0,
    0xcf, 0xf3, 0x1, 0xff, 0xff, 0xff, 0xff, 0xff,
    0xff, 0xf1, 0x0, 0x0, 0x0, 0xcf, 0xf3, 0x1,
    0xff, 0xe0, 0x0, 0x0, 0x0, 0xff, 0xf1, 0x0,
    0x0, 0x0, 0xcf, 0xf3, 0x1, 0xff, 0xe0, 0x0,
    0x0, 0x0, 0xff, 0xf1, 0x0, 0x0, 0x0, 0xcf,
    0xf3, 0x1, 0xff, 0xe0, 0x0, 0x0, 0x0, 0xff,
    0xf1, 0x0, 0x0, 0x0, 0xcf, 0xf3, 0x1, 0xff,
    0xff, 0xff, 0xff, 0xff, 0xff, 0xf1, 0x0, 0x0,
    0x0, 0xcf, 0xf3, 0x1, 0xff, 0xff, 0xff, 0xff,
    0xff, 0xff, 0xf1, 0x0, 0x0, 0x5, 0xff, 0xf6,
    0x1, 0x99, 0xa9, 0x99, 0x99, 0x99, 0x99, 0x90,
    0x0, 0x1, 0xbf, 0xff, 0xff, 0xb5, 0x10, 0x0,
    0x0, 0x0, 0x0, 0x1, 0x23, 0x50, 0x1e, 0xff,
    0xfa, 0xdf, 0xff, 0xff, 0xee, 0xdd, 0xde, 0xef,
    0xff, 0xff, 0xc0, 0xa, 0xff, 0x40, 0x7, 0xff,
    0xff, 0xff, 0xff, 0xff, 0xff, 0xff, 0xff, 0x70,
    0x1, 0xe4, 0x0, 0x0, 0x15, 0x9b, 0xcd, 0xee,
    0xdd, 0xdc, 0xcb, 0xaa, 0x30, 0x0, 0x10, 0x0,
    0x0, 0x0, 0x0, 0x0, 0x0, 0x0, 0x0, 0x0,
    0x0, 0x0,

    /* U+9001 "送" */
    0x0, 0x0, 0x0, 0x0, 0x0, 0x0, 0x0, 0x0,
    0x0, 0x0, 0x0, 0x0, 0x0, 0x0, 0x7, 0x90,
    0x0, 0x0, 0x5, 0xb9, 0x0, 0x0, 0x2, 0xfa,
    0x60, 0x0, 0x0, 0xdf, 0xf6, 0x0, 0x0, 0x1f,
    0xff, 0x40, 0x0, 0x9, 0xff, 0xd0, 0x0, 0x0,
    0x8f, 0xff, 0x30, 0x0, 0x7, 0xff, 0xd0, 0x0,
    0x1f, 0xff, 0x30, 0x0, 0x0, 0xc, 0xff, 0xd0,
    0x0, 0x0, 0xef, 0xf4, 0x0, 0x9f, 0xf9, 0x0,
    0x0, 0x0, 0x2, 0xff, 0xf8, 0x8, 0xaa, 0xef,
    0xca, 0xaa, 0xff, 0xfb, 0xa9, 0x0, 0x0, 0x0,
    0x8f, 0xc3, 0xc, 0xff, 0xff, 0xff, 0xff, 0xff,
    0xff, 0xfe, 0x0, 0x0, 0x0, 0x6, 0x0, 0xc,
    0xff, 0xff, 0xff, 0xff, 0xff, 0xff, 0xfe, 0x0,
    0x0, 0x0, 0x0, 0x0, 0x2, 0x33, 0x33, 0x7f,
    0xff, 0x33, 0x33, 0x32, 0x0, 0x7, 0x77, 0x77,
    0x70, 0x0, 0x0, 0x0, 0x4f, 0xfe, 0x0, 0x0,
    0x0, 0x0, 0xf, 0xff, 0xff, 0xf0, 0x0, 0x0,
    0x0, 0x4f, 0xfe, 0x0, 0x0, 0x0, 0x0, 0xf,
    0xff, 0xff, 0xf0, 0xaf, 0xff, 0xff, 0xff, 0xff,
    0xff, 0xff, 0xff, 0xc0, 0x6, 0x66, 0xff, 0xf0,
    0xaf, 0xff, 0xff, 0xff, 0xff, 0xff, 0xff, 0xff,
    0xc0, 0x0, 0x0, 0xff, 0xf0, 0x9d, 0xdd, 0xdd,
    0xff, 0xff, 0xed, 0xdd, 0xdd, 0xa0, 0x0, 0x0,
    0xff, 0xf0, 0x0, 0x0, 0x1, 0xff, 0xff, 0xf4,
    0x0, 0x0, 0x0, 0x0, 0x0, 0xff, 0xf0, 0x0,
    0x0, 0x9, 0xff, 0xff, 0xff, 0x60, 0x0, 0x0,
    0x0, 0x0, 0xff, 0xf0, 0x0, 0x0, 0x7f, 0xff,
    0x7b, 0xff, 0xf9, 0x0, 0x0, 0x0, 0x0, 0xff,
    0xf0, 0x0, 0x1a, 0xff, 0xfb, 0x0, 0x9f, 0xff,
    0xa0, 0x0, 0x0, 0x0, 0xff, 0xf0, 0x28, 0xff,
    0xff, 0xb0, 0x0, 0x8, 0xff, 0xfb, 0x0, 0x0,
    0x7, 0xff, 0xf0, 0x3f, 0xff, 0xf8, 0x0, 0x0,
    0x0, 0x8f, 0xf4, 0x0, 0x2, 0xdf, 0xff, 0xfb,
    0x23, 0xfc, 0x30, 0x0, 0x0, 0x0, 0x8, 0x40,
    0x0, 0x3e, 0xff, 0xff, 0xff, 0xfa, 0x72, 0x10,
    0x0, 0x0, 0x1, 0x13, 0x47, 0x95, 0xaf, 0xff,
    0x52, 0xbf, 0xff, 0xff, 0xff, 0xff, 0xff, 0xff,
    0xff, 0xff, 0xf2, 0x2f, 0xf8, 0x0, 0x6, 0xef,
    0xff, 0xff, 0xff, 0xff, 0xff, 0xff, 0xff, 0xd0,
    0x6, 0xe0, 0x0, 0x0, 0x6, 0xad, 0xff, 0xff,
    0xff, 0xff, 0xff, 0xee, 0x80, 0x0, 0x30, 0x0,
    0x0, 0x0, 0x0, 0x1, 0x12, 0x11, 0x10, 0x0,
    0x0, 0x0,

    /* U+9002 "适" */
    0x0, 0x0, 0x0, 0x0, 0x0, 0x0, 0x0, 0x0,
    0x0, 0x0, 0x0, 0x0, 0x0, 0x0, 0x1, 0x0,
    0x0, 0x0, 0x0, 0x0, 0x0, 0x3, 0x58, 0xbe,
    0x20, 0x0, 0x0, 0x9f, 0x60, 0x0, 0x4, 0x78,
    0x9b, 0xce, 0xff, 0xff, 0xff, 0xb0, 0x0, 0x8,
    0xff, 0xf7, 0x0, 0x5, 0xff, 0xff, 0xff, 0xff,
    0xff, 0xfe, 0xb1, 0x0, 0x0, 0xbf, 0xff, 0x60,
    0x1, 0xff, 0xfe, 0xdf, 0xff, 0x84, 0x10, 0x0,
    0x0, 0x0, 0xb, 0xff, 0xf2, 0x0, 0x10, 0x0,
    0xe, 0xff, 0x40, 0x0, 0x0, 0x0, 0x0, 0x1,
    0xdf, 0x80, 0x0, 0x0, 0x0, 0xe, 0xff, 0x40,
    0x0, 0x0, 0x0, 0x0, 0x0, 0x25, 0x0, 0xcf,
    0xff, 0xff, 0xff, 0xff, 0xff, 0xff, 0xff, 0xf0,
    0x0, 0x0, 0x0, 0x0, 0xcf, 0xff, 0xff, 0xff,
    0xff, 0xff, 0xff, 0xff, 0xf0, 0x0, 0x0, 0x0,
    0x0, 0x8a, 0xaa, 0xaa, 0xaf, 0xff, 0xba, 0xaa,
    0xaa, 0xa0, 0x2c, 0xcc, 0xcc, 0xb0, 0x0, 0x0,
    0x0, 0xe, 0xff, 0x40, 0x0, 0x0, 0x0, 0x3f,
    0xff, 0xff, 0xe0, 0x0, 0x0, 0x0, 0xe, 0xff,
    0x40, 0x0, 0x0, 0x0, 0x3f, 0xff, 0xff, 0xe0,
    0x0, 0xdf, 0xff, 0xff, 0xff, 0xff, 0xff, 0xf3,
    0x0, 0x1, 0x12, 0xff, 0xe0, 0x0, 0xef, 0xff,
    0xff, 0xff, 0xff, 0xff, 0xf3, 0x0, 0x0, 0x1,
    0xff, 0xe0, 0x0, 0xef, 0xf8, 0x88, 0x88, 0x88,
    0xff, 0xf3, 0x0, 0x0, 0x1, 0xff, 0xe0, 0x0,
    0xef, 0xf0, 0x0, 0x0, 0x0, 0xef, 0xf3, 0x0,
    0x0, 0x1, 0xff, 0xe0, 0x0, 0xef, 0xf0, 0x0,
    0x0, 0x0, 0xef, 0xf3, 0x0, 0x0, 0x1, 0xff,
    0xe0, 0x0, 0xef, 0xf3, 0x33, 0x33, 0x33, 0xff,
    0xf3, 0x0, 0x0, 0x1, 0xff, 0xe0, 0x0, 0xef,
    0xff, 0xff, 0xff, 0xff, 0xff, 0xf3, 0x0, 0x0,
    0x1, 0xff, 0xe0, 0x0, 0xef, 0xff, 0xff, 0xff,
    0xff, 0xff, 0xf3, 0x0, 0x0, 0x8, 0xff, 0xfc,
    0x40, 0x55, 0x55, 0x55, 0x55, 0x55, 0x55, 0x51,
    0x0, 0x2, 0xdf, 0xff, 0xff, 0xfd, 0x74, 0x21,
    0x0, 0x0, 0x1, 0x23, 0x34, 0x61, 0x2f, 0xff,
    0xf7, 0x8e, 0xff, 0xff, 0xff, 0xff, 0xff, 0xff,
    0xff, 0xff, 0xe0, 0xb, 0xfe, 0x20, 0x1, 0x8e,
    0xff, 0xff, 0xff, 0xff, 0xff, 0xff, 0xff, 0x90,
    0x1, 0xd3, 0x0, 0x0, 0x0, 0x37, 0x9a, 0xbc,
    0xcc, 0xbb, 0xaa, 0x98, 0x30, 0x0, 0x0, 0x0,
    0x0, 0x0, 0x0, 0x0, 0x0, 0x0, 0x0, 0x0,
    0x0, 0x0,

    /* U+9009 "选" */
    0x0, 0x0, 0x0, 0x0, 0x0, 0x0, 0x0, 0x0,
    0x11, 0x0, 0x0, 0x0, 0x0, 0x0, 0x4, 0x0,
    0x0, 0x0, 0x14, 0x0, 0xe, 0xff, 0x30, 0x0,
    0x0, 0x0, 0x1, 0xbf, 0x90, 0x0, 0x0, 0x7f,
    0xf8, 0xe, 0xff, 0x30, 0x0, 0x0, 0x0, 0x8,
    0xff, 0xfa, 0x0, 0x0, 0xdf, 0xf4, 0xe, 0xff,
    0x30, 0x0, 0x0, 0x0, 0x0, 0x9f, 0xff, 0x90,
    0x4, 0xff, 0xff, 0xff, 0xff, 0xff, 0xff, 0xfa,
    0x0, 0x0, 0x9, 0xff, 0xf4, 0xc, 0xff, 0xff,
    0xff, 0xff, 0xff, 0xff, 0xfa, 0x0, 0x0, 0x0,
    0xbf, 0x70, 0x6f, 0xff, 0xaa, 0xaf, 0xff, 0xba,
    0xaa, 0xa7, 0x0, 0x0, 0x0, 0x14, 0x1, 0xef,
    0xf7, 0x0, 0xe, 0xff, 0x30, 0x0, 0x0, 0x0,
    0x0, 0x0, 0x0, 0x0, 0x2c, 0xc0, 0x0, 0xe,
    0xff, 0x30, 0x0, 0x0, 0x0, 0x0, 0x0, 0x0,
    0x0, 0x33, 0x43, 0x33, 0x3e, 0xff, 0x63, 0x33,
    0x33, 0x30, 0x0, 0x0, 0x0, 0x0, 0xff, 0xff,
    0xff, 0xff, 0xff, 0xff, 0xff, 0xff, 0xf0, 0xc,
    0xff, 0xff, 0xf1, 0xff, 0xff, 0xff, 0xff, 0xff,
    0xff, 0xff, 0xff, 0xf0, 0xc, 0xff, 0xff, 0xf1,
    0x88, 0x88, 0xef, 0xfb, 0x8f, 0xff, 0xa8, 0x88,
    0x80, 0xa, 0xdd, 0xff, 0xf1, 0x0, 0x0, 0xdf,
    0xf4, 0xe, 0xff, 0x30, 0x0, 0x0, 0x0, 0x0,
    0xef, 0xf1, 0x0, 0x2, 0xff, 0xf1, 0xe, 0xff,
    0x30, 0x0, 0x0, 0x0, 0x0, 0xef, 0xf1, 0x0,
    0x9, 0xff, 0xc0, 0xe, 0xff, 0x30, 0x52, 0x0,
    0x0, 0x0, 0xef, 0xf1, 0x0, 0x4f, 0xff, 0x60,
    0xe, 0xff, 0x30, 0xaf, 0xc2, 0x0, 0x0, 0xef,
    0xf1, 0x7, 0xff, 0xfd, 0x0, 0xd, 0xff, 0x40,
    0xcf, 0xf3, 0x0, 0x0, 0xef, 0xf3, 0xef, 0xff,
    0xe2, 0x0, 0xc, 0xff, 0xff, 0xff, 0xf0, 0x0,
    0x0, 0xef, 0xf2, 0x9f, 0xfd, 0x30, 0x0, 0x8,
    0xff, 0xff, 0xff, 0xa0, 0x0, 0x1, 0xff, 0xff,
    0x8d, 0x80, 0x0, 0x0, 0x0, 0x9d, 0xee, 0xea,
    0x10, 0x0, 0x5f, 0xff, 0xff, 0xfd, 0x62, 0x0,
    0x0, 0x0, 0x0, 0x0, 0x2, 0x31, 0x9, 0xff,
    0xff, 0xad, 0xff, 0xff, 0xfd, 0xdc, 0xcc, 0xde,
    0xff, 0xff, 0xf0, 0xb, 0xff, 0xd2, 0x0, 0x8f,
    0xff, 0xff, 0xff, 0xff, 0xff, 0xff, 0xff, 0xa0,
    0x1, 0xdd, 0x10, 0x0, 0x1, 0x7b, 0xef, 0xff,
    0xff, 0xff, 0xff, 0xfe, 0x50, 0x0, 0x21, 0x0,
    0x0, 0x0, 0x0, 0x0, 0x11, 0x11, 0x10, 0x0,
    0x0, 0x0,

    /* U+901A "通" */
    0x0, 0x0, 0x0, 0x0, 0x1, 0x44, 0x44, 0x44,
    0x44, 0x44, 0x44, 0x20, 0x0, 0x0, 0x7e, 0x20,
    0x0, 0x6, 0xff, 0xff, 0xff, 0xff, 0xff, 0xff,
    0xf5, 0x0, 0x7, 0xff, 0xf4, 0x0, 0x6, 0xff,
    0xff, 0xff, 0xff, 0xff, 0xff, 0xf9, 0x0, 0x2,
    0xef, 0xff, 0x50, 0x0, 0x11, 0x4c, 0x61, 0x12,
    0xaf, 0xff, 0x70, 0x0, 0x0, 0x1d, 0xff, 0xf5,
    0x0, 0x4, 0xff, 0xfe, 0x8d, 0xff, 0xe4, 0x0,
    0x0, 0x0, 0x1, 0xdf, 0xf9, 0x0, 0x1, 0x7e,
    0xff, 0xff, 0xfc, 0x10, 0x0, 0x0, 0x0, 0x0,
    0x2e, 0x90, 0x3, 0x55, 0x56, 0xbf, 0xff, 0xff,
    0x87, 0x65, 0x0, 0x0, 0x0, 0x2, 0x0, 0xa,
    0xff, 0xff, 0xff, 0xff, 0xff, 0xff, 0xff, 0x20,
    0x0, 0x0, 0x0, 0x0, 0xa, 0xff, 0xee, 0xef,
    0xff, 0xee, 0xef, 0xff, 0x20, 0x2, 0x22, 0x22,
    0x20, 0xa, 0xff, 0x40, 0xc, 0xff, 0x0, 0xe,
    0xff, 0x20, 0x3f, 0xff, 0xff, 0xf1, 0xa, 0xff,
    0xee, 0xef, 0xff, 0xee, 0xef, 0xff, 0x20, 0x3f,
    0xff, 0xff, 0xf1, 0xa, 0xff, 0xff, 0xff, 0xff,
    0xff, 0xff, 0xff, 0x20, 0x2c, 0xcc, 0xff, 0xf1,
    0xa, 0xff, 0x74, 0x4d, 0xff, 0x44, 0x4e, 0xff,
    0x20, 0x0, 0x0, 0xef, 0xf1, 0xa, 0xff, 0x74,
    0x4d, 0xff, 0x44, 0x4e, 0xff, 0x20, 0x0, 0x0,
    0xef, 0xf1, 0xa, 0xff, 0xff, 0xff, 0xff, 0xff,
    0xff, 0xff, 0x20, 0x0, 0x0, 0xef, 0xf1, 0xa,
    0xff, 0xff, 0xff, 0xff, 0xff, 0xff, 0xff, 0x20,
    0x0, 0x0, 0xef, 0xf1, 0xa, 0xff, 0x40, 0xc,
    0xff, 0x0, 0xe, 0xff, 0x20, 0x0, 0x0, 0xef,
    0xf1, 0xa, 0xff, 0x40, 0xc, 0xff, 0x17, 0x7f,
    0xff, 0x10, 0x0, 0x0, 0xef, 0xf1, 0xa, 0xff,
    0x40, 0xc, 0xff, 0xe, 0xff, 0xff, 0x0, 0x0,
    0x2b, 0xff, 0xfb, 0x19, 0xee, 0x30, 0x9, 0xcc,
    0x9, 0xff, 0xc4, 0x0, 0x4, 0xff, 0xff, 0xff,
    0xf9, 0x41, 0x0, 0x0, 0x0, 0x0, 0x1, 0x24,
    0x51, 0x2f, 0xff, 0xb2, 0x6f, 0xff, 0xff, 0xfe,
    0xed, 0xde, 0xef, 0xff, 0xff, 0xf0, 0xb, 0xfc,
    0x0, 0x1, 0xaf, 0xff, 0xff, 0xff, 0xff, 0xff,
    0xff, 0xff, 0xb0, 0x1, 0xd1, 0x0, 0x0, 0x1,
    0x59, 0xac, 0xcc, 0xcc, 0xbb, 0xba, 0x99, 0x40,
    0x0, 0x0, 0x0, 0x0, 0x0, 0x0, 0x0, 0x0,
    0x0, 0x0, 0x0, 0x0, 0x0,

    /* U+901F "速" */
    0x0, 0x0, 0x0, 0x0, 0x0, 0x0, 0x0, 0x3,
    0x32, 0x0, 0x0, 0x0, 0x0, 0x0, 0x2, 0x0,
    0x0, 0x0, 0x0, 0x0, 0x2f, 0xfd, 0x0, 0x0,
    0x0, 0x0, 0x1, 0xbf, 0x50, 0x0, 0x0, 0x0,
    0x0, 0x2f, 0xfd, 0x0, 0x0, 0x0, 0x0, 0xa,
    0xff, 0xf6, 0x0, 0x9f, 0xff, 0xff, 0xff, 0xff,
    0xff, 0xff, 0xff, 0xa0, 0x0, 0xbf, 0xff, 0x60,
    0x9f, 0xff, 0xff, 0xff, 0xff, 0xff, 0xff, 0xff,
    0xa0, 0x0, 0xc, 0xff, 0xf5, 0x6a, 0xaa, 0xaa,
    0xbf, 0xff, 0xaa, 0xaa, 0xaa, 0x70, 0x0, 0x1,
    0xdf, 0xb1, 0x0, 0x0, 0x0, 0x2f, 0xfd, 0x0,
    0x0, 0x0, 0x0, 0x0, 0x0, 0x27, 0x0, 0x1f,
    0xff, 0xff, 0xff, 0xff, 0xff, 0xff, 0xfc, 0x0,
    0x0, 0x0, 0x0, 0x0, 0x1f, 0xff, 0xff, 0xff,
    0xff, 0xff, 0xff, 0xfd, 0x0, 0x0, 0x0, 0x0,
    0x0, 0x1f, 0xfe, 0x77, 0x8f, 0xfe, 0x77, 0x9f,
    0xfd, 0x0, 0x2e, 0xee, 0xee, 0xe1, 0x1f, 0xfc,
    0x0, 0x2f, 0xfd, 0x0, 0x3f, 0xfd, 0x0, 0x3f,
    0xff, 0xff, 0xf1, 0x1f, 0xfd, 0x33, 0x5f, 0xfe,
    0x33, 0x6f, 0xfd, 0x0, 0x3f, 0xff, 0xff, 0xf1,
    0x1f, 0xff, 0xff, 0xff, 0xff, 0xff, 0xff, 0xfd,
    0x0, 0x2, 0x22, 0xef, 0xf1, 0x1f, 0xff, 0xff,
    0xff, 0xff, 0xff, 0xff, 0xfd, 0x0, 0x0, 0x0,
    0xef, 0xf1, 0x3, 0x33, 0x3e, 0xff, 0xff, 0xfa,
    0x33, 0x32, 0x0, 0x0, 0x0, 0xef, 0xf1, 0x0,
    0x1, 0xcf, 0xff, 0xff, 0xff, 0xc3, 0x0, 0x0,
    0x0, 0x0, 0xef, 0xf1, 0x0, 0x3d, 0xff, 0xdf,
    0xff, 0xef, 0xff, 0x70, 0x0, 0x0, 0x0, 0xef,
    0xf1, 0x8, 0xff, 0xfc, 0x3f, 0xfd, 0x1b, 0xff,
    0xfb, 0x0, 0x0, 0x0, 0xef, 0xf2, 0xef, 0xff,
    0xc1, 0x2f, 0xfd, 0x0, 0x7f, 0xff, 0x50, 0x0,
    0x0, 0xef, 0xf1, 0x6f, 0xf9, 0x0, 0x2f, 0xfd,
    0x0, 0x4, 0xf8, 0x0, 0x0, 0x19, 0xff, 0xfc,
    0x38, 0x40, 0x0, 0x2f, 0xfd, 0x0, 0x0, 0x20,
    0x0, 0x3, 0xef, 0xff, 0xff, 0xfc, 0x63, 0x10,
    0x2, 0x22, 0x0, 0x11, 0x24, 0x61, 0x4f, 0xff,
    0xe7, 0x8f, 0xff, 0xff, 0xff, 0xfe, 0xee, 0xff,
    0xff, 0xff, 0xf0, 0xd, 0xfd, 0x20, 0x1, 0x8f,
    0xff, 0xff, 0xff, 0xff, 0xff, 0xff, 0xff, 0xb0,
    0x3, 0xe2, 0x0, 0x0, 0x0, 0x48, 0xac, 0xdd,
    0xdd, 0xdc, 0xcb, 0xaa, 0x50, 0x0, 0x0, 0x0,
    0x0, 0x0, 0x0, 0x0, 0x0, 0x0, 0x0, 0x0,
    0x0, 0x0,

    /* U+9053 "道" */
    0x0, 0x0, 0x0, 0x0, 0x0, 0x0, 0x50, 0x0,
    0x0, 0x2, 0x0, 0x0, 0x0, 0x0, 0x2, 0x0,
    0x0, 0x0, 0x6f, 0xf9, 0x0, 0x0, 0x6f, 0xe8,
    0x0, 0x0, 0x2, 0xcf, 0x40, 0x0, 0x0, 0x3f,
    0xff, 0x30, 0x0, 0xef, 0xf5, 0x0, 0x0, 0xa,
    0xff, 0xf4, 0x0, 0x33, 0x3c, 0xfe, 0x63, 0x39,
    0xff, 0xc3, 0x33, 0x20, 0x0, 0xdf, 0xff, 0x21,
    0xff, 0xff, 0xff, 0xff, 0xff, 0xff, 0xff, 0xff,
    0x90, 0x0, 0x1e, 0xff, 0xd1, 0xff, 0xff, 0xff,
    0xff, 0xff, 0xff, 0xff, 0xff, 0x90, 0x0, 0x4,
    0xff, 0x60, 0x55, 0x55, 0x55, 0xef, 0xfa, 0x55,
    0x55, 0x55, 0x30, 0x0, 0x0, 0x73, 0x0, 0x0,
    0x0, 0x0, 0xff, 0xf1, 0x0, 0x0, 0x0, 0x0,
    0x0, 0x0, 0x0, 0x0, 0x5, 0xff, 0xff, 0xff,
    0xff, 0xff, 0xff, 0xa0, 0x0, 0x0, 0x0, 0x0,
    0x0, 0x5, 0xff, 0xff, 0xff, 0xff, 0xff, 0xff,
    0xb0, 0x0, 0xc, 0xcc, 0xcc, 0xc1, 0x5, 0xff,
    0xb4, 0x44, 0x44, 0x48, 0xff, 0xb0, 0x0, 0xf,
    0xff, 0xff, 0xf1, 0x5, 0xff, 0xa1, 0x11, 0x11,
    0x16, 0xff, 0xb0, 0x0, 0xf, 0xff, 0xff, 0xf1,
    0x5, 0xff, 0xff, 0xff, 0xff, 0xff, 0xff, 0xb0,
    0x0, 0x5, 0x55, 0xff, 0xf1, 0x5, 0xff, 0xfe,
    0xee, 0xee, 0xee, 0xff, 0xb0, 0x0, 0x0, 0x0,
    0xef, 0xf1, 0x5, 0xff, 0x90, 0x0, 0x0, 0x5,
    0xff, 0xb0, 0x0, 0x0, 0x0, 0xef, 0xf1, 0x5,
    0xff, 0xff, 0xff, 0xff, 0xff, 0xff, 0xb0, 0x0,
    0x0, 0x0, 0xef, 0xf1, 0x5, 0xff, 0xff, 0xff,
    0xff, 0xff, 0xff, 0xb0, 0x0, 0x0, 0x0, 0xef,
    0xf1, 0x5, 0xff, 0x91, 0x11, 0x11, 0x16, 0xff,
    0xb0, 0x0, 0x0, 0x0, 0xef, 0xf1, 0x5, 0xff,
    0xc6, 0x66, 0x66, 0x6a, 0xff, 0xb0, 0x0, 0x0,
    0x0, 0xef, 0xf1, 0x5, 0xff, 0xff, 0xff, 0xff,
    0xff, 0xff, 0xb0, 0x0, 0x0, 0x4, 0xff, 0xf7,
    0x4, 0xee, 0xee, 0xee, 0xee, 0xee, 0xee, 0x90,
    0x0, 0x1, 0xaf, 0xff, 0xff, 0xd6, 0x10, 0x0,
    0x0, 0x0, 0x0, 0x0, 0x0, 0x10, 0x2d, 0xff,
    0xfa, 0xcf, 0xff, 0xfe, 0xba, 0x99, 0x99, 0xab,
    0xcd, 0xef, 0xe0, 0x2f, 0xff, 0x30, 0x5, 0xdf,
    0xff, 0xff, 0xff, 0xff, 0xff, 0xff, 0xff, 0x90,
    0x6, 0xf4, 0x0, 0x0, 0x4, 0x9c, 0xff, 0xff,
    0xff, 0xff, 0xff, 0xfe, 0x40, 0x0, 0x30, 0x0,
    0x0, 0x0, 0x0, 0x0, 0x11, 0x21, 0x11, 0x0,
    0x0, 0x0,

    /* U+90E8 "部" */
    0x0, 0x0, 0x0, 0x0, 0x0, 0x0, 0x0, 0x0,
    0x0, 0x0, 0x0, 0x0, 0x0, 0x0, 0x0, 0x8c,
    0xe0, 0x0, 0x0, 0x0, 0x0, 0x0, 0x0, 0x0,
    0x0, 0x0, 0x0, 0xd, 0xff, 0x60, 0x0, 0x0,
    0x1b, 0xbb, 0xbb, 0xbc, 0x80, 0x0, 0x0, 0x0,
    0x8f, 0xfc, 0x0, 0x0, 0x2, 0xff, 0xff, 0xff,
    0xff, 0xd0, 0x4f, 0xff, 0xff, 0xff, 0xff, 0xff,
    0xf5, 0x2f, 0xff, 0xff, 0xff, 0xfd, 0x4, 0xff,
    0xff, 0xff, 0xff, 0xff, 0xff, 0x52, 0xff, 0xa2,
    0x2b, 0xff, 0x70, 0x3b, 0xbd, 0xfb, 0xbb, 0xbe,
    0xfc, 0xb3, 0x2f, 0xf9, 0x0, 0xef, 0xf2, 0x0,
    0xa, 0xff, 0x30, 0x0, 0xef, 0xf3, 0x2, 0xff,
    0x90, 0x3f, 0xfb, 0x0, 0x0, 0x6f, 0xfa, 0x0,
    0x3f, 0xfd, 0x0, 0x2f, 0xf9, 0x9, 0xff, 0x50,
    0x0, 0x0, 0xff, 0xf0, 0x9, 0xff, 0x60, 0x2,
    0xff, 0x90, 0xef, 0xe0, 0x0, 0x0, 0xb, 0xfc,
    0x21, 0xef, 0xf1, 0x0, 0x2f, 0xf9, 0x3f, 0xf8,
    0x0, 0xe, 0xff, 0xff, 0xff, 0xff, 0xff, 0xff,
    0xe2, 0xff, 0x98, 0xff, 0x70, 0x0, 0xef, 0xff,
    0xff, 0xff, 0xff, 0xff, 0xfe, 0x2f, 0xf9, 0x1d,
    0xff, 0x30, 0xb, 0xcc, 0xcc, 0xcc, 0xcc, 0xcc,
    0xcc, 0xb2, 0xff, 0x90, 0x2f, 0xfd, 0x0, 0x0,
    0x0, 0x0, 0x0, 0x0, 0x0, 0x0, 0x2f, 0xf9,
    0x0, 0xaf, 0xf4, 0x0, 0x8b, 0xbb, 0xbb, 0xbb,
    0xbb, 0xba, 0x2, 0xff, 0x90, 0x5, 0xff, 0x80,
    0xb, 0xff, 0xff, 0xff, 0xff, 0xff, 0xe0, 0x2f,
    0xf9, 0x0, 0x2f, 0xfa, 0x0, 0xbf, 0xff, 0xff,
    0xff, 0xff, 0xfe, 0x2, 0xff, 0x90, 0x3, 0xff,
    0xb0, 0xb, 0xff, 0x30, 0x0, 0x3, 0xff, 0xe0,
    0x2f, 0xf9, 0x44, 0xbf, 0xfa, 0x0, 0xbf, 0xf3,
    0x0, 0x0, 0x3f, 0xfe, 0x2, 0xff, 0x9d, 0xff,
    0xff, 0x60, 0xb, 0xff, 0x30, 0x0, 0x3, 0xff,
    0xe0, 0x2f, 0xf9, 0x8f, 0xff, 0xd0, 0x0, 0xbf,
    0xfb, 0xaa, 0xaa, 0xbf, 0xfe, 0x2, 0xff, 0x94,
    0xa9, 0x60, 0x0, 0xb, 0xff, 0xff, 0xff, 0xff,
    0xff, 0xe0, 0x2f, 0xf9, 0x0, 0x0, 0x0, 0x0,
    0xbf, 0xff, 0xff, 0xff, 0xff, 0xfe, 0x2, 0xff,
    0x90, 0x0, 0x0, 0x0, 0xb, 0xff, 0x30, 0x0,
    0x3, 0xff, 0xe0, 0x2f, 0xf9, 0x0, 0x0, 0x0,
    0x0, 0x11, 0x10, 0x0, 0x0, 0x0, 0x0, 0x0,
    0x0, 0x0, 0x0, 0x0, 0x0,

    /* U+914D "配" */
    0x23, 0x33, 0x33, 0x33, 0x33, 0x33, 0x0, 0x0,
    0x0, 0x0, 0x0, 0x0, 0xe, 0xff, 0xff, 0xff,
    0xff, 0xff, 0xf1, 0xff, 0xff, 0xff, 0xff, 0xff,
    0x70, 0xef, 0xff, 0xff, 0xff, 0xff, 0xff, 0x1f,
    0xff, 0xff, 0xff, 0xff, 0xf7, 0x7, 0x88, 0xbf,
    0xda, 0xfe, 0x88, 0x81, 0xff, 0xff, 0xff, 0xff,
    0xff, 0x70, 0x0, 0x6, 0xfa, 0x4f, 0xc0, 0x0,
    0x1, 0x11, 0x11, 0x11, 0x9f, 0xf7, 0x1, 0x44,
    0x9f, 0xc8, 0xfd, 0x44, 0x20, 0x0, 0x0, 0x0,
    0x9, 0xff, 0x70, 0x6f, 0xff, 0xff, 0xff, 0xff,
    0xf8, 0x0, 0x0, 0x0, 0x0, 0x9f, 0xf7, 0x6,
    0xff, 0xff, 0xff, 0xff, 0xff, 0x80, 0x0, 0x0,
    0x0, 0x9, 0xff, 0x70, 0x6f, 0xf4, 0xeb, 0xaf,
    0x4f, 0xf8, 0x0, 0x0, 0x0, 0x0, 0x9f, 0xf7,
    0x6, 0xff, 0xe, 0x98, 0xe0, 0xff, 0x80, 0xff,
    0xff, 0xff, 0xff, 0xff, 0x70, 0x6f, 0xf0, 0xe9,
    0x8e, 0xf, 0xf8, 0xf, 0xff, 0xff, 0xff, 0xff,
    0xf7, 0x6, 0xff, 0xf, 0x88, 0xe0, 0xff, 0x80,
    0xff, 0xff, 0xff, 0xff, 0xff, 0x70, 0x6f, 0xf2,
    0xf5, 0x8f, 0x2f, 0xf8, 0xf, 0xff, 0x10, 0x0,
    0x9f, 0xf7, 0x6, 0xff, 0x9f, 0x6, 0xff, 0xff,
    0x80, 0xff, 0xf1, 0x0, 0x5, 0x99, 0x40, 0x6f,
    0xf8, 0x70, 0x5, 0x6f, 0xf8, 0xf, 0xff, 0x10,
    0x0, 0x0, 0x0, 0x6, 0xff, 0x0, 0x0, 0x0,
    0xff, 0x80, 0xff, 0xf1, 0x0, 0x0, 0x0, 0x0,
    0x6f, 0xff, 0xff, 0xff, 0xff, 0xf8, 0xf, 0xff,
    0x10, 0x0, 0x0, 0x0, 0x6, 0xff, 0xff, 0xff,
    0xff, 0xff, 0x80, 0xff, 0xf1, 0x0, 0x0, 0x5a,
    0x30, 0x6f, 0xf3, 0x33, 0x33, 0x3f, 0xf8, 0xf,
    0xff, 0x10, 0x0, 0x6, 0xff, 0x66, 0xff, 0x0,
    0x0, 0x0, 0xff, 0x80, 0xff, 0xf1, 0x0, 0x0,
    0x8f, 0xf5, 0x6f, 0xff, 0xff, 0xff, 0xff, 0xf8,
    0xf, 0xff, 0x20, 0x0, 0xc, 0xff, 0x26, 0xff,
    0xff, 0xff, 0xff, 0xff, 0x80, 0xef, 0xff, 0xee,
    0xef, 0xff, 0xe0, 0x6f, 0xf7, 0x77, 0x77, 0x7f,
    0xf8, 0x9, 0xff, 0xff, 0xff, 0xff, 0xf8, 0x6,
    0xff, 0x0, 0x0, 0x0, 0xdd, 0x60, 0x9, 0xef,
    0xff, 0xff, 0xe9, 0x0, 0x13, 0x30, 0x0, 0x0,
    0x0, 0x0, 0x0, 0x0, 0x0, 0x0, 0x0, 0x0,
    0x0,

    /* U+91C7 "采" */
    0x0, 0x0, 0x0, 0x0, 0x0, 0x0, 0x0, 0x0,
    0x24, 0x68, 0xb3, 0x0, 0x0, 0x0, 0x12, 0x23,
    0x45, 0x67, 0x8a, 0xbc, 0xef, 0xff, 0xff, 0xfe,
    0x20, 0x0, 0x2, 0xff, 0xff, 0xff, 0xff, 0xff,
    0xff, 0xff, 0xff, 0xff, 0xff, 0xd1, 0x0, 0x0,
    0xdf, 0xff, 0xff, 0xff, 0xff, 0xff, 0xff, 0xfe,
    0xca, 0x85, 0x30, 0x0, 0x0, 0x8d, 0xdc, 0xbb,
    0x98, 0x76, 0x94, 0x21, 0x0, 0x2, 0x93, 0x0,
    0x0, 0x0, 0x0, 0x5, 0x0, 0x0, 0x8e, 0xf5,
    0x0, 0x0, 0xa, 0xff, 0xc0, 0x0, 0x0, 0x7,
    0xff, 0x80, 0x0, 0x8f, 0xfc, 0x0, 0x0, 0x2f,
    0xff, 0x80, 0x0, 0x0, 0x3, 0xff, 0xf3, 0x0,
    0x2f, 0xff, 0x30, 0x0, 0xaf, 0xfe, 0x0, 0x0,
    0x0, 0x0, 0xaf, 0xfb, 0x0, 0xc, 0xff, 0x80,
    0x4, 0xff, 0xf4, 0x0, 0x0, 0x0, 0x0, 0x2f,
    0xff, 0x20, 0x9, 0xd7, 0x10, 0xd, 0xff, 0x90,
    0x0, 0x0, 0x0, 0x0, 0xb, 0xb4, 0x0, 0xe,
    0xff, 0x60, 0x3d, 0xfd, 0x0, 0x0, 0x0, 0x0,
    0x0, 0x0, 0x0, 0x0, 0xe, 0xff, 0x60, 0x0,
    0x42, 0x0, 0x0, 0x0, 0xb, 0xff, 0xff, 0xff,
    0xff, 0xff, 0xff, 0xff, 0xff, 0xff, 0xff, 0xff,
    0x60, 0xc, 0xff, 0xff, 0xff, 0xff, 0xff, 0xff,
    0xff, 0xff, 0xff, 0xff, 0xff, 0x70, 0xc, 0xff,
    0xff, 0xff, 0xff, 0xff, 0xff, 0xff, 0xff, 0xff,
    0xff, 0xff, 0x70, 0x1, 0x22, 0x22, 0x22, 0xbf,
    0xff, 0xff, 0xff, 0xf5, 0x22, 0x22, 0x22, 0x0,
    0x0, 0x0, 0x0, 0xa, 0xff, 0xff, 0xff, 0xff,
    0xff, 0x50, 0x0, 0x0, 0x0, 0x0, 0x0, 0x2,
    0xdf, 0xff, 0xae, 0xff, 0x8e, 0xff, 0xf9, 0x0,
    0x0, 0x0, 0x0, 0x0, 0x7f, 0xff, 0xfa, 0xe,
    0xff, 0x62, 0xef, 0xff, 0xd4, 0x0, 0x0, 0x0,
    0x5d, 0xff, 0xff, 0x80, 0xe, 0xff, 0x60, 0x1c,
    0xff, 0xff, 0xa3, 0x0, 0x4d, 0xff, 0xff, 0xf5,
    0x0, 0xe, 0xff, 0x60, 0x0, 0x9f, 0xff, 0xff,
    0xb0, 0xb, 0xff, 0xfc, 0x20, 0x0, 0xe, 0xff,
    0x60, 0x0, 0x5, 0xef, 0xff, 0x40, 0x1, 0xde,
    0x60, 0x0, 0x0, 0xe, 0xff, 0x60, 0x0, 0x0,
    0x19, 0xf6, 0x0, 0x0, 0x10, 0x0, 0x0, 0x0,
    0xe, 0xff, 0x60, 0x0, 0x0, 0x0, 0x10, 0x0,

    /* U+91CD "重" */
    0x0, 0x0, 0x0, 0x0, 0x0, 0x0, 0x0, 0x0,
    0x0, 0x1, 0x30, 0x0, 0x0, 0x0, 0x0, 0x12,
    0x23, 0x44, 0x56, 0x89, 0xac, 0xdf, 0xff, 0x40,
    0x0, 0x0, 0xa, 0xff, 0xff, 0xff, 0xff, 0xff,
    0xff, 0xff, 0xff, 0xfd, 0x0, 0x0, 0x0, 0x4f,
    0xff, 0xff, 0xff, 0xff, 0xff, 0xec, 0xb9, 0x86,
    0x30, 0x0, 0x0, 0x0, 0x65, 0x55, 0x43, 0x2e,
    0xff, 0x30, 0x0, 0x0, 0x0, 0x0, 0x0, 0x8a,
    0xaa, 0xaa, 0xaa, 0xaa, 0xff, 0xfb, 0xaa, 0xaa,
    0xaa, 0xaa, 0xa4, 0xd, 0xff, 0xff, 0xff, 0xff,
    0xff, 0xff, 0xff, 0xff, 0xff, 0xff, 0xff, 0x70,
    0xce, 0xee, 0xee, 0xee, 0xee, 0xff, 0xff, 0xee,
    0xee, 0xee, 0xee, 0xe7, 0x0, 0x0, 0x0, 0x0,
    0x0, 0xe, 0xff, 0x40, 0x0, 0x0, 0x0, 0x0,
    0x0, 0x0, 0xf, 0xff, 0xff, 0xff, 0xff, 0xff,
    0xff, 0xff, 0xff, 0xf3, 0x0, 0x0, 0x0, 0xff,
    0xff, 0xff, 0xff, 0xff, 0xff, 0xff, 0xff, 0xff,
    0x30, 0x0, 0x0, 0xf, 0xff, 0x0, 0x0, 0xef,
    0xf4, 0x0, 0x0, 0xff, 0xf3, 0x0, 0x0, 0x0,
    0xff, 0xfd, 0xdd, 0xdf, 0xff, 0xed, 0xdd, 0xdf,
    0xff, 0x30, 0x0, 0x0, 0xf, 0xff, 0xff, 0xff,
    0xff, 0xff, 0xff, 0xff, 0xff, 0xf3, 0x0, 0x0,
    0x0, 0xff, 0xf0, 0x0, 0xe, 0xff, 0x40, 0x0,
    0xf, 0xff, 0x30, 0x0, 0x0, 0xf, 0xff, 0xff,
    0xff, 0xff, 0xff, 0xff, 0xff, 0xff, 0xf3, 0x0,
    0x0, 0x0, 0xff, 0xff, 0xff, 0xff, 0xff, 0xff,
    0xff, 0xff, 0xff, 0x30, 0x0, 0x0, 0x1, 0x11,
    0x11, 0x11, 0xef, 0xf4, 0x11, 0x11, 0x11, 0x10,
    0x0, 0x0, 0x6, 0x66, 0x66, 0x66, 0x6f, 0xff,
    0x86, 0x66, 0x66, 0x66, 0x60, 0x0, 0x1, 0xff,
    0xff, 0xff, 0xff, 0xff, 0xff, 0xff, 0xff, 0xff,
    0xff, 0x0, 0x0, 0x1f, 0xff, 0xff, 0xff, 0xff,
    0xff, 0xff, 0xff, 0xff, 0xff, 0xe0, 0x0, 0x0,
    0x0, 0x0, 0x0, 0x0, 0xef, 0xf3, 0x0, 0x0,
    0x0, 0x0, 0x0, 0xf, 0xff, 0xff, 0xff, 0xff,
    0xff, 0xff, 0xff, 0xff, 0xff, 0xff, 0xff, 0xa0,
    0xff, 0xff, 0xff, 0xff, 0xff, 0xff, 0xff, 0xff,
    0xff, 0xff, 0xff, 0xfa, 0x8, 0x88, 0x88, 0x88,
    0x88, 0x88, 0x88, 0x88, 0x88, 0x88, 0x88, 0x88,
    0x50,

    /* U+91CF "量" */
    0x0, 0x3, 0x66, 0x66, 0x66, 0x66, 0x66, 0x66,
    0x66, 0x66, 0x30, 0x0, 0x0, 0x8, 0xff, 0xff,
    0xff, 0xff, 0xff, 0xff, 0xff, 0xff, 0x70, 0x0,
    0x0, 0x8, 0xff, 0x92, 0x22, 0x22, 0x22, 0x22,
    0x2c, 0xff, 0x70, 0x0, 0x0, 0x8, 0xff, 0xff,
    0xff, 0xff, 0xff, 0xff, 0xff, 0xff, 0x70, 0x0,
    0x0, 0x8, 0xff, 0xc9, 0x99, 0x99, 0x99, 0x99,
    0x9d, 0xff, 0x70, 0x0, 0x0, 0x8, 0xff, 0xc8,
    0x88, 0x88, 0x88, 0x88, 0x8d, 0xff, 0x70, 0x0,
    0x0, 0x8, 0xff, 0xff, 0xff, 0xff, 0xff, 0xff,
    0xff, 0xff, 0x70, 0x0, 0x1, 0x12, 0x33, 0x33,
    0x33, 0x33, 0x33, 0x33, 0x33, 0x33, 0x11, 0x10,
    0xcf, 0xff, 0xff, 0xff, 0xff, 0xff, 0xff, 0xff,
    0xff, 0xff, 0xff, 0xfe, 0xcf, 0xff, 0xff, 0xff,
    0xff, 0xff, 0xff, 0xff, 0xff, 0xff, 0xff, 0xfe,
    0x22, 0x23, 0x33, 0x33, 0x33, 0x33, 0x33, 0x33,
    0x33, 0x33, 0x32, 0x22, 0x0, 0xf, 0xff, 0xff,
    0xff, 0xff, 0xff, 0xff, 0xff, 0xff, 0xf1, 0x0,
    0x0, 0xf, 0xff, 0x99, 0x99, 0xcf, 0xfc, 0x99,
    0x99, 0xff, 0xf1, 0x0, 0x0, 0xf, 0xff, 0x88,
    0x88, 0xcf, 0xfc, 0x88, 0x88, 0xff, 0xf1, 0x0,
    0x0, 0xf, 0xff, 0xff, 0xff, 0xff, 0xff, 0xff,
    0xff, 0xff, 0xf1, 0x0, 0x0, 0xf, 0xff, 0x22,
    0x22, 0x9f, 0xf9, 0x22, 0x22, 0xff, 0xf1, 0x0,
    0x0, 0xf, 0xff, 0xff, 0xff, 0xff, 0xff, 0xff,
    0xff, 0xff, 0xf1, 0x0, 0x0, 0x7, 0x77, 0x77,
    0x77, 0xcf, 0xfb, 0x77, 0x77, 0x77, 0x70, 0x0,
    0x0, 0x6b, 0xbb, 0xbb, 0xbb, 0xef, 0xfd, 0xbb,
    0xbb, 0xbb, 0xb7, 0x0, 0x0, 0x8f, 0xff, 0xff,
    0xff, 0xff, 0xff, 0xff, 0xff, 0xff, 0xf9, 0x0,
    0x0, 0x24, 0x44, 0x44, 0x44, 0xaf, 0xf9, 0x44,
    0x44, 0x44, 0x42, 0x0, 0x46, 0x66, 0x66, 0x66,
    0x66, 0xbf, 0xfa, 0x66, 0x66, 0x66, 0x66, 0x65,
    0xdf, 0xff, 0xff, 0xff, 0xff, 0xff, 0xff, 0xff,
    0xff, 0xff, 0xff, 0xff, 0xbe, 0xee, 0xee, 0xee,
    0xee, 0xee, 0xee, 0xee, 0xee, 0xee, 0xee, 0xee,

    /* U+949F "钟" */
    0x0, 0x0, 0x0, 0x0, 0x0, 0x0, 0x0, 0x0,
    0x0, 0x0, 0x0, 0x0, 0x0, 0x0, 0xc, 0xc7,
    0x0, 0x0, 0x0, 0x0, 0x1, 0xff, 0xe0, 0x0,
    0x0, 0x0, 0x3, 0xff, 0xe0, 0x0, 0x0, 0x0,
    0x0, 0x1f, 0xfe, 0x0, 0x0, 0x0, 0x0, 0xbf,
    0xfe, 0xbb, 0xbb, 0x0, 0x0, 0x1, 0xff, 0xe0,
    0x0, 0x0, 0x0, 0x5f, 0xff, 0xff, 0xff, 0xf0,
    0x0, 0x0, 0x1f, 0xfe, 0x0, 0x0, 0x0, 0x2f,
    0xff, 0xff, 0xff, 0xff, 0x12, 0x22, 0x23, 0xff,
    0xf2, 0x22, 0x21, 0x1e, 0xff, 0xd2, 0x11, 0x11,
    0x19, 0xff, 0xff, 0xff, 0xff, 0xff, 0xff, 0xf0,
    0xdf, 0xf3, 0x0, 0x0, 0x0, 0x9f, 0xff, 0xff,
    0xff, 0xff, 0xff, 0xff, 0x6, 0xff, 0xbb, 0xbb,
    0xbb, 0x69, 0xff, 0xff, 0xff, 0xff, 0xff, 0xff,
    0xf0, 0x9, 0xef, 0xff, 0xff, 0xf9, 0x9f, 0xf5,
    0x13, 0xff, 0xf1, 0x1f, 0xff, 0x0, 0xe, 0xff,
    0xff, 0xff, 0x99, 0xff, 0x40, 0x1f, 0xfe, 0x0,
    0xff, 0xf0, 0x0, 0x2, 0xff, 0xe1, 0x10, 0x9f,
    0xf4, 0x1, 0xff, 0xe0, 0xf, 0xff, 0x0, 0x0,
    0x1f, 0xfe, 0x0, 0x9, 0xff, 0x40, 0x1f, 0xfe,
    0x0, 0xff, 0xf0, 0x26, 0x66, 0xff, 0xf6, 0x65,
    0x9f, 0xf4, 0x2, 0xff, 0xe0, 0xf, 0xff, 0x7,
    0xff, 0xff, 0xff, 0xff, 0xf9, 0xff, 0xff, 0xff,
    0xff, 0xff, 0xff, 0xf0, 0x7f, 0xff, 0xff, 0xff,
    0xff, 0x9f, 0xff, 0xff, 0xff, 0xff, 0xff, 0xff,
    0x2, 0x66, 0x7f, 0xff, 0x66, 0x69, 0xff, 0xff,
    0xff, 0xff, 0xff, 0xff, 0xf0, 0x0, 0x1, 0xff,
    0xe0, 0x0, 0x9f, 0xf4, 0x1, 0xff, 0xe0, 0xf,
    0xff, 0x0, 0x0, 0x1f, 0xfe, 0x0, 0x5, 0x99,
    0x20, 0x1f, 0xfe, 0x0, 0x66, 0x50, 0x0, 0x1,
    0xff, 0xe0, 0x5c, 0x10, 0x0, 0x1, 0xff, 0xe0,
    0x0, 0x0, 0x0, 0x0, 0x1f, 0xff, 0xef, 0xf2,
    0x0, 0x0, 0x1f, 0xfe, 0x0, 0x0, 0x0, 0x0,
    0x7, 0xff, 0xff, 0xfe, 0x30, 0x0, 0x1, 0xff,
    0xe0, 0x0, 0x0, 0x0, 0x4, 0xff, 0xff, 0xe7,
    0x0, 0x0, 0x0, 0x1f, 0xfe, 0x0, 0x0, 0x0,
    0x0, 0x1e, 0xfe, 0x70, 0x0, 0x0, 0x0, 0x1,
    0xff, 0xe0, 0x0, 0x0, 0x0, 0x0, 0x48, 0x0,
    0x0, 0x0, 0x0, 0x0, 0x1f, 0xfe, 0x0, 0x0,
    0x0,

    /* U+9500 "销" */
    0x0, 0x0, 0x77, 0x20, 0x0, 0x0, 0x0, 0x0,
    0x1e, 0xeb, 0x0, 0x10, 0x0, 0x0, 0x1, 0xff,
    0xe0, 0x0, 0x0, 0x6d, 0x40, 0x1f, 0xfc, 0x0,
    0xae, 0x80, 0x0, 0x8, 0xff, 0x80, 0x0, 0x3,
    0xff, 0xd0, 0x1f, 0xfc, 0x1, 0xff, 0xe0, 0x0,
    0x2f, 0xff, 0xff, 0xff, 0xf0, 0xaf, 0xf6, 0x1f,
    0xfc, 0x7, 0xff, 0x70, 0x0, 0xcf, 0xff, 0xff,
    0xff, 0xf0, 0x3f, 0xfd, 0x1f, 0xfc, 0xe, 0xff,
    0x10, 0xa, 0xff, 0xfe, 0xee, 0xee, 0xd0, 0xc,
    0xfd, 0x2f, 0xfc, 0x4f, 0xf7, 0x0, 0x1e, 0xff,
    0x30, 0x0, 0x0, 0x0, 0x5, 0x60, 0x1f, 0xfc,
    0x2, 0x70, 0x0, 0x7, 0xfe, 0xaa, 0xaa, 0xaa,
    0x40, 0xbb, 0xbb, 0xbf, 0xff, 0xbb, 0xcb, 0x50,
    0x0, 0x7f, 0xff, 0xff, 0xff, 0x70, 0xff, 0xff,
    0xff, 0xff, 0xff, 0xff, 0x70, 0x0, 0xf, 0xff,
    0xff, 0xff, 0x70, 0xff, 0xff, 0xff, 0xff, 0xff,
    0xff, 0x70, 0x0, 0x1, 0x2f, 0xfc, 0x11, 0x0,
    0xff, 0xc1, 0x11, 0x11, 0x16, 0xff, 0x70, 0x0,
    0x0, 0x1f, 0xfc, 0x0, 0x0, 0xff, 0xb0, 0x0,
    0x0, 0x5, 0xff, 0x70, 0x1, 0x22, 0x4f, 0xfc,
    0x22, 0x20, 0xff, 0xfd, 0xdd, 0xdd, 0xde, 0xff,
    0x70, 0x6, 0xff, 0xff, 0xff, 0xff, 0xf1, 0xff,
    0xff, 0xff, 0xff, 0xff, 0xff, 0x70, 0x6, 0xff,
    0xff, 0xff, 0xff, 0xf1, 0xff, 0xfd, 0xdd, 0xdd,
    0xde, 0xff, 0x70, 0x3, 0xaa, 0xbf, 0xfe, 0xaa,
    0xa0, 0xff, 0xb0, 0x0, 0x0, 0x5, 0xff, 0x70,
    0x0, 0x0, 0x1f, 0xfc, 0x0, 0x0, 0xff, 0xe9,
    0x99, 0x99, 0x9b, 0xff, 0x70, 0x0, 0x0, 0x1f,
    0xfc, 0x0, 0x0, 0xff, 0xff, 0xff, 0xff, 0xff,
    0xff, 0x70, 0x0, 0x0, 0x1f, 0xfc, 0x29, 0x70,
    0xff, 0xff, 0xff, 0xff, 0xff, 0xff, 0x70, 0x0,
    0x0, 0x2f, 0xff, 0xff, 0xa0, 0xff, 0xc0, 0x0,
    0x0, 0x5, 0xff, 0x70, 0x0, 0x0, 0x8f, 0xff,
    0xff, 0xb0, 0xff, 0xb0, 0x0, 0x0, 0x5, 0xff,
    0x70, 0x0, 0x2, 0xff, 0xff, 0xc4, 0x0, 0xff,
    0xb0, 0x0, 0x2f, 0xef, 0xff, 0x60, 0x0, 0x0,
    0xbf, 0xd5, 0x0, 0x0, 0xff, 0xb0, 0x0, 0xd,
    0xff, 0xff, 0x20, 0x0, 0x0, 0x47, 0x0, 0x0,
    0x0, 0xff, 0xb0, 0x0, 0x8, 0xdc, 0xa3, 0x0,

    /* U+955C "镜" */
    0x0, 0x0, 0x0, 0x0, 0x0, 0x0, 0x0, 0x0,
    0x0, 0x20, 0x0, 0x0, 0x0, 0x0, 0x3, 0xd8,
    0x30, 0x0, 0x0, 0x0, 0x0, 0xbf, 0xf2, 0x0,
    0x0, 0x0, 0x0, 0xa, 0xff, 0x60, 0x0, 0x3,
    0x88, 0x88, 0xdf, 0xfc, 0x88, 0x88, 0x20, 0x0,
    0x2f, 0xff, 0xa9, 0x99, 0x7, 0xff, 0xff, 0xff,
    0xff, 0xff, 0xff, 0x40, 0x0, 0xbf, 0xff, 0xff,
    0xff, 0x6, 0xff, 0xff, 0xff, 0xff, 0xff, 0xff,
    0x40, 0x6, 0xff, 0xff, 0xff, 0xff, 0x0, 0x6,
    0xef, 0x20, 0x4, 0xfe, 0x70, 0x0, 0x5f, 0xff,
    0x83, 0x33, 0x33, 0x0, 0x3, 0xff, 0x80, 0x9,
    0xff, 0x20, 0x0, 0x5f, 0xfc, 0x0, 0x0, 0x0,
    0x2f, 0xff, 0xff, 0xff, 0xff, 0xff, 0xff, 0xd0,
    0xd, 0xfc, 0xbb, 0xbb, 0xb8, 0x3f, 0xff, 0xff,
    0xff, 0xff, 0xff, 0xff, 0xe0, 0x6, 0xcf, 0xff,
    0xff, 0xfb, 0x1a, 0xaa, 0xaa, 0xaa, 0xaa, 0xaa,
    0xaa, 0x80, 0x0, 0x9f, 0xff, 0xff, 0xfb, 0x0,
    0x33, 0x33, 0x33, 0x33, 0x33, 0x33, 0x0, 0x0,
    0x35, 0xdf, 0xf6, 0x53, 0x2, 0xff, 0xff, 0xff,
    0xff, 0xff, 0xff, 0x0, 0x0, 0x0, 0xcf, 0xf2,
    0x0, 0x2, 0xff, 0xeb, 0xbb, 0xbb, 0xbf, 0xff,
    0x0, 0x2, 0x22, 0xcf, 0xf4, 0x22, 0x2, 0xff,
    0xb3, 0x33, 0x33, 0x3f, 0xff, 0x0, 0xe, 0xff,
    0xff, 0xff, 0xff, 0x52, 0xff, 0xff, 0xff, 0xff,
    0xff, 0xff, 0x0, 0xe, 0xff, 0xff, 0xff, 0xff,
    0x52, 0xff, 0xd9, 0x99, 0x99, 0x9f, 0xff, 0x0,
    0x9, 0xaa, 0xef, 0xfb, 0xaa, 0x32, 0xff, 0xb5,
    0x55, 0x55, 0x5f, 0xff, 0x0, 0x0, 0x0, 0xcf,
    0xf2, 0x0, 0x2, 0xff, 0xff, 0xff, 0xff, 0xff,
    0xff, 0x0, 0x0, 0x0, 0xcf, 0xf2, 0x3, 0x1,
    0x9a, 0xff, 0xf9, 0xdf, 0xfb, 0x98, 0x0, 0x0,
    0x0, 0xcf, 0xf4, 0xaf, 0x20, 0x3, 0xff, 0xc0,
    0x8f, 0xf5, 0x0, 0x0, 0x0, 0x0, 0xdf, 0xff,
    0xff, 0x80, 0x9, 0xff, 0x90, 0x8f, 0xf5, 0x3,
    0x0, 0x0, 0x5, 0xff, 0xff, 0xfe, 0x50, 0x4f,
    0xff, 0x30, 0x8f, 0xf5, 0xf, 0xc3, 0x0, 0x2f,
    0xff, 0xff, 0x81, 0x4a, 0xff, 0xfb, 0x0, 0x8f,
    0xf7, 0x4f, 0xf5, 0x0, 0xb, 0xff, 0xb2, 0x5,
    0xff, 0xff, 0xc1, 0x0, 0x6f, 0xff, 0xff, 0xf1,
    0x0, 0x2, 0xe5, 0x0, 0x0, 0x9f, 0xe7, 0x0,
    0x0, 0xb, 0xff, 0xfe, 0x70, 0x0, 0x0, 0x10,
    0x0, 0x0, 0x4, 0x0, 0x0, 0x0, 0x0, 0x0,
    0x0, 0x0,

    /* U+957F "长" */
    0x0, 0x0, 0x2e, 0xee, 0x10, 0x0, 0x0, 0x0,
    0x0, 0x41, 0x0, 0x0, 0x0, 0x0, 0x3, 0xff,
    0xf1, 0x0, 0x0, 0x0, 0x0, 0x7f, 0xfa, 0x20,
    0x0, 0x0, 0x0, 0x3f, 0xff, 0x10, 0x0, 0x0,
    0x1, 0xaf, 0xff, 0xe3, 0x0, 0x0, 0x0, 0x3,
    0xff, 0xf1, 0x0, 0x0, 0x5, 0xef, 0xff, 0xe2,
    0x0, 0x0, 0x0, 0x0, 0x3f, 0xff, 0x10, 0x0,
    0x3b, 0xff, 0xff, 0xb1, 0x0, 0x0, 0x0, 0x0,
    0x3, 0xff, 0xf1, 0x4, 0xbf, 0xff, 0xff, 0x70,
    0x0, 0x0, 0x0, 0x0, 0x0, 0x3f, 0xff, 0x15,
    0xff, 0xff, 0xfc, 0x20, 0x0, 0x0, 0x0, 0x0,
    0x0, 0x3, 0xff, 0xf1, 0x6, 0xff, 0xe6, 0x0,
    0x0, 0x0, 0x0, 0x0, 0x0, 0x0, 0x3f, 0xff,
    0x10, 0x6, 0x70, 0x0, 0x0, 0x0, 0x0, 0x0,
    0x1, 0x22, 0x25, 0xff, 0xf4, 0x22, 0x22, 0x22,
    0x22, 0x22, 0x22, 0x22, 0x10, 0xaf, 0xff, 0xff,
    0xff, 0xff, 0xff, 0xff, 0xff, 0xff, 0xff, 0xff,
    0xfb, 0xa, 0xff, 0xff, 0xff, 0xff, 0xff, 0xff,
    0xff, 0xff, 0xff, 0xff, 0xff, 0xb0, 0xaf, 0xff,
    0xff, 0xff, 0xff, 0xff, 0xff, 0xff, 0xff, 0xff,
    0xff, 0xfa, 0x0, 0x0, 0x3, 0xff, 0xf1, 0x0,
    0x7f, 0xfd, 0x0, 0x0, 0x0, 0x0, 0x0, 0x0,
    0x0, 0x3f, 0xff, 0x10, 0x0, 0xff, 0xf7, 0x0,
    0x0, 0x0, 0x0, 0x0, 0x0, 0x3, 0xff, 0xf1,
    0x0, 0x7, 0xff, 0xf3, 0x0, 0x0, 0x0, 0x0,
    0x0, 0x0, 0x3f, 0xff, 0x10, 0x0, 0xe, 0xff,
    0xe2, 0x0, 0x0, 0x0, 0x0, 0x0, 0x3, 0xff,
    0xf1, 0x0, 0x0, 0x4f, 0xff, 0xe3, 0x0, 0x0,
    0x0, 0x0, 0x0, 0x3f, 0xff, 0x10, 0x0, 0x33,
    0x8f, 0xff, 0xf7, 0x0, 0x0, 0x0, 0x0, 0x3,
    0xff, 0xf6, 0x8c, 0xff, 0xb0, 0x9f, 0xff, 0xfd,
    0x50, 0x0, 0x0, 0x0, 0x6f, 0xff, 0xff, 0xff,
    0xfc, 0x0, 0x8f, 0xff, 0xff, 0xfa, 0x10, 0x0,
    0x3f, 0xff, 0xff, 0xff, 0xfe, 0xa0, 0x0, 0x5e,
    0xff, 0xff, 0x80, 0x0, 0x0, 0xef, 0xff, 0xea,
    0x62, 0x0, 0x0, 0x0, 0x8, 0xef, 0xc0, 0x0,
    0x0, 0x8, 0xd7, 0x30, 0x0, 0x0, 0x0, 0x0,
    0x0, 0x0, 0x63, 0x0, 0x0, 0x0, 0x0, 0x0,
    0x0, 0x0, 0x0, 0x0, 0x0, 0x0, 0x0, 0x0,
    0x0,

    /* U+95ED "闭" */
    0x0, 0x0, 0x0, 0x0, 0x0, 0x0, 0x0, 0x0,
    0x0, 0x0, 0x0, 0x0, 0x0, 0x5d, 0x30, 0x0,
    0x0, 0x0, 0x0, 0x0, 0x0, 0x0, 0x0, 0x0,
    0x7, 0xff, 0xe2, 0x0, 0xdd, 0xdd, 0xdd, 0xdd,
    0xdd, 0xdd, 0xef, 0xd5, 0x0, 0xcf, 0xfd, 0x10,
    0xff, 0xff, 0xff, 0xff, 0xff, 0xff, 0xff, 0xf6,
    0x0, 0x1d, 0xff, 0xa0, 0xff, 0xff, 0xff, 0xff,
    0xff, 0xff, 0xff, 0xf6, 0x0, 0x3, 0xfd, 0x30,
    0x0, 0x0, 0x3, 0x33, 0x10, 0x0, 0xbf, 0xf6,
    0x1, 0x11, 0x30, 0x0, 0x0, 0x0, 0xe, 0xff,
    0x50, 0x0, 0xaf, 0xf6, 0x3f, 0xfe, 0x0, 0x0,
    0x0, 0x0, 0xe, 0xff, 0x50, 0x0, 0xaf, 0xf6,
    0x3f, 0xfe, 0x0, 0x0, 0x0, 0x0, 0xe, 0xff,
    0x50, 0x0, 0xaf, 0xf6, 0x3f, 0xfe, 0x9, 0xcc,
    0xcc, 0xcc, 0xcf, 0xff, 0xdc, 0xc3, 0xaf, 0xf6,
    0x3f, 0xfe, 0xc, 0xff, 0xff, 0xff, 0xff, 0xff,
    0xff, 0xf4, 0xaf, 0xf6, 0x3f, 0xfe, 0xc, 0xff,
    0xff, 0xff, 0xff, 0xff, 0xff, 0xf4, 0xaf, 0xf6,
    0x3f, 0xfe, 0x2, 0x22, 0x22, 0x4f, 0xff, 0xff,
    0x72, 0x20, 0xaf, 0xf6, 0x3f, 0xfe, 0x0, 0x0,
    0x1, 0xdf, 0xff, 0xff, 0x50, 0x0, 0xaf, 0xf6,
    0x3f, 0xfe, 0x0, 0x0, 0x1c, 0xff, 0xff, 0xff,
    0x50, 0x0, 0xaf, 0xf6, 0x3f, 0xfe, 0x0, 0x2,
    0xdf, 0xff, 0x4e, 0xff, 0x50, 0x0, 0xaf, 0xf6,
    0x3f, 0xfe, 0x0, 0x5e, 0xff, 0xf5, 0xe, 0xff,
    0x50, 0x0, 0xaf, 0xf6, 0x3f, 0xfe, 0x1a, 0xff,
    0xff, 0x50, 0xe, 0xff, 0x50, 0x0, 0xaf, 0xf6,
    0x3f, 0xfe, 0x7f, 0xff, 0xe3, 0x0, 0xe, 0xff,
    0x50, 0x0, 0xaf, 0xf6, 0x3f, 0xfe, 0x9, 0xfa,
    0x10, 0x0, 0xf, 0xff, 0x40, 0x0, 0xaf, 0xf6,
    0x3f, 0xfe, 0x0, 0x30, 0x8, 0xee, 0xff, 0xff,
    0x40, 0x0, 0xaf, 0xf6, 0x3f, 0xfe, 0x0, 0x0,
    0x3, 0xff, 0xff, 0xfe, 0x0, 0x0, 0xaf, 0xf6,
    0x3f, 0xfe, 0x0, 0x0, 0x0, 0xef, 0xfd, 0xa2,
    0x9, 0xcc, 0xff, 0xf5, 0x3f, 0xfe, 0x0, 0x0,
    0x0, 0x0, 0x0, 0x0, 0x5, 0xff, 0xff, 0xf1,
    0x3f, 0xfe, 0x0, 0x0, 0x0, 0x0, 0x0, 0x0,
    0x1, 0xff, 0xeb, 0x30,

    /* U+95F4 "间" */
    0x0, 0x4c, 0x30, 0x0, 0x0, 0x0, 0x0, 0x0,
    0x0, 0x0, 0x0, 0x0, 0x7, 0xff, 0xf3, 0x2,
    0xdd, 0xdd, 0xdd, 0xdd, 0xdd, 0xdd, 0xff, 0xd5,
    0x0, 0xdf, 0xfe, 0x22, 0xff, 0xff, 0xff, 0xff,
    0xff, 0xff, 0xff, 0xf6, 0x0, 0x2e, 0xff, 0xc2,
    0xff, 0xff, 0xff, 0xff, 0xff, 0xff, 0xff, 0xf6,
    0x0, 0x4, 0xfc, 0x40, 0x0, 0x0, 0x0, 0x0,
    0x0, 0x0, 0xdf, 0xf6, 0x1, 0x11, 0x40, 0x0,
    0x0, 0x0, 0x0, 0x0, 0x0, 0x0, 0xdf, 0xf6,
    0x2f, 0xff, 0x10, 0x0, 0x0, 0x0, 0x0, 0x0,
    0x0, 0x0, 0xdf, 0xf6, 0x2f, 0xff, 0x10, 0x1f,
    0xff, 0xff, 0xff, 0xff, 0xf3, 0x0, 0xdf, 0xf6,
    0x2f, 0xff, 0x10, 0x1f, 0xff, 0xff, 0xff, 0xff,
    0xf3, 0x0, 0xdf, 0xf6, 0x2f, 0xff, 0x10, 0x1f,
    0xfd, 0x88, 0x88, 0xdf, 0xf3, 0x0, 0xdf, 0xf6,
    0x2f, 0xff, 0x10, 0x1f, 0xfb, 0x0, 0x0, 0xbf,
    0xf3, 0x0, 0xdf, 0xf6, 0x2f, 0xff, 0x10, 0x1f,
    0xfb, 0x0, 0x0, 0xbf, 0xf3, 0x0, 0xdf, 0xf6,
    0x2f, 0xff, 0x10, 0x1f, 0xff, 0xff, 0xff, 0xff,
    0xf3, 0x0, 0xdf, 0xf6, 0x2f, 0xff, 0x10, 0x1f,
    0xff, 0xff, 0xff, 0xff, 0xf3, 0x0, 0xdf, 0xf6,
    0x2f, 0xff, 0x10, 0x1f, 0xfd, 0x88, 0x88, 0xdf,
    0xf3, 0x0, 0xdf, 0xf6, 0x2f, 0xff, 0x10, 0x1f,
    0xfb, 0x0, 0x0, 0xbf, 0xf3, 0x0, 0xdf, 0xf6,
    0x2f, 0xff, 0x10, 0x1f, 0xfb, 0x0, 0x0, 0xbf,
    0xf3, 0x0, 0xdf, 0xf6, 0x2f, 0xff, 0x10, 0x1f,
    0xff, 0xff, 0xff, 0xff, 0xf3, 0x0, 0xdf, 0xf6,
    0x2f, 0xff, 0x10, 0x1f, 0xff, 0xff, 0xff, 0xff,
    0xf3, 0x0, 0xdf, 0xf6, 0x2f, 0xff, 0x10, 0x8,
    0x88, 0x88, 0x88, 0x88, 0x81, 0x0, 0xdf, 0xf6,
    0x2f, 0xff, 0x10, 0x0, 0x0, 0x0, 0x0, 0x0,
    0x0, 0x0, 0xdf, 0xf6, 0x2f, 0xff, 0x10, 0x0,
    0x0, 0x0, 0x0, 0x0, 0x4, 0xcc, 0xff, 0xf5,
    0x2f, 0xff, 0x10, 0x0, 0x0, 0x0, 0x0, 0x0,
    0x0, 0xff, 0xff, 0xf2, 0x2f, 0xff, 0x10, 0x0,
    0x0, 0x0, 0x0, 0x0, 0x0, 0xbf, 0xeb, 0x40,

    /* U+961F "队" */
    0x0, 0x0, 0x0, 0x11, 0x0, 0x0, 0x5, 0xff,
    0xd0, 0x0, 0x0, 0x0, 0xef, 0xff, 0xff, 0xff,
    0x80, 0x0, 0x5, 0xff, 0xd0, 0x0, 0x0, 0x0,
    0xef, 0xff, 0xff, 0xff, 0xf7, 0x0, 0x5, 0xff,
    0xd0, 0x0, 0x0, 0x0, 0xef, 0xfc, 0xbc, 0xff,
    0xf2, 0x0, 0x6, 0xff, 0xd0, 0x0, 0x0, 0x0,
    0xef, 0xf1, 0x6, 0xff, 0xb0, 0x0, 0x6, 0xff,
    0xc0, 0x0, 0x0, 0x0, 0xef, 0xf1, 0xb, 0xff,
    0x50, 0x0, 0x6, 0xff, 0xc0, 0x0, 0x0, 0x0,
    0xef, 0xf1, 0x1f, 0xfe, 0x0, 0x0, 0x7, 0xff,
    0xb0, 0x0, 0x0, 0x0, 0xef, 0xf1, 0x6f, 0xf7,
    0x0, 0x0, 0x8, 0xff, 0xb0, 0x0, 0x0, 0x0,
    0xef, 0xf1, 0xbf, 0xf1, 0x0, 0x0, 0x9, 0xff,
    0xd0, 0x0, 0x0, 0x0, 0xef, 0xf1, 0x8f, 0xfa,
    0x0, 0x0, 0xb, 0xff, 0xf0, 0x0, 0x0, 0x0,
    0xef, 0xf1, 0xc, 0xff, 0x50, 0x0, 0xd, 0xff,
    0xf2, 0x0, 0x0, 0x0, 0xef, 0xf1, 0x3, 0xff,
    0xc0, 0x0, 0xf, 0xff, 0xf5, 0x0, 0x0, 0x0,
    0xef, 0xf1, 0x0, 0xef, 0xf1, 0x0, 0x3f, 0xff,
    0xf9, 0x0, 0x0, 0x0, 0xef, 0xf1, 0x0, 0xcf,
    0xf3, 0x0, 0x7f, 0xff, 0xfe, 0x0, 0x0, 0x0,
    0xef, 0xf1, 0x0, 0xef, 0xf3, 0x0, 0xcf, 0xff,
    0xff, 0x40, 0x0, 0x0, 0xef, 0xf2, 0xbd, 0xff,
    0xf1, 0x2, 0xff, 0xfb, 0xff, 0xa0, 0x0, 0x0,
    0xef, 0xf1, 0xdf, 0xff, 0xb0, 0xa, 0xff, 0xd2,
    0xff, 0xf2, 0x0, 0x0, 0xef, 0xf1, 0xaf, 0xfb,
    0x10, 0x3f, 0xff, 0x60, 0xbf, 0xfa, 0x0, 0x0,
    0xef, 0xf1, 0x12, 0x0, 0x1, 0xdf, 0xfe, 0x0,
    0x4f, 0xff, 0x50, 0x0, 0xef, 0xf1, 0x0, 0x0,
    0xc, 0xff, 0xf5, 0x0, 0xb, 0xff, 0xf2, 0x0,
    0xef, 0xf1, 0x0, 0x1, 0xcf, 0xff, 0xa0, 0x0,
    0x2, 0xff, 0xfe, 0x20, 0xef, 0xf1, 0x0, 0x3e,
    0xff, 0xfc, 0x0, 0x0, 0x0, 0x6f, 0xff, 0xf3,
    0xef, 0xf1, 0x0, 0x8, 0xff, 0xc1, 0x0, 0x0,
    0x0, 0x8, 0xff, 0xb0, 0xef, 0xf1, 0x0, 0x0,
    0x9a, 0x0, 0x0, 0x0, 0x0, 0x0, 0x7b, 0x0,
    0x0, 0x0, 0x0, 0x0, 0x0, 0x0, 0x0, 0x0,
    0x0, 0x0, 0x0, 0x0,

    /* U+9645 "际" */
    0x4, 0x44, 0x44, 0x44, 0x10, 0x0, 0x0, 0x0,
    0x0, 0x0, 0x0, 0x0, 0x1, 0xff, 0xff, 0xff,
    0xfe, 0x60, 0x6b, 0xbb, 0xbb, 0xbb, 0xbb, 0xba,
    0x0, 0x1f, 0xff, 0xff, 0xff, 0xfb, 0x8, 0xff,
    0xff, 0xff, 0xff, 0xff, 0xe0, 0x1, 0xff, 0xf8,
    0x8d, 0xff, 0x60, 0x8f, 0xff, 0xff, 0xff, 0xff,
    0xfe, 0x0, 0x1f, 0xfe, 0x0, 0xef, 0xf1, 0x1,
    0x33, 0x33, 0x33, 0x33, 0x33, 0x30, 0x1, 0xff,
    0xe0, 0x2f, 0xfc, 0x0, 0x0, 0x0, 0x0, 0x0,
    0x0, 0x0, 0x0, 0x1f, 0xfe, 0x7, 0xff, 0x70,
    0x0, 0x0, 0x0, 0x0, 0x0, 0x0, 0x0, 0x1,
    0xff, 0xe0, 0xcf, 0xf2, 0x6, 0x66, 0x66, 0x66,
    0x66, 0x66, 0x66, 0x60, 0x1f, 0xfe, 0x1f, 0xfd,
    0x1, 0xff, 0xff, 0xff, 0xff, 0xff, 0xff, 0xff,
    0x1, 0xff, 0xe0, 0xdf, 0xf5, 0x1f, 0xff, 0xff,
    0xff, 0xff, 0xff, 0xff, 0xf0, 0x1f, 0xfe, 0x3,
    0xff, 0xe0, 0x88, 0x88, 0x8d, 0xff, 0xc8, 0x88,
    0x88, 0x1, 0xff, 0xe0, 0xb, 0xff, 0x40, 0x0,
    0x0, 0xaf, 0xf8, 0x0, 0x0, 0x0, 0x1f, 0xfe,
    0x0, 0x6f, 0xf9, 0x0, 0x0, 0xa, 0xff, 0x80,
    0x0, 0x0, 0x1, 0xff, 0xe0, 0x4, 0xff, 0xb0,
    0xaa, 0x70, 0xaf, 0xf8, 0x29, 0xe3, 0x0, 0x1f,
    0xfe, 0x0, 0x4f, 0xfc, 0xf, 0xff, 0xa, 0xff,
    0x84, 0xff, 0x90, 0x1, 0xff, 0xe2, 0x2a, 0xff,
    0xa5, 0xff, 0xa0, 0xaf, 0xf8, 0xe, 0xfe, 0x0,
    0x1f, 0xfe, 0x7f, 0xff, 0xf7, 0xbf, 0xf4, 0xa,
    0xff, 0x80, 0x8f, 0xf3, 0x1, 0xff, 0xe2, 0xff,
    0xfc, 0x2f, 0xfd, 0x0, 0xaf, 0xf8, 0x3, 0xff,
    0x80, 0x1f, 0xfe, 0x7, 0x74, 0x9, 0xff, 0x60,
    0xa, 0xff, 0x80, 0xe, 0xfd, 0x1, 0xff, 0xe0,
    0x0, 0x3, 0xff, 0xe0, 0x0, 0xaf, 0xf8, 0x0,
    0xaf, 0xf1, 0x1f, 0xfe, 0x0, 0x0, 0x3d, 0xf6,
    0x13, 0x3b, 0xff, 0x80, 0x6, 0xff, 0x31, 0xff,
    0xe0, 0x0, 0x0, 0x6, 0x4, 0xff, 0xff, 0xf7,
    0x0, 0x38, 0x20, 0x1f, 0xfe, 0x0, 0x0, 0x0,
    0x0, 0xf, 0xff, 0xff, 0x30, 0x0, 0x0, 0x1,
    0xff, 0xe0, 0x0, 0x0, 0x0, 0x0, 0xcf, 0xec,
    0x50, 0x0, 0x0, 0x0,

    /* U+9650 "限" */
    0x0, 0x0, 0x1, 0x10, 0x0, 0x0, 0x0, 0x0,
    0x0, 0x0, 0x0, 0x0, 0xff, 0xff, 0xff, 0xfa,
    0x18, 0xff, 0xff, 0xff, 0xff, 0xff, 0xf4, 0x0,
    0xff, 0xff, 0xff, 0xff, 0x78, 0xff, 0xff, 0xff,
    0xff, 0xff, 0xf4, 0x0, 0xff, 0xeb, 0xbf, 0xff,
    0x28, 0xff, 0xda, 0xaa, 0xaa, 0xef, 0xf4, 0x0,
    0xff, 0xb0, 0xf, 0xfd, 0x8, 0xff, 0x80, 0x0,
    0x0, 0xcf, 0xf4, 0x0, 0xff, 0xb0, 0x4f, 0xf7,
    0x8, 0xff, 0xc7, 0x77, 0x77, 0xef, 0xf4, 0x0,
    0xff, 0xb0, 0x8f, 0xf2, 0x8, 0xff, 0xff, 0xff,
    0xff, 0xff, 0xf4, 0x0, 0xff, 0xb0, 0xcf, 0xc0,
    0x8, 0xff, 0xff, 0xff, 0xff, 0xff, 0xf4, 0x0,
    0xff, 0xb0, 0xff, 0x70, 0x8, 0xff, 0x80, 0x0,
    0x0, 0xcf, 0xf4, 0x0, 0xff, 0xb0, 0xdf, 0xd0,
    0x8, 0xff, 0x80, 0x0, 0x0, 0xcf, 0xf4, 0x0,
    0xff, 0xb0, 0x4f, 0xf6, 0x8, 0xff, 0xec, 0xcc,
    0xcc, 0xff, 0xf4, 0x0, 0xff, 0xb0, 0xe, 0xfd,
    0x8, 0xff, 0xff, 0xff, 0xff, 0xff, 0xf4, 0x0,
    0xff, 0xb0, 0xa, 0xff, 0x18, 0xff, 0xff, 0xff,
    0xff, 0xff, 0xf4, 0x0, 0xff, 0xb0, 0x8, 0xff,
    0x38, 0xff, 0x80, 0xcf, 0xe0, 0x0, 0x93, 0x0,
    0xff, 0xb0, 0x9, 0xff, 0x38, 0xff, 0x80, 0x7f,
    0xf5, 0xb, 0xfe, 0x20, 0xff, 0xb4, 0x8f, 0xff,
    0x18, 0xff, 0x80, 0x2f, 0xfd, 0xdf, 0xff, 0x60,
    0xff, 0xb4, 0xff, 0xfd, 0x8, 0xff, 0x80, 0xc,
    0xff, 0xff, 0xe3, 0x0, 0xff, 0xb1, 0xff, 0xd3,
    0x8, 0xff, 0x80, 0x6, 0xff, 0xfa, 0x10, 0x0,
    0xff, 0xb0, 0x21, 0x0, 0x8, 0xff, 0x80, 0x0,
    0xef, 0xfa, 0x0, 0x0, 0xff, 0xb0, 0x0, 0x0,
    0x8, 0xff, 0x81, 0x58, 0x7f, 0xff, 0x90, 0x0,
    0xff, 0xb0, 0x0, 0x0, 0xb, 0xff, 0xff, 0xff,
    0x2a, 0xff, 0xfb, 0x20, 0xff, 0xb0, 0x0, 0x0,
    0x7f, 0xff, 0xff, 0xff, 0x30, 0xcf, 0xff, 0xe1,
    0xff, 0xb0, 0x0, 0x0, 0x5f, 0xff, 0xfd, 0x95,
    0x0, 0x1c, 0xff, 0x40, 0xff, 0xb0, 0x0, 0x0,
    0xc, 0xb6, 0x10, 0x0, 0x0, 0x0, 0x88, 0x0,
    0x0, 0x0, 0x0, 0x0, 0x0, 0x0, 0x0, 0x0,
    0x0, 0x0, 0x0, 0x0,

    /* U+968F "随" */
    0x0, 0x0, 0x0, 0x0, 0x0, 0x0, 0x0, 0x0,
    0x10, 0x0, 0x0, 0x0, 0x0, 0x11, 0x11, 0x12,
    0x0, 0x0, 0x0, 0x0, 0x9, 0xfd, 0x20, 0x0,
    0x0, 0x1f, 0xff, 0xff, 0xfb, 0x20, 0x0, 0x0,
    0x0, 0xdf, 0xf0, 0x0, 0x0, 0x1, 0xff, 0xff,
    0xff, 0xfa, 0xb6, 0x4, 0x99, 0x9f, 0xfe, 0x99,
    0x99, 0x91, 0x1f, 0xfe, 0xbe, 0xff, 0xef, 0xf1,
    0x8f, 0xff, 0xff, 0xff, 0xff, 0xff, 0x21, 0xff,
    0xa0, 0xbf, 0xf3, 0xff, 0xb8, 0xff, 0xff, 0xff,
    0xff, 0xff, 0xf2, 0x1f, 0xfa, 0xf, 0xfb, 0x9,
    0xff, 0x40, 0x7f, 0xf9, 0x0, 0x0, 0x0, 0x1,
    0xff, 0xa2, 0xff, 0x60, 0x1f, 0xc2, 0x1e, 0xff,
    0x54, 0x44, 0x44, 0x10, 0x1f, 0xfa, 0x6f, 0xf2,
    0x0, 0x30, 0xa, 0xff, 0xff, 0xff, 0xff, 0xf7,
    0x1, 0xff, 0xa9, 0xfd, 0x0, 0x0, 0x8, 0xff,
    0xff, 0xff, 0xff, 0xff, 0x70, 0x1f, 0xfa, 0xcf,
    0xb0, 0x66, 0x69, 0xff, 0xff, 0xf1, 0x0, 0x4f,
    0xf7, 0x1, 0xff, 0xa6, 0xff, 0x3e, 0xff, 0xfc,
    0xec, 0xff, 0xdd, 0xdd, 0xff, 0x70, 0x1f, 0xfa,
    0xe, 0xf9, 0xef, 0xff, 0x91, 0x8f, 0xff, 0xff,
    0xff, 0xf7, 0x1, 0xff, 0xa0, 0xaf, 0xe0, 0x1f,
    0xf9, 0x8, 0xff, 0x55, 0x58, 0xff, 0x70, 0x1f,
    0xfa, 0x7, 0xff, 0x11, 0xff, 0x90, 0x8f, 0xf4,
    0x33, 0x7f, 0xf7, 0x1, 0xff, 0xa0, 0x6f, 0xf2,
    0x1f, 0xf9, 0x8, 0xff, 0xff, 0xff, 0xff, 0x70,
    0x1f, 0xfa, 0x7, 0xff, 0x31, 0xff, 0x90, 0x8f,
    0xff, 0xff, 0xff, 0xf7, 0x1, 0xff, 0xb7, 0xef,
    0xf1, 0x1f, 0xf9, 0x8, 0xff, 0x10, 0x4, 0xff,
    0x70, 0x1f, 0xfa, 0xdf, 0xfd, 0x1, 0xff, 0x90,
    0x8f, 0xf1, 0x4, 0x7f, 0xf7, 0x1, 0xff, 0xa9,
    0xfd, 0x30, 0x2f, 0xf9, 0x8, 0xff, 0x10, 0xcf,
    0xff, 0x50, 0x1f, 0xfa, 0x11, 0x0, 0x5f, 0xff,
    0xd1, 0x8f, 0xf1, 0x7, 0xfe, 0x90, 0x1, 0xff,
    0xa0, 0x0, 0x6f, 0xff, 0xff, 0xf8, 0x30, 0x0,
    0x0, 0x1, 0x31, 0x1f, 0xfa, 0x0, 0x1f, 0xff,
    0x34, 0xef, 0xff, 0xfe, 0xee, 0xff, 0xff, 0x31,
    0xff, 0xa0, 0x0, 0x7f, 0x60, 0x1, 0xbf, 0xff,
    0xff, 0xff, 0xff, 0xf0, 0x1f, 0xfa, 0x0, 0x0,
    0x80, 0x0, 0x0, 0x27, 0xac, 0xcc, 0xcb, 0xa8,
    0x0,

    /* U+9694 "隔" */
    0x4, 0x44, 0x44, 0x52, 0x3, 0x55, 0x55, 0x55,
    0x55, 0x55, 0x55, 0x55, 0x1, 0xff, 0xff, 0xff,
    0xf8, 0xaf, 0xff, 0xff, 0xff, 0xff, 0xff, 0xff,
    0xf1, 0x1f, 0xff, 0xff, 0xff, 0xda, 0xff, 0xff,
    0xff, 0xff, 0xff, 0xff, 0xff, 0x11, 0xff, 0xc8,
    0xbf, 0xf8, 0x34, 0x44, 0x44, 0x44, 0x44, 0x44,
    0x44, 0x40, 0x1f, 0xf9, 0xa, 0xff, 0x30, 0x6c,
    0xcc, 0xcc, 0xcc, 0xcc, 0xcc, 0x90, 0x1, 0xff,
    0x90, 0xef, 0xe0, 0x8, 0xff, 0xff, 0xff, 0xff,
    0xff, 0xfc, 0x0, 0x1f, 0xf9, 0x3f, 0xf9, 0x0,
    0x8f, 0xf5, 0x55, 0x55, 0x55, 0xff, 0xc0, 0x1,
    0xff, 0x98, 0xff, 0x30, 0x8, 0xff, 0x21, 0x11,
    0x11, 0x1f, 0xfc, 0x0, 0x1f, 0xf9, 0xdf, 0xe0,
    0x0, 0x8f, 0xff, 0xff, 0xff, 0xff, 0xff, 0xc0,
    0x1, 0xff, 0x99, 0xff, 0x50, 0x8, 0xff, 0xff,
    0xff, 0xff, 0xff, 0xfc, 0x0, 0x1f, 0xf9, 0xe,
    0xfe, 0x0, 0x1, 0x11, 0x11, 0x11, 0x11, 0x11,
    0x10, 0x1, 0xff, 0x90, 0x7f, 0xf4, 0x7f, 0xff,
    0xff, 0xff, 0xff, 0xff, 0xff, 0xa0, 0x1f, 0xf9,
    0x2, 0xff, 0x88, 0xff, 0xff, 0xff, 0xff, 0xff,
    0xff, 0xfa, 0x1, 0xff, 0x90, 0xf, 0xfa, 0x8f,
    0xf7, 0x59, 0x65, 0x58, 0x55, 0xff, 0xa0, 0x1f,
    0xf9, 0x1, 0xff, 0xb8, 0xff, 0x3a, 0xf8, 0x0,
    0xee, 0x4f, 0xfa, 0x1, 0xff, 0xb5, 0xaf, 0xf9,
    0x8f, 0xf3, 0x3f, 0xf2, 0x5f, 0xe0, 0xff, 0xa0,
    0x1f, 0xfa, 0xff, 0xff, 0x58, 0xff, 0x30, 0xbf,
    0x5c, 0xf6, 0xf, 0xfa, 0x1, 0xff, 0x9e, 0xff,
    0x90, 0x8f, 0xf3, 0xde, 0xed, 0xff, 0xd4, 0xff,
    0xa0, 0x1f, 0xf9, 0x44, 0x10, 0x8, 0xff, 0x3f,
    0xff, 0xff, 0xff, 0x5f, 0xfa, 0x1, 0xff, 0x90,
    0x0, 0x0, 0x8f, 0xf3, 0x33, 0xbf, 0xf3, 0x31,
    0xff, 0xa0, 0x1f, 0xf9, 0x0, 0x0, 0x8, 0xff,
    0x30, 0xa, 0xfe, 0x0, 0xf, 0xfa, 0x1, 0xff,
    0x90, 0x0, 0x0, 0x8f, 0xf3, 0x0, 0xaf, 0xe0,
    0x57, 0xff, 0xa0, 0x1f, 0xf9, 0x0, 0x0, 0x8,
    0xff, 0x30, 0xa, 0xfe, 0x9, 0xff, 0xf8, 0x1,
    0xff, 0x90, 0x0, 0x0, 0x8f, 0xf3, 0x0, 0x7b,
    0xa0, 0x5f, 0xfb, 0x10, 0x0, 0x0, 0x0, 0x0,
    0x0, 0x11, 0x0, 0x0, 0x0, 0x0, 0x10, 0x0,
    0x0,

    /* U+96C6 "集" */
    0x0, 0x0, 0x0, 0x10, 0x0, 0x0, 0x0, 0x10,
    0x0, 0x0, 0x0, 0x0, 0x0, 0x0, 0x0, 0x0,
    0xdf, 0xc4, 0x1, 0xae, 0xe0, 0x0, 0x0, 0x0,
    0x0, 0x0, 0x0, 0x0, 0x8, 0xff, 0xe1, 0x0,
    0xcf, 0xf7, 0x0, 0x0, 0x0, 0x0, 0x0, 0x0,
    0x0, 0x3f, 0xff, 0xd9, 0x99, 0xcf, 0xfe, 0x99,
    0x99, 0x99, 0x94, 0x0, 0x0, 0x1, 0xef, 0xff,
    0xff, 0xff, 0xff, 0xff, 0xff, 0xff, 0xff, 0xf7,
    0x0, 0x0, 0x1d, 0xff, 0xfd, 0xdd, 0xdd, 0xff,
    0xfd, 0xdd, 0xdd, 0xdd, 0xd5, 0x0, 0x1, 0xdf,
    0xff, 0xf1, 0x11, 0x11, 0xdf, 0xf4, 0x11, 0x11,
    0x11, 0x0, 0x0, 0x3e, 0xff, 0xff, 0xff, 0xff,
    0xff, 0xff, 0xff, 0xff, 0xff, 0xff, 0x40, 0x0,
    0x1c, 0xff, 0xff, 0xff, 0xff, 0xff, 0xff, 0xff,
    0xff, 0xff, 0xff, 0x40, 0x0, 0x0, 0xa3, 0xff,
    0xf0, 0x0, 0x0, 0xcf, 0xf4, 0x0, 0x0, 0x0,
    0x0, 0x0, 0x0, 0x1, 0xff, 0xff, 0xff, 0xff,
    0xff, 0xff, 0xff, 0xff, 0xff, 0x50, 0x0, 0x0,
    0x1, 0xff, 0xff, 0xff, 0xff, 0xff, 0xff, 0xff,
    0xff, 0xff, 0x50, 0x0, 0x0, 0x1, 0xff, 0xf0,
    0x0, 0x0, 0xcf, 0xf4, 0x0, 0x0, 0x0, 0x0,
    0x0, 0x0, 0x1, 0xff, 0xff, 0xff, 0xff, 0xff,
    0xff, 0xff, 0xff, 0xff, 0xff, 0x10, 0x0, 0x1,
    0xff, 0xff, 0xff, 0xff, 0xff, 0xff, 0xff, 0xff,
    0xff, 0xff, 0x10, 0x0, 0x1, 0xff, 0xf7, 0x77,
    0x7b, 0xbb, 0x77, 0x77, 0x77, 0x77, 0x77, 0x0,
    0x0, 0x0, 0x22, 0x20, 0x0, 0xe, 0xff, 0x20,
    0x0, 0x0, 0x0, 0x0, 0x0, 0xe, 0xff, 0xff,
    0xff, 0xff, 0xff, 0xff, 0xff, 0xff, 0xff, 0xff,
    0xff, 0xb0, 0xf, 0xff, 0xff, 0xff, 0xff, 0xff,
    0xff, 0xff, 0xff, 0xff, 0xff, 0xff, 0xc0, 0x8,
    0x88, 0x88, 0x89, 0xff, 0xff, 0xff, 0xff, 0xfd,
    0x88, 0x88, 0x88, 0x60, 0x0, 0x0, 0x2, 0x9f,
    0xff, 0xff, 0xff, 0xdf, 0xff, 0xd6, 0x10, 0x0,
    0x0, 0x0, 0x27, 0xcf, 0xff, 0xfc, 0x2e, 0xff,
    0x26, 0xef, 0xff, 0xfb, 0x61, 0x0, 0x6e, 0xff,
    0xff, 0xfd, 0x50, 0xe, 0xff, 0x20, 0x7, 0xef,
    0xff, 0xff, 0xd1, 0xc, 0xff, 0xfb, 0x40, 0x0,
    0xe, 0xff, 0x20, 0x0, 0x6, 0xcf, 0xff, 0x50,
    0x2, 0xc7, 0x10, 0x0, 0x0, 0xe, 0xff, 0x20,
    0x0, 0x0, 0x2, 0x77, 0x0,

    /* U+96F7 "雷" */
    0x0, 0x33, 0x33, 0x33, 0x33, 0x33, 0x33, 0x33,
    0x33, 0x33, 0x31, 0x0, 0x0, 0xff, 0xff, 0xff,
    0xff, 0xff, 0xff, 0xff, 0xff, 0xff, 0xf5, 0x0,
    0x0, 0xff, 0xff, 0xff, 0xff, 0xff, 0xff, 0xff,
    0xff, 0xff, 0xf5, 0x0, 0x0, 0x11, 0x11, 0x11,
    0x11, 0xff, 0xf3, 0x11, 0x11, 0x11, 0x10, 0x0,
    0xaf, 0xff, 0xff, 0xff, 0xff, 0xff, 0xff, 0xff,
    0xff, 0xff, 0xff, 0xf2, 0xbf, 0xff, 0xff, 0xff,
    0xff, 0xff, 0xff, 0xff, 0xff, 0xff, 0xff, 0xf2,
    0xbf, 0xf8, 0x77, 0x77, 0x77, 0xff, 0xf8, 0x77,
    0x77, 0x77, 0xcf, 0xf2, 0xbf, 0xf1, 0x22, 0x22,
    0x20, 0xef, 0xf2, 0x22, 0x22, 0x21, 0xaf, 0xf2,
    0xbf, 0xf3, 0xff, 0xff, 0xf4, 0xef, 0xf2, 0xff,
    0xff, 0xf8, 0xaf, 0xf2, 0xbf, 0xf3, 0xee, 0xee,
    0xe3, 0xef, 0xf2, 0xde, 0xee, 0xe7, 0xaf, 0xf2,
    0x0, 0x2, 0x33, 0x33, 0x31, 0xef, 0xf2, 0x33,
    0x33, 0x33, 0x0, 0x0, 0x0, 0xa, 0xff, 0xff,
    0xf5, 0xef, 0xf2, 0xff, 0xff, 0xff, 0x20, 0x0,
    0x0, 0x8, 0xdd, 0xdd, 0xd4, 0xef, 0xf2, 0xcd,
    0xdd, 0xdd, 0x10, 0x0, 0x0, 0x14, 0x44, 0x44,
    0x44, 0x45, 0x54, 0x44, 0x44, 0x44, 0x30, 0x0,
    0x0, 0x5f, 0xff, 0xff, 0xff, 0xff, 0xff, 0xff,
    0xff, 0xff, 0xe0, 0x0, 0x0, 0x5f, 0xff, 0xff,
    0xff, 0xff, 0xff, 0xff, 0xff, 0xff, 0xe0, 0x0,
    0x0, 0x5f, 0xf9, 0x11, 0x11, 0xff, 0xf3, 0x11,
    0x13, 0xff, 0xe0, 0x0, 0x0, 0x5f, 0xfb, 0x55,
    0x55, 0xff, 0xf6, 0x55, 0x57, 0xff, 0xe0, 0x0,
    0x0, 0x5f, 0xff, 0xff, 0xff, 0xff, 0xff, 0xff,
    0xff, 0xff, 0xe0, 0x0, 0x0, 0x5f, 0xff, 0xff,
    0xff, 0xff, 0xff, 0xff, 0xff, 0xff, 0xe0, 0x0,
    0x0, 0x5f, 0xf9, 0x0, 0x0, 0xef, 0xf2, 0x0,
    0x2, 0xff, 0xe0, 0x0, 0x0, 0x5f, 0xff, 0xff,
    0xff, 0xff, 0xff, 0xff, 0xff, 0xff, 0xe0, 0x0,
    0x0, 0x5f, 0xff, 0xff, 0xff, 0xff, 0xff, 0xff,
    0xff, 0xff, 0xe0, 0x0, 0x0, 0x5f, 0xfb, 0x66,
    0x66, 0x66, 0x66, 0x66, 0x68, 0xff, 0xe0, 0x0,
    0x0, 0x13, 0x31, 0x0, 0x0, 0x0, 0x0, 0x0,
    0x0, 0x0, 0x0, 0x0,

    /* U+9700 "需" */
    0x0, 0x13, 0x33, 0x33, 0x33, 0x33, 0x33, 0x33,
    0x33, 0x33, 0x32, 0x0, 0x0, 0x7f, 0xff, 0xff,
    0xff, 0xff, 0xff, 0xff, 0xff, 0xff, 0xfa, 0x0,
    0x0, 0x7f, 0xff, 0xff, 0xff, 0xff, 0xff, 0xff,
    0xff, 0xff, 0xfa, 0x0, 0x0, 0x2, 0x22, 0x22,
    0x22, 0x8f, 0xf9, 0x22, 0x22, 0x22, 0x21, 0x0,
    0x3e, 0xee, 0xee, 0xee, 0xee, 0xff, 0xff, 0xee,
    0xee, 0xee, 0xee, 0xea, 0x3f, 0xff, 0xff, 0xff,
    0xff, 0xff, 0xff, 0xff, 0xff, 0xff, 0xff, 0xfb,
    0x3f, 0xf9, 0x22, 0x22, 0x22, 0x8f, 0xf9, 0x22,
    0x22, 0x22, 0x7f, 0xfb, 0x3f, 0xf8, 0x9f, 0xff,
    0xfa, 0x7f, 0xf8, 0x8f, 0xff, 0xfb, 0x6f, 0xfb,
    0x3f, 0xf8, 0x8d, 0xdd, 0xd8, 0x7f, 0xf8, 0x7d,
    0xdd, 0xda, 0x6f, 0xfb, 0x3, 0x32, 0x11, 0x11,
    0x10, 0x7f, 0xf8, 0x1, 0x11, 0x11, 0x13, 0x32,
    0x0, 0x2, 0xff, 0xff, 0xfa, 0x7f, 0xf8, 0x9f,
    0xff, 0xff, 0x50, 0x0, 0x0, 0x2, 0xcc, 0xcc,
    0xc8, 0x6f, 0xf8, 0x7c, 0xcc, 0xcc, 0x40, 0x0,
    0x27, 0x77, 0x77, 0x77, 0x77, 0x77, 0x77, 0x77,
    0x77, 0x77, 0x77, 0x76, 0x5f, 0xff, 0xff, 0xff,
    0xff, 0xff, 0xff, 0xff, 0xff, 0xff, 0xff, 0xfd,
    0x5f, 0xff, 0xff, 0xff, 0xff, 0xff, 0xff, 0xff,
    0xff, 0xff, 0xff, 0xfc, 0x0, 0x0, 0x0, 0x0,
    0x0, 0xcf, 0xf4, 0x0, 0x0, 0x0, 0x0, 0x0,
    0x0, 0x5b, 0xbb, 0xbb, 0xbb, 0xff, 0xfc, 0xbb,
    0xbb, 0xbb, 0xbb, 0x20, 0x0, 0x7f, 0xff, 0xff,
    0xff, 0xff, 0xff, 0xff, 0xff, 0xff, 0xff, 0x30,
    0x0, 0x7f, 0xfd, 0xbb, 0xff, 0xfb, 0xbd, 0xff,
    0xdb, 0xbe, 0xff, 0x30, 0x0, 0x7f, 0xf8, 0x0,
    0xef, 0xe0, 0x5, 0xff, 0x60, 0xb, 0xff, 0x30,
    0x0, 0x7f, 0xf8, 0x0, 0xef, 0xe0, 0x5, 0xff,
    0x60, 0xb, 0xff, 0x30, 0x0, 0x7f, 0xf8, 0x0,
    0xef, 0xe0, 0x5, 0xff, 0x65, 0x5d, 0xff, 0x30,
    0x0, 0x7f, 0xf8, 0x0, 0xef, 0xe0, 0x5, 0xff,
    0x68, 0xff, 0xff, 0x10, 0x0, 0x7f, 0xf8, 0x0,
    0xef, 0xe0, 0x5, 0xff, 0x63, 0xff, 0xf7, 0x0,
    0x0, 0x1, 0x10, 0x0, 0x0, 0x0, 0x0, 0x0,
    0x0, 0x21, 0x0, 0x0,

    /* U+9762 "面" */
    0x9d, 0xdd, 0xdd, 0xdd, 0xdd, 0xdd, 0xdd, 0xdd,
    0xdd, 0xdd, 0xdd, 0xd5, 0xbf, 0xff, 0xff, 0xff,
    0xff, 0xff, 0xff, 0xff, 0xff, 0xff, 0xff, 0xf7,
    0xbf, 0xff, 0xff, 0xff, 0xff, 0xff, 0xff, 0xff,
    0xff, 0xff, 0xff, 0xf7, 0x12, 0x22, 0x22, 0x22,
    0x29, 0xff, 0xf4, 0x22, 0x22, 0x22, 0x22, 0x20,
    0x0, 0x0, 0x0, 0x0, 0xa, 0xff, 0xd0, 0x0,
    0x0, 0x0, 0x0, 0x0, 0x1, 0x11, 0x11, 0x11,
    0x1d, 0xff, 0x91, 0x11, 0x11, 0x11, 0x11, 0x0,
    0xd, 0xff, 0xff, 0xff, 0xff, 0xff, 0xff, 0xff,
    0xff, 0xff, 0xff, 0x40, 0xd, 0xff, 0xff, 0xff,
    0xff, 0xff, 0xff, 0xff, 0xff, 0xff, 0xff, 0x40,
    0xd, 0xff, 0xcc, 0xdf, 0xfe, 0xcc, 0xcd, 0xff,
    0xec, 0xcf, 0xff, 0x40, 0xd, 0xff, 0x20, 0x4f,
    0xf8, 0x0, 0x5, 0xff, 0x70, 0xe, 0xff, 0x40,
    0xd, 0xff, 0x20, 0x4f, 0xfc, 0x88, 0x8a, 0xff,
    0x70, 0xe, 0xff, 0x40, 0xd, 0xff, 0x20, 0x4f,
    0xff, 0xff, 0xff, 0xff, 0x70, 0xe, 0xff, 0x40,
    0xd, 0xff, 0x20, 0x4f, 0xff, 0xff, 0xff, 0xff,
    0x70, 0xe, 0xff, 0x40, 0xd, 0xff, 0x20, 0x4f,
    0xf8, 0x0, 0x5, 0xff, 0x70, 0xe, 0xff, 0x40,
    0xd, 0xff, 0x20, 0x4f, 0xfa, 0x33, 0x37, 0xff,
    0x70, 0xe, 0xff, 0x40, 0xd, 0xff, 0x20, 0x4f,
    0xff, 0xff, 0xff, 0xff, 0x70, 0xe, 0xff, 0x40,
    0xd, 0xff, 0x20, 0x4f, 0xff, 0xff, 0xff, 0xff,
    0x70, 0xe, 0xff, 0x40, 0xd, 0xff, 0x20, 0x4f,
    0xfa, 0x33, 0x37, 0xff, 0x70, 0xe, 0xff, 0x40,
    0xd, 0xff, 0x20, 0x4f, 0xf8, 0x0, 0x5, 0xff,
    0x70, 0xe, 0xff, 0x40, 0xd, 0xff, 0xff, 0xff,
    0xff, 0xff, 0xff, 0xff, 0xff, 0xff, 0xff, 0x40,
    0xd, 0xff, 0xff, 0xff, 0xff, 0xff, 0xff, 0xff,
    0xff, 0xff, 0xff, 0x40, 0xd, 0xff, 0xff, 0xff,
    0xff, 0xff, 0xff, 0xff, 0xff, 0xff, 0xff, 0x40,
    0xd, 0xff, 0x20, 0x0, 0x0, 0x0, 0x0, 0x0,
    0x0, 0xe, 0xff, 0x40,

    /* U+9875 "页" */
    0x1d, 0xdd, 0xdd, 0xdd, 0xdd, 0xdd, 0xdd, 0xdd,
    0xdd, 0xdd, 0xdd, 0xd9, 0x1f, 0xff, 0xff, 0xff,
    0xff, 0xff, 0xff, 0xff, 0xff, 0xff, 0xff, 0xfa,
    0x1f, 0xff, 0xff, 0xff, 0xff, 0xff, 0xff, 0xff,
    0xff, 0xff, 0xff, 0xfa, 0x0, 0x0, 0x0, 0x0,
    0x5, 0xff, 0xf3, 0x0, 0x0, 0x0, 0x0, 0x0,
    0x0, 0x0, 0x0, 0x0, 0x9, 0xff, 0xa0, 0x0,
    0x0, 0x0, 0x0, 0x0, 0x0, 0xc, 0xdd, 0xdd,
    0xdf, 0xff, 0xed, 0xdd, 0xdd, 0xdd, 0xd9, 0x0,
    0x0, 0xf, 0xff, 0xff, 0xff, 0xff, 0xff, 0xff,
    0xff, 0xff, 0xfb, 0x0, 0x0, 0xf, 0xff, 0xff,
    0xff, 0xff, 0xff, 0xff, 0xff, 0xff, 0xfb, 0x0,
    0x0, 0xf, 0xff, 0x40, 0x0, 0x0, 0x0, 0x0,
    0x0, 0xaf, 0xfb, 0x0, 0x0, 0xf, 0xff, 0x40,
    0x0, 0x4d, 0xdc, 0x0, 0x0, 0xaf, 0xfb, 0x0,
    0x0, 0xf, 0xff, 0x40, 0x0, 0x5f, 0xfe, 0x0,
    0x0, 0xaf, 0xfb, 0x0, 0x0, 0xf, 0xff, 0x40,
    0x0, 0x5f, 0xfe, 0x0, 0x0, 0xaf, 0xfb, 0x0,
    0x0, 0xf, 0xff, 0x40, 0x0, 0x5f, 0xfe, 0x0,
    0x0, 0xaf, 0xfb, 0x0, 0x0, 0xf, 0xff, 0x40,
    0x0, 0x5f, 0xfe, 0x0, 0x0, 0xaf, 0xfb, 0x0,
    0x0, 0xf, 0xff, 0x40, 0x0, 0x6f, 0xfd, 0x0,
    0x0, 0xaf, 0xfb, 0x0, 0x0, 0xf, 0xff, 0x40,
    0x0, 0xaf, 0xfb, 0x0, 0x0, 0xaf, 0xfb, 0x0,
    0x0, 0xf, 0xff, 0x40, 0x3, 0xff, 0xf7, 0x58,
    0x10, 0xaf, 0xfb, 0x0, 0x0, 0x4, 0x44, 0x10,
    0x4e, 0xff, 0xe4, 0xff, 0xfa, 0x53, 0x32, 0x0,
    0x0, 0x0, 0x0, 0x29, 0xff, 0xff, 0x47, 0xef,
    0xff, 0xfb, 0x30, 0x0, 0x0, 0x1, 0x6b, 0xff,
    0xff, 0xe4, 0x0, 0x7, 0xef, 0xff, 0xfb, 0x20,
    0x49, 0xdf, 0xff, 0xff, 0xfa, 0x10, 0x0, 0x0,
    0x7, 0xef, 0xff, 0xf8, 0x1e, 0xff, 0xff, 0xf9,
    0x30, 0x0, 0x0, 0x0, 0x0, 0x19, 0xff, 0xf6,
    0x4, 0xfd, 0x94, 0x0, 0x0, 0x0, 0x0, 0x0,
    0x0, 0x0, 0x2c, 0x90, 0x0, 0x10, 0x0, 0x0,
    0x0, 0x0, 0x0, 0x0, 0x0, 0x0, 0x0, 0x0,

    /* U+9884 "预" */
    0x0, 0x0, 0x0, 0x0, 0x0, 0x0, 0x11, 0x11,
    0x11, 0x11, 0x11, 0x11, 0x10, 0xb, 0xff, 0xff,
    0xff, 0xff, 0xc4, 0xff, 0xff, 0xff, 0xff, 0xff,
    0xff, 0xf4, 0xb, 0xff, 0xff, 0xff, 0xff, 0xfa,
    0xff, 0xff, 0xff, 0xff, 0xff, 0xff, 0xf4, 0x8,
    0xbb, 0xbb, 0xbe, 0xff, 0xd2, 0xaa, 0xaa, 0xaf,
    0xff, 0xca, 0xaa, 0xa2, 0x0, 0x1, 0x0, 0x2e,
    0xff, 0x30, 0x0, 0x0, 0xf, 0xff, 0x10, 0x0,
    0x0, 0x0, 0x2f, 0xb4, 0xdf, 0xf5, 0x0, 0xb,
    0xbb, 0xbf, 0xff, 0xbb, 0xbb, 0x20, 0x0, 0xdf,
    0xff, 0xff, 0x80, 0x0, 0x1f, 0xff, 0xff, 0xff,
    0xff, 0xff, 0x30, 0x0, 0x3c, 0xff, 0xff, 0x50,
    0x0, 0x1f, 0xff, 0xff, 0xff, 0xff, 0xff, 0x30,
    0x0, 0x0, 0x7f, 0xff, 0xf9, 0x0, 0x1f, 0xfd,
    0x11, 0x11, 0x1d, 0xff, 0x30, 0x6, 0x66, 0x69,
    0xff, 0xf9, 0x85, 0x2f, 0xfd, 0x5, 0x66, 0xd,
    0xff, 0x30, 0x1f, 0xff, 0xff, 0xff, 0xff, 0xff,
    0x8f, 0xfd, 0xd, 0xff, 0x1d, 0xff, 0x30, 0x1f,
    0xff, 0xff, 0xff, 0xff, 0xff, 0x4f, 0xfd, 0xd,
    0xff, 0x1d, 0xff, 0x30, 0x5, 0x55, 0x7f, 0xfd,
    0x5c, 0xfe, 0x1f, 0xfd, 0xd, 0xff, 0x1d, 0xff,
    0x30, 0x0, 0x0, 0x3f, 0xfc, 0xe, 0xfa, 0x1f,
    0xfd, 0xd, 0xff, 0x1d, 0xff, 0x30, 0x0, 0x0,
    0x3f, 0xfc, 0x3f, 0xf5, 0x1f, 0xfd, 0xe, 0xff,
    0xd, 0xff, 0x30, 0x0, 0x0, 0x3f, 0xfc, 0x3a,
    0xd1, 0x1f, 0xfd, 0xf, 0xff, 0xd, 0xff, 0x30,
    0x0, 0x0, 0x3f, 0xfc, 0x0, 0x0, 0x1f, 0xfd,
    0x2f, 0xfd, 0xd, 0xff, 0x30, 0x0, 0x0, 0x3f,
    0xfc, 0x0, 0x0, 0x1d, 0xdb, 0x9f, 0xf9, 0x9,
    0xcc, 0x20, 0x0, 0x0, 0x3f, 0xfc, 0x0, 0x0,
    0x0, 0x3, 0xff, 0xf3, 0x75, 0x0, 0x0, 0x0,
    0x0, 0x3f, 0xfc, 0x0, 0x0, 0x0, 0x3e, 0xff,
    0xa8, 0xff, 0x70, 0x0, 0x0, 0x0, 0x4f, 0xfc,
    0x0, 0x0, 0x8, 0xff, 0xfd, 0x19, 0xff, 0xfa,
    0x0, 0x5, 0xff, 0xff, 0xfb, 0x0, 0x8, 0xef,
    0xff, 0xc1, 0x0, 0x7f, 0xff, 0xc0, 0x0, 0xff,
    0xff, 0xf7, 0x0, 0x8, 0xff, 0xf7, 0x0, 0x0,
    0x6, 0xff, 0xd1, 0x0, 0xbf, 0xec, 0x70, 0x0,
    0x0, 0xa7, 0x10, 0x0, 0x0, 0x0, 0x5d, 0x10,
    0x0, 0x0, 0x0, 0x0, 0x0, 0x0, 0x0, 0x0,
    0x0, 0x0, 0x0, 0x0, 0x0,

    /* U+9891 "频" */
    0x0, 0x0, 0x0, 0x14, 0x42, 0x0, 0x0, 0x0,
    0x0, 0x0, 0x0, 0x0, 0x0, 0x0, 0x0, 0x0,
    0x4f, 0xf7, 0x0, 0x0, 0x0, 0x0, 0x0, 0x0,
    0x0, 0x0, 0x0, 0x0, 0x0, 0x4f, 0xf7, 0x0,
    0x6, 0xbb, 0xbb, 0xbb, 0xbb, 0xbb, 0xb0, 0x0,
    0x6d, 0xc0, 0x4f, 0xfb, 0x77, 0x68, 0xff, 0xff,
    0xff, 0xff, 0xff, 0xf0, 0x0, 0x8f, 0xe0, 0x4f,
    0xff, 0xff, 0xd7, 0xee, 0xee, 0xff, 0xfe, 0xee,
    0xe0, 0x0, 0x8f, 0xe0, 0x4f, 0xff, 0xff, 0xd0,
    0x0, 0x2, 0xff, 0xb0, 0x0, 0x0, 0x0, 0x8f,
    0xe0, 0x4f, 0xf8, 0x0, 0x0, 0x0, 0x7, 0xff,
    0x40, 0x0, 0x0, 0x0, 0x8f, 0xe0, 0x4f, 0xf7,
    0x0, 0x0, 0xde, 0xef, 0xff, 0xee, 0xee, 0x70,
    0x19, 0xcf, 0xf9, 0xaf, 0xfc, 0x99, 0x93, 0xff,
    0xff, 0xff, 0xff, 0xff, 0x80, 0x1f, 0xff, 0xff,
    0xff, 0xff, 0xff, 0xf6, 0xff, 0xb6, 0x66, 0x68,
    0xff, 0x80, 0x1f, 0xff, 0xff, 0xff, 0xff, 0xff,
    0xf6, 0xff, 0x90, 0xaa, 0x43, 0xff, 0x80, 0x2,
    0x22, 0x22, 0xff, 0xf2, 0x22, 0x20, 0xff, 0x90,
    0xff, 0x73, 0xff, 0x80, 0x0, 0x28, 0x51, 0xff,
    0xf0, 0x12, 0x0, 0xff, 0x90, 0xff, 0x73, 0xff,
    0x80, 0x0, 0x6f, 0xf5, 0xff, 0xf0, 0x6f, 0xf4,
    0xff, 0x91, 0xff, 0x63, 0xff, 0x80, 0x0, 0xcf,
    0xf0, 0xff, 0xf0, 0xbf, 0xf2, 0xff, 0x91, 0xff,
    0x63, 0xff, 0x80, 0x3, 0xff, 0xa0, 0xff, 0xf1,
    0xff, 0xd0, 0xff, 0x92, 0xff, 0x53, 0xff, 0x80,
    0xb, 0xff, 0x30, 0xff, 0xf8, 0xff, 0x70, 0xff,
    0x93, 0xff, 0x43, 0xff, 0x80, 0x1c, 0xfb, 0x0,
    0xff, 0xff, 0xff, 0x10, 0xff, 0x95, 0xff, 0x23,
    0xff, 0x80, 0x0, 0x62, 0x0, 0xff, 0xff, 0xf8,
    0x0, 0xff, 0x99, 0xff, 0x3, 0xff, 0x80, 0x0,
    0x0, 0x0, 0xb, 0xff, 0xd0, 0x0, 0x55, 0x3e,
    0xfc, 0x72, 0x33, 0x10, 0x0, 0x0, 0x2, 0xcf,
    0xff, 0x30, 0x0, 0x0, 0x8f, 0xff, 0xfe, 0x40,
    0x0, 0x0, 0x1, 0x8f, 0xff, 0xf4, 0x0, 0x0,
    0x8, 0xff, 0xe7, 0xff, 0xf8, 0x0, 0x6, 0xbf,
    0xff, 0xfd, 0x20, 0x0, 0x27, 0xdf, 0xff, 0x40,
    0x4e, 0xff, 0xb0, 0x8, 0xff, 0xfe, 0x70, 0x0,
    0x0, 0xaf, 0xff, 0xe4, 0x0, 0x2, 0xdf, 0xf4,
    0x0, 0xed, 0x70, 0x0, 0x0, 0x0, 0xe, 0xd7,
    0x0, 0x0, 0x0, 0x1d, 0x60, 0x0, 0x10, 0x0,
    0x0, 0x0, 0x0, 0x1, 0x0, 0x0, 0x0, 0x0,
    0x0, 0x0,

    /* U+9898 "题" */
    0x0, 0x11, 0x11, 0x11, 0x11, 0x10, 0x0, 0x0,
    0x0, 0x0, 0x0, 0x0, 0x0, 0x0, 0xaf, 0xff,
    0xff, 0xff, 0xf9, 0x2f, 0xff, 0xff, 0xff, 0xff,
    0xff, 0xf1, 0x0, 0xaf, 0xff, 0xff, 0xff, 0xf9,
    0x2f, 0xff, 0xff, 0xff, 0xff, 0xff, 0xf1, 0x0,
    0xaf, 0xf1, 0x0, 0x4f, 0xf9, 0x6, 0x66, 0x6f,
    0xff, 0x76, 0x66, 0x60, 0x0, 0xaf, 0xff, 0xff,
    0xff, 0xf9, 0x0, 0x0, 0x4f, 0xfa, 0x0, 0x0,
    0x0, 0x0, 0xaf, 0xff, 0xff, 0xff, 0xf9, 0x7,
    0xdd, 0xff, 0xfe, 0xdd, 0xdd, 0x10, 0x0, 0xaf,
    0xf1, 0x0, 0x5f, 0xf9, 0x8, 0xff, 0xff, 0xff,
    0xff, 0xff, 0x10, 0x0, 0xaf, 0xfc, 0xcc, 0xdf,
    0xf9, 0x8, 0xff, 0x55, 0x55, 0x5b, 0xff, 0x10,
    0x0, 0xaf, 0xff, 0xff, 0xff, 0xf9, 0x8, 0xff,
    0x2, 0x44, 0x9, 0xff, 0x10, 0x0, 0x35, 0x55,
    0x55, 0x55, 0x53, 0x8, 0xff, 0x7, 0xff, 0x19,
    0xff, 0x10, 0x0, 0x0, 0x0, 0x0, 0x0, 0x0,
    0x8, 0xff, 0x8, 0xff, 0x19, 0xff, 0x10, 0x1c,
    0xcc, 0xcc, 0xcc, 0xcc, 0xcc, 0x98, 0xff, 0x9,
    0xff, 0x9, 0xff, 0x10, 0x1f, 0xff, 0xff, 0xff,
    0xff, 0xff, 0xb8, 0xff, 0xa, 0xfe, 0x9, 0xff,
    0x10, 0x7, 0x77, 0x79, 0xff, 0xb7, 0x77, 0x58,
    0xff, 0xc, 0xfc, 0x9, 0xff, 0x10, 0x0, 0x57,
    0x63, 0xff, 0x60, 0x0, 0x8, 0xff, 0x1f, 0xfa,
    0x9, 0xff, 0x10, 0x0, 0x9f, 0xe3, 0xff, 0xa5,
    0x55, 0x18, 0xff, 0x6f, 0xf6, 0x9, 0xff, 0x10,
    0x0, 0xaf, 0xd3, 0xff, 0xff, 0xff, 0x21, 0x33,
    0xdf, 0xf2, 0xc6, 0x0, 0x0, 0x0, 0xcf, 0xd3,
    0xff, 0xfe, 0xee, 0x20, 0xb, 0xff, 0x9c, 0xff,
    0xa0, 0x0, 0x0, 0xef, 0xf8, 0xff, 0x60, 0x0,
    0x5, 0xdf, 0xfd, 0x2, 0xdf, 0xfd, 0x10, 0x1,
    0xff, 0xff, 0xff, 0x60, 0x1, 0xef, 0xff, 0xb1,
    0x0, 0x1c, 0xff, 0xe0, 0x5, 0xff, 0xff, 0xff,
    0x60, 0x0, 0x8f, 0xc5, 0x0, 0x0, 0x0, 0xaf,
    0x40, 0xb, 0xff, 0x3e, 0xff, 0xfd, 0xb9, 0x9b,
    0x88, 0x88, 0x88, 0x88, 0x8b, 0x91, 0x5f, 0xfb,
    0x1, 0xaf, 0xff, 0xff, 0xff, 0xff, 0xff, 0xff,
    0xff, 0xff, 0xc0, 0x2b, 0xf3, 0x0, 0x2, 0x7a,
    0xcd, 0xef, 0xff, 0xff, 0xff, 0xff, 0xff, 0x60,
    0x0, 0x30, 0x0, 0x0, 0x0, 0x0, 0x0, 0x0,
    0x0, 0x0, 0x0, 0x0, 0x0,

    /* U+989D "额" */
    0x0, 0x0, 0x7, 0xbe, 0x20, 0x0, 0x0, 0x0,
    0x0, 0x0, 0x0, 0x0, 0x0, 0x0, 0x0, 0xa,
    0xff, 0x90, 0x0, 0x6, 0x99, 0x99, 0x99, 0x99,
    0x99, 0x90, 0x7, 0x88, 0x8b, 0xff, 0xf8, 0x88,
    0x8a, 0xff, 0xff, 0xff, 0xff, 0xff, 0xf0, 0xe,
    0xff, 0xff, 0xff, 0xff, 0xff, 0xfa, 0xff, 0xff,
    0xff, 0xff, 0xff, 0xf0, 0xe, 0xff, 0xff, 0xff,
    0xff, 0xff, 0xf0, 0x11, 0x19, 0xff, 0x41, 0x11,
    0x10, 0xe, 0xfc, 0x3b, 0x83, 0x0, 0xdf, 0xf0,
    0x0, 0xe, 0xfc, 0x0, 0x0, 0x0, 0xb, 0xca,
    0xdf, 0xf7, 0x44, 0xed, 0xc6, 0xee, 0xff, 0xff,
    0xee, 0xee, 0x30, 0x0, 0xb, 0xff, 0xff, 0xff,
    0xfe, 0x46, 0xff, 0xff, 0xff, 0xff, 0xff, 0x30,
    0x1, 0xcf, 0xff, 0xff, 0xff, 0xff, 0x56, 0xff,
    0x87, 0x77, 0x7a, 0xff, 0x30, 0x3e, 0xff, 0xd3,
    0x11, 0xaf, 0xfb, 0x6, 0xff, 0x23, 0x99, 0x27,
    0xff, 0x30, 0xb, 0xfc, 0x7f, 0xba, 0xff, 0xf2,
    0x6, 0xff, 0x26, 0xff, 0x37, 0xff, 0x30, 0x1,
    0x74, 0xff, 0xff, 0xff, 0x40, 0x6, 0xff, 0x26,
    0xff, 0x37, 0xff, 0x30, 0x0, 0x1, 0xbf, 0xff,
    0xff, 0xb3, 0x6, 0xff, 0x27, 0xff, 0x27, 0xff,
    0x30, 0x4, 0xaf, 0xff, 0xff, 0xff, 0xff, 0x98,
    0xff, 0x28, 0xff, 0x17, 0xff, 0x30, 0x1f, 0xff,
    0xff, 0xa1, 0x6e, 0xff, 0xe9, 0xff, 0x29, 0xff,
    0x7, 0xff, 0x30, 0xa, 0xff, 0xc4, 0x0, 0x1,
    0x9e, 0x26, 0xff, 0x2b, 0xfe, 0x7, 0xff, 0x30,
    0x4, 0xaf, 0xff, 0xff, 0xff, 0xfc, 0x6, 0xff,
    0x2e, 0xfc, 0x7, 0xff, 0x30, 0x0, 0xf, 0xff,
    0xff, 0xff, 0xfd, 0x6, 0xff, 0x4f, 0xf9, 0x7,
    0xff, 0x30, 0x0, 0xf, 0xfc, 0x77, 0x7f, 0xfd,
    0x3, 0x88, 0xaf, 0xf4, 0x34, 0x66, 0x10, 0x0,
    0xf, 0xfa, 0x0, 0xf, 0xfd, 0x0, 0x3, 0xff,
    0xe2, 0xee, 0x40, 0x0, 0x0, 0xf, 0xfa, 0x0,
    0xf, 0xfd, 0x0, 0x3e, 0xff, 0x67, 0xff, 0xf8,
    0x0, 0x0, 0xf, 0xff, 0xff, 0xff, 0xfd, 0x29,
    0xff, 0xfa, 0x0, 0x5f, 0xff, 0xb0, 0x0, 0xf,
    0xff, 0xff, 0xff, 0xfe, 0xff, 0xff, 0x90, 0x0,
    0x2, 0xef, 0xf3, 0x0, 0xf, 0xfc, 0x66, 0x7f,
    0xfd, 0x6f, 0xc3, 0x0, 0x0, 0x0, 0x1d, 0x60,
    0x0, 0x0, 0x0, 0x0, 0x0, 0x0, 0x2, 0x0,
    0x0, 0x0, 0x0, 0x0, 0x0,

    /* U+98CE "风" */
    0x0, 0x0, 0x11, 0x21, 0x11, 0x11, 0x11, 0x11,
    0x11, 0x12, 0x10, 0x0, 0x0, 0x0, 0x3, 0xff,
    0xff, 0xff, 0xff, 0xff, 0xff, 0xff, 0xff, 0xff,
    0x0, 0x0, 0x0, 0x3, 0xff, 0xff, 0xff, 0xff,
    0xff, 0xff, 0xff, 0xff, 0xff, 0x0, 0x0, 0x0,
    0x3, 0xff, 0xff, 0xff, 0xff, 0xff, 0xff, 0xff,
    0xff, 0xfe, 0x0, 0x0, 0x0, 0x3, 0xff, 0xf0,
    0x0, 0x0, 0x0, 0x0, 0x0, 0x3f, 0xfe, 0x0,
    0x0, 0x0, 0x3, 0xff, 0xf0, 0x0, 0x0, 0x0,
    0x7, 0x30, 0x2f, 0xfe, 0x0, 0x0, 0x0, 0x3,
    0xff, 0xf0, 0x18, 0x10, 0x0, 0x3f, 0xfb, 0x2f,
    0xfe, 0x0, 0x0, 0x0, 0x3, 0xff, 0xf6, 0xff,
    0xc0, 0x0, 0x8f, 0xf7, 0x2f, 0xfe, 0x0, 0x0,
    0x0, 0x3, 0xff, 0xf1, 0xef, 0xf9, 0x0, 0xef,
    0xf1, 0x2f, 0xfe, 0x0, 0x0, 0x0, 0x3, 0xff,
    0xf0, 0x3f, 0xff, 0x67, 0xff, 0xa0, 0x2f, 0xfd,
    0x0, 0x0, 0x0, 0x4, 0xff, 0xf0, 0x7, 0xff,
    0xff, 0xff, 0x30, 0x2f, 0xfd, 0x0, 0x0, 0x0,
    0x5, 0xff, 0xe0, 0x0, 0xbf, 0xff, 0xfb, 0x0,
    0x2f, 0xfd, 0x0, 0x0, 0x0, 0x6, 0xff, 0xd0,
    0x0, 0x1e, 0xff, 0xf3, 0x0, 0x1f, 0xfd, 0x0,
    0x0, 0x0, 0x7, 0xff, 0xb0, 0x0, 0xc, 0xff,
    0xf6, 0x0, 0x1f, 0xfe, 0x0, 0x0, 0x0, 0x9,
    0xff, 0x90, 0x0, 0x7f, 0xff, 0xff, 0x20, 0xf,
    0xfe, 0x0, 0x0, 0x0, 0xb, 0xff, 0x70, 0x4,
    0xff, 0xff, 0xff, 0xc0, 0xf, 0xff, 0x0, 0x0,
    0x0, 0xe, 0xff, 0x50, 0x2f, 0xff, 0xc4, 0xff,
    0xf7, 0xe, 0xff, 0x0, 0x0, 0x0, 0x2f, 0xff,
    0x13, 0xef, 0xff, 0x20, 0xaf, 0xff, 0x1d, 0xff,
    0x14, 0x30, 0x0, 0x7f, 0xfe, 0x4f, 0xff, 0xf4,
    0x0, 0x1f, 0xff, 0x9b, 0xff, 0x36, 0xd1, 0x0,
    0xdf, 0xf9, 0x2e, 0xff, 0x60, 0x0, 0x8, 0xfd,
    0x48, 0xff, 0x67, 0xf8, 0x4, 0xff, 0xf4, 0x2,
    0xe6, 0x0, 0x0, 0x1, 0x60, 0x5, 0xff, 0xdb,
    0xf7, 0xc, 0xff, 0xe0, 0x0, 0x0, 0x0, 0x0,
    0x0, 0x0, 0x1, 0xff, 0xff, 0xf4, 0x1c, 0xff,
    0x70, 0x0, 0x0, 0x0, 0x0, 0x0, 0x0, 0x0,
    0x9f, 0xff, 0xf0, 0x0, 0x9d, 0x0, 0x0, 0x0,
    0x0, 0x0, 0x0, 0x0, 0x0, 0x9, 0xfe, 0x50,
    0x0, 0x1, 0x0, 0x0, 0x0, 0x0, 0x0, 0x0,
    0x0, 0x0, 0x0, 0x0, 0x0,

    /* U+98DE "飞" */
    0x5f, 0xff, 0xff, 0xff, 0xff, 0xff, 0xff, 0xff,
    0xc0, 0x0, 0x0, 0x0, 0x6, 0xff, 0xff, 0xff,
    0xff, 0xff, 0xff, 0xff, 0xfd, 0x0, 0x0, 0x20,
    0x0, 0x6f, 0xff, 0xff, 0xff, 0xff, 0xff, 0xff,
    0xff, 0xd0, 0x0, 0x7f, 0x91, 0x1, 0x44, 0x44,
    0x44, 0x44, 0x44, 0x44, 0x7f, 0xfd, 0x0, 0x5f,
    0xff, 0xa0, 0x0, 0x0, 0x0, 0x0, 0x0, 0x0,
    0x3, 0xff, 0xe0, 0x4f, 0xff, 0xb0, 0x0, 0x0,
    0x0, 0x0, 0x0, 0x0, 0x0, 0x3f, 0xfe, 0x4f,
    0xff, 0xb0, 0x0, 0x0, 0x0, 0x0, 0x0, 0x0,
    0x0, 0x2, 0xff, 0xff, 0xff, 0xb0, 0x0, 0x0,
    0x0, 0x0, 0x0, 0x0, 0x0, 0x0, 0x2f, 0xff,
    0xff, 0x90, 0x0, 0x0, 0x0, 0x0, 0x0, 0x0,
    0x0, 0x0, 0x1, 0xff, 0xff, 0xd1, 0x0, 0x0,
    0x0, 0x0, 0x0, 0x0, 0x0, 0x0, 0x0, 0xf,
    0xff, 0xff, 0xf8, 0x10, 0x0, 0x0, 0x0, 0x0,
    0x0, 0x0, 0x0, 0x0, 0xef, 0xff, 0xff, 0xfe,
    0x60, 0x0, 0x0, 0x0, 0x0, 0x0, 0x0, 0x0,
    0xd, 0xff, 0x58, 0xff, 0xff, 0xc0, 0x0, 0x0,
    0x0, 0x0, 0x0, 0x0, 0x0, 0xbf, 0xf6, 0x2,
    0xcf, 0xfc, 0x0, 0x0, 0x0, 0x0, 0x0, 0x0,
    0x0, 0x9, 0xff, 0x80, 0x0, 0x6f, 0x20, 0x0,
    0x0, 0x0, 0x0, 0x0, 0x0, 0x0, 0x6f, 0xfb,
    0x0, 0x0, 0x10, 0x0, 0x0, 0x0, 0x0, 0x0,
    0x0, 0x0, 0x3, 0xff, 0xf0, 0x0, 0x6, 0x0,
    0x0, 0x0, 0x0, 0x0, 0x0, 0x0, 0x0, 0xf,
    0xff, 0x40, 0x0, 0xea, 0x0, 0x0, 0x0, 0x0,
    0x0, 0x0, 0x0, 0x0, 0xbf, 0xfa, 0x0, 0xf,
    0xf7, 0x0, 0x0, 0x0, 0x0, 0x0, 0x0, 0x0,
    0x5, 0xff, 0xf4, 0x1, 0xff, 0x50, 0x0, 0x0,
    0x0, 0x0, 0x0, 0x0, 0x0, 0xe, 0xff, 0xf8,
    0xaf, 0xf3, 0x0, 0x0, 0x0, 0x0, 0x0, 0x0,
    0x0, 0x0, 0x4f, 0xff, 0xff, 0xff, 0x0, 0x0,
    0x0, 0x0, 0x0, 0x0, 0x0, 0x0, 0x0, 0x7f,
    0xff, 0xff, 0x80, 0x0, 0x0, 0x0, 0x0, 0x0,
    0x0, 0x0, 0x0, 0x0, 0x3a, 0xdd, 0x80, 0x0,

    /* U+9910 "餐" */
    0x0, 0x0, 0x0, 0x11, 0x0, 0x0, 0x0, 0x0,
    0x0, 0x0, 0x0, 0x0, 0x0, 0x0, 0x0, 0x1,
    0xff, 0x90, 0x0, 0x0, 0x11, 0x11, 0x11, 0x12,
    0x0, 0x0, 0x0, 0x0, 0x1, 0xff, 0xff, 0xff,
    0xc4, 0xff, 0xff, 0xff, 0xff, 0xf6, 0x0, 0x0,
    0x0, 0x1, 0xff, 0xec, 0xcc, 0xa4, 0xff, 0xff,
    0xff, 0xff, 0xf5, 0x0, 0x0, 0x0, 0xba, 0xff,
    0xa2, 0x30, 0x0, 0x26, 0x10, 0x3, 0xff, 0xd0,
    0x0, 0x0, 0xb, 0xff, 0xff, 0xff, 0xfe, 0x21,
    0xdf, 0xe7, 0x3e, 0xff, 0x30, 0x0, 0x1, 0xcf,
    0xf9, 0x88, 0x9f, 0xfe, 0x2, 0xaf, 0xff, 0xff,
    0xf7, 0x0, 0x0, 0x1e, 0xff, 0x66, 0x1, 0xcf,
    0xf3, 0x0, 0x5, 0xff, 0xff, 0xf5, 0x0, 0x0,
    0x4, 0xd4, 0xdf, 0xde, 0xff, 0x50, 0x89, 0xaf,
    0xff, 0xff, 0xff, 0xa1, 0x0, 0x0, 0x0, 0x6f,
    0xff, 0xe4, 0xa, 0xff, 0xde, 0xf8, 0x16, 0xff,
    0xfd, 0x0, 0x1, 0x6c, 0xff, 0xfa, 0x14, 0xdf,
    0xff, 0xfb, 0x20, 0x0, 0x2c, 0xf3, 0x0, 0x5,
    0xff, 0xfb, 0x43, 0xbf, 0xff, 0xac, 0xff, 0xe8,
    0x20, 0x0, 0x20, 0x0, 0x0, 0x89, 0x35, 0xbf,
    0xff, 0xe7, 0x46, 0x6f, 0xff, 0xfc, 0x73, 0x0,
    0x0, 0x0, 0x5a, 0xff, 0xff, 0xf8, 0x9, 0xff,
    0x51, 0x8e, 0xff, 0xff, 0xfc, 0x91, 0xb, 0xff,
    0xff, 0xff, 0xfe, 0xee, 0xff, 0xfe, 0xee, 0xff,
    0xff, 0xff, 0x90, 0x1, 0xef, 0xb9, 0xff, 0xeb,
    0xbb, 0xbb, 0xbb, 0xbe, 0xff, 0x45, 0xac, 0x0,
    0x0, 0x21, 0x5, 0xff, 0xd7, 0x77, 0x77, 0x77,
    0x7d, 0xff, 0x30, 0x0, 0x0, 0x0, 0x0, 0x5,
    0xff, 0xff, 0xff, 0xff, 0xff, 0xff, 0xff, 0x30,
    0x0, 0x0, 0x0, 0x0, 0x5, 0xff, 0xb0, 0x0,
    0x0, 0x0, 0xc, 0xff, 0x30, 0x0, 0x0, 0x0,
    0x0, 0x5, 0xff, 0xff, 0xff, 0xff, 0xff, 0xff,
    0xff, 0x8d, 0x40, 0x0, 0x0, 0x0, 0x5, 0xff,
    0xe9, 0x99, 0xbf, 0xff, 0xe9, 0x9e, 0xff, 0xf2,
    0x0, 0x0, 0x0, 0x5, 0xff, 0xa0, 0x0, 0x6e,
    0xff, 0xfe, 0xcf, 0xfc, 0x20, 0x0, 0x0, 0x0,
    0xb, 0xff, 0xda, 0xbd, 0xef, 0x4a, 0xff, 0xff,
    0xf5, 0x0, 0x0, 0x0, 0x0, 0x3f, 0xff, 0xff,
    0xff, 0xfd, 0x0, 0x17, 0xef, 0xff, 0xc0, 0x0,
    0x0, 0x0, 0xc, 0xfe, 0xca, 0x86, 0x42, 0x0,
    0x0, 0x5, 0xdf, 0x60, 0x0, 0x0, 0x0, 0x1,
    0x0, 0x0, 0x0, 0x0, 0x0, 0x0, 0x0, 0x4,
    0x0, 0x0,

    /* U+9A8C "验" */
    0x0, 0x0, 0x0, 0x0, 0x0, 0x0, 0x0, 0x0,
    0x1, 0x0, 0x0, 0x0, 0x0, 0x0, 0x0, 0x0,
    0x1, 0x0, 0x0, 0x0, 0x0, 0x7f, 0xc4, 0x0,
    0x0, 0x0, 0xd, 0xff, 0xff, 0xff, 0xfc, 0x0,
    0x0, 0x1, 0xff, 0xf4, 0x0, 0x0, 0x0, 0xd,
    0xff, 0xff, 0xff, 0xfb, 0x0, 0x0, 0xb, 0xff,
    0xf9, 0x0, 0x0, 0x0, 0x7, 0x99, 0x99, 0x9f,
    0xfa, 0x0, 0x0, 0x9f, 0xff, 0xff, 0x90, 0x0,
    0x0, 0x0, 0x0, 0x0, 0xf, 0xf9, 0x0, 0x7,
    0xff, 0xf8, 0xff, 0xfa, 0x0, 0x0, 0x0, 0x9b,
    0x80, 0xf, 0xf8, 0x0, 0x7f, 0xff, 0x70, 0x6f,
    0xff, 0xc2, 0x0, 0x0, 0xdf, 0xc0, 0x1f, 0xf7,
    0xa, 0xff, 0xf9, 0x0, 0x6, 0xff, 0xff, 0x60,
    0x0, 0xef, 0xb0, 0x2f, 0xf9, 0xdf, 0xff, 0xa0,
    0x0, 0x0, 0x6f, 0xff, 0xf6, 0x0, 0xff, 0xa0,
    0x3f, 0xf7, 0xff, 0xfb, 0xff, 0xff, 0xff, 0xff,
    0xff, 0xe0, 0x0, 0xff, 0x90, 0x5f, 0xf3, 0x6f,
    0x63, 0xff, 0xff, 0xff, 0xfd, 0x2d, 0x80, 0x1,
    0xff, 0x80, 0x6f, 0xf2, 0x2, 0x1, 0x99, 0x99,
    0x99, 0x97, 0x0, 0x10, 0x2, 0xff, 0x60, 0x8f,
    0xf0, 0x0, 0x0, 0x0, 0x0, 0x0, 0x0, 0x0,
    0x0, 0x4, 0xff, 0xff, 0xff, 0xff, 0xf0, 0x27,
    0x50, 0x4e, 0xf1, 0x0, 0xda, 0x60, 0x6, 0xff,
    0xff, 0xff, 0xff, 0xf0, 0xcf, 0xc0, 0x3f, 0xf4,
    0x3, 0xff, 0xa0, 0x3, 0x78, 0x77, 0x77, 0xdf,
    0xe0, 0x8f, 0xf1, 0xf, 0xf7, 0x8, 0xff, 0x40,
    0x0, 0x0, 0x0, 0x0, 0xdf, 0xd0, 0x4f, 0xf5,
    0xd, 0xfa, 0xd, 0xfe, 0x0, 0x0, 0x0, 0x36,
    0x93, 0xef, 0xc0, 0xf, 0xf9, 0xa, 0xfd, 0x2f,
    0xf8, 0x0, 0x39, 0xcf, 0xff, 0xf5, 0xff, 0xb0,
    0xd, 0xfc, 0x8, 0xfe, 0x8f, 0xf2, 0x0, 0x4f,
    0xff, 0xfe, 0xa4, 0xff, 0x90, 0x9, 0xb6, 0x2,
    0x20, 0xef, 0xb0, 0x0, 0x1d, 0x95, 0x20, 0x3,
    0xff, 0x80, 0x0, 0x0, 0x0, 0x5, 0xff, 0x40,
    0x0, 0x0, 0x0, 0x0, 0x6, 0xff, 0x55, 0x99,
    0x99, 0x99, 0x9e, 0xff, 0x99, 0x90, 0x0, 0x2,
    0x76, 0x6e, 0xff, 0x29, 0xff, 0xff, 0xff, 0xff,
    0xff, 0xff, 0xe0, 0x0, 0x0, 0xef, 0xff, 0xfd,
    0x9, 0xff, 0xff, 0xff, 0xff, 0xff, 0xff, 0xe0,
    0x0, 0x0, 0xaf, 0xff, 0xb2, 0x0, 0x0, 0x0,
    0x0, 0x0, 0x0, 0x0, 0x0, 0x0, 0x0, 0x0,
    0x0, 0x0, 0x0, 0x0, 0x0, 0x0, 0x0, 0x0,
    0x0, 0x0,

    /* U+9AD8 "高" */
    0x0, 0x0, 0x0, 0x0, 0x0, 0x0, 0x20, 0x0,
    0x0, 0x0, 0x0, 0x0, 0x0, 0x0, 0x0, 0x0,
    0x0, 0xae, 0xf6, 0x0, 0x0, 0x0, 0x0, 0x0,
    0x0, 0x0, 0x0, 0x0, 0x0, 0xcf, 0xfc, 0x0,
    0x0, 0x0, 0x0, 0x0, 0x8a, 0xaa, 0xaa, 0xaa,
    0xaa, 0xdf, 0xff, 0xba, 0xaa, 0xaa, 0xaa, 0xa2,
    0xcf, 0xff, 0xff, 0xff, 0xff, 0xff, 0xff, 0xff,
    0xff, 0xff, 0xff, 0xf4, 0xcf, 0xff, 0xff, 0xff,
    0xff, 0xff, 0xff, 0xff, 0xff, 0xff, 0xff, 0xf4,
    0x0, 0x0, 0x0, 0x0, 0x0, 0x0, 0x0, 0x0,
    0x0, 0x0, 0x0, 0x0, 0x0, 0x3, 0xff, 0xff,
    0xff, 0xff, 0xff, 0xff, 0xff, 0xff, 0x60, 0x0,
    0x0, 0x3, 0xff, 0xff, 0xff, 0xff, 0xff, 0xff,
    0xff, 0xff, 0x60, 0x0, 0x0, 0x3, 0xff, 0xf0,
    0x0, 0x0, 0x0, 0x0, 0xe, 0xff, 0x60, 0x0,
    0x0, 0x3, 0xff, 0xf5, 0x55, 0x55, 0x55, 0x55,
    0x5e, 0xff, 0x60, 0x0, 0x0, 0x3, 0xff, 0xff,
    0xff, 0xff, 0xff, 0xff, 0xff, 0xff, 0x60, 0x0,
    0x0, 0x2, 0xcc, 0xcc, 0xcc, 0xcc, 0xcc, 0xcc,
    0xcc, 0xcc, 0x40, 0x0, 0x4, 0x44, 0x44, 0x44,
    0x44, 0x44, 0x44, 0x44, 0x44, 0x44, 0x44, 0x30,
    0xf, 0xff, 0xff, 0xff, 0xff, 0xff, 0xff, 0xff,
    0xff, 0xff, 0xff, 0xe0, 0xf, 0xff, 0xff, 0xff,
    0xff, 0xff, 0xff, 0xff, 0xff, 0xff, 0xff, 0xe0,
    0xf, 0xff, 0x32, 0x22, 0x22, 0x22, 0x22, 0x22,
    0x22, 0x25, 0xff, 0xe0, 0xf, 0xff, 0x10, 0xcf,
    0xff, 0xff, 0xff, 0xff, 0xf7, 0x4, 0xff, 0xe0,
    0xf, 0xff, 0x10, 0xdf, 0xff, 0xff, 0xff, 0xff,
    0xf8, 0x4, 0xff, 0xe0, 0xf, 0xff, 0x10, 0xdf,
    0xf4, 0x33, 0x33, 0x6f, 0xf8, 0x4, 0xff, 0xe0,
    0xf, 0xff, 0x10, 0xdf, 0xf4, 0x33, 0x33, 0x6f,
    0xf8, 0x4, 0xff, 0xe0, 0xf, 0xff, 0x10, 0xdf,
    0xff, 0xff, 0xff, 0xff, 0xf8, 0x4, 0xff, 0xe0,
    0xf, 0xff, 0x10, 0xdf, 0xfe, 0xee, 0xee, 0xee,
    0xf9, 0x16, 0xff, 0xe0, 0xf, 0xff, 0x10, 0xbd,
    0xd0, 0x0, 0x0, 0x0, 0x2f, 0xff, 0xff, 0xa0,
    0xf, 0xff, 0x10, 0x0, 0x0, 0x0, 0x0, 0x0,
    0x9, 0xcc, 0xb7, 0x0,

    /* U+9ED8 "默" */
    0x0, 0x0, 0x0, 0x0, 0x0, 0x0, 0x0, 0x0,
    0x0, 0x0, 0x0, 0x0, 0x0, 0x0, 0x22, 0x22,
    0x22, 0x22, 0x22, 0x20, 0x0, 0x9, 0xff, 0x0,
    0x0, 0x0, 0x0, 0xef, 0xff, 0xff, 0xff, 0xff,
    0xe0, 0x0, 0x9, 0xff, 0x4a, 0x0, 0x0, 0x0,
    0xef, 0xff, 0xff, 0xff, 0xff, 0xe0, 0x0, 0x9,
    0xff, 0xff, 0xa0, 0x0, 0x0, 0xef, 0x51, 0x8f,
    0x42, 0x7f, 0xe0, 0x0, 0x9, 0xff, 0x8f, 0xf5,
    0x0, 0x0, 0xef, 0xeb, 0x8f, 0x4e, 0xff, 0xe0,
    0x0, 0x9, 0xff, 0x1c, 0xfe, 0x10, 0x0, 0xef,
    0xbf, 0x8f, 0x7f, 0xdf, 0xe0, 0x0, 0x9, 0xff,
    0x3, 0xfe, 0x30, 0x0, 0xef, 0x7f, 0xbf, 0xbf,
    0x8f, 0xe0, 0x0, 0x9, 0xff, 0x0, 0x60, 0x0,
    0x0, 0xef, 0x5d, 0xbf, 0xd9, 0x7f, 0xe5, 0xaa,
    0xae, 0xff, 0xaa, 0xaa, 0x70, 0x0, 0xef, 0x72,
    0xaf, 0x62, 0x8f, 0xe9, 0xff, 0xff, 0xff, 0xff,
    0xff, 0xc0, 0x0, 0xef, 0xff, 0xff, 0xff, 0xff,
    0xe9, 0xff, 0xff, 0xff, 0xff, 0xff, 0xc0, 0x0,
    0xde, 0xee, 0xff, 0xfe, 0xee, 0xd2, 0x55, 0x5d,
    0xff, 0x65, 0x55, 0x30, 0x0, 0x11, 0x11, 0xff,
    0xc1, 0x11, 0x10, 0x0, 0xe, 0xff, 0x40, 0x0,
    0x0, 0x0, 0xef, 0xff, 0xff, 0xff, 0xff, 0xb0,
    0x0, 0xf, 0xff, 0x80, 0x0, 0x0, 0x0, 0xef,
    0xff, 0xff, 0xff, 0xff, 0xb0, 0x0, 0x3f, 0xff,
    0xc0, 0x0, 0x0, 0x0, 0x44, 0x44, 0xff, 0xd4,
    0x44, 0x30, 0x0, 0x7f, 0xff, 0xf1, 0x0, 0x0,
    0x0, 0x12, 0x23, 0xff, 0xd5, 0x66, 0x70, 0x0,
    0xcf, 0xff, 0xf7, 0x0, 0x0, 0x7, 0xff, 0xff,
    0xff, 0xff, 0xff, 0xf1, 0x1, 0xff, 0xdc, 0xfd,
    0x0, 0x0, 0x6, 0xff, 0xff, 0xff, 0xff, 0xff,
    0xf1, 0x7, 0xff, 0x87, 0xff, 0x40, 0x0, 0x3,
    0x97, 0x66, 0x54, 0x32, 0x26, 0x0, 0xe, 0xff,
    0x21, 0xff, 0xc0, 0x0, 0x0, 0x7e, 0x6b, 0xb4,
    0xe8, 0xbf, 0x60, 0x8f, 0xfb, 0x0, 0xbf, 0xf6,
    0x0, 0x0, 0xcf, 0x7d, 0xf2, 0xfc, 0x5f, 0xc2,
    0xff, 0xf3, 0x0, 0x3f, 0xff, 0x30, 0x2, 0xff,
    0x2c, 0xf2, 0xef, 0x1f, 0xcd, 0xff, 0xa0, 0x0,
    0xb, 0xff, 0xe3, 0x9, 0xfc, 0xb, 0xf3, 0xcf,
    0x21, 0x8f, 0xfe, 0x10, 0x0, 0x1, 0xff, 0xd1,
    0xb, 0xf6, 0x9, 0xb2, 0x20, 0x0, 0x7, 0xf3,
    0x0, 0x0, 0x0, 0x4e, 0x20, 0x0, 0x30, 0x0,
    0x0, 0x0, 0x0, 0x0, 0x10, 0x0, 0x0, 0x0,
    0x1, 0x0,

    /* U+FF08 "（" */
    0x0, 0x0, 0x3, 0x0, 0x0, 0x0, 0x6f, 0xd5,
    0x0, 0x3, 0xff, 0xf3, 0x0, 0xe, 0xff, 0x50,
    0x0, 0x9f, 0xfa, 0x0, 0x1, 0xff, 0xf1, 0x0,
    0x8, 0xff, 0x90, 0x0, 0xe, 0xff, 0x20, 0x0,
    0x3f, 0xfd, 0x0, 0x0, 0x6f, 0xf9, 0x0, 0x0,
    0x9f, 0xf5, 0x0, 0x0, 0xbf, 0xf4, 0x0, 0x0,
    0xcf, 0xf3, 0x0, 0x0, 0xcf, 0xf3, 0x0, 0x0,
    0xbf, 0xf3, 0x0, 0x0, 0x9f, 0xf5, 0x0, 0x0,
    0x7f, 0xf8, 0x0, 0x0, 0x4f, 0xfc, 0x0, 0x0,
    0xf, 0xff, 0x10, 0x0, 0x9, 0xff, 0x70, 0x0,
    0x3, 0xff, 0xe0, 0x0, 0x0, 0xbf, 0xf8, 0x0,
    0x0, 0x2f, 0xff, 0x30, 0x0, 0x6, 0xff, 0xe1,
    0x0, 0x0, 0xaf, 0xf7, 0x0, 0x0, 0x6, 0x10,

    /* U+FF09 "）" */
    0x0, 0x30, 0x0, 0x0, 0x5d, 0xf7, 0x0, 0x0,
    0x3f, 0xff, 0x40, 0x0, 0x5, 0xff, 0xe1, 0x0,
    0x0, 0xaf, 0xf9, 0x0, 0x0, 0x1f, 0xff, 0x10,
    0x0, 0x9, 0xff, 0x80, 0x0, 0x2, 0xff, 0xe0,
    0x0, 0x0, 0xdf, 0xf3, 0x0, 0x0, 0x9f, 0xf6,
    0x0, 0x0, 0x5f, 0xf9, 0x0, 0x0, 0x4f, 0xfb,
    0x0, 0x0, 0x3f, 0xfb, 0x0, 0x0, 0x3f, 0xfc,
    0x0, 0x0, 0x3f, 0xfb, 0x0, 0x0, 0x5f, 0xf9,
    0x0, 0x0, 0x8f, 0xf7, 0x0, 0x0, 0xcf, 0xf4,
    0x0, 0x1, 0xff, 0xf0, 0x0, 0x7, 0xff, 0x90,
    0x0, 0xe, 0xff, 0x30, 0x0, 0x8f, 0xfb, 0x0,
    0x3, 0xff, 0xf2, 0x0, 0x1e, 0xff, 0x60, 0x0,
    0x7f, 0xfa, 0x0, 0x0, 0x1, 0x60, 0x0, 0x0,

    /* U+FF0C "，" */
    0x0, 0x1, 0x0, 0x0, 0x6f, 0xfe, 0x30, 0x1f,
    0xff, 0xfd, 0x2, 0xff, 0xff, 0xf1, 0xc, 0xff,
    0xff, 0x20, 0x6, 0xcf, 0xf1, 0x0, 0xc, 0xfd,
    0x0, 0x9, 0xff, 0x50, 0x5d, 0xff, 0xa0, 0x7,
    0xff, 0x90, 0x0, 0x19, 0x20, 0x0, 0x0,

    /* U+FF1A "：" */
    0x0, 0x10, 0x3, 0xef, 0xe3, 0xcf, 0xff, 0xcf,
    0xff, 0xff, 0xaf, 0xff, 0xa1, 0x9c, 0x90, 0x0,
    0x0, 0x0, 0x0, 0x0, 0x0, 0x0, 0x0, 0x0,
    0x0, 0x0, 0x0, 0x0, 0x0, 0x0, 0x0, 0x0,
    0x0, 0x8b, 0x80, 0xaf, 0xff, 0xaf, 0xff, 0xff,
    0xdf, 0xff, 0xd3, 0xef, 0xe3, 0x0, 0x10, 0x0,

    /* U+FF1B "；" */
    0x0, 0x1, 0x0, 0x0, 0x3e, 0xfe, 0x30, 0xc,
    0xff, 0xfc, 0x0, 0xff, 0xff, 0xf0, 0xa, 0xff,
    0xfa, 0x0, 0x19, 0xc9, 0x0, 0x0, 0x0, 0x0,
    0x0, 0x0, 0x0, 0x0, 0x0, 0x0, 0x0, 0x0,
    0x0, 0x0, 0x0, 0x0, 0x0, 0x0, 0x0, 0x0,
    0x0, 0x0, 0x2, 0xdf, 0xe5, 0x0, 0xcf, 0xff,
    0xf1, 0xd, 0xff, 0xff, 0x50, 0x8f, 0xff, 0xf7,
    0x0, 0x6a, 0xff, 0x60, 0x0, 0x4f, 0xf4, 0x0,
    0xc, 0xff, 0x0, 0x1a, 0xff, 0x70, 0x4e, 0xff,
    0xb0, 0x2, 0xff, 0x80, 0x0, 0x6, 0x10, 0x0,
    0x0,

    /* U+FF1F "？" */
    0x0, 0x2, 0x8c, 0xdc, 0xa4, 0x0, 0x0, 0x8,
    0xff, 0xff, 0xff, 0xfb, 0x0, 0xb, 0xff, 0xff,
    0xff, 0xff, 0xf9, 0x0, 0x8f, 0xfa, 0x54, 0x8f,
    0xff, 0xf0, 0x0, 0x75, 0x0, 0x0, 0xaf, 0xff,
    0x30, 0x0, 0x0, 0x0, 0x7, 0xff, 0xf3, 0x0,
    0x0, 0x0, 0x0, 0xbf, 0xff, 0x0, 0x0, 0x0,
    0x0, 0x6f, 0xff, 0x80, 0x0, 0x0, 0x0, 0x7f,
    0xff, 0xa0, 0x0, 0x0, 0x0, 0x6f, 0xff, 0xa0,
    0x0, 0x0, 0x0, 0x1f, 0xff, 0xb0, 0x0, 0x0,
    0x0, 0x6, 0xff, 0xf2, 0x0, 0x0, 0x0, 0x0,
    0x8f, 0xfe, 0x0, 0x0, 0x0, 0x0, 0x1, 0x33,
    0x30, 0x0, 0x0, 0x0, 0x0, 0x0, 0x0, 0x0,
    0x0, 0x0, 0x0, 0x0, 0x56, 0x20, 0x0, 0x0,
    0x0, 0x0, 0xaf, 0xfe, 0x20, 0x0, 0x0, 0x0,
    0xf, 0xff, 0xf7, 0x0, 0x0, 0x0, 0x0, 0xff,
    0xff, 0x60, 0x0, 0x0, 0x0, 0x6, 0xff, 0xb0,
    0x0, 0x0, 0x0, 0x0, 0x0, 0x10, 0x0, 0x0,
    0x0
};


/*---------------------
 *  GLYPH DESCRIPTION
 *--------------------*/

static const lv_font_fmt_txt_glyph_dsc_t glyph_dsc[] = {
    {.bitmap_index = 0, .adv_w = 0, .box_w = 0, .box_h = 0, .ofs_x = 0, .ofs_y = 0} /* id = 0 reserved */,
    {.bitmap_index = 0, .adv_w = 94, .box_w = 0, .box_h = 0, .ofs_x = 0, .ofs_y = 0},
    {.bitmap_index = 0, .adv_w = 154, .box_w = 6, .box_h = 21, .ofs_x = 2, .ofs_y = 0},
    {.bitmap_index = 63, .adv_w = 239, .box_w = 11, .box_h = 10, .ofs_x = 2, .ofs_y = 11},
    {.bitmap_index = 118, .adv_w = 245, .box_w = 14, .box_h = 19, .ofs_x = 1, .ofs_y = 0},
    {.bitmap_index = 251, .adv_w = 245, .box_w = 13, .box_h = 26, .ofs_x = 1, .ofs_y = -3},
    {.bitmap_index = 420, .adv_w = 401, .box_w = 25, .box_h = 19, .ofs_x = 0, .ofs_y = 0},
    {.bitmap_index = 658, .adv_w = 308, .box_w = 19, .box_h = 19, .ofs_x = 0, .ofs_y = 0},
    {.bitmap_index = 839, .adv_w = 135, .box_w = 5, .box_h = 10, .ofs_x = 2, .ofs_y = 11},
    {.bitmap_index = 864, .adv_w = 157, .box_w = 7, .box_h = 28, .ofs_x = 2, .ofs_y = -6},
    {.bitmap_index = 962, .adv_w = 157, .box_w = 7, .box_h = 28, .ofs_x = 1, .ofs_y = -6},
    {.bitmap_index = 1060, .adv_w = 211, .box_w = 11, .box_h = 11, .ofs_x = 1, .ofs_y = 10},
    {.bitmap_index = 1121, .adv_w = 245, .box_w = 14, .box_h = 14, .ofs_x = 1, .ofs_y = 3},
    {.bitmap_index = 1219, .adv_w = 135, .box_w = 7, .box_h = 11, .ofs_x = 1, .ofs_y = -6},
    {.bitmap_index = 1258, .adv_w = 154, .box_w = 8, .box_h = 3, .ofs_x = 1, .ofs_y = 6},
    {.bitmap_index = 1270, .adv_w = 135, .box_w = 6, .box_h = 6, .ofs_x = 1, .ofs_y = 0},
    {.bitmap_index = 1288, .adv_w = 161, .box_w = 10, .box_h = 26, .ofs_x = 0, .ofs_y = -5},
    {.bitmap_index = 1418, .adv_w = 245, .box_w = 14, .box_h = 19, .ofs_x = 1, .ofs_y = 0},
    {.bitmap_index = 1551, .adv_w = 245, .box_w = 12, .box_h = 19, .ofs_x = 2, .ofs_y = 0},
    {.bitmap_index = 1665, .adv_w = 245, .box_w = 15, .box_h = 19, .ofs_x = 0, .ofs_y = 0},
    {.bitmap_index = 1808, .adv_w = 245, .box_w = 14, .box_h = 19, .ofs_x = 0, .ofs_y = 0},
    {.bitmap_index = 1941, .adv_w = 245, .box_w = 15, .box_h = 19, .ofs_x = 0, .ofs_y = 0},
    {.bitmap_index = 2084, .adv_w = 245, .box_w = 14, .box_h = 19, .ofs_x = 0, .ofs_y = 0},
    {.bitmap_index = 2217, .adv_w = 245, .box_w = 14, .box_h = 19, .ofs_x = 1, .ofs_y = 0},
    {.bitmap_index = 2350, .adv_w = 245, .box_w = 14, .box_h = 19, .ofs_x = 1, .ofs_y = 0},
    {.bitmap_index = 2483, .adv_w = 245, .box_w = 14, .box_h = 19, .ofs_x = 1, .ofs_y = 0},
    {.bitmap_index = 2616, .adv_w = 245, .box_w = 14, .box_h = 19, .ofs_x = 1, .ofs_y = 0},
    {.bitmap_index = 2749, .adv_w = 135, .box_w = 6, .box_h = 15, .ofs_x = 1, .ofs_y = 0},
    {.bitmap_index = 2794, .adv_w = 135, .box_w = 7, .box_h = 21, .ofs_x = 1, .ofs_y = -6},
    {.bitmap_index = 2868, .adv_w = 245, .box_w = 14, .box_h = 14, .ofs_x = 1, .ofs_y = 3},
    {.bitmap_index = 2966, .adv_w = 245, .box_w = 14, .box_h = 10, .ofs_x = 1, .ofs_y = 5},
    {.bitmap_index = 3036, .adv_w = 245, .box_w = 14, .box_h = 14, .ofs_x = 1, .ofs_y = 3},
    {.bitmap_index = 3134, .adv_w = 214, .box_w = 12, .box_h = 21, .ofs_x = 1, .ofs_y = 0},
    {.bitmap_index = 3260, .adv_w = 419, .box_w = 24, .box_h = 25, .ofs_x = 1, .ofs_y = -6},
    {.bitmap_index = 3560, .adv_w = 267, .box_w = 18, .box_h = 19, .ofs_x = -1, .ofs_y = 0},
    {.bitmap_index = 3731, .adv_w = 283, .box_w = 15, .box_h = 19, .ofs_x = 2, .ofs_y = 0},
    {.bitmap_index = 3874, .adv_w = 273, .box_w = 16, .box_h = 19, .ofs_x = 1, .ofs_y = 0},
    {.bitmap_index = 4026, .adv_w = 297, .box_w = 16, .box_h = 19, .ofs_x = 2, .ofs_y = 0},
    {.bitmap_index = 4178, .adv_w = 256, .box_w = 13, .box_h = 19, .ofs_x = 2, .ofs_y = 0},
    {.bitmap_index = 4302, .adv_w = 243, .box_w = 13, .box_h = 19, .ofs_x = 2, .ofs_y = 0},
    {.bitmap_index = 4426, .adv_w = 298, .box_w = 16, .box_h = 19, .ofs_x = 1, .ofs_y = 0},
    {.bitmap_index = 4578, .adv_w = 315, .box_w = 16, .box_h = 19, .ofs_x = 2, .ofs_y = 0},
    {.bitmap_index = 4730, .adv_w = 137, .box_w = 5, .box_h = 19, .ofs_x = 2, .ofs_y = 0},
    {.bitmap_index = 4778, .adv_w = 236, .box_w = 13, .box_h = 19, .ofs_x = 0, .ofs_y = 0},
    {.bitmap_index = 4902, .adv_w = 285, .box_w = 16, .box_h = 19, .ofs_x = 2, .ofs_y = 0},
    {.bitmap_index = 5054, .adv_w = 240, .box_w = 13, .box_h = 19, .ofs_x = 2, .ofs_y = 0},
    {.bitmap_index = 5178, .adv_w = 355, .box_w = 18, .box_h = 19, .ofs_x = 2, .ofs_y = 0},
    {.bitmap_index = 5349, .adv_w = 312, .box_w = 16, .box_h = 19, .ofs_x = 2, .ofs_y = 0},
    {.bitmap_index = 5501, .adv_w = 320, .box_w = 18, .box_h = 19, .ofs_x = 1, .ofs_y = 0},
    {.bitmap_index = 5672, .adv_w = 277, .box_w = 15, .box_h = 19, .ofs_x = 2, .ofs_y = 0},
    {.bitmap_index = 5815, .adv_w = 320, .box_w = 19, .box_h = 25, .ofs_x = 1, .ofs_y = -6},
    {.bitmap_index = 6053, .adv_w = 284, .box_w = 16, .box_h = 19, .ofs_x = 2, .ofs_y = 0},
    {.bitmap_index = 6205, .adv_w = 260, .box_w = 15, .box_h = 19, .ofs_x = 1, .ofs_y = 0},
    {.bitmap_index = 6348, .adv_w = 260, .box_w = 16, .box_h = 19, .ofs_x = 0, .ofs_y = 0},
    {.bitmap_index = 6500, .adv_w = 311, .box_w = 16, .box_h = 19, .ofs_x = 2, .ofs_y = 0},
    {.bitmap_index = 6652, .adv_w = 258, .box_w = 18, .box_h = 19, .ofs_x = -1, .ofs_y = 0},
    {.bitmap_index = 6823, .adv_w = 381, .box_w = 24, .box_h = 19, .ofs_x = 0, .ofs_y = 0},
    {.bitmap_index = 7051, .adv_w = 261, .box_w = 16, .box_h = 19, .ofs_x = 0, .ofs_y = 0},
    {.bitmap_index = 7203, .adv_w = 241, .box_w = 17, .box_h = 19, .ofs_x = -1, .ofs_y = 0},
    {.bitmap_index = 7365, .adv_w = 255, .box_w = 14, .box_h = 19, .ofs_x = 1, .ofs_y = 0},
    {.bitmap_index = 7498, .adv_w = 157, .box_w = 7, .box_h = 26, .ofs_x = 2, .ofs_y = -5},
    {.bitmap_index = 7589, .adv_w = 161, .box_w = 10, .box_h = 26, .ofs_x = 0, .ofs_y = -5},
    {.bitmap_index = 7719, .adv_w = 157, .box_w = 7, .box_h = 26, .ofs_x = 1, .ofs_y = -5},
    {.bitmap_index = 7810, .adv_w = 245, .box_w = 13, .box_h = 12, .ofs_x = 1, .ofs_y = 8},
    {.bitmap_index = 7888, .adv_w = 236, .box_w = 15, .box_h = 3, .ofs_x = 0, .ofs_y = -4},
    {.bitmap_index = 7911, .adv_w = 260, .box_w = 8, .box_h = 9, .ofs_x = 2, .ofs_y = 16},
    {.bitmap_index = 7947, .adv_w = 246, .box_w = 13, .box_h = 15, .ofs_x = 1, .ofs_y = 0},
    {.bitmap_index = 8045, .adv_w = 268, .box_w = 14, .box_h = 21, .ofs_x = 2, .ofs_y = 0},
    {.bitmap_index = 8192, .adv_w = 219, .box_w = 12, .box_h = 15, .ofs_x = 1, .ofs_y = 0},
    {.bitmap_index = 8282, .adv_w = 268, .box_w = 14, .box_h = 21, .ofs_x = 1, .ofs_y = 0},
    {.bitmap_index = 8429, .adv_w = 242, .box_w = 14, .box_h = 15, .ofs_x = 1, .ofs_y = 0},
    {.bitmap_index = 8534, .adv_w = 155, .box_w = 11, .box_h = 21, .ofs_x = 0, .ofs_y = 0},
    {.bitmap_index = 8650, .adv_w = 248, .box_w = 15, .box_h = 21, .ofs_x = 1, .ofs_y = -6},
    {.bitmap_index = 8808, .adv_w = 266, .box_w = 13, .box_h = 21, .ofs_x = 2, .ofs_y = 0},
    {.bitmap_index = 8945, .adv_w = 126, .box_w = 6, .box_h = 21, .ofs_x = 1, .ofs_y = 0},
    {.bitmap_index = 9008, .adv_w = 127, .box_w = 9, .box_h = 27, .ofs_x = -2, .ofs_y = -6},
    {.bitmap_index = 9130, .adv_w = 251, .box_w = 14, .box_h = 21, .ofs_x = 2, .ofs_y = 0},
    {.bitmap_index = 9277, .adv_w = 131, .box_w = 6, .box_h = 21, .ofs_x = 2, .ofs_y = 0},
    {.bitmap_index = 9340, .adv_w = 401, .box_w = 22, .box_h = 15, .ofs_x = 2, .ofs_y = 0},
    {.bitmap_index = 9505, .adv_w = 267, .box_w = 13, .box_h = 15, .ofs_x = 2, .ofs_y = 0},
    {.bitmap_index = 9603, .adv_w = 260, .box_w = 15, .box_h = 15, .ofs_x = 1, .ofs_y = 0},
    {.bitmap_index = 9716, .adv_w = 268, .box_w = 14, .box_h = 21, .ofs_x = 2, .ofs_y = -6},
    {.bitmap_index = 9863, .adv_w = 268, .box_w = 14, .box_h = 21, .ofs_x = 1, .ofs_y = -6},
    {.bitmap_index = 10010, .adv_w = 182, .box_w = 10, .box_h = 15, .ofs_x = 2, .ofs_y = 0},
    {.bitmap_index = 10085, .adv_w = 206, .box_w = 13, .box_h = 15, .ofs_x = 0, .ofs_y = 0},
    {.bitmap_index = 10183, .adv_w = 175, .box_w = 11, .box_h = 19, .ofs_x = 0, .ofs_y = 0},
    {.bitmap_index = 10288, .adv_w = 265, .box_w = 14, .box_h = 15, .ofs_x = 1, .ofs_y = 0},
    {.bitmap_index = 10393, .adv_w = 240, .box_w = 15, .box_h = 15, .ofs_x = 0, .ofs_y = 0},
    {.bitmap_index = 10506, .adv_w = 359, .box_w = 22, .box_h = 15, .ofs_x = 0, .ofs_y = 0},
    {.bitmap_index = 10671, .adv_w = 234, .box_w = 15, .box_h = 15, .ofs_x = 0, .ofs_y = 0},
    {.bitmap_index = 10784, .adv_w = 239, .box_w = 15, .box_h = 21, .ofs_x = 0, .ofs_y = -6},
    {.bitmap_index = 10942, .adv_w = 213, .box_w = 12, .box_h = 15, .ofs_x = 1, .ofs_y = 0},
    {.bitmap_index = 11032, .adv_w = 157, .box_w = 9, .box_h = 26, .ofs_x = 0, .ofs_y = -5},
    {.bitmap_index = 11149, .adv_w = 123, .box_w = 4, .box_h = 30, .ofs_x = 2, .ofs_y = -7},
    {.bitmap_index = 11209, .adv_w = 157, .box_w = 8, .box_h = 26, .ofs_x = 1, .ofs_y = -5},
    {.bitmap_index = 11313, .adv_w = 245, .box_w = 15, .box_h = 5, .ofs_x = 0, .ofs_y = 7},
    {.bitmap_index = 11351, .adv_w = 353, .box_w = 20, .box_h = 20, .ofs_x = 1, .ofs_y = 0},
    {.bitmap_index = 11551, .adv_w = 213, .box_w = 13, .box_h = 14, .ofs_x = 0, .ofs_y = 9},
    {.bitmap_index = 11642, .adv_w = 168, .box_w = 9, .box_h = 8, .ofs_x = 1, .ofs_y = 12},
    {.bitmap_index = 11678, .adv_w = 416, .box_w = 8, .box_h = 7, .ofs_x = 9, .ofs_y = 7},
    {.bitmap_index = 11706, .adv_w = 416, .box_w = 18, .box_h = 18, .ofs_x = 4, .ofs_y = 1},
    {.bitmap_index = 11868, .adv_w = 226, .box_w = 12, .box_h = 3, .ofs_x = 1, .ofs_y = 6},
    {.bitmap_index = 11886, .adv_w = 378, .box_w = 22, .box_h = 3, .ofs_x = 1, .ofs_y = 6},
    {.bitmap_index = 11919, .adv_w = 416, .box_w = 6, .box_h = 9, .ofs_x = 20, .ofs_y = 14},
    {.bitmap_index = 11946, .adv_w = 416, .box_w = 6, .box_h = 9, .ofs_x = 0, .ofs_y = 13},
    {.bitmap_index = 11973, .adv_w = 135, .box_w = 5, .box_h = 11, .ofs_x = 2, .ofs_y = -5},
    {.bitmap_index = 12001, .adv_w = 416, .box_w = 11, .box_h = 9, .ofs_x = 15, .ofs_y = 14},
    {.bitmap_index = 12051, .adv_w = 416, .box_w = 11, .box_h = 9, .ofs_x = 0, .ofs_y = 13},
    {.bitmap_index = 12101, .adv_w = 239, .box_w = 12, .box_h = 11, .ofs_x = 2, .ofs_y = -5},
    {.bitmap_index = 12167, .adv_w = 416, .box_w = 8, .box_h = 7, .ofs_x = 9, .ofs_y = 7},
    {.bitmap_index = 12195, .adv_w = 416, .box_w = 22, .box_h = 5, .ofs_x = 2, .ofs_y = 8},
    {.bitmap_index = 12250, .adv_w = 135, .box_w = 5, .box_h = 9, .ofs_x = 2, .ofs_y = 12},
    {.bitmap_index = 12273, .adv_w = 239, .box_w = 12, .box_h = 9, .ofs_x = 2, .ofs_y = 12},
    {.bitmap_index = 12327, .adv_w = 245, .box_w = 16, .box_h = 19, .ofs_x = 0, .ofs_y = 0},
    {.bitmap_index = 12479, .adv_w = 316, .box_w = 20, .box_h = 10, .ofs_x = 0, .ofs_y = 10},
    {.bitmap_index = 12579, .adv_w = 416, .box_w = 25, .box_h = 13, .ofs_x = 0, .ofs_y = 3},
    {.bitmap_index = 12742, .adv_w = 416, .box_w = 13, .box_h = 25, .ofs_x = 7, .ofs_y = -2},
    {.bitmap_index = 12905, .adv_w = 416, .box_w = 25, .box_h = 13, .ofs_x = 1, .ofs_y = 3},
    {.bitmap_index = 13068, .adv_w = 416, .box_w = 13, .box_h = 25, .ofs_x = 7, .ofs_y = -3},
    {.bitmap_index = 13231, .adv_w = 416, .box_w = 20, .box_h = 13, .ofs_x = 3, .ofs_y = 3},
    {.bitmap_index = 13361, .adv_w = 416, .box_w = 21, .box_h = 22, .ofs_x = 2, .ofs_y = -1},
    {.bitmap_index = 13592, .adv_w = 416, .box_w = 21, .box_h = 22, .ofs_x = 3, .ofs_y = -1},
    {.bitmap_index = 13823, .adv_w = 416, .box_w = 9, .box_h = 9, .ofs_x = 1, .ofs_y = -2},
    {.bitmap_index = 13864, .adv_w = 416, .box_w = 10, .box_h = 9, .ofs_x = 0, .ofs_y = -2},
    {.bitmap_index = 13909, .adv_w = 416, .box_w = 10, .box_h = 18, .ofs_x = 16, .ofs_y = 5},
    {.bitmap_index = 13999, .adv_w = 416, .box_w = 10, .box_h = 17, .ofs_x = 0, .ofs_y = -2},
    {.bitmap_index = 14084, .adv_w = 416, .box_w = 11, .box_h = 19, .ofs_x = 15, .ofs_y = 4},
    {.bitmap_index = 14189, .adv_w = 416, .box_w = 11, .box_h = 17, .ofs_x = 0, .ofs_y = -2},
    {.bitmap_index = 14283, .adv_w = 416, .box_w = 26, .box_h = 4, .ofs_x = 0, .ofs_y = 8},
    {.bitmap_index = 14335, .adv_w = 416, .box_w = 24, .box_h = 24, .ofs_x = 1, .ofs_y = -2},
    {.bitmap_index = 14623, .adv_w = 416, .box_w = 24, .box_h = 23, .ofs_x = 1, .ofs_y = -2},
    {.bitmap_index = 14899, .adv_w = 416, .box_w = 25, .box_h = 23, .ofs_x = 1, .ofs_y = -2},
    {.bitmap_index = 15187, .adv_w = 416, .box_w = 23, .box_h = 25, .ofs_x = 1, .ofs_y = -3},
    {.bitmap_index = 15475, .adv_w = 416, .box_w = 24, .box_h = 23, .ofs_x = 1, .ofs_y = -2},
    {.bitmap_index = 15751, .adv_w = 416, .box_w = 26, .box_h = 25, .ofs_x = 0, .ofs_y = -2},
    {.bitmap_index = 16076, .adv_w = 416, .box_w = 22, .box_h = 25, .ofs_x = 2, .ofs_y = -2},
    {.bitmap_index = 16351, .adv_w = 416, .box_w = 23, .box_h = 24, .ofs_x = 2, .ofs_y = -2},
    {.bitmap_index = 16627, .adv_w = 416, .box_w = 23, .box_h = 25, .ofs_x = 1, .ofs_y = -2},
    {.bitmap_index = 16915, .adv_w = 416, .box_w = 24, .box_h = 25, .ofs_x = 1, .ofs_y = -2},
    {.bitmap_index = 17215, .adv_w = 416, .box_w = 25, .box_h = 26, .ofs_x = 1, .ofs_y = -3},
    {.bitmap_index = 17540, .adv_w = 416, .box_w = 26, .box_h = 26, .ofs_x = 0, .ofs_y = -3},
    {.bitmap_index = 17878, .adv_w = 416, .box_w = 24, .box_h = 23, .ofs_x = 1, .ofs_y = -2},
    {.bitmap_index = 18154, .adv_w = 416, .box_w = 25, .box_h = 26, .ofs_x = 0, .ofs_y = -3},
    {.bitmap_index = 18479, .adv_w = 416, .box_w = 26, .box_h = 24, .ofs_x = 0, .ofs_y = -2},
    {.bitmap_index = 18791, .adv_w = 416, .box_w = 25, .box_h = 25, .ofs_x = 0, .ofs_y = -3},
    {.bitmap_index = 19104, .adv_w = 416, .box_w = 26, .box_h = 25, .ofs_x = 0, .ofs_y = -3},
    {.bitmap_index = 19429, .adv_w = 416, .box_w = 26, .box_h = 24, .ofs_x = 0, .ofs_y = -2},
    {.bitmap_index = 19741, .adv_w = 416, .box_w = 26, .box_h = 26, .ofs_x = 0, .ofs_y = -3},
    {.bitmap_index = 20079, .adv_w = 416, .box_w = 26, .box_h = 25, .ofs_x = 0, .ofs_y = -3},
    {.bitmap_index = 20404, .adv_w = 416, .box_w = 25, .box_h = 25, .ofs_x = 0, .ofs_y = -2},
    {.bitmap_index = 20717, .adv_w = 416, .box_w = 26, .box_h = 25, .ofs_x = 0, .ofs_y = -2},
    {.bitmap_index = 21042, .adv_w = 416, .box_w = 26, .box_h = 25, .ofs_x = 0, .ofs_y = -2},
    {.bitmap_index = 21367, .adv_w = 416, .box_w = 26, .box_h = 25, .ofs_x = 0, .ofs_y = -2},
    {.bitmap_index = 21692, .adv_w = 416, .box_w = 26, .box_h = 25, .ofs_x = 0, .ofs_y = -2},
    {.bitmap_index = 22017, .adv_w = 416, .box_w = 26, .box_h = 25, .ofs_x = 0, .ofs_y = -3},
    {.bitmap_index = 22342, .adv_w = 416, .box_w = 26, .box_h = 25, .ofs_x = 0, .ofs_y = -2},
    {.bitmap_index = 22667, .adv_w = 416, .box_w = 25, .box_h = 26, .ofs_x = 0, .ofs_y = -3},
    {.bitmap_index = 22992, .adv_w = 416, .box_w = 26, .box_h = 26, .ofs_x = 0, .ofs_y = -3},
    {.bitmap_index = 23330, .adv_w = 416, .box_w = 26, .box_h = 26, .ofs_x = 0, .ofs_y = -3},
    {.bitmap_index = 23668, .adv_w = 416, .box_w = 26, .box_h = 26, .ofs_x = 0, .ofs_y = -3},
    {.bitmap_index = 24006, .adv_w = 416, .box_w = 25, .box_h = 26, .ofs_x = 1, .ofs_y = -3},
    {.bitmap_index = 24331, .adv_w = 416, .box_w = 24, .box_h = 26, .ofs_x = 1, .ofs_y = -3},
    {.bitmap_index = 24643, .adv_w = 416, .box_w = 26, .box_h = 25, .ofs_x = 0, .ofs_y = -3},
    {.bitmap_index = 24968, .adv_w = 416, .box_w = 26, .box_h = 25, .ofs_x = 0, .ofs_y = -2},
    {.bitmap_index = 25293, .adv_w = 416, .box_w = 26, .box_h = 26, .ofs_x = 0, .ofs_y = -3},
    {.bitmap_index = 25631, .adv_w = 416, .box_w = 22, .box_h = 25, .ofs_x = 2, .ofs_y = -2},
    {.bitmap_index = 25906, .adv_w = 416, .box_w = 26, .box_h = 24, .ofs_x = 0, .ofs_y = -3},
    {.bitmap_index = 26218, .adv_w = 416, .box_w = 24, .box_h = 24, .ofs_x = 1, .ofs_y = -3},
    {.bitmap_index = 26506, .adv_w = 416, .box_w = 26, .box_h = 25, .ofs_x = 0, .ofs_y = -2},
    {.bitmap_index = 26831, .adv_w = 416, .box_w = 22, .box_h = 24, .ofs_x = 2, .ofs_y = -2},
    {.bitmap_index = 27095, .adv_w = 416, .box_w = 26, .box_h = 26, .ofs_x = 0, .ofs_y = -3},
    {.bitmap_index = 27433, .adv_w = 416, .box_w = 25, .box_h = 24, .ofs_x = 0, .ofs_y = -3},
    {.bitmap_index = 27733, .adv_w = 416, .box_w = 25, .box_h = 25, .ofs_x = 0, .ofs_y = -3},
    {.bitmap_index = 28046, .adv_w = 416, .box_w = 24, .box_h = 24, .ofs_x = 1, .ofs_y = -2},
    {.bitmap_index = 28334, .adv_w = 416, .box_w = 24, .box_h = 25, .ofs_x = 1, .ofs_y = -3},
    {.bitmap_index = 28634, .adv_w = 416, .box_w = 25, .box_h = 25, .ofs_x = 0, .ofs_y = -3},
    {.bitmap_index = 28947, .adv_w = 416, .box_w = 24, .box_h = 24, .ofs_x = 1, .ofs_y = -2},
    {.bitmap_index = 29235, .adv_w = 416, .box_w = 25, .box_h = 25, .ofs_x = 0, .ofs_y = -3},
    {.bitmap_index = 29548, .adv_w = 416, .box_w = 25, .box_h = 24, .ofs_x = 0, .ofs_y = -2},
    {.bitmap_index = 29848, .adv_w = 416, .box_w = 25, .box_h = 26, .ofs_x = 0, .ofs_y = -3},
    {.bitmap_index = 30173, .adv_w = 416, .box_w = 24, .box_h = 24, .ofs_x = 1, .ofs_y = -2},
    {.bitmap_index = 30461, .adv_w = 416, .box_w = 25, .box_h = 25, .ofs_x = 0, .ofs_y = -2},
    {.bitmap_index = 30774, .adv_w = 416, .box_w = 25, .box_h = 25, .ofs_x = 0, .ofs_y = -3},
    {.bitmap_index = 31087, .adv_w = 416, .box_w = 25, .box_h = 25, .ofs_x = 0, .ofs_y = -3},
    {.bitmap_index = 31400, .adv_w = 416, .box_w = 25, .box_h = 25, .ofs_x = 1, .ofs_y = -3},
    {.bitmap_index = 31713, .adv_w = 416, .box_w = 26, .box_h = 25, .ofs_x = 0, .ofs_y = -3},
    {.bitmap_index = 32038, .adv_w = 416, .box_w = 23, .box_h = 23, .ofs_x = 2, .ofs_y = -2},
    {.bitmap_index = 32303, .adv_w = 416, .box_w = 25, .box_h = 24, .ofs_x = 1, .ofs_y = -2},
    {.bitmap_index = 32603, .adv_w = 416, .box_w = 24, .box_h = 25, .ofs_x = 1, .ofs_y = -2},
    {.bitmap_index = 32903, .adv_w = 416, .box_w = 24, .box_h = 23, .ofs_x = 0, .ofs_y = -2},
    {.bitmap_index = 33179, .adv_w = 416, .box_w = 25, .box_h = 25, .ofs_x = 0, .ofs_y = -3},
    {.bitmap_index = 33492, .adv_w = 416, .box_w = 26, .box_h = 24, .ofs_x = 0, .ofs_y = -3},
    {.bitmap_index = 33804, .adv_w = 416, .box_w = 26, .box_h = 24, .ofs_x = 0, .ofs_y = -3},
    {.bitmap_index = 34116, .adv_w = 416, .box_w = 26, .box_h = 26, .ofs_x = 0, .ofs_y = -3},
    {.bitmap_index = 34454, .adv_w = 416, .box_w = 25, .box_h = 24, .ofs_x = 0, .ofs_y = -3},
    {.bitmap_index = 34754, .adv_w = 416, .box_w = 26, .box_h = 26, .ofs_x = 0, .ofs_y = -3},
    {.bitmap_index = 35092, .adv_w = 416, .box_w = 26, .box_h = 24, .ofs_x = 0, .ofs_y = -3},
    {.bitmap_index = 35404, .adv_w = 416, .box_w = 25, .box_h = 26, .ofs_x = 1, .ofs_y = -3},
    {.bitmap_index = 35729, .adv_w = 416, .box_w = 25, .box_h = 26, .ofs_x = 0, .ofs_y = -3},
    {.bitmap_index = 36054, .adv_w = 416, .box_w = 22, .box_h = 23, .ofs_x = 2, .ofs_y = -3},
    {.bitmap_index = 36307, .adv_w = 416, .box_w = 24, .box_h = 24, .ofs_x = 1, .ofs_y = -3},
    {.bitmap_index = 36595, .adv_w = 416, .box_w = 24, .box_h = 24, .ofs_x = 1, .ofs_y = -3},
    {.bitmap_index = 36883, .adv_w = 416, .box_w = 23, .box_h = 26, .ofs_x = 2, .ofs_y = -3},
    {.bitmap_index = 37182, .adv_w = 416, .box_w = 26, .box_h = 25, .ofs_x = 0, .ofs_y = -3},
    {.bitmap_index = 37507, .adv_w = 416, .box_w = 24, .box_h = 25, .ofs_x = 1, .ofs_y = -3},
    {.bitmap_index = 37807, .adv_w = 416, .box_w = 24, .box_h = 24, .ofs_x = 1, .ofs_y = -3},
    {.bitmap_index = 38095, .adv_w = 416, .box_w = 23, .box_h = 25, .ofs_x = 0, .ofs_y = -2},
    {.bitmap_index = 38383, .adv_w = 416, .box_w = 26, .box_h = 26, .ofs_x = 0, .ofs_y = -3},
    {.bitmap_index = 38721, .adv_w = 416, .box_w = 25, .box_h = 24, .ofs_x = 1, .ofs_y = -2},
    {.bitmap_index = 39021, .adv_w = 416, .box_w = 26, .box_h = 24, .ofs_x = 0, .ofs_y = -3},
    {.bitmap_index = 39333, .adv_w = 416, .box_w = 24, .box_h = 26, .ofs_x = 0, .ofs_y = -3},
    {.bitmap_index = 39645, .adv_w = 416, .box_w = 24, .box_h = 26, .ofs_x = 1, .ofs_y = -3},
    {.bitmap_index = 39957, .adv_w = 416, .box_w = 24, .box_h = 24, .ofs_x = 0, .ofs_y = -3},
    {.bitmap_index = 40245, .adv_w = 416, .box_w = 26, .box_h = 25, .ofs_x = 0, .ofs_y = -2},
    {.bitmap_index = 40570, .adv_w = 416, .box_w = 26, .box_h = 25, .ofs_x = 0, .ofs_y = -3},
    {.bitmap_index = 40895, .adv_w = 416, .box_w = 25, .box_h = 24, .ofs_x = 1, .ofs_y = -2},
    {.bitmap_index = 41195, .adv_w = 416, .box_w = 24, .box_h = 24, .ofs_x = 1, .ofs_y = -2},
    {.bitmap_index = 41483, .adv_w = 416, .box_w = 24, .box_h = 23, .ofs_x = 1, .ofs_y = -2},
    {.bitmap_index = 41759, .adv_w = 416, .box_w = 24, .box_h = 24, .ofs_x = 1, .ofs_y = -2},
    {.bitmap_index = 42047, .adv_w = 416, .box_w = 25, .box_h = 24, .ofs_x = 0, .ofs_y = -2},
    {.bitmap_index = 42347, .adv_w = 416, .box_w = 25, .box_h = 26, .ofs_x = 0, .ofs_y = -3},
    {.bitmap_index = 42672, .adv_w = 416, .box_w = 25, .box_h = 24, .ofs_x = 0, .ofs_y = -2},
    {.bitmap_index = 42972, .adv_w = 416, .box_w = 25, .box_h = 26, .ofs_x = 0, .ofs_y = -3},
    {.bitmap_index = 43297, .adv_w = 416, .box_w = 26, .box_h = 26, .ofs_x = 0, .ofs_y = -3},
    {.bitmap_index = 43635, .adv_w = 416, .box_w = 26, .box_h = 26, .ofs_x = 0, .ofs_y = -3},
    {.bitmap_index = 43973, .adv_w = 416, .box_w = 26, .box_h = 26, .ofs_x = 0, .ofs_y = -3},
    {.bitmap_index = 44311, .adv_w = 416, .box_w = 24, .box_h = 26, .ofs_x = 1, .ofs_y = -3},
    {.bitmap_index = 44623, .adv_w = 416, .box_w = 25, .box_h = 26, .ofs_x = 1, .ofs_y = -3},
    {.bitmap_index = 44948, .adv_w = 416, .box_w = 26, .box_h = 24, .ofs_x = 0, .ofs_y = -3},
    {.bitmap_index = 45260, .adv_w = 416, .box_w = 26, .box_h = 25, .ofs_x = 0, .ofs_y = -3},
    {.bitmap_index = 45585, .adv_w = 416, .box_w = 26, .box_h = 26, .ofs_x = 0, .ofs_y = -3},
    {.bitmap_index = 45923, .adv_w = 416, .box_w = 26, .box_h = 26, .ofs_x = 0, .ofs_y = -3},
    {.bitmap_index = 46261, .adv_w = 416, .box_w = 24, .box_h = 25, .ofs_x = 1, .ofs_y = -3},
    {.bitmap_index = 46561, .adv_w = 416, .box_w = 24, .box_h = 23, .ofs_x = 1, .ofs_y = -2},
    {.bitmap_index = 46837, .adv_w = 416, .box_w = 24, .box_h = 25, .ofs_x = 1, .ofs_y = -2},
    {.bitmap_index = 47137, .adv_w = 416, .box_w = 26, .box_h = 26, .ofs_x = 0, .ofs_y = -3},
    {.bitmap_index = 47475, .adv_w = 416, .box_w = 26, .box_h = 26, .ofs_x = 0, .ofs_y = -3},
    {.bitmap_index = 47813, .adv_w = 416, .box_w = 26, .box_h = 26, .ofs_x = 0, .ofs_y = -3},
    {.bitmap_index = 48151, .adv_w = 416, .box_w = 24, .box_h = 26, .ofs_x = 1, .ofs_y = -3},
    {.bitmap_index = 48463, .adv_w = 416, .box_w = 26, .box_h = 26, .ofs_x = 0, .ofs_y = -3},
    {.bitmap_index = 48801, .adv_w = 416, .box_w = 26, .box_h = 26, .ofs_x = 0, .ofs_y = -3},
    {.bitmap_index = 49139, .adv_w = 416, .box_w = 26, .box_h = 26, .ofs_x = 0, .ofs_y = -3},
    {.bitmap_index = 49477, .adv_w = 416, .box_w = 24, .box_h = 25, .ofs_x = 1, .ofs_y = -3},
    {.bitmap_index = 49777, .adv_w = 416, .box_w = 25, .box_h = 25, .ofs_x = 0, .ofs_y = -2},
    {.bitmap_index = 50090, .adv_w = 416, .box_w = 26, .box_h = 25, .ofs_x = 0, .ofs_y = -2},
    {.bitmap_index = 50415, .adv_w = 416, .box_w = 26, .box_h = 25, .ofs_x = 0, .ofs_y = -2},
    {.bitmap_index = 50740, .adv_w = 416, .box_w = 22, .box_h = 24, .ofs_x = 2, .ofs_y = -2},
    {.bitmap_index = 51004, .adv_w = 416, .box_w = 25, .box_h = 24, .ofs_x = 0, .ofs_y = -3},
    {.bitmap_index = 51304, .adv_w = 416, .box_w = 22, .box_h = 25, .ofs_x = 2, .ofs_y = -2},
    {.bitmap_index = 51579, .adv_w = 416, .box_w = 23, .box_h = 23, .ofs_x = 2, .ofs_y = -2},
    {.bitmap_index = 51844, .adv_w = 416, .box_w = 25, .box_h = 24, .ofs_x = 0, .ofs_y = -2},
    {.bitmap_index = 52144, .adv_w = 416, .box_w = 24, .box_h = 25, .ofs_x = 1, .ofs_y = -2},
    {.bitmap_index = 52444, .adv_w = 416, .box_w = 24, .box_h = 24, .ofs_x = 1, .ofs_y = -2},
    {.bitmap_index = 52732, .adv_w = 416, .box_w = 25, .box_h = 23, .ofs_x = 0, .ofs_y = -2},
    {.bitmap_index = 53020, .adv_w = 416, .box_w = 24, .box_h = 26, .ofs_x = 1, .ofs_y = -3},
    {.bitmap_index = 53332, .adv_w = 416, .box_w = 26, .box_h = 26, .ofs_x = 0, .ofs_y = -3},
    {.bitmap_index = 53670, .adv_w = 416, .box_w = 26, .box_h = 26, .ofs_x = 0, .ofs_y = -3},
    {.bitmap_index = 54008, .adv_w = 416, .box_w = 26, .box_h = 26, .ofs_x = 0, .ofs_y = -3},
    {.bitmap_index = 54346, .adv_w = 416, .box_w = 26, .box_h = 26, .ofs_x = 0, .ofs_y = -3},
    {.bitmap_index = 54684, .adv_w = 416, .box_w = 25, .box_h = 26, .ofs_x = 0, .ofs_y = -3},
    {.bitmap_index = 55009, .adv_w = 416, .box_w = 24, .box_h = 24, .ofs_x = 1, .ofs_y = -3},
    {.bitmap_index = 55297, .adv_w = 416, .box_w = 22, .box_h = 26, .ofs_x = 1, .ofs_y = -3},
    {.bitmap_index = 55583, .adv_w = 416, .box_w = 22, .box_h = 25, .ofs_x = 2, .ofs_y = -2},
    {.bitmap_index = 55858, .adv_w = 416, .box_w = 24, .box_h = 24, .ofs_x = 1, .ofs_y = -3},
    {.bitmap_index = 56146, .adv_w = 416, .box_w = 26, .box_h = 25, .ofs_x = 0, .ofs_y = -3},
    {.bitmap_index = 56471, .adv_w = 416, .box_w = 26, .box_h = 25, .ofs_x = 0, .ofs_y = -3},
    {.bitmap_index = 56796, .adv_w = 416, .box_w = 26, .box_h = 24, .ofs_x = 0, .ofs_y = -2},
    {.bitmap_index = 57108, .adv_w = 416, .box_w = 25, .box_h = 25, .ofs_x = 1, .ofs_y = -2},
    {.bitmap_index = 57421, .adv_w = 416, .box_w = 26, .box_h = 25, .ofs_x = 0, .ofs_y = -2},
    {.bitmap_index = 57746, .adv_w = 416, .box_w = 26, .box_h = 25, .ofs_x = 0, .ofs_y = -2},
    {.bitmap_index = 58071, .adv_w = 416, .box_w = 26, .box_h = 26, .ofs_x = 0, .ofs_y = -3},
    {.bitmap_index = 58409, .adv_w = 416, .box_w = 26, .box_h = 25, .ofs_x = 0, .ofs_y = -2},
    {.bitmap_index = 58734, .adv_w = 416, .box_w = 26, .box_h = 25, .ofs_x = 0, .ofs_y = -2},
    {.bitmap_index = 59059, .adv_w = 416, .box_w = 26, .box_h = 26, .ofs_x = 0, .ofs_y = -3},
    {.bitmap_index = 59397, .adv_w = 416, .box_w = 25, .box_h = 26, .ofs_x = 1, .ofs_y = -3},
    {.bitmap_index = 59722, .adv_w = 416, .box_w = 26, .box_h = 25, .ofs_x = 0, .ofs_y = -3},
    {.bitmap_index = 60047, .adv_w = 416, .box_w = 24, .box_h = 26, .ofs_x = 0, .ofs_y = -3},
    {.bitmap_index = 60359, .adv_w = 416, .box_w = 25, .box_h = 25, .ofs_x = 1, .ofs_y = -2},
    {.bitmap_index = 60672, .adv_w = 416, .box_w = 25, .box_h = 24, .ofs_x = 0, .ofs_y = -2},
    {.bitmap_index = 60972, .adv_w = 416, .box_w = 26, .box_h = 25, .ofs_x = 0, .ofs_y = -3},
    {.bitmap_index = 61297, .adv_w = 416, .box_w = 25, .box_h = 25, .ofs_x = 0, .ofs_y = -3},
    {.bitmap_index = 61610, .adv_w = 416, .box_w = 25, .box_h = 26, .ofs_x = 0, .ofs_y = -3},
    {.bitmap_index = 61935, .adv_w = 416, .box_w = 26, .box_h = 25, .ofs_x = 0, .ofs_y = -3},
    {.bitmap_index = 62260, .adv_w = 416, .box_w = 26, .box_h = 24, .ofs_x = 0, .ofs_y = -2},
    {.bitmap_index = 62572, .adv_w = 416, .box_w = 26, .box_h = 25, .ofs_x = 0, .ofs_y = -2},
    {.bitmap_index = 62897, .adv_w = 416, .box_w = 26, .box_h = 26, .ofs_x = 0, .ofs_y = -3},
    {.bitmap_index = 63235, .adv_w = 416, .box_w = 26, .box_h = 26, .ofs_x = 0, .ofs_y = -3},
    {.bitmap_index = 63573, .adv_w = 416, .box_w = 26, .box_h = 26, .ofs_x = 0, .ofs_y = -3},
    {.bitmap_index = 63911, .adv_w = 416, .box_w = 26, .box_h = 26, .ofs_x = 0, .ofs_y = -3},
    {.bitmap_index = 64249, .adv_w = 416, .box_w = 26, .box_h = 26, .ofs_x = 0, .ofs_y = -3},
    {.bitmap_index = 64587, .adv_w = 416, .box_w = 26, .box_h = 25, .ofs_x = 0, .ofs_y = -2},
    {.bitmap_index = 64912, .adv_w = 416, .box_w = 26, .box_h = 25, .ofs_x = 0, .ofs_y = -3},
    {.bitmap_index = 65237, .adv_w = 416, .box_w = 25, .box_h = 26, .ofs_x = 0, .ofs_y = -3},
    {.bitmap_index = 65562, .adv_w = 416, .box_w = 26, .box_h = 26, .ofs_x = 0, .ofs_y = -3},
    {.bitmap_index = 65900, .adv_w = 416, .box_w = 26, .box_h = 26, .ofs_x = 0, .ofs_y = -3},
    {.bitmap_index = 66238, .adv_w = 416, .box_w = 26, .box_h = 26, .ofs_x = 0, .ofs_y = -3},
    {.bitmap_index = 66576, .adv_w = 416, .box_w = 26, .box_h = 26, .ofs_x = 0, .ofs_y = -3},
    {.bitmap_index = 66914, .adv_w = 416, .box_w = 26, .box_h = 25, .ofs_x = 0, .ofs_y = -2},
    {.bitmap_index = 67239, .adv_w = 416, .box_w = 26, .box_h = 26, .ofs_x = 0, .ofs_y = -3},
    {.bitmap_index = 67577, .adv_w = 416, .box_w = 25, .box_h = 26, .ofs_x = 0, .ofs_y = -3},
    {.bitmap_index = 67902, .adv_w = 416, .box_w = 25, .box_h = 26, .ofs_x = 1, .ofs_y = -3},
    {.bitmap_index = 68227, .adv_w = 416, .box_w = 26, .box_h = 25, .ofs_x = 0, .ofs_y = -3},
    {.bitmap_index = 68552, .adv_w = 416, .box_w = 26, .box_h = 26, .ofs_x = 0, .ofs_y = -3},
    {.bitmap_index = 68890, .adv_w = 416, .box_w = 26, .box_h = 26, .ofs_x = 0, .ofs_y = -3},
    {.bitmap_index = 69228, .adv_w = 416, .box_w = 26, .box_h = 25, .ofs_x = 0, .ofs_y = -2},
    {.bitmap_index = 69553, .adv_w = 416, .box_w = 26, .box_h = 26, .ofs_x = 0, .ofs_y = -3},
    {.bitmap_index = 69891, .adv_w = 416, .box_w = 25, .box_h = 26, .ofs_x = 1, .ofs_y = -3},
    {.bitmap_index = 70216, .adv_w = 416, .box_w = 26, .box_h = 25, .ofs_x = 0, .ofs_y = -2},
    {.bitmap_index = 70541, .adv_w = 416, .box_w = 25, .box_h = 26, .ofs_x = 0, .ofs_y = -3},
    {.bitmap_index = 70866, .adv_w = 416, .box_w = 26, .box_h = 24, .ofs_x = 0, .ofs_y = -3},
    {.bitmap_index = 71178, .adv_w = 416, .box_w = 25, .box_h = 24, .ofs_x = 1, .ofs_y = -3},
    {.bitmap_index = 71478, .adv_w = 416, .box_w = 20, .box_h = 24, .ofs_x = 3, .ofs_y = -3},
    {.bitmap_index = 71718, .adv_w = 416, .box_w = 24, .box_h = 24, .ofs_x = 1, .ofs_y = -2},
    {.bitmap_index = 72006, .adv_w = 416, .box_w = 25, .box_h = 24, .ofs_x = 0, .ofs_y = -2},
    {.bitmap_index = 72306, .adv_w = 416, .box_w = 26, .box_h = 25, .ofs_x = 0, .ofs_y = -3},
    {.bitmap_index = 72631, .adv_w = 416, .box_w = 25, .box_h = 23, .ofs_x = 0, .ofs_y = -2},
    {.bitmap_index = 72919, .adv_w = 416, .box_w = 24, .box_h = 25, .ofs_x = 1, .ofs_y = -3},
    {.bitmap_index = 73219, .adv_w = 416, .box_w = 25, .box_h = 24, .ofs_x = 1, .ofs_y = -3},
    {.bitmap_index = 73519, .adv_w = 416, .box_w = 26, .box_h = 24, .ofs_x = 0, .ofs_y = -2},
    {.bitmap_index = 73831, .adv_w = 416, .box_w = 22, .box_h = 24, .ofs_x = 0, .ofs_y = -3},
    {.bitmap_index = 74095, .adv_w = 416, .box_w = 25, .box_h = 26, .ofs_x = 0, .ofs_y = -3},
    {.bitmap_index = 74420, .adv_w = 416, .box_w = 25, .box_h = 25, .ofs_x = 0, .ofs_y = -3},
    {.bitmap_index = 74733, .adv_w = 416, .box_w = 26, .box_h = 25, .ofs_x = 0, .ofs_y = -2},
    {.bitmap_index = 75058, .adv_w = 416, .box_w = 26, .box_h = 25, .ofs_x = 0, .ofs_y = -2},
    {.bitmap_index = 75383, .adv_w = 416, .box_w = 26, .box_h = 24, .ofs_x = 0, .ofs_y = -2},
    {.bitmap_index = 75695, .adv_w = 416, .box_w = 26, .box_h = 26, .ofs_x = 0, .ofs_y = -3},
    {.bitmap_index = 76033, .adv_w = 416, .box_w = 26, .box_h = 25, .ofs_x = 0, .ofs_y = -2},
    {.bitmap_index = 76358, .adv_w = 416, .box_w = 26, .box_h = 23, .ofs_x = 0, .ofs_y = -2},
    {.bitmap_index = 76657, .adv_w = 416, .box_w = 26, .box_h = 24, .ofs_x = 0, .ofs_y = -2},
    {.bitmap_index = 76969, .adv_w = 416, .box_w = 26, .box_h = 26, .ofs_x = 0, .ofs_y = -3},
    {.bitmap_index = 77307, .adv_w = 416, .box_w = 25, .box_h = 25, .ofs_x = 0, .ofs_y = -2},
    {.bitmap_index = 77620, .adv_w = 416, .box_w = 26, .box_h = 26, .ofs_x = 0, .ofs_y = -3},
    {.bitmap_index = 77958, .adv_w = 416, .box_w = 26, .box_h = 26, .ofs_x = 0, .ofs_y = -3},
    {.bitmap_index = 78296, .adv_w = 416, .box_w = 26, .box_h = 25, .ofs_x = 0, .ofs_y = -2},
    {.bitmap_index = 78621, .adv_w = 416, .box_w = 25, .box_h = 26, .ofs_x = 0, .ofs_y = -3},
    {.bitmap_index = 78946, .adv_w = 416, .box_w = 26, .box_h = 26, .ofs_x = 0, .ofs_y = -3},
    {.bitmap_index = 79284, .adv_w = 416, .box_w = 26, .box_h = 26, .ofs_x = 0, .ofs_y = -3},
    {.bitmap_index = 79622, .adv_w = 416, .box_w = 26, .box_h = 26, .ofs_x = 0, .ofs_y = -3},
    {.bitmap_index = 79960, .adv_w = 416, .box_w = 25, .box_h = 23, .ofs_x = 0, .ofs_y = -2},
    {.bitmap_index = 80248, .adv_w = 416, .box_w = 26, .box_h = 25, .ofs_x = 0, .ofs_y = -3},
    {.bitmap_index = 80573, .adv_w = 416, .box_w = 24, .box_h = 26, .ofs_x = 1, .ofs_y = -3},
    {.bitmap_index = 80885, .adv_w = 416, .box_w = 26, .box_h = 26, .ofs_x = 0, .ofs_y = -3},
    {.bitmap_index = 81223, .adv_w = 416, .box_w = 26, .box_h = 25, .ofs_x = 0, .ofs_y = -2},
    {.bitmap_index = 81548, .adv_w = 416, .box_w = 26, .box_h = 25, .ofs_x = 0, .ofs_y = -2},
    {.bitmap_index = 81873, .adv_w = 416, .box_w = 26, .box_h = 24, .ofs_x = 0, .ofs_y = -2},
    {.bitmap_index = 82185, .adv_w = 416, .box_w = 26, .box_h = 25, .ofs_x = 0, .ofs_y = -3},
    {.bitmap_index = 82510, .adv_w = 416, .box_w = 26, .box_h = 25, .ofs_x = 0, .ofs_y = -3},
    {.bitmap_index = 82835, .adv_w = 416, .box_w = 26, .box_h = 25, .ofs_x = 0, .ofs_y = -3},
    {.bitmap_index = 83160, .adv_w = 416, .box_w = 26, .box_h = 24, .ofs_x = 0, .ofs_y = -2},
    {.bitmap_index = 83472, .adv_w = 416, .box_w = 25, .box_h = 26, .ofs_x = 0, .ofs_y = -3},
    {.bitmap_index = 83797, .adv_w = 416, .box_w = 25, .box_h = 25, .ofs_x = 1, .ofs_y = -3},
    {.bitmap_index = 84110, .adv_w = 416, .box_w = 25, .box_h = 26, .ofs_x = 0, .ofs_y = -3},
    {.bitmap_index = 84435, .adv_w = 416, .box_w = 25, .box_h = 25, .ofs_x = 0, .ofs_y = -2},
    {.bitmap_index = 84748, .adv_w = 416, .box_w = 26, .box_h = 26, .ofs_x = 0, .ofs_y = -3},
    {.bitmap_index = 85086, .adv_w = 416, .box_w = 26, .box_h = 24, .ofs_x = 0, .ofs_y = -2},
    {.bitmap_index = 85398, .adv_w = 416, .box_w = 26, .box_h = 25, .ofs_x = 0, .ofs_y = -2},
    {.bitmap_index = 85723, .adv_w = 416, .box_w = 26, .box_h = 24, .ofs_x = 0, .ofs_y = -2},
    {.bitmap_index = 86035, .adv_w = 416, .box_w = 25, .box_h = 24, .ofs_x = 0, .ofs_y = -2},
    {.bitmap_index = 86335, .adv_w = 416, .box_w = 26, .box_h = 24, .ofs_x = 0, .ofs_y = -2},
    {.bitmap_index = 86647, .adv_w = 416, .box_w = 26, .box_h = 26, .ofs_x = 0, .ofs_y = -3},
    {.bitmap_index = 86985, .adv_w = 416, .box_w = 26, .box_h = 24, .ofs_x = 0, .ofs_y = -2},
    {.bitmap_index = 87297, .adv_w = 416, .box_w = 26, .box_h = 25, .ofs_x = 0, .ofs_y = -3},
    {.bitmap_index = 87622, .adv_w = 416, .box_w = 26, .box_h = 26, .ofs_x = 0, .ofs_y = -3},
    {.bitmap_index = 87960, .adv_w = 416, .box_w = 26, .box_h = 26, .ofs_x = 0, .ofs_y = -3},
    {.bitmap_index = 88298, .adv_w = 416, .box_w = 24, .box_h = 25, .ofs_x = 0, .ofs_y = -3},
    {.bitmap_index = 88598, .adv_w = 416, .box_w = 26, .box_h = 26, .ofs_x = 0, .ofs_y = -3},
    {.bitmap_index = 88936, .adv_w = 416, .box_w = 26, .box_h = 26, .ofs_x = 0, .ofs_y = -3},
    {.bitmap_index = 89274, .adv_w = 416, .box_w = 26, .box_h = 25, .ofs_x = 0, .ofs_y = -3},
    {.bitmap_index = 89599, .adv_w = 416, .box_w = 25, .box_h = 25, .ofs_x = 1, .ofs_y = -2},
    {.bitmap_index = 89912, .adv_w = 416, .box_w = 26, .box_h = 25, .ofs_x = 0, .ofs_y = -3},
    {.bitmap_index = 90237, .adv_w = 416, .box_w = 26, .box_h = 23, .ofs_x = 0, .ofs_y = -2},
    {.bitmap_index = 90536, .adv_w = 416, .box_w = 25, .box_h = 24, .ofs_x = 1, .ofs_y = -2},
    {.bitmap_index = 90836, .adv_w = 416, .box_w = 24, .box_h = 24, .ofs_x = 0, .ofs_y = -3},
    {.bitmap_index = 91124, .adv_w = 416, .box_w = 22, .box_h = 26, .ofs_x = 2, .ofs_y = -3},
    {.bitmap_index = 91410, .adv_w = 416, .box_w = 24, .box_h = 24, .ofs_x = 2, .ofs_y = -2},
    {.bitmap_index = 91698, .adv_w = 416, .box_w = 24, .box_h = 23, .ofs_x = 1, .ofs_y = -2},
    {.bitmap_index = 91974, .adv_w = 416, .box_w = 25, .box_h = 26, .ofs_x = 1, .ofs_y = -3},
    {.bitmap_index = 92299, .adv_w = 416, .box_w = 26, .box_h = 24, .ofs_x = 0, .ofs_y = -2},
    {.bitmap_index = 92611, .adv_w = 416, .box_w = 23, .box_h = 26, .ofs_x = 2, .ofs_y = -3},
    {.bitmap_index = 92910, .adv_w = 416, .box_w = 25, .box_h = 25, .ofs_x = 1, .ofs_y = -2},
    {.bitmap_index = 93223, .adv_w = 416, .box_w = 24, .box_h = 24, .ofs_x = 1, .ofs_y = -2},
    {.bitmap_index = 93511, .adv_w = 416, .box_w = 25, .box_h = 26, .ofs_x = 0, .ofs_y = -3},
    {.bitmap_index = 93836, .adv_w = 416, .box_w = 25, .box_h = 24, .ofs_x = 0, .ofs_y = -2},
    {.bitmap_index = 94136, .adv_w = 416, .box_w = 25, .box_h = 26, .ofs_x = 0, .ofs_y = -3},
    {.bitmap_index = 94461, .adv_w = 416, .box_w = 25, .box_h = 26, .ofs_x = 0, .ofs_y = -3},
    {.bitmap_index = 94786, .adv_w = 416, .box_w = 25, .box_h = 24, .ofs_x = 0, .ofs_y = -3},
    {.bitmap_index = 95086, .adv_w = 416, .box_w = 26, .box_h = 25, .ofs_x = 0, .ofs_y = -3},
    {.bitmap_index = 95411, .adv_w = 416, .box_w = 25, .box_h = 26, .ofs_x = 0, .ofs_y = -3},
    {.bitmap_index = 95736, .adv_w = 416, .box_w = 25, .box_h = 24, .ofs_x = 0, .ofs_y = -3},
    {.bitmap_index = 96036, .adv_w = 416, .box_w = 24, .box_h = 26, .ofs_x = 1, .ofs_y = -3},
    {.bitmap_index = 96348, .adv_w = 416, .box_w = 26, .box_h = 25, .ofs_x = 0, .ofs_y = -2},
    {.bitmap_index = 96673, .adv_w = 416, .box_w = 26, .box_h = 24, .ofs_x = 0, .ofs_y = -2},
    {.bitmap_index = 96985, .adv_w = 416, .box_w = 25, .box_h = 25, .ofs_x = 0, .ofs_y = -2},
    {.bitmap_index = 97298, .adv_w = 416, .box_w = 24, .box_h = 25, .ofs_x = 1, .ofs_y = -2},
    {.bitmap_index = 97598, .adv_w = 416, .box_w = 24, .box_h = 25, .ofs_x = 1, .ofs_y = -2},
    {.bitmap_index = 97898, .adv_w = 416, .box_w = 25, .box_h = 24, .ofs_x = 1, .ofs_y = -2},
    {.bitmap_index = 98198, .adv_w = 416, .box_w = 26, .box_h = 25, .ofs_x = 0, .ofs_y = -3},
    {.bitmap_index = 98523, .adv_w = 416, .box_w = 26, .box_h = 26, .ofs_x = 0, .ofs_y = -3},
    {.bitmap_index = 98861, .adv_w = 416, .box_w = 25, .box_h = 26, .ofs_x = 0, .ofs_y = -3},
    {.bitmap_index = 99186, .adv_w = 416, .box_w = 25, .box_h = 25, .ofs_x = 1, .ofs_y = -3},
    {.bitmap_index = 99499, .adv_w = 416, .box_w = 24, .box_h = 26, .ofs_x = 1, .ofs_y = -3},
    {.bitmap_index = 99811, .adv_w = 416, .box_w = 26, .box_h = 25, .ofs_x = 0, .ofs_y = -2},
    {.bitmap_index = 100136, .adv_w = 416, .box_w = 25, .box_h = 26, .ofs_x = 0, .ofs_y = -3},
    {.bitmap_index = 100461, .adv_w = 416, .box_w = 26, .box_h = 26, .ofs_x = 0, .ofs_y = -3},
    {.bitmap_index = 100799, .adv_w = 416, .box_w = 26, .box_h = 26, .ofs_x = 0, .ofs_y = -3},
    {.bitmap_index = 101137, .adv_w = 416, .box_w = 26, .box_h = 25, .ofs_x = 0, .ofs_y = -2},
    {.bitmap_index = 101462, .adv_w = 416, .box_w = 26, .box_h = 26, .ofs_x = 0, .ofs_y = -3},
    {.bitmap_index = 101800, .adv_w = 416, .box_w = 26, .box_h = 25, .ofs_x = 0, .ofs_y = -2},
    {.bitmap_index = 102125, .adv_w = 416, .box_w = 26, .box_h = 26, .ofs_x = 0, .ofs_y = -3},
    {.bitmap_index = 102463, .adv_w = 416, .box_w = 25, .box_h = 25, .ofs_x = 0, .ofs_y = -2},
    {.bitmap_index = 102776, .adv_w = 416, .box_w = 26, .box_h = 26, .ofs_x = 0, .ofs_y = -3},
    {.bitmap_index = 103114, .adv_w = 416, .box_w = 23, .box_h = 23, .ofs_x = 2, .ofs_y = -2},
    {.bitmap_index = 103379, .adv_w = 416, .box_w = 24, .box_h = 24, .ofs_x = 1, .ofs_y = -2},
    {.bitmap_index = 103667, .adv_w = 416, .box_w = 25, .box_h = 25, .ofs_x = 0, .ofs_y = -2},
    {.bitmap_index = 103980, .adv_w = 416, .box_w = 26, .box_h = 25, .ofs_x = 0, .ofs_y = -2},
    {.bitmap_index = 104305, .adv_w = 416, .box_w = 26, .box_h = 25, .ofs_x = 0, .ofs_y = -3},
    {.bitmap_index = 104630, .adv_w = 416, .box_w = 25, .box_h = 25, .ofs_x = 1, .ofs_y = -2},
    {.bitmap_index = 104943, .adv_w = 416, .box_w = 20, .box_h = 26, .ofs_x = 3, .ofs_y = -3},
    {.bitmap_index = 105203, .adv_w = 416, .box_w = 25, .box_h = 26, .ofs_x = 0, .ofs_y = -3},
    {.bitmap_index = 105528, .adv_w = 416, .box_w = 26, .box_h = 25, .ofs_x = 0, .ofs_y = -2},
    {.bitmap_index = 105853, .adv_w = 416, .box_w = 25, .box_h = 25, .ofs_x = 0, .ofs_y = -2},
    {.bitmap_index = 106166, .adv_w = 416, .box_w = 26, .box_h = 25, .ofs_x = 0, .ofs_y = -3},
    {.bitmap_index = 106491, .adv_w = 416, .box_w = 26, .box_h = 26, .ofs_x = 0, .ofs_y = -3},
    {.bitmap_index = 106829, .adv_w = 416, .box_w = 25, .box_h = 25, .ofs_x = 0, .ofs_y = -2},
    {.bitmap_index = 107142, .adv_w = 416, .box_w = 25, .box_h = 26, .ofs_x = 0, .ofs_y = -3},
    {.bitmap_index = 107467, .adv_w = 416, .box_w = 25, .box_h = 26, .ofs_x = 0, .ofs_y = -3},
    {.bitmap_index = 107792, .adv_w = 416, .box_w = 26, .box_h = 25, .ofs_x = 0, .ofs_y = -2},
    {.bitmap_index = 108117, .adv_w = 416, .box_w = 26, .box_h = 26, .ofs_x = 0, .ofs_y = -3},
    {.bitmap_index = 108455, .adv_w = 416, .box_w = 26, .box_h = 25, .ofs_x = 0, .ofs_y = -3},
    {.bitmap_index = 108780, .adv_w = 416, .box_w = 26, .box_h = 24, .ofs_x = 0, .ofs_y = -3},
    {.bitmap_index = 109092, .adv_w = 416, .box_w = 26, .box_h = 26, .ofs_x = 0, .ofs_y = -3},
    {.bitmap_index = 109430, .adv_w = 416, .box_w = 24, .box_h = 26, .ofs_x = 1, .ofs_y = -3},
    {.bitmap_index = 109742, .adv_w = 416, .box_w = 25, .box_h = 26, .ofs_x = 0, .ofs_y = -3},
    {.bitmap_index = 110067, .adv_w = 416, .box_w = 26, .box_h = 26, .ofs_x = 0, .ofs_y = -3},
    {.bitmap_index = 110405, .adv_w = 416, .box_w = 25, .box_h = 25, .ofs_x = 1, .ofs_y = -2},
    {.bitmap_index = 110718, .adv_w = 416, .box_w = 25, .box_h = 25, .ofs_x = 1, .ofs_y = -3},
    {.bitmap_index = 111031, .adv_w = 416, .box_w = 26, .box_h = 25, .ofs_x = 0, .ofs_y = -3},
    {.bitmap_index = 111356, .adv_w = 416, .box_w = 26, .box_h = 25, .ofs_x = 0, .ofs_y = -3},
    {.bitmap_index = 111681, .adv_w = 416, .box_w = 26, .box_h = 25, .ofs_x = 0, .ofs_y = -3},
    {.bitmap_index = 112006, .adv_w = 416, .box_w = 25, .box_h = 24, .ofs_x = 1, .ofs_y = -2},
    {.bitmap_index = 112306, .adv_w = 416, .box_w = 25, .box_h = 24, .ofs_x = 1, .ofs_y = -2},
    {.bitmap_index = 112606, .adv_w = 416, .box_w = 25, .box_h = 24, .ofs_x = 1, .ofs_y = -2},
    {.bitmap_index = 112906, .adv_w = 416, .box_w = 26, .box_h = 25, .ofs_x = 0, .ofs_y = -3},
    {.bitmap_index = 113231, .adv_w = 416, .box_w = 25, .box_h = 26, .ofs_x = 1, .ofs_y = -3},
    {.bitmap_index = 113556, .adv_w = 416, .box_w = 25, .box_h = 25, .ofs_x = 0, .ofs_y = -2},
    {.bitmap_index = 113869, .adv_w = 416, .box_w = 26, .box_h = 25, .ofs_x = 0, .ofs_y = -3},
    {.bitmap_index = 114194, .adv_w = 416, .box_w = 26, .box_h = 25, .ofs_x = 0, .ofs_y = -2},
    {.bitmap_index = 114519, .adv_w = 416, .box_w = 26, .box_h = 26, .ofs_x = 0, .ofs_y = -3},
    {.bitmap_index = 114857, .adv_w = 416, .box_w = 25, .box_h = 26, .ofs_x = 0, .ofs_y = -3},
    {.bitmap_index = 115182, .adv_w = 416, .box_w = 26, .box_h = 25, .ofs_x = 0, .ofs_y = -3},
    {.bitmap_index = 115507, .adv_w = 416, .box_w = 26, .box_h = 25, .ofs_x = 0, .ofs_y = -3},
    {.bitmap_index = 115832, .adv_w = 416, .box_w = 26, .box_h = 26, .ofs_x = 0, .ofs_y = -3},
    {.bitmap_index = 116170, .adv_w = 416, .box_w = 26, .box_h = 24, .ofs_x = 0, .ofs_y = -3},
    {.bitmap_index = 116482, .adv_w = 416, .box_w = 26, .box_h = 24, .ofs_x = 0, .ofs_y = -2},
    {.bitmap_index = 116794, .adv_w = 416, .box_w = 26, .box_h = 25, .ofs_x = 0, .ofs_y = -3},
    {.bitmap_index = 117119, .adv_w = 416, .box_w = 26, .box_h = 26, .ofs_x = 0, .ofs_y = -3},
    {.bitmap_index = 117457, .adv_w = 416, .box_w = 26, .box_h = 25, .ofs_x = 0, .ofs_y = -2},
    {.bitmap_index = 117782, .adv_w = 416, .box_w = 26, .box_h = 25, .ofs_x = 0, .ofs_y = -3},
    {.bitmap_index = 118107, .adv_w = 416, .box_w = 25, .box_h = 26, .ofs_x = 1, .ofs_y = -3},
    {.bitmap_index = 118432, .adv_w = 416, .box_w = 26, .box_h = 25, .ofs_x = 0, .ofs_y = -2},
    {.bitmap_index = 118757, .adv_w = 416, .box_w = 26, .box_h = 26, .ofs_x = 0, .ofs_y = -3},
    {.bitmap_index = 119095, .adv_w = 416, .box_w = 26, .box_h = 25, .ofs_x = 0, .ofs_y = -3},
    {.bitmap_index = 119420, .adv_w = 416, .box_w = 26, .box_h = 26, .ofs_x = 0, .ofs_y = -3},
    {.bitmap_index = 119758, .adv_w = 416, .box_w = 26, .box_h = 25, .ofs_x = 0, .ofs_y = -3},
    {.bitmap_index = 120083, .adv_w = 416, .box_w = 26, .box_h = 26, .ofs_x = 0, .ofs_y = -3},
    {.bitmap_index = 120421, .adv_w = 416, .box_w = 26, .box_h = 26, .ofs_x = 0, .ofs_y = -3},
    {.bitmap_index = 120759, .adv_w = 416, .box_w = 26, .box_h = 25, .ofs_x = 0, .ofs_y = -3},
    {.bitmap_index = 121084, .adv_w = 416, .box_w = 26, .box_h = 26, .ofs_x = 0, .ofs_y = -3},
    {.bitmap_index = 121422, .adv_w = 416, .box_w = 26, .box_h = 25, .ofs_x = 0, .ofs_y = -3},
    {.bitmap_index = 121747, .adv_w = 416, .box_w = 26, .box_h = 26, .ofs_x = 0, .ofs_y = -3},
    {.bitmap_index = 122085, .adv_w = 416, .box_w = 26, .box_h = 26, .ofs_x = 0, .ofs_y = -3},
    {.bitmap_index = 122423, .adv_w = 416, .box_w = 26, .box_h = 26, .ofs_x = 0, .ofs_y = -3},
    {.bitmap_index = 122761, .adv_w = 416, .box_w = 26, .box_h = 26, .ofs_x = 0, .ofs_y = -3},
    {.bitmap_index = 123099, .adv_w = 416, .box_w = 26, .box_h = 25, .ofs_x = 0, .ofs_y = -3},
    {.bitmap_index = 123424, .adv_w = 416, .box_w = 26, .box_h = 26, .ofs_x = 0, .ofs_y = -3},
    {.bitmap_index = 123762, .adv_w = 416, .box_w = 26, .box_h = 26, .ofs_x = 0, .ofs_y = -3},
    {.bitmap_index = 124100, .adv_w = 416, .box_w = 25, .box_h = 26, .ofs_x = 1, .ofs_y = -3},
    {.bitmap_index = 124425, .adv_w = 416, .box_w = 25, .box_h = 25, .ofs_x = 1, .ofs_y = -3},
    {.bitmap_index = 124738, .adv_w = 416, .box_w = 26, .box_h = 24, .ofs_x = 0, .ofs_y = -2},
    {.bitmap_index = 125050, .adv_w = 416, .box_w = 25, .box_h = 25, .ofs_x = 0, .ofs_y = -2},
    {.bitmap_index = 125363, .adv_w = 416, .box_w = 24, .box_h = 24, .ofs_x = 1, .ofs_y = -2},
    {.bitmap_index = 125651, .adv_w = 416, .box_w = 25, .box_h = 25, .ofs_x = 0, .ofs_y = -2},
    {.bitmap_index = 125964, .adv_w = 416, .box_w = 26, .box_h = 24, .ofs_x = 0, .ofs_y = -2},
    {.bitmap_index = 126276, .adv_w = 416, .box_w = 26, .box_h = 26, .ofs_x = 0, .ofs_y = -3},
    {.bitmap_index = 126614, .adv_w = 416, .box_w = 25, .box_h = 25, .ofs_x = 1, .ofs_y = -3},
    {.bitmap_index = 126927, .adv_w = 416, .box_w = 24, .box_h = 25, .ofs_x = 1, .ofs_y = -2},
    {.bitmap_index = 127227, .adv_w = 416, .box_w = 24, .box_h = 24, .ofs_x = 1, .ofs_y = -2},
    {.bitmap_index = 127515, .adv_w = 416, .box_w = 24, .box_h = 25, .ofs_x = 2, .ofs_y = -3},
    {.bitmap_index = 127815, .adv_w = 416, .box_w = 25, .box_h = 24, .ofs_x = 1, .ofs_y = -2},
    {.bitmap_index = 128115, .adv_w = 416, .box_w = 24, .box_h = 25, .ofs_x = 2, .ofs_y = -3},
    {.bitmap_index = 128415, .adv_w = 416, .box_w = 25, .box_h = 25, .ofs_x = 1, .ofs_y = -2},
    {.bitmap_index = 128728, .adv_w = 416, .box_w = 25, .box_h = 25, .ofs_x = 1, .ofs_y = -3},
    {.bitmap_index = 129041, .adv_w = 416, .box_w = 26, .box_h = 25, .ofs_x = 0, .ofs_y = -2},
    {.bitmap_index = 129366, .adv_w = 416, .box_w = 24, .box_h = 25, .ofs_x = 1, .ofs_y = -3},
    {.bitmap_index = 129666, .adv_w = 416, .box_w = 24, .box_h = 25, .ofs_x = 1, .ofs_y = -3},
    {.bitmap_index = 129966, .adv_w = 416, .box_w = 24, .box_h = 23, .ofs_x = 1, .ofs_y = -2},
    {.bitmap_index = 130242, .adv_w = 416, .box_w = 24, .box_h = 24, .ofs_x = 1, .ofs_y = -3},
    {.bitmap_index = 130530, .adv_w = 416, .box_w = 26, .box_h = 25, .ofs_x = 0, .ofs_y = -3},
    {.bitmap_index = 130855, .adv_w = 416, .box_w = 26, .box_h = 26, .ofs_x = 0, .ofs_y = -3},
    {.bitmap_index = 131193, .adv_w = 416, .box_w = 26, .box_h = 25, .ofs_x = 0, .ofs_y = -3},
    {.bitmap_index = 131518, .adv_w = 416, .box_w = 26, .box_h = 25, .ofs_x = 0, .ofs_y = -3},
    {.bitmap_index = 131843, .adv_w = 416, .box_w = 26, .box_h = 25, .ofs_x = 0, .ofs_y = -3},
    {.bitmap_index = 132168, .adv_w = 416, .box_w = 25, .box_h = 23, .ofs_x = 1, .ofs_y = -2},
    {.bitmap_index = 132456, .adv_w = 416, .box_w = 26, .box_h = 26, .ofs_x = 0, .ofs_y = -3},
    {.bitmap_index = 132794, .adv_w = 416, .box_w = 26, .box_h = 26, .ofs_x = 0, .ofs_y = -3},
    {.bitmap_index = 133132, .adv_w = 416, .box_w = 24, .box_h = 25, .ofs_x = 1, .ofs_y = -2},
    {.bitmap_index = 133432, .adv_w = 416, .box_w = 26, .box_h = 26, .ofs_x = 0, .ofs_y = -3},
    {.bitmap_index = 133770, .adv_w = 416, .box_w = 8, .box_h = 26, .ofs_x = 17, .ofs_y = -3},
    {.bitmap_index = 133874, .adv_w = 416, .box_w = 8, .box_h = 26, .ofs_x = 1, .ofs_y = -3},
    {.bitmap_index = 133978, .adv_w = 416, .box_w = 7, .box_h = 11, .ofs_x = 4, .ofs_y = -4},
    {.bitmap_index = 134017, .adv_w = 416, .box_w = 5, .box_h = 19, .ofs_x = 4, .ofs_y = -1},
    {.bitmap_index = 134065, .adv_w = 416, .box_w = 7, .box_h = 23, .ofs_x = 3, .ofs_y = -5},
    {.bitmap_index = 134146, .adv_w = 416, .box_w = 13, .box_h = 21, .ofs_x = 0, .ofs_y = -1}
};

/*---------------------
 *  CHARACTER MAPPING
 *--------------------*/

static const uint16_t unicode_list_1[] = {
    0x0, 0x5, 0x7, 0xe, 0x2e, 0x1f6a, 0x1f6b, 0x1f6f,
    0x1f70, 0x1f71, 0x1f73, 0x1f74, 0x1f75, 0x1f79, 0x1f7d, 0x1f89,
    0x1f8a, 0x2003, 0x2079, 0x20e7, 0x20e8, 0x20e9, 0x20ea, 0x219f,
    0x21bb, 0x21bc, 0x2f58, 0x2f59, 0x2f63, 0x2f64, 0x2f65, 0x2f66,
    0x4d57, 0x4d61, 0x4d62, 0x4d64, 0x4d65, 0x4d7b, 0x4d81, 0x4d84,
    0x4d89, 0x4d91, 0x4d92, 0x4da2, 0x4de2, 0x4de5, 0x4e03, 0x4e1c,
    0x4e24, 0x4e25, 0x4e4d, 0x4e71, 0x4e77, 0x4ea4, 0x4eb0, 0x4eb3,
    0x4ed6, 0x4f34, 0x4f70, 0x4f93, 0x4fb3, 0x4fbc, 0x4fff, 0x5026,
    0x509c, 0x509f, 0x50bc, 0x50bf, 0x50ca, 0x50dc, 0x50e4, 0x50f0,
    0x511d, 0x5151, 0x515d, 0x515e, 0x516e, 0x5171, 0x517b, 0x5180,
    0x5187, 0x518d, 0x518e, 0x5192, 0x51a4, 0x51c0, 0x51f6, 0x51f7,
    0x51ff, 0x526e, 0x5291, 0x52ac, 0x52b8, 0x52ca, 0x52dd, 0x52e2,
    0x52f6, 0x5319, 0x5323, 0x5328, 0x532d, 0x532e, 0x532f, 0x533a,
    0x5341, 0x5346, 0x5347, 0x5349, 0x534e, 0x5363, 0x5364, 0x5365,
    0x5367, 0x5375, 0x5386, 0x53a1, 0x53bf, 0x53d4, 0x55bf, 0x55c1,
    0x5635, 0x5651, 0x5655, 0x567f, 0x569e, 0x56e2, 0x5847, 0x585b,
    0x585e, 0x5864, 0x5871, 0x587e, 0x5880, 0x5881, 0x5888, 0x58ae,
    0x58d9, 0x5aa7, 0x5aae, 0x5aaf, 0x5ae3, 0x5af1, 0x5af5, 0x5b10,
    0x5b14, 0x5b36, 0x5b53, 0x5b56, 0x5b58, 0x5b66, 0x5b71, 0x5b97,
    0x5bc8, 0x5d49, 0x5d5a, 0x5d6d, 0x5d8f, 0x5dca, 0x5dcd, 0x5de6,
    0x5dfd, 0x5e0e, 0x5e4d, 0x5e51, 0x5e59, 0x5e6c, 0x5eaa, 0x5eac,
    0x5eb9, 0x5edc, 0x5f1a, 0x5f58, 0x5f7e, 0x5f92, 0x5fb9, 0x601c,
    0x6076, 0x6167, 0x616d, 0x6181, 0x619e, 0x61a2, 0x61c2, 0x61ea,
    0x61fb, 0x61fc, 0x6236, 0x6240, 0x6258, 0x625e, 0x6260, 0x62b9,
    0x62c5, 0x62fc, 0x62fe, 0x62ff, 0x6326, 0x6327, 0x6329, 0x63cf,
    0x63fb, 0x6424, 0x6425, 0x6486, 0x648d, 0x6495, 0x649f, 0x64c7,
    0x64cb, 0x64de, 0x6504, 0x6507, 0x6510, 0x6537, 0x6539, 0x653c,
    0x654d, 0x6576, 0x6586, 0x6595, 0x65d9, 0x664b, 0x6657, 0x665f,
    0x6660, 0x6676, 0x6681, 0x6683, 0x66bc, 0x66d6, 0x66e7, 0x66f3,
    0x673c, 0x675e, 0x678e, 0x678f, 0x6793, 0x6817, 0x68d9, 0x6978,
    0x6981, 0x6a78, 0x6aba, 0x6abb, 0x6abc, 0x6b26, 0x6b8b, 0x6b99,
    0x6bb7, 0x6bf8, 0x6c2c, 0x6c4c, 0x6c62, 0x6c92, 0x6c98, 0x6ca2,
    0x6cdf, 0x6d09, 0x6d52, 0x6d77, 0x6d80, 0x6dd6, 0x6de7, 0x6e31,
    0x6e38, 0x6fc2, 0x7010, 0x7044, 0x719e, 0x71c0, 0x720d, 0x7243,
    0x72de, 0x7307, 0x735d, 0x7476, 0x747f, 0x7488, 0x748c, 0x7492,
    0x74bc, 0x75d2, 0x75db, 0x7628, 0x762d, 0x764f, 0x7662, 0x7697,
    0x773c, 0x7758, 0x77c3, 0x77c5, 0x7891, 0x7912, 0x7929, 0x7962,
    0x7964, 0x79d1, 0x7a22, 0x7a2d, 0x7a46, 0x7aa0, 0x7af8, 0x7bd2,
    0x7c52, 0x7e16, 0x7e2a, 0x7e33, 0x7e36, 0x7e3e, 0x7e44, 0x7e4b,
    0x7e6a, 0x7e6d, 0x7e80, 0x7ea8, 0x7ec5, 0x7f52, 0x7f6e, 0x7fab,
    0x8054, 0x8141, 0x8176, 0x81c9, 0x8206, 0x830e, 0x8394, 0x83ae,
    0x85b1, 0x87a3, 0x87bc, 0x881c, 0x88dd, 0x8919, 0x891d, 0x891f,
    0x893a, 0x893d, 0x8af8, 0x8afb, 0x8b06, 0x8b07, 0x8b15, 0x8b18,
    0x8b28, 0x8b2c, 0x8b34, 0x8b3c, 0x8b3d, 0x8b46, 0x8b4e, 0x8b52,
    0x8c76, 0x8c7c, 0x8c7d, 0x8cdc, 0x8d0a, 0x8d34, 0x8d36, 0x8d4a,
    0x8d81, 0x8ec3, 0x8ed4, 0x8eea, 0x8eff, 0x8f15, 0x8f1e, 0x8f27,
    0x8f28, 0x8f2b, 0x8f32, 0x8f35, 0x8f36, 0x8f54, 0x8f58, 0x8f59,
    0x8f60, 0x8f71, 0x8f76, 0x8faa, 0x903f, 0x90a4, 0x911e, 0x9124,
    0x9126, 0x93f6, 0x9457, 0x94b3, 0x94d6, 0x9544, 0x954b, 0x9576,
    0x959c, 0x95a7, 0x95e6, 0x95eb, 0x961d, 0x964e, 0x9657, 0x96b9,
    0x97cc, 0x97db, 0x97e8, 0x97ef, 0x97f4, 0x9825, 0x9835, 0x9867,
    0x99e3, 0x9a2f, 0x9e2f, 0xfe5f, 0xfe60, 0xfe63, 0xfe71, 0xfe72,
    0xfe76
};

/*Collect the unicode lists and glyph_id offsets*/
static const lv_font_fmt_txt_cmap_t cmaps[] =
{
    {
        .range_start = 32, .range_length = 95, .glyph_id_start = 1,
        .unicode_list = NULL, .glyph_id_ofs_list = NULL, .list_length = 0, .type = LV_FONT_FMT_TXT_CMAP_FORMAT0_TINY
    },
    {
        .range_start = 169, .range_length = 65143, .glyph_id_start = 96,
        .unicode_list = unicode_list_1, .glyph_id_ofs_list = NULL, .list_length = 417, .type = LV_FONT_FMT_TXT_CMAP_SPARSE_TINY
    }
};



/*--------------------
 *  ALL CUSTOM DATA
 *--------------------*/

#if LVGL_VERSION_MAJOR == 8
/*Store all the custom data of the font*/
static  lv_font_fmt_txt_glyph_cache_t cache;
#endif

#if LVGL_VERSION_MAJOR >= 8
static const lv_font_fmt_txt_dsc_t font_dsc = {
#else
static lv_font_fmt_txt_dsc_t font_dsc = {
#endif
    .glyph_bitmap = glyph_bitmap,
    .glyph_dsc = glyph_dsc,
    .cmaps = cmaps,
    .kern_dsc = NULL,
    .kern_scale = 0,
    .cmap_num = 2,
    .bpp = 4,
    .kern_classes = 0,
    .bitmap_format = 0,
#if LVGL_VERSION_MAJOR == 8
    .cache = &cache
#endif
};

extern const lv_font_t ui_font_20r;


/*-----------------
 *  PUBLIC FONT
 *----------------*/

/*Initialize a public general font descriptor*/
#if LVGL_VERSION_MAJOR >= 8
const lv_font_t ui_font_26b = {
#else
lv_font_t ui_font_26b = {
#endif
    .get_glyph_dsc = lv_font_get_glyph_dsc_fmt_txt,    /*Function pointer to get glyph's data*/
    .get_glyph_bitmap = lv_font_get_bitmap_fmt_txt,    /*Function pointer to get glyph's bitmap*/
    .line_height = 32,          /*The maximum line height required by the font*/
    .base_line = 7,             /*Baseline measured from the bottom of the line*/
#if !(LVGL_VERSION_MAJOR == 6 && LVGL_VERSION_MINOR == 0)
    .subpx = LV_FONT_SUBPX_NONE,
#endif
#if LV_VERSION_CHECK(7, 4, 0) || LVGL_VERSION_MAJOR >= 8
    .underline_position = -3,
    .underline_thickness = 1,
#endif
    .dsc = &font_dsc,          /*The custom font data. Will be accessed by `get_glyph_bitmap/dsc` */
#if LV_VERSION_CHECK(8, 2, 0) || LVGL_VERSION_MAJOR >= 9
    .fallback = &ui_font_20r,
#endif
    .user_data = NULL,
};



#endif /*#if UI_FONT_26B*/

