/*******************************************************************************
 * Size: 16 px
 * Bpp: 4
 * Generated from Noto Sans SC; see firmware/fonts/LICENSE.
 ******************************************************************************/

#ifdef LV_LVGL_H_INCLUDE_SIMPLE
#include "lvgl.h"
#else
#include "lvgl/lvgl.h"
#endif

#ifndef UI_FONT_16M
#define UI_FONT_16M 1
#endif

#if UI_FONT_16M

/*-----------------
 *    BITMAPS
 *----------------*/

/*Store the image of the glyphs*/
static LV_ATTRIBUTE_LARGE_CONST const uint8_t glyph_bitmap[] = {
    /* U+0020 " " */

    /* U+0021 "!" */
    0x2f, 0xa2, 0xfa, 0x1f, 0x91, 0xf8, 0xf, 0x80,
    0xf7, 0xf, 0x60, 0xe6, 0x3, 0x10, 0x84, 0x7f,
    0xf3, 0xea,

    /* U+0022 "\"" */
    0x9f, 0x51, 0xfd, 0x8f, 0x40, 0xfc, 0x7f, 0x30,
    0xfb, 0x5f, 0x10, 0xd9, 0x3f, 0x0, 0xb8, 0x0,
    0x0, 0x0,

    /* U+0023 "#" */
    0x0, 0xf, 0x10, 0xa7, 0x0, 0x2, 0xf0, 0xc,
    0x50, 0x0, 0x4d, 0x0, 0xe3, 0x0, 0xff, 0xff,
    0xff, 0xf9, 0x4, 0xaa, 0x46, 0xf4, 0x20, 0xa,
    0x70, 0x4d, 0x0, 0x0, 0xc6, 0x6, 0xc0, 0x6,
    0xff, 0xff, 0xff, 0xf3, 0x13, 0xf5, 0x3b, 0x93,
    0x0, 0x1f, 0x0, 0xc6, 0x0, 0x3, 0xe0, 0xe,
    0x40, 0x0, 0x5c, 0x0, 0xf2, 0x0,

    /* U+0024 "$" */
    0x0, 0x0, 0x82, 0x0, 0x0, 0x0, 0xf, 0x40,
    0x0, 0x0, 0x5d, 0xfe, 0x90, 0x0, 0x3f, 0xe8,
    0xaf, 0x90, 0x9, 0xf3, 0x0, 0x30, 0x0, 0xaf,
    0x20, 0x0, 0x0, 0x5, 0xfd, 0x30, 0x0, 0x0,
    0x8, 0xff, 0xb2, 0x0, 0x0, 0x2, 0xbf, 0xf3,
    0x0, 0x0, 0x0, 0x5f, 0xd0, 0x0, 0x0, 0x0,
    0xcf, 0x0, 0x52, 0x0, 0xe, 0xe0, 0xe, 0xfa,
    0x8c, 0xf8, 0x0, 0x19, 0xef, 0xe7, 0x0, 0x0,
    0x0, 0xf4, 0x0, 0x0, 0x0, 0x8, 0x20, 0x0,

    /* U+0025 "%" */
    0x4, 0xdf, 0xb1, 0x0, 0x2, 0xe1, 0x0, 0x1,
    0xf8, 0x2c, 0xa0, 0x0, 0xa8, 0x0, 0x0, 0x5f,
    0x0, 0x5f, 0x0, 0x3e, 0x0, 0x0, 0x6, 0xe0,
    0x4, 0xf1, 0xb, 0x60, 0x0, 0x0, 0x5f, 0x0,
    0x5f, 0x4, 0xd0, 0x0, 0x0, 0x1, 0xf6, 0xb,
    0xb0, 0xc5, 0xa, 0xec, 0x40, 0x5, 0xff, 0xd2,
    0x5c, 0xa, 0xc2, 0x7f, 0x10, 0x0, 0x10, 0xd,
    0x40, 0xf6, 0x0, 0xf5, 0x0, 0x0, 0x6, 0xb0,
    0xf, 0x40, 0xe, 0x70, 0x0, 0x0, 0xe3, 0x0,
    0xf6, 0x0, 0xf5, 0x0, 0x0, 0x7a, 0x0, 0xa,
    0xd2, 0x8f, 0x10, 0x0, 0x1e, 0x20, 0x0, 0x1b,
    0xfd, 0x40,

    /* U+0026 "&" */
    0x0, 0xa, 0xfe, 0x80, 0x0, 0x0, 0x0, 0x9f,
    0x68, 0xf4, 0x0, 0x0, 0x0, 0xea, 0x1, 0xf6,
    0x0, 0x0, 0x0, 0xeb, 0x7, 0xf2, 0x0, 0x0,
    0x0, 0x9f, 0xaf, 0x60, 0x0, 0x0, 0x0, 0x7f,
    0xf4, 0x0, 0x7, 0x60, 0x7, 0xfe, 0xf6, 0x0,
    0x2f, 0x80, 0x3f, 0xb0, 0xcf, 0x50, 0xaf, 0x10,
    0x6f, 0x50, 0x1d, 0xfa, 0xf8, 0x0, 0x5f, 0x80,
    0x1, 0xdf, 0xf2, 0x0, 0xd, 0xfa, 0x7a, 0xfe,
    0xff, 0xa0, 0x1, 0xaf, 0xfd, 0x70, 0x2a, 0xa0,

    /* U+0027 "'" */
    0x9f, 0x58, 0xf4, 0x7f, 0x35, 0xf1, 0x3f, 0x0,
    0x0,

    /* U+0028 "(" */
    0x0, 0x0, 0x0, 0x9a, 0x2, 0xf5, 0x8, 0xe0,
    0xe, 0x90, 0x2f, 0x50, 0x6f, 0x20, 0x8f, 0x0,
    0x9f, 0x0, 0x9f, 0x0, 0x8f, 0x0, 0x6f, 0x20,
    0x2f, 0x50, 0xe, 0x90, 0x8, 0xe0, 0x2, 0xf5,
    0x0, 0x9b, 0x0, 0x0,

    /* U+0029 ")" */
    0x0, 0x0, 0x1, 0xe4, 0x0, 0xa, 0xc0, 0x0,
    0x3f, 0x30, 0x0, 0xe9, 0x0, 0xa, 0xd0, 0x0,
    0x7f, 0x10, 0x5, 0xf3, 0x0, 0x4f, 0x40, 0x4,
    0xf4, 0x0, 0x5f, 0x30, 0x7, 0xf1, 0x0, 0xad,
    0x0, 0xe, 0x90, 0x3, 0xf3, 0x0, 0xac, 0x0,
    0x1e, 0x40, 0x0, 0x0, 0x0,

    /* U+002A "*" */
    0x0, 0xb, 0x60, 0x0, 0x52, 0xc8, 0x33, 0xc,
    0xff, 0xff, 0x80, 0x8, 0xff, 0x30, 0x1, 0xe8,
    0xbb, 0x0, 0x6, 0x1, 0x50,

    /* U+002B "+" */
    0x0, 0x0, 0x41, 0x0, 0x0, 0x0, 0x2f, 0x40,
    0x0, 0x0, 0x2, 0xf4, 0x0, 0x0, 0x11, 0x3f,
    0x51, 0x10, 0x6f, 0xff, 0xff, 0xff, 0x81, 0x44,
    0x5f, 0x74, 0x42, 0x0, 0x2, 0xf4, 0x0, 0x0,
    0x0, 0x2f, 0x40, 0x0, 0x0, 0x2, 0xf4, 0x0,
    0x0,

    /* U+002C "," */
    0x1, 0x50, 0xb, 0xfa, 0x8, 0xfe, 0x0, 0x8c,
    0x3, 0xe5, 0xe, 0x70, 0x0, 0x0,

    /* U+002D "-" */
    0x1, 0x11, 0x14, 0xff, 0xff, 0x14, 0x44, 0x40,

    /* U+002E "." */
    0x38, 0x1c, 0xf9, 0x8f, 0x50,

    /* U+002F "/" */
    0x0, 0x0, 0x8c, 0x0, 0x0, 0xc7, 0x0, 0x1,
    0xf3, 0x0, 0x5, 0xe0, 0x0, 0xa, 0xa0, 0x0,
    0xe, 0x50, 0x0, 0x3f, 0x10, 0x0, 0x8c, 0x0,
    0x0, 0xc7, 0x0, 0x1, 0xf3, 0x0, 0x6, 0xe0,
    0x0, 0xa, 0xa0, 0x0, 0xf, 0x50, 0x0, 0x3f,
    0x10, 0x0, 0x8c, 0x0, 0x0, 0x54, 0x0, 0x0,

    /* U+0030 "0" */
    0x0, 0x4d, 0xfd, 0x50, 0x0, 0x3f, 0xd7, 0xcf,
    0x50, 0xb, 0xf2, 0x0, 0xed, 0x0, 0xfc, 0x0,
    0x9, 0xf2, 0x2f, 0x90, 0x0, 0x7f, 0x43, 0xf8,
    0x0, 0x6, 0xf5, 0x3f, 0x80, 0x0, 0x6f, 0x52,
    0xf9, 0x0, 0x7, 0xf4, 0xf, 0xc0, 0x0, 0xaf,
    0x10, 0xbf, 0x20, 0xe, 0xd0, 0x3, 0xfe, 0x8c,
    0xf4, 0x0, 0x4, 0xcf, 0xd5, 0x0,

    /* U+0031 "1" */
    0x3, 0x8f, 0xd0, 0x0, 0x2f, 0xff, 0xd0, 0x0,
    0x2, 0x2f, 0xd0, 0x0, 0x0, 0xf, 0xd0, 0x0,
    0x0, 0xf, 0xd0, 0x0, 0x0, 0xf, 0xd0, 0x0,
    0x0, 0xf, 0xd0, 0x0, 0x0, 0xf, 0xd0, 0x0,
    0x0, 0xf, 0xd0, 0x0, 0x0, 0xf, 0xd0, 0x0,
    0x58, 0x8f, 0xe8, 0x80, 0xaf, 0xff, 0xff, 0xf1,

    /* U+0032 "2" */
    0x2, 0xaf, 0xfc, 0x40, 0x2, 0xee, 0x88, 0xff,
    0x30, 0x8, 0x10, 0x4, 0xfa, 0x0, 0x0, 0x0,
    0x1f, 0xc0, 0x0, 0x0, 0x2, 0xfa, 0x0, 0x0,
    0x0, 0x8f, 0x50, 0x0, 0x0, 0x2f, 0xd0, 0x0,
    0x0, 0xd, 0xf3, 0x0, 0x0, 0xb, 0xf6, 0x0,
    0x0, 0xb, 0xf7, 0x0, 0x0, 0xc, 0xfd, 0x89,
    0x99, 0x24, 0xff, 0xff, 0xff, 0xf5,

    /* U+0033 "3" */
    0x2, 0xae, 0xfd, 0x60, 0x0, 0xde, 0x98, 0xdf,
    0x70, 0x2, 0x10, 0x2, 0xfc, 0x0, 0x0, 0x0,
    0x1f, 0xc0, 0x0, 0x1, 0x4c, 0xf4, 0x0, 0x2,
    0xff, 0xf5, 0x0, 0x0, 0x4, 0x7d, 0xf6, 0x0,
    0x0, 0x0, 0xd, 0xf0, 0x0, 0x0, 0x0, 0xaf,
    0x30, 0x91, 0x0, 0xe, 0xf1, 0x4f, 0xe9, 0x9d,
    0xf9, 0x0, 0x3b, 0xff, 0xd7, 0x0,

    /* U+0034 "4" */
    0x0, 0x0, 0x4f, 0xf2, 0x0, 0x0, 0xd, 0xff,
    0x20, 0x0, 0x7, 0xfb, 0xf2, 0x0, 0x1, 0xfb,
    0x9f, 0x20, 0x0, 0x9f, 0x39, 0xf2, 0x0, 0x3f,
    0x90, 0x9f, 0x20, 0xc, 0xe1, 0x9, 0xf2, 0x5,
    0xf8, 0x22, 0xaf, 0x41, 0xbf, 0xff, 0xff, 0xff,
    0xa3, 0x55, 0x55, 0xbf, 0x63, 0x0, 0x0, 0x9,
    0xf2, 0x0, 0x0, 0x0, 0x9f, 0x20,

    /* U+0035 "5" */
    0x4, 0xff, 0xff, 0xfb, 0x0, 0x5f, 0xb9, 0x99,
    0x60, 0x6, 0xf3, 0x0, 0x0, 0x0, 0x8f, 0x20,
    0x0, 0x0, 0x9, 0xfe, 0xff, 0xa0, 0x0, 0x5c,
    0x54, 0xbf, 0xb0, 0x0, 0x0, 0x0, 0xdf, 0x10,
    0x0, 0x0, 0xa, 0xf3, 0x0, 0x0, 0x0, 0xaf,
    0x30, 0x80, 0x0, 0x2f, 0xe0, 0x5f, 0xe9, 0x9e,
    0xf6, 0x0, 0x3b, 0xef, 0xc5, 0x0,

    /* U+0036 "6" */
    0x0, 0x9, 0xef, 0xd5, 0x0, 0xc, 0xfb, 0x8d,
    0xe0, 0x7, 0xf7, 0x0, 0x2, 0x0, 0xde, 0x0,
    0x0, 0x0, 0xf, 0xb0, 0x0, 0x0, 0x2, 0xf9,
    0x8f, 0xfd, 0x30, 0x2f, 0xfa, 0x46, 0xef, 0x11,
    0xfc, 0x0, 0x6, 0xf5, 0xe, 0xd0, 0x0, 0x4f,
    0x70, 0x9f, 0x30, 0x8, 0xf4, 0x1, 0xee, 0x78,
    0xfc, 0x0, 0x2, 0xbf, 0xfa, 0x10,

    /* U+0037 "7" */
    0x3f, 0xff, 0xff, 0xff, 0x61, 0x99, 0x99, 0x9e,
    0xf2, 0x0, 0x0, 0x4, 0xf6, 0x0, 0x0, 0x0,
    0xdc, 0x0, 0x0, 0x0, 0x6f, 0x40, 0x0, 0x0,
    0xc, 0xe0, 0x0, 0x0, 0x1, 0xfa, 0x0, 0x0,
    0x0, 0x5f, 0x60, 0x0, 0x0, 0x9, 0xf4, 0x0,
    0x0, 0x0, 0xbf, 0x20, 0x0, 0x0, 0xc, 0xf0,
    0x0, 0x0, 0x0, 0xef, 0x0, 0x0,

    /* U+0038 "8" */
    0x0, 0x6d, 0xfe, 0x80, 0x0, 0x5f, 0xb5, 0x9f,
    0x80, 0xa, 0xf0, 0x0, 0xbe, 0x0, 0xaf, 0x0,
    0xa, 0xe0, 0x4, 0xfa, 0x0, 0xe8, 0x0, 0x7,
    0xfe, 0xdb, 0x0, 0x3, 0xe8, 0x9f, 0xf4, 0x0,
    0xeb, 0x0, 0x2e, 0xf1, 0x3f, 0x60, 0x0, 0x6f,
    0x52, 0xf9, 0x0, 0x8, 0xf5, 0xb, 0xf9, 0x58,
    0xfd, 0x0, 0x8, 0xef, 0xe9, 0x10,

    /* U+0039 "9" */
    0x0, 0x8e, 0xfc, 0x30, 0x0, 0xaf, 0x97, 0xdf,
    0x30, 0x2f, 0xa0, 0x1, 0xfb, 0x5, 0xf6, 0x0,
    0xa, 0xf0, 0x4f, 0x80, 0x0, 0x9f, 0x30, 0xee,
    0x41, 0x7f, 0xf4, 0x4, 0xef, 0xfc, 0x9f, 0x30,
    0x0, 0x32, 0x9, 0xf2, 0x0, 0x0, 0x0, 0xde,
    0x0, 0x20, 0x0, 0x5f, 0x80, 0xd, 0xe9, 0xaf,
    0xd0, 0x0, 0x3c, 0xff, 0xa1, 0x0,

    /* U+003A ":" */
    0x8f, 0x5c, 0xf9, 0x38, 0x10, 0x0, 0x0, 0x0,
    0x0, 0x38, 0x1c, 0xf9, 0x8f, 0x50,

    /* U+003B ";" */
    0x8, 0xf5, 0xc, 0xf9, 0x3, 0x81, 0x0, 0x0,
    0x0, 0x0, 0x0, 0x0, 0x1, 0x50, 0xb, 0xfa,
    0x8, 0xfe, 0x0, 0x8c, 0x3, 0xe5, 0xe, 0x70,
    0x0, 0x0,

    /* U+003C "<" */
    0x0, 0x0, 0x0, 0x5, 0x50, 0x0, 0x2, 0x8e,
    0xf7, 0x0, 0x6c, 0xfe, 0x83, 0x4, 0xff, 0xa4,
    0x0, 0x0, 0x5f, 0xe8, 0x20, 0x0, 0x0, 0x17,
    0xdf, 0xd7, 0x10, 0x0, 0x0, 0x4a, 0xff, 0x60,
    0x0, 0x0, 0x1, 0x65,

    /* U+003D "=" */
    0x6f, 0xff, 0xff, 0xff, 0x82, 0x55, 0x55, 0x55,
    0x52, 0x0, 0x0, 0x0, 0x0, 0x0, 0x11, 0x11,
    0x11, 0x10, 0x6f, 0xff, 0xff, 0xff, 0x81, 0x44,
    0x44, 0x44, 0x42,

    /* U+003E ">" */
    0x35, 0x0, 0x0, 0x0, 0x5, 0xff, 0x93, 0x0,
    0x0, 0x2, 0x8d, 0xfd, 0x61, 0x0, 0x0, 0x3,
    0x9f, 0xf6, 0x0, 0x0, 0x28, 0xef, 0x60, 0x16,
    0xcf, 0xe8, 0x20, 0x5f, 0xfb, 0x40, 0x0, 0x4,
    0x71, 0x0, 0x0, 0x0,

    /* U+003F "?" */
    0x3, 0xbf, 0xfa, 0x10, 0x1f, 0xd8, 0xbf, 0xb0,
    0x2, 0x0, 0xd, 0xf0, 0x0, 0x0, 0xd, 0xe0,
    0x0, 0x0, 0x7f, 0x60, 0x0, 0x5, 0xf9, 0x0,
    0x0, 0xe, 0xd0, 0x0, 0x0, 0x2f, 0x70, 0x0,
    0x0, 0x1, 0x0, 0x0, 0x0, 0x18, 0x40, 0x0,
    0x0, 0x8f, 0xe0, 0x0, 0x0, 0x4f, 0x90, 0x0,

    /* U+0040 "@" */
    0x0, 0x0, 0x6, 0xbe, 0xfe, 0xb5, 0x0, 0x0,
    0x0, 0x2d, 0xe8, 0x42, 0x48, 0xfb, 0x0, 0x0,
    0x3f, 0xa0, 0x0, 0x0, 0x2, 0xe9, 0x0, 0xd,
    0xa0, 0x0, 0x0, 0x0, 0x3, 0xf2, 0x6, 0xf1,
    0x0, 0x8f, 0xea, 0xc0, 0xd, 0x70, 0xc9, 0x0,
    0x8f, 0x65, 0xf9, 0x0, 0xa9, 0xf, 0x40, 0x1f,
    0x60, 0xf, 0x60, 0x9, 0xa1, 0xf3, 0x6, 0xf1,
    0x1, 0xf3, 0x0, 0xb8, 0x1f, 0x30, 0x7f, 0x0,
    0x4f, 0x10, 0x1f, 0x40, 0xe6, 0x5, 0xf4, 0x1c,
    0xf3, 0x1b, 0xb0, 0x9, 0xd0, 0xb, 0xff, 0x5a,
    0xff, 0xb1, 0x0, 0x2f, 0x90, 0x2, 0x0, 0x2,
    0x10, 0x0, 0x0, 0x4f, 0xc5, 0x10, 0x14, 0x40,
    0x0, 0x0, 0x0, 0x2a, 0xff, 0xff, 0xd6, 0x0,
    0x0, 0x0, 0x0, 0x0, 0x22, 0x10, 0x0, 0x0,
    0x0,

    /* U+0041 "A" */
    0x0, 0x4, 0xff, 0x30, 0x0, 0x0, 0x9, 0xef,
    0x80, 0x0, 0x0, 0xe, 0xab, 0xd0, 0x0, 0x0,
    0x3f, 0x57, 0xf2, 0x0, 0x0, 0x8f, 0x13, 0xf8,
    0x0, 0x0, 0xec, 0x0, 0xed, 0x0, 0x3, 0xf9,
    0x22, 0xbf, 0x20, 0x8, 0xff, 0xff, 0xff, 0x70,
    0xd, 0xe5, 0x55, 0x5f, 0xd0, 0x2f, 0xa0, 0x0,
    0xb, 0xf2, 0x8f, 0x50, 0x0, 0x7, 0xf7, 0xdf,
    0x10, 0x0, 0x2, 0xfc,

    /* U+0042 "B" */
    0x7f, 0xff, 0xfe, 0xa2, 0x7, 0xfa, 0x77, 0xaf,
    0xe1, 0x7f, 0x60, 0x0, 0x9f, 0x57, 0xf6, 0x0,
    0x8, 0xf4, 0x7f, 0x71, 0x25, 0xfd, 0x7, 0xff,
    0xff, 0xff, 0x40, 0x7f, 0x94, 0x46, 0xdf, 0x57,
    0xf6, 0x0, 0x1, 0xfd, 0x7f, 0x60, 0x0, 0xd,
    0xf7, 0xf6, 0x0, 0x2, 0xfd, 0x7f, 0xa7, 0x79,
    0xff, 0x57, 0xff, 0xff, 0xeb, 0x40,

    /* U+0043 "C" */
    0x0, 0x3, 0xbf, 0xfc, 0x50, 0x0, 0x7f, 0xfb,
    0xae, 0xf5, 0x3, 0xfe, 0x20, 0x0, 0x60, 0xa,
    0xf5, 0x0, 0x0, 0x0, 0xf, 0xf0, 0x0, 0x0,
    0x0, 0x1f, 0xd0, 0x0, 0x0, 0x0, 0x1f, 0xd0,
    0x0, 0x0, 0x0, 0xf, 0xf0, 0x0, 0x0, 0x0,
    0xb, 0xf5, 0x0, 0x0, 0x0, 0x4, 0xfe, 0x20,
    0x0, 0x82, 0x0, 0x7f, 0xfb, 0xae, 0xf8, 0x0,
    0x4, 0xbf, 0xfd, 0x60,

    /* U+0044 "D" */
    0x7f, 0xff, 0xfc, 0x60, 0x0, 0x7f, 0xb8, 0x9e,
    0xfb, 0x0, 0x7f, 0x60, 0x0, 0xbf, 0x80, 0x7f,
    0x60, 0x0, 0x1f, 0xe0, 0x7f, 0x60, 0x0, 0xc,
    0xf2, 0x7f, 0x60, 0x0, 0xa, 0xf4, 0x7f, 0x60,
    0x0, 0xa, 0xf4, 0x7f, 0x60, 0x0, 0xc, 0xf2,
    0x7f, 0x60, 0x0, 0x2f, 0xe0, 0x7f, 0x60, 0x1,
    0xcf, 0x70, 0x7f, 0xb8, 0xae, 0xfb, 0x0, 0x7f,
    0xff, 0xfc, 0x60, 0x0,

    /* U+0045 "E" */
    0x7f, 0xff, 0xff, 0xf8, 0x7f, 0xb9, 0x99, 0x94,
    0x7f, 0x60, 0x0, 0x0, 0x7f, 0x60, 0x0, 0x0,
    0x7f, 0x60, 0x0, 0x0, 0x7f, 0xff, 0xff, 0xb0,
    0x7f, 0xb9, 0x99, 0x60, 0x7f, 0x60, 0x0, 0x0,
    0x7f, 0x60, 0x0, 0x0, 0x7f, 0x60, 0x0, 0x0,
    0x7f, 0xc9, 0x99, 0x96, 0x7f, 0xff, 0xff, 0xfb,

    /* U+0046 "F" */
    0x7f, 0xff, 0xff, 0xf8, 0x7f, 0xb9, 0x99, 0x94,
    0x7f, 0x60, 0x0, 0x0, 0x7f, 0x60, 0x0, 0x0,
    0x7f, 0x60, 0x0, 0x0, 0x7f, 0xb8, 0x88, 0x60,
    0x7f, 0xff, 0xff, 0xc0, 0x7f, 0x60, 0x0, 0x0,
    0x7f, 0x60, 0x0, 0x0, 0x7f, 0x60, 0x0, 0x0,
    0x7f, 0x60, 0x0, 0x0, 0x7f, 0x60, 0x0, 0x0,

    /* U+0047 "G" */
    0x0, 0x3, 0xae, 0xfe, 0x80, 0x0, 0x6, 0xff,
    0xb9, 0xcf, 0xa0, 0x3, 0xfe, 0x30, 0x0, 0x41,
    0x0, 0xaf, 0x50, 0x0, 0x0, 0x0, 0xf, 0xf0,
    0x0, 0x0, 0x0, 0x1, 0xfd, 0x0, 0x8, 0x88,
    0x80, 0x1f, 0xd0, 0x0, 0xff, 0xff, 0x10, 0xff,
    0x0, 0x0, 0x9, 0xf1, 0xb, 0xf5, 0x0, 0x0,
    0x9f, 0x10, 0x3f, 0xe3, 0x0, 0xa, 0xf1, 0x0,
    0x7f, 0xfc, 0xac, 0xff, 0x0, 0x0, 0x3b, 0xef,
    0xe9, 0x10,

    /* U+0048 "H" */
    0x7f, 0x60, 0x0, 0x8, 0xf4, 0x7f, 0x60, 0x0,
    0x8, 0xf4, 0x7f, 0x60, 0x0, 0x8, 0xf4, 0x7f,
    0x60, 0x0, 0x8, 0xf4, 0x7f, 0x60, 0x0, 0x8,
    0xf4, 0x7f, 0xff, 0xff, 0xff, 0xf4, 0x7f, 0xc9,
    0x99, 0x9d, 0xf4, 0x7f, 0x60, 0x0, 0x8, 0xf4,
    0x7f, 0x60, 0x0, 0x8, 0xf4, 0x7f, 0x60, 0x0,
    0x8, 0xf4, 0x7f, 0x60, 0x0, 0x8, 0xf4, 0x7f,
    0x60, 0x0, 0x8, 0xf4,

    /* U+0049 "I" */
    0x7f, 0x67, 0xf6, 0x7f, 0x67, 0xf6, 0x7f, 0x67,
    0xf6, 0x7f, 0x67, 0xf6, 0x7f, 0x67, 0xf6, 0x7f,
    0x67, 0xf6,

    /* U+004A "J" */
    0x0, 0x0, 0x9, 0xf5, 0x0, 0x0, 0x9, 0xf5,
    0x0, 0x0, 0x9, 0xf5, 0x0, 0x0, 0x9, 0xf5,
    0x0, 0x0, 0x9, 0xf5, 0x0, 0x0, 0x9, 0xf5,
    0x0, 0x0, 0x9, 0xf5, 0x0, 0x0, 0x9, 0xf5,
    0x0, 0x0, 0x9, 0xf4, 0x1a, 0x20, 0xd, 0xf2,
    0x3f, 0xfa, 0xcf, 0xb0, 0x3, 0xcf, 0xfa, 0x10,

    /* U+004B "K" */
    0x7f, 0x60, 0x0, 0x7f, 0x90, 0x7f, 0x60, 0x4,
    0xfc, 0x0, 0x7f, 0x60, 0x1e, 0xe1, 0x0, 0x7f,
    0x60, 0xcf, 0x40, 0x0, 0x7f, 0x69, 0xf9, 0x0,
    0x0, 0x7f, 0xcf, 0xfd, 0x0, 0x0, 0x7f, 0xfd,
    0xaf, 0x60, 0x0, 0x7f, 0xf2, 0x1e, 0xe1, 0x0,
    0x7f, 0x70, 0x6, 0xf9, 0x0, 0x7f, 0x60, 0x0,
    0xdf, 0x20, 0x7f, 0x60, 0x0, 0x4f, 0xb0, 0x7f,
    0x60, 0x0, 0xb, 0xf5,

    /* U+004C "L" */
    0x7f, 0x60, 0x0, 0x0, 0x7f, 0x60, 0x0, 0x0,
    0x7f, 0x60, 0x0, 0x0, 0x7f, 0x60, 0x0, 0x0,
    0x7f, 0x60, 0x0, 0x0, 0x7f, 0x60, 0x0, 0x0,
    0x7f, 0x60, 0x0, 0x0, 0x7f, 0x60, 0x0, 0x0,
    0x7f, 0x60, 0x0, 0x0, 0x7f, 0x60, 0x0, 0x0,
    0x7f, 0xc9, 0x99, 0x93, 0x7f, 0xff, 0xff, 0xf6,

    /* U+004D "M" */
    0x7f, 0xe0, 0x0, 0x0, 0x9f, 0xc7, 0xff, 0x30,
    0x0, 0xe, 0xfc, 0x7f, 0xe9, 0x0, 0x4, 0xfe,
    0xc7, 0xfa, 0xe0, 0x0, 0xac, 0xdc, 0x7f, 0x6f,
    0x40, 0xf, 0x7e, 0xc7, 0xf3, 0xea, 0x5, 0xf1,
    0xfc, 0x7f, 0x38, 0xf0, 0xac, 0xf, 0xc7, 0xf3,
    0x2f, 0x5f, 0x60, 0xfc, 0x7f, 0x30, 0xce, 0xf1,
    0xf, 0xc7, 0xf3, 0x7, 0xfa, 0x0, 0xfc, 0x7f,
    0x30, 0x1d, 0x40, 0xf, 0xc7, 0xf3, 0x0, 0x0,
    0x0, 0xfc,

    /* U+004E "N" */
    0x7f, 0xb0, 0x0, 0x9, 0xf3, 0x7f, 0xf4, 0x0,
    0x9, 0xf3, 0x7f, 0xed, 0x0, 0x9, 0xf3, 0x7f,
    0x7f, 0x60, 0x9, 0xf3, 0x7f, 0x3c, 0xe0, 0x9,
    0xf3, 0x7f, 0x44, 0xf7, 0x9, 0xf3, 0x7f, 0x50,
    0xbf, 0x18, 0xf3, 0x7f, 0x50, 0x3f, 0x98, 0xf3,
    0x7f, 0x50, 0xa, 0xf8, 0xf3, 0x7f, 0x50, 0x1,
    0xfe, 0xf3, 0x7f, 0x50, 0x0, 0x8f, 0xf3, 0x7f,
    0x50, 0x0, 0x1e, 0xf3,

    /* U+004F "O" */
    0x0, 0x5, 0xcf, 0xfc, 0x60, 0x0, 0x0, 0x8f,
    0xfa, 0xae, 0xf9, 0x0, 0x4, 0xfd, 0x10, 0x1,
    0xcf, 0x50, 0xb, 0xf4, 0x0, 0x0, 0x3f, 0xc0,
    0xf, 0xf0, 0x0, 0x0, 0xe, 0xf0, 0x1f, 0xd0,
    0x0, 0x0, 0xc, 0xf2, 0x1f, 0xd0, 0x0, 0x0,
    0xc, 0xf2, 0xf, 0xf0, 0x0, 0x0, 0xe, 0xf0,
    0xb, 0xf5, 0x0, 0x0, 0x3f, 0xc0, 0x4, 0xfe,
    0x20, 0x1, 0xdf, 0x50, 0x0, 0x8f, 0xfb, 0xaf,
    0xf9, 0x0, 0x0, 0x5, 0xcf, 0xfc, 0x50, 0x0,

    /* U+0050 "P" */
    0x7f, 0xff, 0xfe, 0x92, 0x7, 0xfb, 0x88, 0xbf,
    0xe1, 0x7f, 0x60, 0x0, 0x8f, 0x77, 0xf6, 0x0,
    0x3, 0xf9, 0x7f, 0x60, 0x0, 0x5f, 0x87, 0xf6,
    0x0, 0x4d, 0xf3, 0x7f, 0xff, 0xff, 0xf6, 0x7,
    0xfb, 0x87, 0x51, 0x0, 0x7f, 0x60, 0x0, 0x0,
    0x7, 0xf6, 0x0, 0x0, 0x0, 0x7f, 0x60, 0x0,
    0x0, 0x7, 0xf6, 0x0, 0x0, 0x0,

    /* U+0051 "Q" */
    0x0, 0x5, 0xcf, 0xfc, 0x60, 0x0, 0x0, 0x8f,
    0xfa, 0xae, 0xf9, 0x0, 0x4, 0xfd, 0x10, 0x1,
    0xcf, 0x50, 0xb, 0xf4, 0x0, 0x0, 0x3f, 0xc0,
    0xf, 0xf0, 0x0, 0x0, 0xe, 0xf0, 0x1f, 0xd0,
    0x0, 0x0, 0xc, 0xf2, 0x1f, 0xd0, 0x0, 0x0,
    0xc, 0xf2, 0xf, 0xf0, 0x0, 0x0, 0xe, 0xf0,
    0xb, 0xf4, 0x0, 0x0, 0x3f, 0xc0, 0x4, 0xfd,
    0x10, 0x0, 0xcf, 0x50, 0x0, 0x8f, 0xe9, 0x9e,
    0xf9, 0x0, 0x0, 0x5, 0xcf, 0xfd, 0x50, 0x0,
    0x0, 0x0, 0x8, 0xf9, 0x0, 0x0, 0x0, 0x0,
    0x0, 0xcf, 0xd9, 0x93, 0x0, 0x0, 0x0, 0x7,
    0xdf, 0xf5,

    /* U+0052 "R" */
    0x7f, 0xff, 0xfe, 0xa2, 0x0, 0x7f, 0xb8, 0x8a,
    0xff, 0x20, 0x7f, 0x60, 0x0, 0x6f, 0x80, 0x7f,
    0x60, 0x0, 0x3f, 0xa0, 0x7f, 0x60, 0x0, 0x5f,
    0x80, 0x7f, 0x72, 0x26, 0xef, 0x30, 0x7f, 0xff,
    0xff, 0xe5, 0x0, 0x7f, 0x95, 0xaf, 0x70, 0x0,
    0x7f, 0x60, 0x1e, 0xf1, 0x0, 0x7f, 0x60, 0x6,
    0xf9, 0x0, 0x7f, 0x60, 0x0, 0xdf, 0x30, 0x7f,
    0x60, 0x0, 0x4f, 0xc0,

    /* U+0053 "S" */
    0x0, 0x3b, 0xff, 0xc6, 0x0, 0x3, 0xff, 0xba,
    0xdf, 0x60, 0xa, 0xf5, 0x0, 0x6, 0x0, 0xb,
    0xf4, 0x0, 0x0, 0x0, 0x6, 0xfe, 0x60, 0x0,
    0x0, 0x0, 0x8f, 0xfe, 0x81, 0x0, 0x0, 0x2,
    0x9f, 0xff, 0x40, 0x0, 0x0, 0x0, 0x8f, 0xd0,
    0x0, 0x0, 0x0, 0xe, 0xf0, 0x9, 0x70, 0x0,
    0x2f, 0xe0, 0x1d, 0xfe, 0xaa, 0xff, 0x60, 0x0,
    0x7d, 0xff, 0xc5, 0x0,

    /* U+0054 "T" */
    0x8f, 0xff, 0xff, 0xff, 0xf4, 0x49, 0x99, 0xfe,
    0x99, 0x92, 0x0, 0x1, 0xfd, 0x0, 0x0, 0x0,
    0x1, 0xfd, 0x0, 0x0, 0x0, 0x1, 0xfd, 0x0,
    0x0, 0x0, 0x1, 0xfd, 0x0, 0x0, 0x0, 0x1,
    0xfd, 0x0, 0x0, 0x0, 0x1, 0xfd, 0x0, 0x0,
    0x0, 0x1, 0xfd, 0x0, 0x0, 0x0, 0x1, 0xfd,
    0x0, 0x0, 0x0, 0x1, 0xfd, 0x0, 0x0, 0x0,
    0x1, 0xfd, 0x0, 0x0,

    /* U+0055 "U" */
    0x8f, 0x50, 0x0, 0x8, 0xf3, 0x8f, 0x50, 0x0,
    0x8, 0xf3, 0x8f, 0x50, 0x0, 0x8, 0xf3, 0x8f,
    0x50, 0x0, 0x8, 0xf3, 0x8f, 0x50, 0x0, 0x8,
    0xf3, 0x8f, 0x50, 0x0, 0x8, 0xf3, 0x8f, 0x50,
    0x0, 0x8, 0xf3, 0x7f, 0x60, 0x0, 0x9, 0xf3,
    0x5f, 0x80, 0x0, 0xc, 0xf1, 0x1f, 0xe1, 0x0,
    0x4f, 0xc0, 0x8, 0xfe, 0xab, 0xff, 0x40, 0x0,
    0x6d, 0xff, 0xc4, 0x0,

    /* U+0056 "V" */
    0xe, 0xf1, 0x0, 0x0, 0x8f, 0x60, 0x9f, 0x50,
    0x0, 0xc, 0xf1, 0x4, 0xfa, 0x0, 0x1, 0xfc,
    0x0, 0xf, 0xe0, 0x0, 0x5f, 0x70, 0x0, 0xaf,
    0x30, 0x9, 0xf2, 0x0, 0x5, 0xf7, 0x0, 0xed,
    0x0, 0x0, 0xf, 0xc0, 0x2f, 0x80, 0x0, 0x0,
    0xbf, 0x7, 0xf3, 0x0, 0x0, 0x6, 0xf4, 0xbe,
    0x0, 0x0, 0x0, 0x1f, 0x9f, 0xa0, 0x0, 0x0,
    0x0, 0xcf, 0xf5, 0x0, 0x0, 0x0, 0x7, 0xff,
    0x0, 0x0,

    /* U+0057 "W" */
    0x8f, 0x50, 0x0, 0xbf, 0x20, 0x0, 0xfd, 0x5f,
    0x80, 0x0, 0xff, 0x60, 0x2, 0xfa, 0x2f, 0xb0,
    0x3, 0xff, 0xa0, 0x4, 0xf6, 0xe, 0xe0, 0x7,
    0xea, 0xe0, 0x7, 0xf3, 0xb, 0xf1, 0xb, 0xb7,
    0xf2, 0xa, 0xf0, 0x8, 0xf3, 0xf, 0x83, 0xf5,
    0xd, 0xd0, 0x5, 0xf6, 0x2f, 0x40, 0xf9, 0xf,
    0xa0, 0x2, 0xf9, 0x6f, 0x10, 0xcd, 0x2f, 0x70,
    0x0, 0xfc, 0x9d, 0x0, 0x8f, 0x5f, 0x40, 0x0,
    0xbe, 0xc9, 0x0, 0x4f, 0xbf, 0x10, 0x0, 0x8f,
    0xf5, 0x0, 0xf, 0xfe, 0x0, 0x0, 0x5f, 0xf2,
    0x0, 0xc, 0xfb, 0x0,

    /* U+0058 "X" */
    0x4f, 0xc0, 0x0, 0x2f, 0xc0, 0xb, 0xf4, 0x0,
    0x9f, 0x40, 0x2, 0xfc, 0x1, 0xfb, 0x0, 0x0,
    0xaf, 0x49, 0xf3, 0x0, 0x0, 0x1f, 0xdf, 0xa0,
    0x0, 0x0, 0x9, 0xff, 0x20, 0x0, 0x0, 0xc,
    0xff, 0x40, 0x0, 0x0, 0x4f, 0x8f, 0xc0, 0x0,
    0x0, 0xde, 0x9, 0xf5, 0x0, 0x6, 0xf7, 0x1,
    0xfe, 0x0, 0xe, 0xe0, 0x0, 0x8f, 0x70, 0x7f,
    0x70, 0x0, 0x1f, 0xf1,

    /* U+0059 "Y" */
    0xd, 0xf2, 0x0, 0x4, 0xfa, 0x5, 0xf9, 0x0,
    0xb, 0xf3, 0x0, 0xdf, 0x0, 0x2f, 0xb0, 0x0,
    0x6f, 0x60, 0x8f, 0x30, 0x0, 0xe, 0xd0, 0xec,
    0x0, 0x0, 0x7, 0xfa, 0xf4, 0x0, 0x0, 0x0,
    0xef, 0xc0, 0x0, 0x0, 0x0, 0x9f, 0x60, 0x0,
    0x0, 0x0, 0x8f, 0x50, 0x0, 0x0, 0x0, 0x8f,
    0x50, 0x0, 0x0, 0x0, 0x8f, 0x50, 0x0, 0x0,
    0x0, 0x8f, 0x50, 0x0,

    /* U+005A "Z" */
    0xb, 0xff, 0xff, 0xff, 0xf0, 0x6, 0x99, 0x99,
    0xcf, 0xa0, 0x0, 0x0, 0x0, 0xef, 0x10, 0x0,
    0x0, 0x9, 0xf6, 0x0, 0x0, 0x0, 0x3f, 0xc0,
    0x0, 0x0, 0x0, 0xdf, 0x30, 0x0, 0x0, 0x7,
    0xf8, 0x0, 0x0, 0x0, 0x2f, 0xd0, 0x0, 0x0,
    0x0, 0xbf, 0x40, 0x0, 0x0, 0x6, 0xfa, 0x0,
    0x0, 0x0, 0x1e, 0xfa, 0x99, 0x99, 0x90, 0x4f,
    0xff, 0xff, 0xff, 0xf0,

    /* U+005B "[" */
    0x5f, 0xff, 0x15, 0xf1, 0x0, 0x5f, 0x0, 0x5,
    0xf0, 0x0, 0x5f, 0x0, 0x5, 0xf0, 0x0, 0x5f,
    0x0, 0x5, 0xf0, 0x0, 0x5f, 0x0, 0x5, 0xf0,
    0x0, 0x5f, 0x0, 0x5, 0xf0, 0x0, 0x5f, 0x0,
    0x5, 0xf0, 0x0, 0x5f, 0xee, 0x0, 0x11, 0x10,

    /* U+005C "\\" */
    0x8b, 0x0, 0x0, 0x3, 0xf0, 0x0, 0x0, 0xe,
    0x50, 0x0, 0x0, 0xa9, 0x0, 0x0, 0x6, 0xe0,
    0x0, 0x0, 0x1f, 0x20, 0x0, 0x0, 0xc7, 0x0,
    0x0, 0x8, 0xb0, 0x0, 0x0, 0x3f, 0x0, 0x0,
    0x0, 0xe5, 0x0, 0x0, 0xa, 0x90, 0x0, 0x0,
    0x6e, 0x0, 0x0, 0x1, 0xf2, 0x0, 0x0, 0xc,
    0x70, 0x0, 0x0, 0x8b, 0x0, 0x0, 0x2, 0x70,

    /* U+005D "]" */
    0x5f, 0xff, 0x0, 0x5, 0xf0, 0x0, 0x5f, 0x0,
    0x5, 0xf0, 0x0, 0x5f, 0x0, 0x5, 0xf0, 0x0,
    0x5f, 0x0, 0x5, 0xf0, 0x0, 0x5f, 0x0, 0x5,
    0xf0, 0x0, 0x5f, 0x0, 0x5, 0xf0, 0x0, 0x5f,
    0x0, 0x5, 0xf0, 0x5e, 0xff, 0x0, 0x11, 0x10,

    /* U+005E "^" */
    0x0, 0x6f, 0x80, 0x0, 0x0, 0xcf, 0xe0, 0x0,
    0x3, 0xf5, 0xf5, 0x0, 0x9, 0xd0, 0xcb, 0x0,
    0xf, 0x80, 0x6f, 0x10, 0x6f, 0x20, 0x1f, 0x80,
    0xcc, 0x0, 0xa, 0xe0,

    /* U+005F "_" */
    0xcf, 0xff, 0xff, 0xff, 0xc1, 0x22, 0x22, 0x22,
    0x21,

    /* U+0060 "`" */
    0x0, 0x0, 0x7e, 0x10, 0x5f, 0xc0, 0x4, 0xfa,
    0x0, 0x44,

    /* U+0061 "a" */
    0x1, 0x7d, 0xfe, 0x90, 0x8, 0xfa, 0x8c, 0xf8,
    0x1, 0x10, 0x0, 0xfd, 0x0, 0x2, 0x69, 0xff,
    0x2, 0xcf, 0xc9, 0xef, 0xe, 0xe2, 0x0, 0xdf,
    0x1f, 0xb0, 0x1, 0xef, 0xe, 0xf9, 0x8e, 0xff,
    0x3, 0xdf, 0xd5, 0x9f,

    /* U+0062 "b" */
    0x9f, 0x30, 0x0, 0x0, 0x9, 0xf3, 0x0, 0x0,
    0x0, 0x9f, 0x30, 0x0, 0x0, 0x9, 0xf3, 0x0,
    0x0, 0x0, 0x9f, 0x5a, 0xfe, 0x80, 0x9, 0xff,
    0xb8, 0xdf, 0x90, 0x9f, 0x60, 0x1, 0xff, 0x9,
    0xf3, 0x0, 0xb, 0xf3, 0x9f, 0x30, 0x0, 0xaf,
    0x49, 0xf3, 0x0, 0xc, 0xf2, 0x9f, 0x40, 0x3,
    0xfe, 0x9, 0xff, 0xa9, 0xff, 0x50, 0x9e, 0x3c,
    0xfd, 0x50, 0x0,

    /* U+0063 "c" */
    0x0, 0x2b, 0xff, 0xb3, 0x3, 0xff, 0xa9, 0xe5,
    0xd, 0xf4, 0x0, 0x0, 0x2f, 0xc0, 0x0, 0x0,
    0x3f, 0xa0, 0x0, 0x0, 0x2f, 0xc0, 0x0, 0x0,
    0xd, 0xf4, 0x0, 0x0, 0x4, 0xff, 0xa9, 0xe9,
    0x0, 0x3c, 0xff, 0xb3,

    /* U+0064 "d" */
    0x0, 0x0, 0x0, 0x2f, 0xb0, 0x0, 0x0, 0x2,
    0xfb, 0x0, 0x0, 0x0, 0x2f, 0xb0, 0x0, 0x0,
    0x2, 0xfb, 0x0, 0x4c, 0xfd, 0x6f, 0xb0, 0x4f,
    0xf9, 0x9f, 0xfb, 0xd, 0xf4, 0x0, 0x3f, 0xb1,
    0xfd, 0x0, 0x2, 0xfb, 0x3f, 0xb0, 0x0, 0x2f,
    0xb2, 0xfc, 0x0, 0x2, 0xfb, 0xe, 0xf2, 0x0,
    0x4f, 0xb0, 0x6f, 0xe9, 0xaf, 0xfb, 0x0, 0x7e,
    0xfc, 0x3d, 0xb0,

    /* U+0065 "e" */
    0x0, 0x3b, 0xfe, 0x90, 0x0, 0x3f, 0xe8, 0x9f,
    0xa0, 0xd, 0xf1, 0x0, 0x8f, 0x22, 0xfa, 0x0,
    0x4, 0xf5, 0x3f, 0xff, 0xff, 0xff, 0x62, 0xfb,
    0x33, 0x33, 0x31, 0xd, 0xf2, 0x0, 0x0, 0x0,
    0x4f, 0xe8, 0x7a, 0xa0, 0x0, 0x3b, 0xff, 0xc5,
    0x0,

    /* U+0066 "f" */
    0x0, 0x4d, 0xfd, 0x0, 0xf, 0xf8, 0x60, 0x4,
    0xf9, 0x0, 0x0, 0x4f, 0x80, 0x0, 0x7f, 0xff,
    0xf5, 0x3, 0xaf, 0xc7, 0x20, 0x4, 0xf8, 0x0,
    0x0, 0x4f, 0x80, 0x0, 0x4, 0xf8, 0x0, 0x0,
    0x4f, 0x80, 0x0, 0x4, 0xf8, 0x0, 0x0, 0x4f,
    0x80, 0x0, 0x4, 0xf8, 0x0, 0x0,

    /* U+0067 "g" */
    0x0, 0x7d, 0xff, 0xff, 0xd0, 0x7, 0xfa, 0x5b,
    0xfb, 0x80, 0xd, 0xe0, 0x0, 0xfa, 0x0, 0xe,
    0xd0, 0x0, 0xeb, 0x0, 0x8, 0xf6, 0x7, 0xf7,
    0x0, 0x1, 0xff, 0xff, 0x90, 0x0, 0x9, 0xd0,
    0x21, 0x0, 0x0, 0xa, 0xf8, 0x77, 0x63, 0x0,
    0x3, 0xff, 0xff, 0xff, 0x90, 0xe, 0x90, 0x0,
    0x2e, 0xf0, 0x3f, 0x60, 0x0, 0xe, 0xe0, 0x1e,
    0xe6, 0x35, 0xcf, 0x50, 0x2, 0xbe, 0xfe, 0xa3,
    0x0,

    /* U+0068 "h" */
    0x9f, 0x30, 0x0, 0x0, 0x9f, 0x30, 0x0, 0x0,
    0x9f, 0x30, 0x0, 0x0, 0x9f, 0x30, 0x0, 0x0,
    0x9f, 0x49, 0xff, 0x90, 0x9f, 0xed, 0xae, 0xf5,
    0x9f, 0x80, 0x5, 0xfa, 0x9f, 0x30, 0x2, 0xfb,
    0x9f, 0x30, 0x2, 0xfb, 0x9f, 0x30, 0x2, 0xfb,
    0x9f, 0x30, 0x2, 0xfb, 0x9f, 0x30, 0x2, 0xfb,
    0x9f, 0x30, 0x2, 0xfb,

    /* U+0069 "i" */
    0x9f, 0x3b, 0xf5, 0x2, 0x0, 0x0, 0x9f, 0x39,
    0xf3, 0x9f, 0x39, 0xf3, 0x9f, 0x39, 0xf3, 0x9f,
    0x39, 0xf3, 0x9f, 0x30,

    /* U+006A "j" */
    0x0, 0x9f, 0x30, 0xb, 0xf5, 0x0, 0x2, 0x0,
    0x0, 0x0, 0x0, 0x9f, 0x40, 0x9, 0xf4, 0x0,
    0x9f, 0x40, 0x9, 0xf4, 0x0, 0x9f, 0x40, 0x9,
    0xf4, 0x0, 0x9f, 0x40, 0x9, 0xf4, 0x0, 0x9f,
    0x40, 0x9, 0xf4, 0x0, 0xaf, 0x34, 0x8f, 0xe0,
    0x9f, 0xd4, 0x0,

    /* U+006B "k" */
    0x9f, 0x30, 0x0, 0x0, 0x9, 0xf3, 0x0, 0x0,
    0x0, 0x9f, 0x30, 0x0, 0x0, 0x9, 0xf3, 0x0,
    0x0, 0x0, 0x9f, 0x30, 0xb, 0xf5, 0x9, 0xf3,
    0x8, 0xf8, 0x0, 0x9f, 0x34, 0xfb, 0x0, 0x9,
    0xf5, 0xee, 0x0, 0x0, 0x9f, 0xef, 0xf4, 0x0,
    0x9, 0xff, 0x4e, 0xd0, 0x0, 0x9f, 0x60, 0x6f,
    0x80, 0x9, 0xf3, 0x0, 0xcf, 0x20, 0x9f, 0x30,
    0x3, 0xfb, 0x0,

    /* U+006C "l" */
    0x9f, 0x30, 0x9f, 0x30, 0x9f, 0x30, 0x9f, 0x30,
    0x9f, 0x30, 0x9f, 0x30, 0x9f, 0x30, 0x9f, 0x30,
    0x9f, 0x30, 0x9f, 0x30, 0x9f, 0x30, 0x8f, 0xb0,
    0x2d, 0xf1,

    /* U+006D "m" */
    0x9f, 0x2b, 0xfe, 0x70, 0x8e, 0xfa, 0x9, 0xff,
    0x97, 0xef, 0xdb, 0x6c, 0xf7, 0x9f, 0x60, 0x7,
    0xfa, 0x0, 0x2f, 0xb9, 0xf3, 0x0, 0x5f, 0x80,
    0x0, 0xfc, 0x9f, 0x30, 0x5, 0xf8, 0x0, 0xf,
    0xd9, 0xf3, 0x0, 0x5f, 0x80, 0x0, 0xfd, 0x9f,
    0x30, 0x5, 0xf8, 0x0, 0xf, 0xd9, 0xf3, 0x0,
    0x5f, 0x80, 0x0, 0xfd, 0x9f, 0x30, 0x5, 0xf8,
    0x0, 0xf, 0xd0,

    /* U+006E "n" */
    0x9f, 0x2a, 0xff, 0x90, 0x9f, 0xf9, 0x6d, 0xf5,
    0x9f, 0x60, 0x4, 0xfa, 0x9f, 0x30, 0x2, 0xfb,
    0x9f, 0x30, 0x2, 0xfb, 0x9f, 0x30, 0x2, 0xfb,
    0x9f, 0x30, 0x2, 0xfb, 0x9f, 0x30, 0x2, 0xfb,
    0x9f, 0x30, 0x2, 0xfb,

    /* U+006F "o" */
    0x0, 0x3b, 0xff, 0xa2, 0x0, 0x4, 0xff, 0x99,
    0xfe, 0x20, 0xd, 0xf3, 0x0, 0x5f, 0xa0, 0x2f,
    0xc0, 0x0, 0xf, 0xf0, 0x3f, 0xa0, 0x0, 0xd,
    0xf0, 0x2f, 0xc0, 0x0, 0xe, 0xf0, 0xd, 0xf3,
    0x0, 0x5f, 0xa0, 0x4, 0xff, 0x9a, 0xfe, 0x20,
    0x0, 0x3b, 0xff, 0xa2, 0x0,

    /* U+0070 "p" */
    0x9f, 0x4b, 0xfe, 0x80, 0x9, 0xff, 0x85, 0xbf,
    0x90, 0x9f, 0x50, 0x0, 0xef, 0x9, 0xf3, 0x0,
    0xa, 0xf3, 0x9f, 0x30, 0x0, 0xaf, 0x49, 0xf3,
    0x0, 0xc, 0xf2, 0x9f, 0x40, 0x3, 0xfe, 0x9,
    0xff, 0xa9, 0xff, 0x50, 0x9f, 0x7c, 0xfd, 0x50,
    0x9, 0xf3, 0x0, 0x0, 0x0, 0x9f, 0x30, 0x0,
    0x0, 0x9, 0xf3, 0x0, 0x0, 0x0, 0x9f, 0x30,
    0x0, 0x0, 0x0,

    /* U+0071 "q" */
    0x0, 0x4c, 0xfd, 0x5d, 0xb0, 0x4f, 0xf9, 0x9f,
    0xfb, 0xd, 0xf4, 0x0, 0x3f, 0xb1, 0xfd, 0x0,
    0x2, 0xfb, 0x3f, 0xb0, 0x0, 0x2f, 0xb2, 0xfc,
    0x0, 0x2, 0xfb, 0xe, 0xf2, 0x0, 0x4f, 0xb0,
    0x6f, 0xe9, 0xaf, 0xfb, 0x0, 0x7e, 0xfc, 0x5f,
    0xb0, 0x0, 0x0, 0x2, 0xfb, 0x0, 0x0, 0x0,
    0x2f, 0xb0, 0x0, 0x0, 0x2, 0xfb, 0x0, 0x0,
    0x0, 0x2f, 0xb0,

    /* U+0072 "r" */
    0x0, 0x0, 0x0, 0x9f, 0x1b, 0xf7, 0x9f, 0xdb,
    0x72, 0x9f, 0xb0, 0x0, 0x9f, 0x40, 0x0, 0x9f,
    0x30, 0x0, 0x9f, 0x30, 0x0, 0x9f, 0x30, 0x0,
    0x9f, 0x30, 0x0, 0x9f, 0x30, 0x0,

    /* U+0073 "s" */
    0x1, 0xaf, 0xfc, 0x40, 0xc, 0xf8, 0x7c, 0x90,
    0xf, 0xc0, 0x0, 0x0, 0xc, 0xfa, 0x30, 0x0,
    0x0, 0x9f, 0xfc, 0x20, 0x0, 0x0, 0x7f, 0xe0,
    0x2, 0x0, 0xa, 0xf1, 0x4f, 0xb7, 0x8f, 0xd0,
    0x6, 0xcf, 0xfa, 0x10,

    /* U+0074 "t" */
    0x0, 0x84, 0x0, 0x0, 0x1f, 0x80, 0x0, 0x2,
    0xf8, 0x0, 0x8, 0xff, 0xff, 0xd0, 0x4a, 0xfc,
    0x76, 0x0, 0x5f, 0x80, 0x0, 0x5, 0xf8, 0x0,
    0x0, 0x5f, 0x80, 0x0, 0x5, 0xf8, 0x0, 0x0,
    0x4f, 0x90, 0x0, 0x1, 0xff, 0x87, 0x0, 0x5,
    0xef, 0xd0,

    /* U+0075 "u" */
    0xbf, 0x20, 0x4, 0xf9, 0xbf, 0x20, 0x4, 0xf9,
    0xbf, 0x20, 0x4, 0xf9, 0xbf, 0x20, 0x4, 0xf9,
    0xbf, 0x20, 0x4, 0xf9, 0xbf, 0x20, 0x4, 0xf9,
    0xaf, 0x40, 0xa, 0xf9, 0x6f, 0xe9, 0xdd, 0xf9,
    0x9, 0xff, 0x90, 0xf9,

    /* U+0076 "v" */
    0x9f, 0x30, 0x0, 0x7f, 0x54, 0xf8, 0x0, 0xc,
    0xf0, 0xe, 0xd0, 0x1, 0xfa, 0x0, 0x9f, 0x20,
    0x6f, 0x50, 0x3, 0xf7, 0xa, 0xf0, 0x0, 0xe,
    0xc0, 0xfa, 0x0, 0x0, 0x8f, 0x5f, 0x50, 0x0,
    0x3, 0xfe, 0xf0, 0x0, 0x0, 0xd, 0xfa, 0x0,
    0x0,

    /* U+0077 "w" */
    0x6f, 0x60, 0x4, 0xfa, 0x0, 0xf, 0xb2, 0xfa,
    0x0, 0x9f, 0xe0, 0x4, 0xf7, 0xe, 0xe0, 0xd,
    0xbf, 0x20, 0x7f, 0x30, 0xaf, 0x21, 0xf4, 0xf6,
    0xb, 0xe0, 0x6, 0xf5, 0x5f, 0xc, 0xb0, 0xfb,
    0x0, 0x2f, 0x99, 0xc0, 0x8e, 0x2f, 0x70, 0x0,
    0xdc, 0xc8, 0x4, 0xf8, 0xf2, 0x0, 0x9, 0xff,
    0x50, 0xf, 0xee, 0x0, 0x0, 0x5f, 0xf1, 0x0,
    0xcf, 0xa0, 0x0,

    /* U+0078 "x" */
    0x3f, 0xb0, 0x3, 0xfa, 0x0, 0xaf, 0x40, 0xbf,
    0x20, 0x1, 0xed, 0x4f, 0x80, 0x0, 0x6, 0xfe,
    0xe0, 0x0, 0x0, 0x1f, 0xf7, 0x0, 0x0, 0xa,
    0xfe, 0xe0, 0x0, 0x3, 0xf8, 0x4f, 0x90, 0x0,
    0xde, 0x0, 0xbf, 0x30, 0x7f, 0x70, 0x2, 0xfd,
    0x0,

    /* U+0079 "y" */
    0x9f, 0x40, 0x0, 0x6f, 0x53, 0xf9, 0x0, 0xb,
    0xf0, 0xd, 0xe0, 0x0, 0xfa, 0x0, 0x7f, 0x40,
    0x5f, 0x50, 0x1, 0xfa, 0xa, 0xf0, 0x0, 0xa,
    0xf0, 0xea, 0x0, 0x0, 0x4f, 0x7f, 0x50, 0x0,
    0x0, 0xef, 0xf0, 0x0, 0x0, 0x8, 0xfa, 0x0,
    0x0, 0x0, 0x6f, 0x50, 0x0, 0x0, 0xc, 0xe0,
    0x0, 0x0, 0x8b, 0xf6, 0x0, 0x0, 0x3f, 0xe7,
    0x0, 0x0, 0x0,

    /* U+007A "z" */
    0xe, 0xff, 0xff, 0xf4, 0x7, 0x77, 0x9f, 0xd0,
    0x0, 0x0, 0xbf, 0x30, 0x0, 0x6, 0xf9, 0x0,
    0x0, 0x2f, 0xd0, 0x0, 0x0, 0xbf, 0x40, 0x0,
    0x6, 0xf9, 0x0, 0x0, 0x1f, 0xf8, 0x77, 0x73,
    0x6f, 0xff, 0xff, 0xf6,

    /* U+007B "{" */
    0x0, 0x6e, 0xf1, 0x0, 0xeb, 0x0, 0x0, 0xf7,
    0x0, 0x0, 0xf8, 0x0, 0x0, 0xe8, 0x0, 0x0,
    0xe8, 0x0, 0x3, 0xf7, 0x0, 0x6f, 0xd0, 0x0,
    0x16, 0xf6, 0x0, 0x0, 0xe8, 0x0, 0x0, 0xe8,
    0x0, 0x0, 0xf8, 0x0, 0x0, 0xf7, 0x0, 0x0,
    0xfa, 0x0, 0x0, 0x8f, 0xe0, 0x0, 0x0, 0x10,

    /* U+007C "|" */
    0x6e, 0x6e, 0x6e, 0x6e, 0x6e, 0x6e, 0x6e, 0x6e,
    0x6e, 0x6e, 0x6e, 0x6e, 0x6e, 0x6e, 0x6e, 0x6e,
    0x6e, 0x6e,

    /* U+007D "}" */
    0x5f, 0xd3, 0x0, 0x1, 0xea, 0x0, 0x0, 0xcb,
    0x0, 0x0, 0xda, 0x0, 0x0, 0xd9, 0x0, 0x0,
    0xd8, 0x0, 0x0, 0xcd, 0x10, 0x0, 0x3f, 0xf1,
    0x0, 0xbe, 0x40, 0x0, 0xd9, 0x0, 0x0, 0xd9,
    0x0, 0x0, 0xda, 0x0, 0x0, 0xcb, 0x0, 0x0,
    0xea, 0x0, 0x5f, 0xe4, 0x0, 0x1, 0x0, 0x0,

    /* U+007E "~" */
    0x0, 0x0, 0x0, 0x0, 0x0, 0x9f, 0xfb, 0x42,
    0x92, 0x19, 0x11, 0xaf, 0xfc, 0x10, 0x0, 0x0,
    0x23, 0x0,

    /* U+00A9 "©" */
    0x0, 0x1, 0x8c, 0xdd, 0xa4, 0x0, 0x0, 0x4,
    0xd7, 0x10, 0x4, 0xc9, 0x0, 0x2, 0xe2, 0x0,
    0x0, 0x0, 0xa8, 0x0, 0xa6, 0x2, 0xbf, 0xe8,
    0x0, 0xe1, 0xf, 0x1, 0xeb, 0x44, 0x80, 0x9,
    0x61, 0xd0, 0x6f, 0x10, 0x0, 0x0, 0x68, 0x1d,
    0x6, 0xf0, 0x0, 0x0, 0x6, 0x80, 0xe0, 0x2f,
    0x80, 0x16, 0x0, 0x96, 0xa, 0x70, 0x4e, 0xff,
    0xb1, 0x1e, 0x10, 0x2e, 0x30, 0x2, 0x10, 0xb,
    0x70, 0x0, 0x3d, 0x71, 0x0, 0x4c, 0x90, 0x0,
    0x0, 0x18, 0xcd, 0xda, 0x30, 0x0,

    /* U+00AE "®" */
    0x0, 0x8b, 0xb7, 0x0, 0xc, 0x9b, 0xb7, 0xa0,
    0x57, 0x76, 0x86, 0xa3, 0x84, 0x7c, 0xd1, 0x75,
    0x57, 0x76, 0x94, 0xa3, 0xc, 0x40, 0x6, 0xa0,
    0x1, 0x9b, 0xb7, 0x0,

    /* U+00B0 "°" */
    0x5, 0xde, 0x70, 0x1f, 0x21, 0xd3, 0x4c, 0x0,
    0x96, 0x1f, 0x31, 0xd3, 0x5, 0xee, 0x70,

    /* U+00B7 "·" */
    0x19, 0x91, 0xbf, 0xfb, 0xcf, 0xfc, 0x4e, 0xe4,

    /* U+00D7 "×" */
    0x0, 0x0, 0x0, 0x0, 0x0, 0x0, 0xd, 0x70,
    0x0, 0x0, 0x7, 0xd0, 0x6, 0xf7, 0x0, 0x0,
    0x7f, 0x70, 0x0, 0x6f, 0x70, 0x7, 0xf6, 0x0,
    0x0, 0x6, 0xf7, 0x7f, 0x60, 0x0, 0x0, 0x0,
    0x6f, 0xf6, 0x0, 0x0, 0x0, 0x0, 0x7f, 0xf7,
    0x0, 0x0, 0x0, 0x7, 0xf6, 0x6f, 0x70, 0x0,
    0x0, 0x7f, 0x60, 0x6, 0xf7, 0x0, 0x7, 0xf6,
    0x0, 0x0, 0x6f, 0x70, 0xd, 0x60, 0x0, 0x0,
    0x6, 0xd0, 0x0, 0x0, 0x0, 0x0, 0x0, 0x0,

    /* U+2013 "–" */
    0x0, 0x0, 0x0, 0x0, 0x4f, 0xff, 0xff, 0xfe,
    0x3, 0x33, 0x33, 0x32,

    /* U+2014 "—" */
    0x0, 0x0, 0x0, 0x0, 0x0, 0x0, 0x0, 0x4f,
    0xff, 0xff, 0xff, 0xff, 0xff, 0xfa, 0x3, 0x33,
    0x33, 0x33, 0x33, 0x33, 0x32,

    /* U+2018 "‘" */
    0x0, 0x61, 0x8, 0xa0, 0xe, 0x20, 0x2f, 0xf3,
    0xb, 0xe2,

    /* U+2019 "’" */
    0x1, 0x0, 0x3f, 0xd0, 0x2e, 0xf2, 0x1, 0xe0,
    0x1c, 0x50, 0x3, 0x0,

    /* U+201A "‚" */
    0x2, 0x8, 0xf8, 0x6f, 0xb0, 0x7a, 0x1e, 0x49,
    0x70, 0x0, 0x0,

    /* U+201C "“" */
    0x0, 0x61, 0x5, 0x30, 0x7a, 0x5, 0xc1, 0xe,
    0x20, 0xd4, 0x1, 0xff, 0x3f, 0xf5, 0xb, 0xe2,
    0x8f, 0x40,

    /* U+201D "”" */
    0x2, 0x0, 0x10, 0x5, 0xfb, 0x3f, 0xd0, 0x4f,
    0xf2, 0xff, 0x10, 0x3c, 0x1, 0xe0, 0x2d, 0x31,
    0xc5, 0x1, 0x20, 0x3, 0x0,

    /* U+201E "„" */
    0x2, 0x0, 0x11, 0x8, 0xf8, 0xf, 0xf1, 0x6f,
    0xb0, 0xdf, 0x40, 0x7a, 0x0, 0xe2, 0x1e, 0x40,
    0x7c, 0x9, 0x70, 0x1c, 0x10, 0x0, 0x0, 0x0,
    0x0,

    /* U+2022 "•" */
    0x19, 0x91, 0xbf, 0xfb, 0xcf, 0xfc, 0x4e, 0xe4,

    /* U+2026 "…" */
    0x4, 0x10, 0x0, 0x22, 0x0, 0x1, 0x40, 0x6f,
    0xb0, 0x1, 0xff, 0x10, 0xb, 0xf6, 0x3f, 0x80,
    0x0, 0xdd, 0x0, 0x8, 0xf3,

    /* U+2032 "′" */
    0x2f, 0x94, 0xf6, 0x5f, 0x37, 0xf0, 0x57, 0x0,

    /* U+2033 "″" */
    0x2f, 0x90, 0xaf, 0x14, 0xf6, 0xc, 0xf0, 0x5f,
    0x30, 0xdb, 0x7, 0xf0, 0xe, 0x70, 0x57, 0x0,
    0x92, 0x0,

    /* U+20AC "€" */
    0x0, 0x2, 0xbf, 0xfa, 0x10, 0x3, 0xfe, 0x88,
    0xf8, 0x0, 0xdf, 0x20, 0x1, 0x0, 0x3f, 0xa0,
    0x0, 0x0, 0x8f, 0xff, 0xee, 0xeb, 0x0, 0x9f,
    0x61, 0x11, 0x10, 0x9, 0xf5, 0x0, 0x0, 0x8,
    0xff, 0xfe, 0xee, 0x0, 0x15, 0xfb, 0x11, 0x10,
    0x0, 0xd, 0xf2, 0x0, 0x21, 0x0, 0x4f, 0xe8,
    0x8e, 0xb0, 0x0, 0x3c, 0xfe, 0x91,

    /* U+2122 "™" */
    0x0, 0x0, 0x0, 0x0, 0x0, 0x0, 0xff, 0xff,
    0xc3, 0xf7, 0x7, 0xf3, 0x15, 0xf2, 0x13, 0xed,
    0xd, 0xe3, 0x3, 0xf1, 0x3, 0xeb, 0x6b, 0xe3,
    0x3, 0xf1, 0x3, 0xf5, 0xf6, 0xf3, 0x3, 0xf1,
    0x3, 0xf0, 0xb1, 0xf3, 0x1, 0x80, 0x1, 0x80,
    0x0, 0x82,

    /* U+2190 "←" */
    0x0, 0x0, 0x0, 0x0, 0x0, 0x0, 0x0, 0x0,
    0x0, 0x0, 0xb7, 0x0, 0x0, 0x0, 0x0, 0x0,
    0x0, 0xb, 0xf2, 0x0, 0x0, 0x0, 0x0, 0x0,
    0x1, 0xbe, 0x30, 0x0, 0x0, 0x0, 0x0, 0x0,
    0x2e, 0xff, 0xff, 0xff, 0xff, 0xff, 0xff, 0xf5,
    0x6, 0xfe, 0x66, 0x66, 0x66, 0x66, 0x66, 0x62,
    0x0, 0x3e, 0xb0, 0x0, 0x0, 0x0, 0x0, 0x0,
    0x0, 0x3, 0xf8, 0x0, 0x0, 0x0, 0x0, 0x0,
    0x0, 0x0, 0x31, 0x0, 0x0, 0x0, 0x0, 0x0,

    /* U+2191 "↑" */
    0x0, 0x5, 0x10, 0x0, 0x0, 0x3f, 0xb0, 0x0,
    0x2, 0xef, 0xf9, 0x0, 0x2e, 0xce, 0xbf, 0x90,
    0xcc, 0x1e, 0x75, 0xf5, 0x30, 0xe, 0x70, 0x30,
    0x0, 0xe, 0x70, 0x0, 0x0, 0xe, 0x70, 0x0,
    0x0, 0xe, 0x70, 0x0, 0x0, 0xe, 0x70, 0x0,
    0x0, 0xe, 0x70, 0x0, 0x0, 0xe, 0x70, 0x0,
    0x0, 0xe, 0x70, 0x0, 0x0, 0xe, 0x70, 0x0,
    0x0, 0xe, 0x70, 0x0,

    /* U+2192 "→" */
    0x0, 0x0, 0x0, 0x0, 0x0, 0x0, 0x0, 0x0,
    0x0, 0x0, 0x0, 0x0, 0x0, 0x7b, 0x0, 0x0,
    0x0, 0x0, 0x0, 0x0, 0x0, 0x2f, 0xb0, 0x0,
    0x0, 0x0, 0x0, 0x0, 0x0, 0x3, 0xeb, 0x10,
    0x5f, 0xff, 0xff, 0xff, 0xff, 0xff, 0xff, 0xe2,
    0x26, 0x66, 0x66, 0x66, 0x66, 0x66, 0xef, 0x60,
    0x0, 0x0, 0x0, 0x0, 0x0, 0xb, 0xe3, 0x0,
    0x0, 0x0, 0x0, 0x0, 0x0, 0x8f, 0x30, 0x0,
    0x0, 0x0, 0x0, 0x0, 0x0, 0x13, 0x0, 0x0,

    /* U+2193 "↓" */
    0x0, 0xe, 0x70, 0x0, 0x0, 0xe, 0x70, 0x0,
    0x0, 0xe, 0x70, 0x0, 0x0, 0xe, 0x70, 0x0,
    0x0, 0xe, 0x70, 0x0, 0x0, 0xe, 0x70, 0x0,
    0x0, 0xe, 0x70, 0x0, 0x0, 0xe, 0x70, 0x0,
    0x0, 0xe, 0x70, 0x0, 0x30, 0xe, 0x70, 0x30,
    0xcc, 0x1e, 0x75, 0xf5, 0x2e, 0xce, 0xbf, 0x90,
    0x2, 0xef, 0xf9, 0x0, 0x0, 0x3f, 0xb0, 0x0,
    0x0, 0x5, 0x10, 0x0,

    /* U+2248 "≈" */
    0x0, 0x7a, 0x93, 0x0, 0x0, 0x43, 0x1e, 0xfb,
    0xdf, 0x80, 0x4, 0xf9, 0xbd, 0x10, 0x6, 0xef,
    0xef, 0xa0, 0x12, 0x0, 0x0, 0x16, 0x73, 0x0,
    0x1, 0x9c, 0xb4, 0x0, 0x0, 0x54, 0x2e, 0xe9,
    0xcf, 0xa1, 0x5, 0xf9, 0xbc, 0x10, 0x5, 0xef,
    0xff, 0x90, 0x11, 0x0, 0x0, 0x5, 0x62, 0x0,

    /* U+2264 "≤" */
    0x0, 0x0, 0x0, 0x0, 0x0, 0x5, 0x70, 0x0,
    0x0, 0x0, 0x0, 0x28, 0xef, 0xa0, 0x0, 0x0,
    0x0, 0x4b, 0xfe, 0x81, 0x0, 0x0, 0x1, 0x8e,
    0xfb, 0x50, 0x0, 0x0, 0x4, 0xbf, 0xe8, 0x20,
    0x0, 0x0, 0x0, 0x17, 0xdf, 0xc5, 0x0, 0x0,
    0x0, 0x0, 0x0, 0x4, 0xbf, 0xe8, 0x20, 0x0,
    0x0, 0x5, 0x0, 0x1, 0x8e, 0xfb, 0x50, 0x0,
    0x3f, 0xe8, 0x20, 0x0, 0x4b, 0xfe, 0x70, 0x0,
    0x6c, 0xfb, 0x40, 0x0, 0x18, 0xa0, 0x0, 0x0,
    0x39, 0xfe, 0x81, 0x0, 0x0, 0x0, 0x0, 0x0,
    0x6, 0xdf, 0xb4, 0x0, 0x0, 0x0, 0x0, 0x0,
    0x3, 0xaf, 0xc0, 0x0, 0x0, 0x0, 0x0, 0x0,
    0x1, 0x30,

    /* U+2265 "≥" */
    0x7, 0x50, 0x0, 0x0, 0x0, 0x0, 0x0, 0xa,
    0xfe, 0x82, 0x0, 0x0, 0x0, 0x0, 0x0, 0x18,
    0xef, 0xb4, 0x0, 0x0, 0x0, 0x0, 0x0, 0x5,
    0xbf, 0xe8, 0x10, 0x0, 0x0, 0x0, 0x0, 0x2,
    0x8e, 0xfb, 0x40, 0x0, 0x0, 0x0, 0x0, 0x5c,
    0xfd, 0x71, 0x0, 0x0, 0x2, 0x8e, 0xfb, 0x40,
    0x0, 0x0, 0x5, 0xbf, 0xe8, 0x10, 0x0, 0x50,
    0x7, 0xef, 0xb4, 0x0, 0x2, 0x8e, 0xf3, 0xa,
    0x81, 0x0, 0x4, 0xbf, 0xc6, 0x0, 0x0, 0x0,
    0x18, 0xef, 0x93, 0x0, 0x0, 0x0, 0x4b, 0xfd,
    0x60, 0x0, 0x0, 0x0, 0xc, 0xfa, 0x30, 0x0,
    0x0, 0x0, 0x0, 0x3, 0x10, 0x0, 0x0, 0x0,
    0x0, 0x0,

    /* U+3001 "、" */
    0x4, 0x50, 0x0, 0xe, 0xf6, 0x0, 0x2, 0xef,
    0x60, 0x0, 0x2e, 0xf4, 0x0, 0x3, 0xb1,

    /* U+3002 "。" */
    0x3, 0xce, 0x90, 0xe, 0x41, 0xa8, 0x3c, 0x0,
    0x3b, 0xe, 0x30, 0x98, 0x4, 0xdf, 0xa0,

    /* U+300C "「" */
    0x9f, 0xff, 0xf9, 0x9f, 0x66, 0x63, 0x9e, 0x0,
    0x0, 0x9e, 0x0, 0x0, 0x9e, 0x0, 0x0, 0x9e,
    0x0, 0x0, 0x9e, 0x0, 0x0, 0x9e, 0x0, 0x0,
    0x9e, 0x0, 0x0, 0x9e, 0x0, 0x0, 0x24, 0x0,
    0x0,

    /* U+300D "」" */
    0x0, 0x0, 0x42, 0x0, 0x0, 0xe9, 0x0, 0x0,
    0xe9, 0x0, 0x0, 0xe9, 0x0, 0x0, 0xe9, 0x0,
    0x0, 0xe9, 0x0, 0x0, 0xe9, 0x0, 0x0, 0xe9,
    0x0, 0x0, 0xe9, 0x36, 0x66, 0xf9, 0x9f, 0xff,
    0xf9,

    /* U+300E "『" */
    0x99, 0x99, 0x9a, 0x89, 0x0, 0x0, 0x18, 0x90,
    0x59, 0x9a, 0x89, 0x8, 0x10, 0x0, 0x90, 0x81,
    0x0, 0x9, 0x8, 0x10, 0x0, 0x90, 0x81, 0x0,
    0x9, 0x8, 0x10, 0x0, 0x90, 0x81, 0x0, 0x9,
    0x8, 0x10, 0x0, 0x99, 0xc1, 0x0, 0x0,

    /* U+300F "』" */
    0x0, 0x9, 0x9a, 0x80, 0x0, 0x90, 0x18, 0x0,
    0x9, 0x1, 0x80, 0x0, 0x90, 0x18, 0x0, 0x9,
    0x1, 0x80, 0x0, 0x90, 0x18, 0x0, 0x9, 0x1,
    0x80, 0x0, 0x90, 0x18, 0x99, 0x99, 0x1, 0x89,
    0x99, 0x99, 0xa8,

    /* U+4E00 "一" */
    0x0, 0x0, 0x0, 0x0, 0x0, 0x0, 0x0, 0x0,
    0x1f, 0xff, 0xff, 0xff, 0xff, 0xff, 0xff, 0xf9,
    0x1a, 0xaa, 0xaa, 0xaa, 0xaa, 0xaa, 0xaa, 0xa6,

    /* U+4E0A "上" */
    0x0, 0x0, 0x0, 0x8f, 0x10, 0x0, 0x0, 0x0,
    0x0, 0x0, 0x0, 0x8f, 0x10, 0x0, 0x0, 0x0,
    0x0, 0x0, 0x0, 0x8f, 0x10, 0x0, 0x0, 0x0,
    0x0, 0x0, 0x0, 0x8f, 0x10, 0x0, 0x0, 0x0,
    0x0, 0x0, 0x0, 0x8f, 0x10, 0x0, 0x0, 0x0,
    0x0, 0x0, 0x0, 0x8f, 0x88, 0x88, 0x87, 0x0,
    0x0, 0x0, 0x0, 0x8f, 0xff, 0xff, 0xfe, 0x0,
    0x0, 0x0, 0x0, 0x8f, 0x10, 0x0, 0x0, 0x0,
    0x0, 0x0, 0x0, 0x8f, 0x10, 0x0, 0x0, 0x0,
    0x0, 0x0, 0x0, 0x8f, 0x10, 0x0, 0x0, 0x0,
    0x0, 0x0, 0x0, 0x8f, 0x10, 0x0, 0x0, 0x0,
    0x0, 0x0, 0x0, 0x8f, 0x10, 0x0, 0x0, 0x0,
    0x0, 0x0, 0x0, 0x8f, 0x10, 0x0, 0x0, 0x0,
    0x6f, 0xff, 0xff, 0xff, 0xff, 0xff, 0xff, 0xf0,
    0x49, 0x99, 0x99, 0x99, 0x99, 0x99, 0x99, 0x90,

    /* U+4E0B "下" */
    0x4, 0x44, 0x44, 0x44, 0x44, 0x44, 0x44, 0x41,
    0x1f, 0xff, 0xff, 0xff, 0xff, 0xff, 0xff, 0xf3,
    0x4, 0x44, 0x44, 0x4f, 0xa4, 0x44, 0x44, 0x40,
    0x0, 0x0, 0x0, 0x1f, 0x80, 0x0, 0x0, 0x0,
    0x0, 0x0, 0x0, 0x1f, 0xa1, 0x0, 0x0, 0x0,
    0x0, 0x0, 0x0, 0x1f, 0xff, 0x91, 0x0, 0x0,
    0x0, 0x0, 0x0, 0x1f, 0xaa, 0xff, 0x70, 0x0,
    0x0, 0x0, 0x0, 0x1f, 0x80, 0x3d, 0xfd, 0x20,
    0x0, 0x0, 0x0, 0x1f, 0x80, 0x0, 0x8d, 0x0,
    0x0, 0x0, 0x0, 0x1f, 0x80, 0x0, 0x0, 0x0,
    0x0, 0x0, 0x0, 0x1f, 0x80, 0x0, 0x0, 0x0,
    0x0, 0x0, 0x0, 0x1f, 0x80, 0x0, 0x0, 0x0,
    0x0, 0x0, 0x0, 0x1f, 0x80, 0x0, 0x0, 0x0,
    0x0, 0x0, 0x0, 0x1f, 0x80, 0x0, 0x0, 0x0,

    /* U+4E0D "不" */
    0x7, 0x88, 0x88, 0x88, 0x88, 0x88, 0x88, 0x70,
    0xe, 0xff, 0xff, 0xff, 0xff, 0xff, 0xff, 0xe0,
    0x0, 0x0, 0x0, 0x7, 0xf9, 0x0, 0x0, 0x0,
    0x0, 0x0, 0x0, 0x2f, 0xe0, 0x0, 0x0, 0x0,
    0x0, 0x0, 0x1, 0xdf, 0xd2, 0x30, 0x0, 0x0,
    0x0, 0x0, 0x1d, 0xff, 0xdc, 0xf8, 0x0, 0x0,
    0x0, 0x3, 0xef, 0x6d, 0xd0, 0x9f, 0xc1, 0x0,
    0x0, 0x7f, 0xf5, 0xd, 0xd0, 0x6, 0xfe, 0x40,
    0x1d, 0xfd, 0x30, 0xd, 0xd0, 0x0, 0x3e, 0xf3,
    0xa, 0x80, 0x0, 0xd, 0xd0, 0x0, 0x2, 0x80,
    0x0, 0x0, 0x0, 0xd, 0xd0, 0x0, 0x0, 0x0,
    0x0, 0x0, 0x0, 0xd, 0xd0, 0x0, 0x0, 0x0,
    0x0, 0x0, 0x0, 0xd, 0xd0, 0x0, 0x0, 0x0,
    0x0, 0x0, 0x0, 0xd, 0xd0, 0x0, 0x0, 0x0,

    /* U+4E0E "与" */
    0x0, 0x0, 0x21, 0x0, 0x0, 0x0, 0x0, 0x0,
    0x0, 0xe, 0xa0, 0x0, 0x0, 0x0, 0x0, 0x0,
    0x1, 0xfb, 0x66, 0x66, 0x66, 0x66, 0x10, 0x0,
    0x4f, 0xff, 0xff, 0xff, 0xff, 0xf4, 0x0, 0x8,
    0xf2, 0x0, 0x0, 0x0, 0x0, 0x0, 0x0, 0xbe,
    0x0, 0x0, 0x0, 0x0, 0x0, 0x0, 0xf, 0xd6,
    0x66, 0x66, 0x66, 0x67, 0x30, 0x3, 0xff, 0xff,
    0xff, 0xff, 0xff, 0xf8, 0x0, 0x0, 0x0, 0x0,
    0x0, 0x0, 0x2f, 0x60, 0x0, 0x0, 0x0, 0x0,
    0x0, 0x4, 0xf4, 0x1f, 0xff, 0xff, 0xff, 0xff,
    0xe0, 0x6f, 0x20, 0x77, 0x77, 0x77, 0x77, 0x77,
    0x9, 0xf0, 0x0, 0x0, 0x0, 0x0, 0x0, 0x0,
    0xec, 0x0, 0x0, 0x0, 0x0, 0x17, 0x76, 0xaf,
    0x60, 0x0, 0x0, 0x0, 0x0, 0xdf, 0xff, 0xa0,
    0x0, 0x0, 0x0, 0x0, 0x0, 0x0, 0x0, 0x0,

    /* U+4E24 "两" */
    0x7, 0x77, 0x77, 0x77, 0x77, 0x77, 0x77, 0x72,
    0xff, 0xff, 0xff, 0xff, 0xff, 0xff, 0xff, 0x0,
    0x0, 0xd, 0xa0, 0xd, 0xa0, 0x0, 0x0, 0x0,
    0x0, 0xda, 0x0, 0xda, 0x0, 0x0, 0x7, 0xff,
    0xff, 0xff, 0xff, 0xff, 0xff, 0x70, 0x7f, 0x76,
    0xfc, 0x66, 0xfc, 0x67, 0xf7, 0x7, 0xf1, 0xf,
    0x80, 0xf, 0x80, 0x1f, 0x70, 0x7f, 0x12, 0xfe,
    0x12, 0xfe, 0x21, 0xf7, 0x7, 0xf1, 0x6f, 0xdc,
    0x7f, 0xce, 0x2f, 0x70, 0x7f, 0x1d, 0xb2, 0x8d,
    0xb1, 0xdd, 0xf7, 0x7, 0xfa, 0xf3, 0x9, 0xf3,
    0x3, 0x7f, 0x70, 0x7f, 0x67, 0x0, 0x57, 0x0,
    0x1, 0xf7, 0x7, 0xf1, 0x0, 0x0, 0x0, 0x67,
    0x8f, 0x70, 0x7f, 0x10, 0x0, 0x0, 0x9, 0xff,
    0xc2,

    /* U+4E2A "个" */
    0x0, 0x0, 0x0, 0x4, 0x90, 0x0, 0x0, 0x0,
    0x0, 0x0, 0x0, 0x1e, 0xf0, 0x0, 0x0, 0x0,
    0x0, 0x0, 0x1, 0xdf, 0xfb, 0x0, 0x0, 0x0,
    0x0, 0x0, 0x2e, 0xf4, 0x5f, 0xc1, 0x0, 0x0,
    0x0, 0x6, 0xff, 0x40, 0x5, 0xfe, 0x50, 0x0,
    0x4, 0xcf, 0xd2, 0xd, 0x90, 0x3e, 0xfb, 0x30,
    0x5f, 0xf9, 0x0, 0xe, 0xa0, 0x1, 0xaf, 0xf2,
    0x7, 0x20, 0x0, 0xe, 0xa0, 0x0, 0x3, 0x60,
    0x0, 0x0, 0x0, 0xe, 0xa0, 0x0, 0x0, 0x0,
    0x0, 0x0, 0x0, 0xe, 0xa0, 0x0, 0x0, 0x0,
    0x0, 0x0, 0x0, 0xe, 0xa0, 0x0, 0x0, 0x0,
    0x0, 0x0, 0x0, 0xe, 0xa0, 0x0, 0x0, 0x0,
    0x0, 0x0, 0x0, 0xe, 0xa0, 0x0, 0x0, 0x0,
    0x0, 0x0, 0x0, 0xe, 0xa0, 0x0, 0x0, 0x0,
    0x0, 0x0, 0x0, 0xe, 0xa0, 0x0, 0x0, 0x0,

    /* U+4E2D "中" */
    0x0, 0x0, 0x0, 0xea, 0x0, 0x0, 0x0, 0x0,
    0x0, 0x0, 0xea, 0x0, 0x0, 0x0, 0x0, 0x0,
    0x0, 0xea, 0x0, 0x0, 0x0, 0x48, 0x88, 0x88,
    0xfd, 0x88, 0x88, 0x84, 0x8f, 0xff, 0xff, 0xff,
    0xff, 0xff, 0xf9, 0x8f, 0x0, 0x0, 0xea, 0x0,
    0x0, 0xf9, 0x8f, 0x0, 0x0, 0xea, 0x0, 0x0,
    0xf9, 0x8f, 0x0, 0x0, 0xea, 0x0, 0x0, 0xf9,
    0x8f, 0x44, 0x44, 0xfc, 0x44, 0x44, 0xf9, 0x8f,
    0xff, 0xff, 0xff, 0xff, 0xff, 0xf9, 0x8f, 0x33,
    0x33, 0xfb, 0x33, 0x33, 0xf9, 0x12, 0x0, 0x0,
    0xea, 0x0, 0x0, 0x10, 0x0, 0x0, 0x0, 0xea,
    0x0, 0x0, 0x0, 0x0, 0x0, 0x0, 0xea, 0x0,
    0x0, 0x0, 0x0, 0x0, 0x0, 0xea, 0x0, 0x0,
    0x0,

    /* U+4E32 "串" */
    0x0, 0x0, 0x0, 0xfa, 0x0, 0x0, 0x0, 0x0,
    0x0, 0x0, 0xfa, 0x0, 0x0, 0x0, 0xd, 0xee,
    0xee, 0xff, 0xee, 0xee, 0x90, 0xe, 0xc6, 0x66,
    0xfc, 0x66, 0x6f, 0xa0, 0xe, 0xa0, 0x0, 0xfa,
    0x0, 0xf, 0xa0, 0xe, 0xc5, 0x55, 0xfc, 0x55,
    0x5f, 0xa0, 0xe, 0xff, 0xff, 0xff, 0xff, 0xff,
    0xa0, 0x0, 0x0, 0x0, 0xfa, 0x0, 0x0, 0x0,
    0x8f, 0xff, 0xff, 0xff, 0xff, 0xff, 0xf5, 0x9f,
    0x66, 0x66, 0xfc, 0x66, 0x69, 0xf6, 0x9f, 0x0,
    0x0, 0xfa, 0x0, 0x4, 0xf6, 0x9f, 0x66, 0x66,
    0xfc, 0x66, 0x69, 0xf6, 0x9f, 0xff, 0xff, 0xff,
    0xff, 0xff, 0xf6, 0x59, 0x0, 0x0, 0xfa, 0x0,
    0x2, 0x93, 0x0, 0x0, 0x0, 0xfa, 0x0, 0x0,
    0x0,

    /* U+4E3A "为" */
    0x0, 0x50, 0x9, 0xf0, 0x0, 0x0, 0x0, 0x3,
    0xf8, 0x9, 0xf0, 0x0, 0x0, 0x0, 0x0, 0xaf,
    0x19, 0xe0, 0x0, 0x0, 0x0, 0x0, 0x1b, 0x2a,
    0xe0, 0x0, 0x0, 0x0, 0x59, 0x99, 0x9e, 0xf9,
    0x99, 0x99, 0xa6, 0x8f, 0xff, 0xff, 0xff, 0xff,
    0xff, 0xfa, 0x0, 0x0, 0xf, 0x80, 0x0, 0x0,
    0xfa, 0x0, 0x0, 0x4f, 0x51, 0x10, 0x0, 0xf9,
    0x0, 0x0, 0xaf, 0x1c, 0xd1, 0x0, 0xf8, 0x0,
    0x2, 0xfa, 0x2, 0xfb, 0x1, 0xf7, 0x0, 0xb,
    0xf3, 0x0, 0x6e, 0x23, 0xf6, 0x0, 0x6f, 0x90,
    0x0, 0x0, 0x5, 0xf5, 0x6, 0xfc, 0x0, 0x0,
    0x0, 0x8, 0xf3, 0x8f, 0xd1, 0x0, 0x0, 0x88,
    0x8e, 0xe0, 0x3a, 0x0, 0x0, 0x0, 0x9f, 0xfe,
    0x50, 0x0, 0x0, 0x0, 0x0, 0x0, 0x0, 0x0,

    /* U+4E3B "主" */
    0x0, 0x0, 0x0, 0x43, 0x0, 0x0, 0x0, 0x0,
    0x0, 0x0, 0x1, 0xdf, 0x60, 0x0, 0x0, 0x0,
    0x0, 0x0, 0x0, 0xb, 0xf8, 0x0, 0x0, 0x0,
    0x4, 0x88, 0x88, 0x88, 0xfc, 0x88, 0x88, 0x20,
    0x8, 0xff, 0xff, 0xff, 0xff, 0xff, 0xff, 0x40,
    0x0, 0x0, 0x0, 0xe, 0xb0, 0x0, 0x0, 0x0,
    0x0, 0x0, 0x0, 0xe, 0xb0, 0x0, 0x0, 0x0,
    0x0, 0x0, 0x0, 0xe, 0xb0, 0x0, 0x0, 0x0,
    0x0, 0x58, 0x88, 0x8f, 0xe8, 0x88, 0x84, 0x0,
    0x0, 0xaf, 0xff, 0xff, 0xff, 0xff, 0xf9, 0x0,
    0x0, 0x0, 0x0, 0xe, 0xb0, 0x0, 0x0, 0x0,
    0x0, 0x0, 0x0, 0xe, 0xb0, 0x0, 0x0, 0x0,
    0x0, 0x0, 0x0, 0xe, 0xb0, 0x0, 0x0, 0x0,
    0x2c, 0xcc, 0xcc, 0xcf, 0xfc, 0xcc, 0xcc, 0xc1,
    0x2b, 0xbb, 0xbb, 0xbb, 0xbb, 0xbb, 0xbb, 0xb1,

    /* U+4E4B "之" */
    0x0, 0x0, 0x0, 0x6, 0x10, 0x0, 0x0, 0x0,
    0x0, 0x0, 0x0, 0x3f, 0xa0, 0x0, 0x0, 0x0,
    0x0, 0x0, 0x0, 0x8, 0xf5, 0x0, 0x0, 0x0,
    0x3, 0x66, 0x66, 0x67, 0xe8, 0x66, 0x72, 0x0,
    0x7, 0xff, 0xff, 0xff, 0xff, 0xff, 0xfe, 0x0,
    0x0, 0x11, 0x11, 0x11, 0x11, 0x1c, 0xf3, 0x0,
    0x0, 0x0, 0x0, 0x0, 0x0, 0xaf, 0x60, 0x0,
    0x0, 0x0, 0x0, 0x0, 0xa, 0xf8, 0x0, 0x0,
    0x0, 0x0, 0x0, 0x0, 0xaf, 0x80, 0x0, 0x0,
    0x0, 0x0, 0x0, 0x1c, 0xf7, 0x0, 0x0, 0x0,
    0x0, 0x0, 0x4, 0xef, 0x50, 0x0, 0x0, 0x0,
    0x0, 0x3, 0x9f, 0xd2, 0x0, 0x0, 0x0, 0x0,
    0x2, 0xcf, 0xfc, 0x0, 0x0, 0x0, 0x0, 0x0,
    0x1e, 0xf4, 0x7f, 0xea, 0x98, 0x89, 0x9a, 0xc4,
    0xb, 0x40, 0x2, 0x9c, 0xee, 0xee, 0xdd, 0xc1,
    0x0, 0x0, 0x0, 0x0, 0x0, 0x0, 0x0, 0x0,

    /* U+4E8B "事" */
    0x0, 0x0, 0x0, 0xe, 0x90, 0x0, 0x0, 0x0,
    0x4, 0x44, 0x44, 0x4f, 0xb4, 0x44, 0x44, 0x30,
    0xf, 0xff, 0xff, 0xff, 0xff, 0xff, 0xff, 0xe0,
    0x0, 0x1, 0x11, 0x1f, 0xa1, 0x11, 0x10, 0x0,
    0x0, 0x5f, 0xee, 0xef, 0xfe, 0xee, 0xf7, 0x0,
    0x0, 0x5f, 0x31, 0x1f, 0xa1, 0x12, 0xf7, 0x0,
    0x0, 0x4e, 0xee, 0xef, 0xfe, 0xee, 0xe6, 0x0,
    0x0, 0x12, 0x22, 0x2f, 0xa2, 0x22, 0x21, 0x0,
    0x0, 0xce, 0xee, 0xef, 0xfe, 0xee, 0xfb, 0x0,
    0x13, 0x33, 0x33, 0x3f, 0xb3, 0x33, 0xdc, 0x30,
    0x5f, 0xff, 0xff, 0xff, 0xff, 0xff, 0xff, 0xf3,
    0x0, 0x22, 0x22, 0x2f, 0xa2, 0x22, 0xdb, 0x0,
    0x0, 0xef, 0xff, 0xff, 0xff, 0xff, 0xfb, 0x0,
    0x0, 0x0, 0x2, 0x3f, 0x90, 0x0, 0x87, 0x0,
    0x0, 0x0, 0xf, 0xfe, 0x40, 0x0, 0x0, 0x0,
    0x0, 0x0, 0x0, 0x0, 0x0, 0x0, 0x0, 0x0,

    /* U+4E8E "于" */
    0x0, 0x77, 0x77, 0x77, 0x77, 0x77, 0x77, 0x0,
    0x0, 0xff, 0xff, 0xff, 0xff, 0xff, 0xff, 0x10,
    0x0, 0x0, 0x0, 0xa, 0xf0, 0x0, 0x0, 0x0,
    0x0, 0x0, 0x0, 0xa, 0xf0, 0x0, 0x0, 0x0,
    0x0, 0x0, 0x0, 0xa, 0xf0, 0x0, 0x0, 0x0,
    0x0, 0x0, 0x0, 0xa, 0xf0, 0x0, 0x0, 0x0,
    0x2f, 0xff, 0xff, 0xff, 0xff, 0xff, 0xff, 0xf2,
    0x17, 0x77, 0x77, 0x7c, 0xf7, 0x77, 0x77, 0x71,
    0x0, 0x0, 0x0, 0xa, 0xf0, 0x0, 0x0, 0x0,
    0x0, 0x0, 0x0, 0xa, 0xf0, 0x0, 0x0, 0x0,
    0x0, 0x0, 0x0, 0xa, 0xf0, 0x0, 0x0, 0x0,
    0x0, 0x0, 0x0, 0xa, 0xf0, 0x0, 0x0, 0x0,
    0x0, 0x0, 0x78, 0x8d, 0xe0, 0x0, 0x0, 0x0,
    0x0, 0x0, 0x8f, 0xfe, 0x60, 0x0, 0x0, 0x0,
    0x0, 0x0, 0x0, 0x0, 0x0, 0x0, 0x0, 0x0,

    /* U+4EAC "京" */
    0x0, 0x0, 0x0, 0x16, 0x10, 0x0, 0x0, 0x0,
    0x0, 0x0, 0x0, 0x2f, 0xb0, 0x0, 0x0, 0x0,
    0x8, 0x88, 0x88, 0x8e, 0xf9, 0x88, 0x88, 0x80,
    0xf, 0xff, 0xff, 0xff, 0xff, 0xff, 0xff, 0xf0,
    0x0, 0x0, 0x0, 0x0, 0x0, 0x0, 0x0, 0x0,
    0x0, 0x2f, 0xff, 0xff, 0xff, 0xff, 0xf4, 0x0,
    0x0, 0x2f, 0x84, 0x44, 0x44, 0x48, 0xf4, 0x0,
    0x0, 0x2f, 0x60, 0x0, 0x0, 0x5, 0xf4, 0x0,
    0x0, 0x2f, 0xb8, 0x88, 0x88, 0x8a, 0xf4, 0x0,
    0x0, 0x1d, 0xdd, 0xdf, 0xfd, 0xdd, 0xd3, 0x0,
    0x0, 0x3, 0x10, 0xb, 0xd0, 0x1, 0x10, 0x0,
    0x0, 0x2e, 0xb0, 0xb, 0xd0, 0xd, 0xd1, 0x0,
    0x1, 0xdd, 0x10, 0xb, 0xd0, 0x2, 0xed, 0x10,
    0xd, 0xd2, 0x16, 0x6d, 0xd0, 0x0, 0x3f, 0xb0,
    0x3, 0x10, 0xf, 0xfe, 0x70, 0x0, 0x4, 0x10,
    0x0, 0x0, 0x0, 0x0, 0x0, 0x0, 0x0, 0x0,

    /* U+4EC5 "仅" */
    0x0, 0x0, 0x44, 0x0, 0x0, 0x0, 0x0, 0x0,
    0x0, 0x0, 0xec, 0x0, 0x0, 0x0, 0x0, 0x0,
    0x0, 0x7, 0xf6, 0xff, 0xff, 0xff, 0xff, 0x80,
    0x0, 0x1f, 0xc0, 0xce, 0x77, 0x77, 0x7f, 0x80,
    0x0, 0xbf, 0x60, 0x6f, 0x10, 0x0, 0x3f, 0x40,
    0x7, 0xff, 0x50, 0x2f, 0x50, 0x0, 0x8f, 0x0,
    0x6f, 0xef, 0x50, 0xc, 0xb0, 0x0, 0xea, 0x0,
    0x3e, 0x4f, 0x50, 0x6, 0xf2, 0x5, 0xf4, 0x0,
    0x1, 0x2f, 0x50, 0x0, 0xea, 0xd, 0xc0, 0x0,
    0x0, 0x2f, 0x50, 0x0, 0x7f, 0xbf, 0x40, 0x0,
    0x0, 0x2f, 0x50, 0x0, 0xd, 0xf9, 0x0, 0x0,
    0x0, 0x2f, 0x50, 0x0, 0x6f, 0xfd, 0x20, 0x0,
    0x0, 0x2f, 0x50, 0x19, 0xfb, 0x4e, 0xe5, 0x0,
    0x0, 0x2f, 0x58, 0xef, 0x70, 0x2, 0xcf, 0xc3,
    0x0, 0x2f, 0x59, 0xa2, 0x0, 0x0, 0x6, 0xb1,
    0x0, 0x0, 0x0, 0x0, 0x0, 0x0, 0x0, 0x0,

    /* U+4ECD "仍" */
    0x0, 0x4, 0x20, 0x0, 0x0, 0x0, 0x0, 0x0,
    0x0, 0xf8, 0x66, 0x66, 0x66, 0x74, 0x0, 0x0,
    0x5f, 0x2f, 0xff, 0xff, 0xff, 0xa0, 0x0, 0xc,
    0xc0, 0x4, 0xf4, 0x0, 0xf6, 0x0, 0x5, 0xf8,
    0x0, 0x5f, 0x30, 0x3f, 0x30, 0x1, 0xef, 0x80,
    0x5, 0xf3, 0x7, 0xf0, 0x0, 0xaf, 0xf8, 0x0,
    0x6f, 0x20, 0xaf, 0xff, 0xa6, 0x8e, 0x80, 0x8,
    0xf0, 0x5, 0x76, 0xea, 0x0, 0xe8, 0x0, 0xae,
    0x0, 0x0, 0xe, 0x90, 0xe, 0x80, 0xd, 0xb0,
    0x0, 0x0, 0xf8, 0x0, 0xe8, 0x1, 0xf7, 0x0,
    0x0, 0xf, 0x70, 0xe, 0x80, 0x7f, 0x20, 0x0,
    0x2, 0xf5, 0x0, 0xe8, 0xe, 0xc0, 0x0, 0x0,
    0x4f, 0x30, 0xe, 0x89, 0xf4, 0x0, 0x26, 0x6c,
    0xf0, 0x0, 0xe8, 0xa9, 0x0, 0x1, 0xff, 0xf6,
    0x0, 0x1, 0x0, 0x0, 0x0, 0x0, 0x0, 0x0,

    /* U+4ECE "从" */
    0x0, 0x0, 0x0, 0x0, 0x0, 0x0, 0x0, 0x0,
    0x0, 0x0, 0xf9, 0x0, 0x0, 0xec, 0x0, 0x0,
    0x0, 0x1, 0xf8, 0x0, 0x0, 0xfb, 0x0, 0x0,
    0x0, 0x2, 0xf7, 0x0, 0x0, 0xfa, 0x0, 0x0,
    0x0, 0x3, 0xf6, 0x0, 0x1, 0xf8, 0x0, 0x0,
    0x0, 0x5, 0xf4, 0x0, 0x3, 0xf7, 0x0, 0x0,
    0x0, 0x6, 0xf8, 0x0, 0x6, 0xf6, 0x0, 0x0,
    0x0, 0x9, 0xff, 0x50, 0x8, 0xfa, 0x0, 0x0,
    0x0, 0xc, 0xeb, 0xf2, 0xc, 0xfe, 0x0, 0x0,
    0x0, 0xf, 0xa1, 0xfb, 0x1f, 0xdf, 0x40, 0x0,
    0x0, 0x4f, 0x60, 0x6f, 0x8f, 0x5d, 0xc0, 0x0,
    0x0, 0xaf, 0x20, 0x3, 0xdf, 0x6, 0xf5, 0x0,
    0x2, 0xfc, 0x0, 0x6, 0xf8, 0x0, 0xee, 0x10,
    0xb, 0xf4, 0x0, 0x3f, 0xe1, 0x0, 0x4f, 0xd1,
    0x3f, 0xb0, 0x0, 0xaf, 0x40, 0x0, 0x7, 0xd0,
    0x1, 0x10, 0x0, 0x3, 0x0, 0x0, 0x0, 0x10,

    /* U+4EF6 "件" */
    0x0, 0x0, 0x0, 0x0, 0x0, 0x0, 0x0, 0x0,
    0x0, 0x1, 0xe5, 0x0, 0x7, 0xf1, 0x0, 0x0,
    0x0, 0x7, 0xf2, 0x5f, 0x27, 0xf1, 0x0, 0x0,
    0x0, 0xe, 0xb0, 0x8f, 0x7, 0xf1, 0x0, 0x0,
    0x0, 0x6f, 0x40, 0xcd, 0x4a, 0xf5, 0x44, 0x20,
    0x0, 0xef, 0x1, 0xff, 0xff, 0xff, 0xff, 0x90,
    0x9, 0xff, 0x7, 0xf4, 0x38, 0xf4, 0x33, 0x10,
    0x4f, 0xff, 0xe, 0xb0, 0x7, 0xf1, 0x0, 0x0,
    0x3e, 0x9f, 0x2, 0x20, 0x7, 0xf1, 0x0, 0x0,
    0x1, 0x8f, 0x8, 0x88, 0x8c, 0xf9, 0x88, 0x82,
    0x0, 0x8f, 0xe, 0xff, 0xff, 0xff, 0xff, 0xf5,
    0x0, 0x8f, 0x0, 0x0, 0x7, 0xf1, 0x0, 0x0,
    0x0, 0x8f, 0x0, 0x0, 0x7, 0xf1, 0x0, 0x0,
    0x0, 0x8f, 0x0, 0x0, 0x7, 0xf1, 0x0, 0x0,
    0x0, 0x8f, 0x0, 0x0, 0x7, 0xf1, 0x0, 0x0,
    0x0, 0x7f, 0x0, 0x0, 0x7, 0xf1, 0x0, 0x0,

    /* U+4F1A "会" */
    0x0, 0x0, 0x0, 0x0, 0x30, 0x0, 0x0, 0x0,
    0x0, 0x0, 0x0, 0x7, 0xf5, 0x0, 0x0, 0x0,
    0x0, 0x0, 0x0, 0x8f, 0xfb, 0x10, 0x0, 0x0,
    0x0, 0x0, 0x1b, 0xf9, 0x3e, 0xe4, 0x0, 0x0,
    0x0, 0x5, 0xef, 0x70, 0x1, 0xcf, 0xa2, 0x0,
    0x5, 0xdf, 0xfa, 0x77, 0x77, 0x7d, 0xff, 0xa3,
    0xb, 0xe7, 0x8f, 0xff, 0xff, 0xff, 0x29, 0xe2,
    0x0, 0x0, 0x0, 0x0, 0x0, 0x0, 0x0, 0x0,
    0x3, 0x88, 0x88, 0x88, 0x88, 0x88, 0x88, 0x70,
    0x5, 0xff, 0xff, 0xff, 0xff, 0xff, 0xff, 0xe0,
    0x0, 0x0, 0x8, 0xf8, 0x0, 0x46, 0x0, 0x0,
    0x0, 0x0, 0x6f, 0xa0, 0x0, 0x8f, 0x70, 0x0,
    0x0, 0x6, 0xfb, 0x0, 0x1, 0x3c, 0xf6, 0x0,
    0x0, 0x7f, 0xfe, 0xef, 0xff, 0xff, 0xff, 0x30,
    0x0, 0x6d, 0xba, 0x87, 0x64, 0x32, 0x2e, 0x90,
    0x0, 0x0, 0x0, 0x0, 0x0, 0x0, 0x1, 0x0,

    /* U+4F20 "传" */
    0x0, 0x0, 0x73, 0x0, 0x8, 0x40, 0x0, 0x0,
    0x0, 0x3, 0xf7, 0x0, 0x2f, 0x60, 0x0, 0x0,
    0x0, 0xa, 0xf3, 0xff, 0xff, 0xff, 0xff, 0xc0,
    0x0, 0x3f, 0x81, 0x77, 0xde, 0x77, 0x77, 0x60,
    0x0, 0xcf, 0x10, 0x0, 0xe9, 0x0, 0x0, 0x0,
    0x7, 0xff, 0x17, 0x78, 0xfa, 0x77, 0x77, 0x74,
    0x4f, 0xff, 0x2e, 0xef, 0xfe, 0xee, 0xee, 0xe8,
    0x6e, 0xaf, 0x0, 0xb, 0xc0, 0x0, 0x0, 0x0,
    0x2, 0x8f, 0x0, 0xf, 0xb7, 0x77, 0x77, 0x20,
    0x0, 0x8f, 0x0, 0x4f, 0xff, 0xff, 0xff, 0x80,
    0x0, 0x8f, 0x0, 0x0, 0x0, 0x7, 0xf8, 0x0,
    0x0, 0x8f, 0x0, 0x2, 0xa3, 0x7f, 0x80, 0x0,
    0x0, 0x8f, 0x0, 0x2, 0xbf, 0xf8, 0x0, 0x0,
    0x0, 0x8f, 0x0, 0x0, 0x5, 0xef, 0x50, 0x0,
    0x0, 0x8f, 0x0, 0x0, 0x0, 0x1b, 0x60, 0x0,
    0x0, 0x0, 0x0, 0x0, 0x0, 0x0, 0x0, 0x0,

    /* U+4F4D "位" */
    0x0, 0x0, 0x20, 0x0, 0x5, 0x20, 0x0, 0x0,
    0x0, 0x1, 0xf7, 0x0, 0xe, 0xa0, 0x0, 0x0,
    0x0, 0x8, 0xf1, 0x0, 0xa, 0xf0, 0x0, 0x0,
    0x0, 0x2f, 0x92, 0x88, 0x8a, 0xa8, 0x88, 0x40,
    0x0, 0xbf, 0x24, 0xff, 0xff, 0xff, 0xff, 0x70,
    0x6, 0xff, 0x10, 0x3, 0x0, 0x0, 0x52, 0x0,
    0x4f, 0xff, 0x10, 0x2f, 0x40, 0x0, 0xf9, 0x0,
    0x3e, 0x8f, 0x10, 0xf, 0x70, 0x2, 0xf6, 0x0,
    0x1, 0x7f, 0x10, 0xd, 0xa0, 0x5, 0xf2, 0x0,
    0x0, 0x7f, 0x10, 0xa, 0xd0, 0x8, 0xf0, 0x0,
    0x0, 0x7f, 0x10, 0x7, 0xf0, 0xb, 0xb0, 0x0,
    0x0, 0x7f, 0x10, 0x5, 0xf2, 0xf, 0x70, 0x0,
    0x0, 0x7f, 0x10, 0x2, 0x40, 0x3f, 0x30, 0x0,
    0x0, 0x7f, 0x1e, 0xff, 0xff, 0xff, 0xff, 0xf1,
    0x0, 0x7f, 0x17, 0x88, 0x88, 0x88, 0x88, 0x81,

    /* U+4F59 "余" */
    0x0, 0x0, 0x0, 0x1, 0x50, 0x0, 0x0, 0x0,
    0x0, 0x0, 0x0, 0x1d, 0xf3, 0x0, 0x0, 0x0,
    0x0, 0x0, 0x2, 0xdd, 0xce, 0x30, 0x0, 0x0,
    0x0, 0x0, 0x6f, 0xc1, 0xb, 0xf8, 0x0, 0x0,
    0x0, 0x2b, 0xf9, 0x0, 0x0, 0x8f, 0xd5, 0x0,
    0x29, 0xff, 0xd9, 0x99, 0x99, 0x9c, 0xef, 0xd5,
    0x2e, 0x92, 0xcc, 0xcf, 0xfc, 0xcc, 0x26, 0xc2,
    0x0, 0x0, 0x0, 0xa, 0xe0, 0x0, 0x0, 0x0,
    0x2, 0x77, 0x77, 0x7d, 0xf7, 0x77, 0x77, 0x40,
    0x5, 0xff, 0xff, 0xff, 0xff, 0xff, 0xff, 0x90,
    0x0, 0x0, 0x30, 0xa, 0xe0, 0x3, 0x0, 0x0,
    0x0, 0x8, 0xf5, 0xa, 0xe0, 0x5f, 0xa0, 0x0,
    0x0, 0xaf, 0x70, 0xa, 0xe0, 0x5, 0xfc, 0x10,
    0xb, 0xf5, 0x6, 0x6d, 0xe0, 0x0, 0x4f, 0xa0,
    0x1, 0x20, 0xa, 0xfe, 0x70, 0x0, 0x2, 0x0,

    /* U+4F5C "作" */
    0x0, 0x0, 0x10, 0x0, 0x0, 0x0, 0x0, 0x0,
    0x0, 0x1, 0xf8, 0x0, 0xdb, 0x0, 0x0, 0x0,
    0x0, 0x8, 0xf3, 0x4, 0xf6, 0x0, 0x0, 0x0,
    0x0, 0x1f, 0xb0, 0xc, 0xfa, 0xaa, 0xaa, 0xa5,
    0x0, 0xbf, 0x30, 0x5f, 0xdf, 0xfd, 0xdd, 0xd7,
    0x7, 0xff, 0x12, 0xec, 0xc, 0xc0, 0x0, 0x0,
    0x4f, 0xff, 0x2d, 0xf2, 0xc, 0xe6, 0x66, 0x61,
    0x2e, 0x8f, 0x15, 0x50, 0xc, 0xff, 0xff, 0xf3,
    0x1, 0x7f, 0x10, 0x0, 0xc, 0xc0, 0x0, 0x0,
    0x0, 0x7f, 0x10, 0x0, 0xc, 0xc0, 0x0, 0x0,
    0x0, 0x7f, 0x10, 0x0, 0xc, 0xff, 0xff, 0xf6,
    0x0, 0x7f, 0x10, 0x0, 0xc, 0xe7, 0x77, 0x73,
    0x0, 0x7f, 0x10, 0x0, 0xc, 0xc0, 0x0, 0x0,
    0x0, 0x7f, 0x10, 0x0, 0xc, 0xc0, 0x0, 0x0,
    0x0, 0x6f, 0x10, 0x0, 0xc, 0xc0, 0x0, 0x0,

    /* U+4F7F "使" */
    0x0, 0x0, 0x0, 0x0, 0x0, 0x0, 0x0, 0x0,
    0x0, 0x0, 0xd6, 0x0, 0x8, 0xf0, 0x0, 0x0,
    0x0, 0x5, 0xf3, 0x0, 0x8, 0xf0, 0x0, 0x0,
    0x0, 0xd, 0xcb, 0xff, 0xff, 0xff, 0xff, 0xf6,
    0x0, 0x6f, 0x45, 0x77, 0x7b, 0xf7, 0x77, 0x73,
    0x1, 0xff, 0x10, 0x11, 0x19, 0xf1, 0x11, 0x10,
    0xc, 0xff, 0x16, 0xff, 0xff, 0xff, 0xff, 0xf0,
    0x8f, 0xbf, 0x16, 0xf3, 0x3a, 0xf3, 0x39, 0xf0,
    0x28, 0x5f, 0x16, 0xf0, 0x8, 0xf0, 0x8, 0xf0,
    0x0, 0x5f, 0x16, 0xff, 0xff, 0xff, 0xff, 0xf0,
    0x0, 0x5f, 0x12, 0xa5, 0x5d, 0xd5, 0x55, 0x40,
    0x0, 0x5f, 0x11, 0xe9, 0xf, 0x80, 0x0, 0x0,
    0x0, 0x5f, 0x10, 0x3f, 0xef, 0x20, 0x0, 0x0,
    0x0, 0x5f, 0x10, 0xa, 0xff, 0x93, 0x0, 0x0,
    0x0, 0x5f, 0x38, 0xef, 0x87, 0xef, 0xea, 0x83,
    0x0, 0x5f, 0x2b, 0x92, 0x0, 0x3, 0x8b, 0xd1,

    /* U+4FDD "保" */
    0x0, 0x0, 0x83, 0x0, 0x0, 0x0, 0x0, 0x0,
    0x0, 0x4, 0xf5, 0xef, 0xff, 0xff, 0xff, 0x70,
    0x0, 0xb, 0xd0, 0xea, 0x55, 0x55, 0x5f, 0x70,
    0x0, 0x4f, 0x60, 0xe8, 0x0, 0x0, 0xf, 0x70,
    0x0, 0xdf, 0x10, 0xe8, 0x0, 0x0, 0xf, 0x70,
    0x9, 0xff, 0x10, 0xee, 0xdd, 0xdd, 0xdf, 0x70,
    0x6f, 0xcf, 0x10, 0x78, 0x8c, 0xf8, 0x88, 0x40,
    0x2a, 0x5f, 0x10, 0x0, 0x8, 0xf0, 0x0, 0x0,
    0x0, 0x5f, 0x2f, 0xff, 0xff, 0xff, 0xff, 0xf5,
    0x0, 0x5f, 0x16, 0x66, 0xcf, 0xff, 0x76, 0x62,
    0x0, 0x5f, 0x10, 0x4, 0xfe, 0xfe, 0x90, 0x0,
    0x0, 0x5f, 0x10, 0x3f, 0xa8, 0xf4, 0xf8, 0x0,
    0x0, 0x5f, 0x16, 0xfc, 0x8, 0xf0, 0x7f, 0xa0,
    0x0, 0x5f, 0x4f, 0xa0, 0x8, 0xf0, 0x6, 0xf6,
    0x0, 0x5f, 0x12, 0x0, 0x8, 0xf0, 0x0, 0x20,

    /* U+5019 "候" */
    0x0, 0x6, 0x40, 0x0, 0x0, 0x0, 0x0, 0x0,
    0x0, 0xe, 0x90, 0xb, 0xff, 0xff, 0xfc, 0x0,
    0x0, 0x4f, 0x30, 0x2, 0x44, 0x44, 0xcb, 0x0,
    0x0, 0xbd, 0x12, 0x0, 0x0, 0x0, 0xd8, 0x0,
    0x2, 0xf8, 0x6f, 0x7e, 0xee, 0xee, 0xff, 0xe1,
    0xb, 0xf8, 0x6f, 0x36, 0xd8, 0x66, 0x66, 0x60,
    0x5f, 0xf8, 0x6f, 0x3, 0xf6, 0x22, 0x22, 0x10,
    0x5d, 0xf8, 0x6f, 0xa, 0xff, 0xff, 0xff, 0xa0,
    0x2, 0xe8, 0x6f, 0x5f, 0x51, 0xf9, 0x11, 0x0,
    0x0, 0xe8, 0x6f, 0x28, 0x0, 0xf9, 0x0, 0x0,
    0x0, 0xe8, 0x6f, 0x7f, 0xff, 0xff, 0xff, 0xf2,
    0x0, 0xe8, 0x6f, 0x13, 0x38, 0xfe, 0x43, 0x30,
    0x0, 0xe8, 0x12, 0x0, 0x3e, 0xbe, 0xa0, 0x0,
    0x0, 0xe8, 0x0, 0x29, 0xfa, 0x3, 0xee, 0x71,
    0x0, 0xe8, 0x0, 0x9c, 0x40, 0x0, 0x18, 0xb0,

    /* U+503C "值" */
    0x0, 0x0, 0x0, 0x0, 0x0, 0x0, 0x0, 0x0,
    0x0, 0x0, 0xb3, 0x0, 0x8, 0xf0, 0x0, 0x0,
    0x0, 0x5, 0xf2, 0x0, 0xa, 0xd0, 0x0, 0x0,
    0x0, 0xc, 0xc8, 0xff, 0xff, 0xff, 0xff, 0xf1,
    0x0, 0x4f, 0x43, 0x55, 0x5f, 0xa5, 0x55, 0x50,
    0x0, 0xdf, 0x0, 0x33, 0x4f, 0x73, 0x33, 0x0,
    0x7, 0xff, 0x0, 0xef, 0xff, 0xff, 0xff, 0x0,
    0x3f, 0xff, 0x0, 0xe7, 0x0, 0x0, 0x5f, 0x0,
    0x1d, 0x8f, 0x0, 0xef, 0xff, 0xff, 0xff, 0x0,
    0x0, 0x7f, 0x0, 0xe7, 0x11, 0x11, 0x6f, 0x0,
    0x0, 0x7f, 0x0, 0xee, 0xdd, 0xdd, 0xef, 0x0,
    0x0, 0x7f, 0x0, 0xe8, 0x22, 0x22, 0x7f, 0x0,
    0x0, 0x7f, 0x0, 0xee, 0xcc, 0xcc, 0xdf, 0x0,
    0x0, 0x7f, 0x0, 0xea, 0x55, 0x55, 0x8f, 0x0,
    0x0, 0x7f, 0x25, 0xfa, 0x55, 0x55, 0x9f, 0x62,
    0x0, 0x7f, 0x6f, 0xff, 0xff, 0xff, 0xff, 0xf6,

    /* U+505C "停" */
    0x0, 0x0, 0x40, 0x0, 0x4, 0x40, 0x0, 0x0,
    0x0, 0x4, 0xf3, 0x11, 0x1b, 0xe2, 0x11, 0x10,
    0x0, 0xb, 0xcd, 0xff, 0xff, 0xff, 0xff, 0xf3,
    0x0, 0x3f, 0x52, 0x34, 0x44, 0x44, 0x44, 0x20,
    0x0, 0xcf, 0x0, 0xbf, 0xff, 0xff, 0xff, 0x0,
    0x6, 0xff, 0x0, 0xbb, 0x0, 0x0, 0x6f, 0x0,
    0x2f, 0xff, 0x0, 0xbf, 0xff, 0xff, 0xff, 0x0,
    0xd, 0x9f, 0x1, 0x23, 0x33, 0x33, 0x33, 0x10,
    0x0, 0x7f, 0x1f, 0xff, 0xff, 0xff, 0xff, 0xf4,
    0x0, 0x7f, 0x1f, 0x52, 0x22, 0x22, 0x23, 0xf4,
    0x0, 0x7f, 0x1a, 0x79, 0x99, 0x99, 0x97, 0xa2,
    0x0, 0x7f, 0x0, 0x59, 0x9d, 0xf9, 0x97, 0x0,
    0x0, 0x7f, 0x0, 0x0, 0x9, 0xf0, 0x0, 0x0,
    0x0, 0x7f, 0x0, 0x3, 0x4b, 0xe0, 0x0, 0x0,
    0x0, 0x7f, 0x0, 0x9, 0xff, 0x90, 0x0, 0x0,
    0x0, 0x0, 0x0, 0x0, 0x0, 0x0, 0x0, 0x0,

    /* U+5065 "健" */
    0x0, 0xb, 0x30, 0x0, 0x0, 0x5e, 0x0, 0x0,
    0x0, 0x4f, 0x65, 0x67, 0x13, 0x7f, 0x33, 0x0,
    0x0, 0x9d, 0x8f, 0xff, 0x5e, 0xff, 0xef, 0x40,
    0x0, 0xf8, 0x0, 0xda, 0x11, 0x6f, 0x1f, 0x50,
    0x7, 0xf6, 0x4, 0xf2, 0xff, 0xff, 0xff, 0xf5,
    0xe, 0xf6, 0xc, 0x90, 0x0, 0x5e, 0xe, 0x40,
    0x7f, 0xf6, 0x8f, 0xdc, 0x5f, 0xff, 0xff, 0x40,
    0x27, 0xe6, 0x86, 0x9f, 0x21, 0x6f, 0x11, 0x0,
    0x0, 0xe6, 0x31, 0x7f, 0x6f, 0xff, 0xff, 0xa0,
    0x0, 0xe6, 0xc6, 0xab, 0x13, 0x7f, 0x33, 0x20,
    0x0, 0xe6, 0x6d, 0xe7, 0x45, 0x9f, 0x55, 0x50,
    0x0, 0xe6, 0xe, 0xf2, 0xbd, 0xef, 0xdd, 0xd2,
    0x0, 0xe6, 0xd, 0xf7, 0x0, 0x5e, 0x0, 0x0,
    0x0, 0xe6, 0xae, 0x6f, 0xe9, 0x9d, 0x44, 0x41,
    0x0, 0xe9, 0xd3, 0x1, 0x7c, 0xef, 0xff, 0xf3,
    0x0, 0x0, 0x0, 0x0, 0x0, 0x0, 0x0, 0x0,

    /* U+50A8 "储" */
    0x0, 0x1d, 0x20, 0x0, 0x5, 0xf2, 0x1, 0x40,
    0x0, 0x5f, 0x3b, 0x10, 0x5, 0xf2, 0x7, 0xf1,
    0x0, 0xaa, 0x1d, 0xc0, 0xff, 0xff, 0xfe, 0x90,
    0x0, 0xf6, 0x4, 0xf3, 0x59, 0xf7, 0xcf, 0x10,
    0x6, 0xf5, 0x0, 0x10, 0x5, 0xf5, 0xf8, 0x0,
    0xe, 0xf7, 0x78, 0x36, 0xcd, 0xff, 0xfc, 0xc5,
    0x7f, 0xfa, 0xff, 0x85, 0x9a, 0xff, 0x99, 0x93,
    0x47, 0xf5, 0xc, 0x80, 0x1c, 0xf4, 0x0, 0x0,
    0x0, 0xf5, 0xc, 0x84, 0xef, 0xff, 0xff, 0xa0,
    0x0, 0xf5, 0xc, 0x8a, 0xff, 0x54, 0x4b, 0xb0,
    0x0, 0xf5, 0xc, 0x80, 0x4f, 0x32, 0x2b, 0xb0,
    0x0, 0xf5, 0xc, 0x81, 0x4f, 0xff, 0xff, 0xb0,
    0x0, 0xf5, 0xe, 0xef, 0x6f, 0x10, 0xa, 0xb0,
    0x0, 0xf5, 0x3f, 0xc3, 0x3f, 0xee, 0xef, 0xb0,
    0x0, 0xf5, 0x4, 0x0, 0x3f, 0x65, 0x5c, 0xb0,
    0x0, 0x10, 0x0, 0x0, 0x1, 0x0, 0x0, 0x0,

    /* U+50CF "像" */
    0x0, 0x0, 0x20, 0x1, 0x20, 0x0, 0x0, 0x0,
    0x0, 0x3, 0xf5, 0xb, 0xe3, 0x33, 0x0, 0x0,
    0x0, 0xa, 0xe0, 0x7f, 0xff, 0xff, 0x40, 0x0,
    0x0, 0x3f, 0x76, 0xf7, 0x22, 0xdc, 0x22, 0x0,
    0x0, 0xdf, 0x7f, 0xff, 0xff, 0xff, 0xff, 0x70,
    0x9, 0xff, 0x16, 0xf2, 0x8, 0xc0, 0xe, 0x70,
    0x5f, 0xff, 0x2, 0xfe, 0xef, 0xfe, 0xef, 0x70,
    0xb, 0x8f, 0x0, 0x38, 0xfd, 0x33, 0x34, 0x10,
    0x0, 0x8f, 0x6, 0xcf, 0x8f, 0x60, 0x6f, 0x60,
    0x0, 0x8f, 0x9, 0x72, 0x9e, 0xfd, 0xf7, 0x0,
    0x0, 0x8f, 0x2, 0x8e, 0x93, 0xf9, 0xd7, 0x0,
    0x0, 0x8f, 0xc, 0xa2, 0x6f, 0xf8, 0x6f, 0x20,
    0x0, 0x8f, 0x0, 0x5d, 0xd4, 0xc9, 0xd, 0xd2,
    0x0, 0x8f, 0x2e, 0xe7, 0x45, 0xf6, 0x2, 0xd2,
    0x0, 0x7e, 0x3, 0x0, 0x9f, 0xb0, 0x0, 0x0,
    0x0, 0x0, 0x0, 0x0, 0x0, 0x0, 0x0, 0x0,

    /* U+5145 "充" */
    0x0, 0x0, 0x0, 0x16, 0x30, 0x0, 0x0, 0x0,
    0x0, 0x0, 0x0, 0xe, 0xd0, 0x0, 0x0, 0x0,
    0x0, 0x0, 0x0, 0x6, 0xe3, 0x0, 0x0, 0x0,
    0xf, 0xff, 0xff, 0xff, 0xff, 0xff, 0xff, 0xf0,
    0x7, 0x77, 0x8f, 0xf7, 0x77, 0x87, 0x77, 0x70,
    0x0, 0x0, 0xaf, 0x50, 0x2, 0xe8, 0x0, 0x0,
    0x0, 0x9, 0xf7, 0x0, 0x0, 0x7f, 0xa0, 0x0,
    0x0, 0xaf, 0xc7, 0x78, 0x89, 0xae, 0xf9, 0x0,
    0x0, 0xdf, 0xff, 0xfe, 0xdf, 0xeb, 0xcf, 0x70,
    0x0, 0x32, 0x1d, 0xd0, 0xf, 0xa0, 0x8, 0x20,
    0x0, 0x0, 0xf, 0xb0, 0xf, 0xa0, 0x0, 0x0,
    0x0, 0x0, 0x6f, 0x60, 0xf, 0xa0, 0x0, 0x92,
    0x0, 0x3, 0xfe, 0x0, 0xf, 0xa0, 0x1, 0xf6,
    0x3, 0xaf, 0xf3, 0x0, 0xf, 0xd7, 0x79, 0xf3,
    0xc, 0xfa, 0x20, 0x0, 0x8, 0xff, 0xff, 0xa0,
    0x2, 0x10, 0x0, 0x0, 0x0, 0x0, 0x0, 0x0,

    /* U+5148 "先" */
    0x0, 0x1, 0x71, 0x9, 0xe0, 0x0, 0x0, 0x0,
    0x0, 0x6, 0xf3, 0x9, 0xe0, 0x0, 0x0, 0x0,
    0x0, 0xb, 0xe2, 0x2a, 0xf2, 0x22, 0x22, 0x0,
    0x0, 0x1f, 0xff, 0xff, 0xff, 0xff, 0xff, 0x0,
    0x0, 0x8f, 0x54, 0x4b, 0xf4, 0x44, 0x44, 0x0,
    0x1, 0xfa, 0x0, 0x9, 0xe0, 0x0, 0x0, 0x0,
    0x0, 0x51, 0x0, 0x9, 0xe0, 0x0, 0x0, 0x0,
    0xb, 0xbb, 0xbb, 0xbe, 0xfb, 0xbb, 0xbb, 0xb1,
    0xa, 0xbb, 0xbf, 0xeb, 0xbe, 0xfb, 0xbb, 0xb1,
    0x0, 0x0, 0xf, 0x80, 0x9, 0xe0, 0x0, 0x0,
    0x0, 0x0, 0x4f, 0x50, 0x9, 0xe0, 0x0, 0x0,
    0x0, 0x0, 0xbf, 0x10, 0x9, 0xe0, 0x0, 0x71,
    0x0, 0x7, 0xf8, 0x0, 0x9, 0xe0, 0x0, 0xf5,
    0x3, 0xbf, 0xc0, 0x0, 0x9, 0xf7, 0x79, 0xf3,
    0xb, 0xf8, 0x0, 0x0, 0x3, 0xef, 0xff, 0xb0,
    0x1, 0x10, 0x0, 0x0, 0x0, 0x0, 0x0, 0x0,

    /* U+5165 "入" */
    0x0, 0x0, 0x1, 0x0, 0x0, 0x0, 0x0, 0x0,
    0x0, 0x0, 0x2f, 0x70, 0x0, 0x0, 0x0, 0x0,
    0x0, 0x0, 0x1c, 0xf7, 0x0, 0x0, 0x0, 0x0,
    0x0, 0x0, 0x0, 0xcf, 0x40, 0x0, 0x0, 0x0,
    0x0, 0x0, 0x0, 0x1f, 0xe0, 0x0, 0x0, 0x0,
    0x0, 0x0, 0x0, 0x2f, 0xf8, 0x0, 0x0, 0x0,
    0x0, 0x0, 0x0, 0x6f, 0xff, 0x10, 0x0, 0x0,
    0x0, 0x0, 0x0, 0xcf, 0x4f, 0x90, 0x0, 0x0,
    0x0, 0x0, 0x3, 0xfa, 0xa, 0xf2, 0x0, 0x0,
    0x0, 0x0, 0xb, 0xf2, 0x2, 0xfb, 0x0, 0x0,
    0x0, 0x0, 0x5f, 0xa0, 0x0, 0x9f, 0x50, 0x0,
    0x0, 0x3, 0xfe, 0x10, 0x0, 0x1e, 0xf3, 0x0,
    0x0, 0x4e, 0xf3, 0x0, 0x0, 0x4, 0xfe, 0x40,
    0x8, 0xff, 0x40, 0x0, 0x0, 0x0, 0x6f, 0xf4,
    0xb, 0xd3, 0x0, 0x0, 0x0, 0x0, 0x5, 0xe1,
    0x0, 0x0, 0x0, 0x0, 0x0, 0x0, 0x0, 0x0,

    /* U+5168 "全" */
    0x0, 0x0, 0x0, 0x4, 0x30, 0x0, 0x0, 0x0,
    0x0, 0x0, 0x0, 0x3f, 0xe0, 0x0, 0x0, 0x0,
    0x0, 0x0, 0x2, 0xed, 0xfb, 0x0, 0x0, 0x0,
    0x0, 0x0, 0x3e, 0xe1, 0x4f, 0xc1, 0x0, 0x0,
    0x0, 0x6, 0xfd, 0x10, 0x3, 0xee, 0x40, 0x0,
    0x3, 0xcf, 0xb0, 0x0, 0x0, 0x2c, 0xfa, 0x20,
    0x6f, 0xfe, 0x99, 0x99, 0x99, 0x99, 0xef, 0xf4,
    0x7, 0x1c, 0xcc, 0xcf, 0xec, 0xcc, 0xa2, 0x80,
    0x0, 0x0, 0x0, 0xe, 0xa0, 0x0, 0x0, 0x0,
    0x0, 0x1, 0x11, 0x1f, 0xb1, 0x11, 0x10, 0x0,
    0x0, 0xd, 0xff, 0xff, 0xff, 0xff, 0xc0, 0x0,
    0x0, 0x3, 0x33, 0x3f, 0xc3, 0x33, 0x20, 0x0,
    0x0, 0x0, 0x0, 0xe, 0xa0, 0x0, 0x0, 0x0,
    0x9, 0xaa, 0xaa, 0xaf, 0xea, 0xaa, 0xaa, 0x70,
    0xe, 0xff, 0xff, 0xff, 0xff, 0xff, 0xff, 0xc0,

    /* U+5173 "关" */
    0x0, 0x1, 0x70, 0x0, 0x0, 0x8, 0x30, 0x0,
    0x0, 0x3, 0xf8, 0x0, 0x0, 0x4f, 0x80, 0x0,
    0x0, 0x0, 0x9f, 0x20, 0x0, 0xce, 0x0, 0x0,
    0x0, 0x56, 0x7e, 0x76, 0x69, 0xfa, 0x66, 0x10,
    0x0, 0xff, 0xff, 0xff, 0xff, 0xff, 0xff, 0x20,
    0x0, 0x11, 0x11, 0x1c, 0xf1, 0x11, 0x11, 0x0,
    0x0, 0x0, 0x0, 0xc, 0xf0, 0x0, 0x0, 0x0,
    0x1, 0x11, 0x11, 0x1d, 0xf1, 0x11, 0x11, 0x10,
    0xf, 0xff, 0xff, 0xff, 0xff, 0xff, 0xff, 0xf0,
    0x5, 0x66, 0x66, 0x9f, 0xfb, 0x66, 0x66, 0x60,
    0x0, 0x0, 0x0, 0xbf, 0xee, 0x20, 0x0, 0x0,
    0x0, 0x0, 0x9, 0xfb, 0x2f, 0xd2, 0x0, 0x0,
    0x0, 0x3, 0xcf, 0xc0, 0x4, 0xff, 0x60, 0x0,
    0x5, 0xbf, 0xf9, 0x0, 0x0, 0x3e, 0xfe, 0x81,
    0xd, 0xfa, 0x20, 0x0, 0x0, 0x0, 0x8e, 0xd0,
    0x1, 0x10, 0x0, 0x0, 0x0, 0x0, 0x0, 0x10,

    /* U+5185 "内" */
    0x0, 0x0, 0x0, 0xae, 0x0, 0x0, 0x0, 0x0,
    0x0, 0x0, 0xae, 0x0, 0x0, 0x0, 0x0, 0x0,
    0x0, 0xae, 0x0, 0x0, 0x0, 0x7f, 0xff, 0xff,
    0xff, 0xff, 0xff, 0xf8, 0x8f, 0x88, 0x88, 0xdf,
    0x88, 0x88, 0xf8, 0x8f, 0x0, 0x0, 0xcc, 0x0,
    0x0, 0xf8, 0x8f, 0x0, 0x0, 0xfc, 0x0, 0x0,
    0xf8, 0x8f, 0x0, 0x6, 0xff, 0xb0, 0x0, 0xf8,
    0x8f, 0x0, 0x1e, 0xc4, 0xfc, 0x0, 0xf8, 0x8f,
    0x1, 0xdf, 0x20, 0x4f, 0xc0, 0xf8, 0x8f, 0x5f,
    0xf3, 0x0, 0x4, 0xf8, 0xf8, 0x8f, 0x1a, 0x20,
    0x0, 0x0, 0x50, 0xf8, 0x8f, 0x0, 0x0, 0x0,
    0x0, 0x0, 0xf8, 0x8f, 0x0, 0x0, 0x0, 0x5,
    0x88, 0xf8, 0x8f, 0x0, 0x0, 0x0, 0x5, 0xfe,
    0xc2,

    /* U+518D "再" */
    0xe, 0xff, 0xff, 0xff, 0xff, 0xff, 0xff, 0xb0,
    0xe, 0xff, 0xff, 0xff, 0xff, 0xff, 0xff, 0xa0,
    0x0, 0x0, 0x0, 0xe, 0x90, 0x0, 0x0, 0x0,
    0x0, 0x8f, 0xff, 0xff, 0xff, 0xff, 0xf8, 0x0,
    0x0, 0x9f, 0x66, 0x6f, 0xc6, 0x66, 0xf8, 0x0,
    0x0, 0x9f, 0x0, 0xe, 0x90, 0x0, 0xf8, 0x0,
    0x0, 0x9f, 0xff, 0xff, 0xff, 0xff, 0xf8, 0x0,
    0x0, 0x9f, 0x55, 0x5f, 0xb5, 0x55, 0xf8, 0x0,
    0x0, 0x9f, 0x0, 0xe, 0x90, 0x0, 0xf8, 0x0,
    0x5d, 0xff, 0xdd, 0xdf, 0xfd, 0xdd, 0xfe, 0xd6,
    0x38, 0xcf, 0x88, 0x88, 0x88, 0x88, 0xfc, 0x83,
    0x0, 0x9f, 0x0, 0x0, 0x0, 0x0, 0xf8, 0x0,
    0x0, 0x9f, 0x0, 0x0, 0x3, 0x66, 0xf8, 0x0,
    0x0, 0x9f, 0x0, 0x0, 0x5, 0xff, 0xd3, 0x0,
    0x0, 0x0, 0x0, 0x0, 0x0, 0x0, 0x0, 0x0,

    /* U+5199 "写" */
    0xef, 0xff, 0xff, 0xff, 0xff, 0xff, 0xfd, 0xec,
    0x68, 0xa6, 0x66, 0x66, 0x66, 0xdd, 0xe9, 0x9,
    0xf0, 0x0, 0x0, 0x0, 0xbd, 0x53, 0xb, 0xd5,
    0x55, 0x55, 0x53, 0x44, 0x0, 0xe, 0xff, 0xff,
    0xff, 0xfa, 0x0, 0x0, 0x2f, 0x60, 0x0, 0x0,
    0x0, 0x0, 0x0, 0x5f, 0x74, 0x44, 0x44, 0x44,
    0x10, 0x0, 0x9f, 0xff, 0xff, 0xff, 0xff, 0x40,
    0x0, 0x1, 0x11, 0x11, 0x11, 0x7f, 0x30, 0x47,
    0x77, 0x77, 0x77, 0x72, 0x9f, 0x10, 0xaf, 0xff,
    0xff, 0xff, 0xf4, 0xbe, 0x0, 0x0, 0x0, 0x0,
    0x0, 0x0, 0xfb, 0x0, 0x0, 0x0, 0x0, 0x45,
    0x59, 0xf6, 0x0, 0x0, 0x0, 0x0, 0x6f, 0xff,
    0xa0, 0x0, 0x0, 0x0, 0x0, 0x0, 0x0, 0x0,
    0x0,

    /* U+51C6 "准" */
    0x0, 0x0, 0x0, 0x3, 0x0, 0x30, 0x0, 0x0,
    0x1a, 0x20, 0x0, 0x6f, 0x15, 0xf5, 0x0, 0x0,
    0x1e, 0xb0, 0x0, 0xdb, 0x0, 0xcd, 0x0, 0x0,
    0x7, 0xf5, 0x4, 0xfd, 0xbb, 0xdd, 0xbb, 0x90,
    0x0, 0xed, 0xd, 0xfa, 0xaa, 0xfd, 0xaa, 0x80,
    0x0, 0x42, 0x7f, 0xf0, 0x0, 0xe9, 0x0, 0x0,
    0x0, 0x4, 0xfe, 0xf6, 0x66, 0xfb, 0x66, 0x30,
    0x0, 0x7, 0xd7, 0xff, 0xff, 0xff, 0xff, 0x80,
    0x0, 0x2, 0x6, 0xf0, 0x0, 0xe9, 0x0, 0x0,
    0x0, 0x6f, 0x26, 0xf5, 0x55, 0xfb, 0x55, 0x20,
    0x0, 0xdd, 0x6, 0xff, 0xff, 0xff, 0xff, 0x80,
    0x4, 0xf7, 0x6, 0xf0, 0x0, 0xe9, 0x0, 0x0,
    0xc, 0xf1, 0x6, 0xf0, 0x0, 0xe9, 0x0, 0x0,
    0x3f, 0x90, 0x6, 0xff, 0xff, 0xff, 0xff, 0xf2,
    0x4, 0x20, 0x6, 0xf5, 0x55, 0x55, 0x55, 0x50,

    /* U+51FA "出" */
    0x0, 0x0, 0x0, 0xfa, 0x0, 0x0, 0x0, 0x1,
    0x10, 0x0, 0xfa, 0x0, 0x2, 0x10, 0xd, 0xc0,
    0x0, 0xfa, 0x0, 0xf, 0xa0, 0xd, 0xc0, 0x0,
    0xfa, 0x0, 0xf, 0xa0, 0xd, 0xc0, 0x0, 0xfa,
    0x0, 0xf, 0xa0, 0xd, 0xc0, 0x0, 0xfa, 0x0,
    0xf, 0xa0, 0xd, 0xff, 0xff, 0xff, 0xff, 0xff,
    0xa0, 0x6, 0x88, 0x88, 0xfd, 0x88, 0x88, 0x50,
    0x36, 0x0, 0x0, 0xfa, 0x0, 0x2, 0x62, 0x9f,
    0x10, 0x0, 0xfa, 0x0, 0x6, 0xf4, 0x9f, 0x10,
    0x0, 0xfa, 0x0, 0x6, 0xf4, 0x9f, 0x10, 0x0,
    0xfa, 0x0, 0x6, 0xf4, 0x9f, 0x10, 0x0, 0xfa,
    0x0, 0x6, 0xf4, 0x9f, 0xff, 0xff, 0xff, 0xff,
    0xff, 0xf4, 0x58, 0x88, 0x88, 0x88, 0x88, 0x8b,
    0xf4,

    /* U+5206 "分" */
    0x0, 0x0, 0x1, 0x0, 0x0, 0x10, 0x0, 0x0,
    0x0, 0x0, 0x3f, 0x70, 0x4, 0xf4, 0x0, 0x0,
    0x0, 0x0, 0xbf, 0x20, 0x0, 0xdd, 0x0, 0x0,
    0x0, 0x5, 0xf9, 0x0, 0x0, 0x4f, 0x90, 0x0,
    0x0, 0x2e, 0xe0, 0x0, 0x0, 0x9, 0xf5, 0x0,
    0x1, 0xdf, 0x40, 0x0, 0x0, 0x0, 0xdf, 0x40,
    0x1d, 0xfd, 0x88, 0x88, 0x88, 0x88, 0xaf, 0xf2,
    0x8, 0x7e, 0xff, 0xff, 0xff, 0xff, 0xf3, 0x70,
    0x0, 0x0, 0x3, 0xf6, 0x0, 0x9, 0xf0, 0x0,
    0x0, 0x0, 0x6, 0xf2, 0x0, 0xa, 0xe0, 0x0,
    0x0, 0x0, 0xc, 0xe0, 0x0, 0xb, 0xd0, 0x0,
    0x0, 0x0, 0x5f, 0x70, 0x0, 0xd, 0xc0, 0x0,
    0x0, 0x5, 0xfd, 0x0, 0x0, 0xf, 0xa0, 0x0,
    0x4, 0xbf, 0xd1, 0x1, 0x77, 0xaf, 0x70, 0x0,
    0x8, 0xf8, 0x0, 0x0, 0xdf, 0xfb, 0x10, 0x0,
    0x0, 0x0, 0x0, 0x0, 0x0, 0x0, 0x0, 0x0,

    /* U+5207 "切" */
    0x0, 0x8e, 0x0, 0x16, 0x66, 0x66, 0x67, 0x60,
    0x8, 0xe0, 0x4, 0xff, 0xff, 0xff, 0xfe, 0x0,
    0x8e, 0x0, 0x0, 0xe, 0xa0, 0xa, 0xe0, 0x9,
    0xf9, 0xcd, 0x0, 0xe9, 0x0, 0xad, 0x6f, 0xff,
    0xda, 0x70, 0xf, 0x90, 0xb, 0xd3, 0x7b, 0xe0,
    0x0, 0x0, 0xf7, 0x0, 0xbc, 0x0, 0x8e, 0x0,
    0x0, 0x2f, 0x60, 0xc, 0xc0, 0x8, 0xe0, 0x0,
    0x5, 0xf3, 0x0, 0xdb, 0x0, 0x8e, 0x3, 0x80,
    0x9f, 0x0, 0xd, 0xa0, 0x9, 0xfc, 0xfd, 0xe,
    0xb0, 0x0, 0xf9, 0x1, 0xff, 0xc4, 0x6, 0xf5,
    0x0, 0xf, 0x80, 0xa, 0x30, 0x3, 0xfc, 0x0,
    0x3, 0xf6, 0x0, 0x0, 0x5, 0xfe, 0x20, 0x77,
    0xcf, 0x30, 0x0, 0x0, 0x7d, 0x20, 0x9, 0xff,
    0x80, 0x0, 0x0, 0x0, 0x0, 0x0, 0x0, 0x0,
    0x0,

    /* U+5217 "列" */
    0x0, 0x0, 0x0, 0x0, 0x0, 0x0, 0x9, 0xe1,
    0xff, 0xff, 0xff, 0xff, 0x20, 0x0, 0x9e, 0x7,
    0x7d, 0xe7, 0x77, 0x71, 0xd8, 0x9, 0xe0, 0x0,
    0xf9, 0x0, 0x0, 0xe, 0x90, 0x9e, 0x0, 0x4f,
    0x96, 0x67, 0x30, 0xe9, 0x9, 0xe0, 0xa, 0xff,
    0xff, 0xf9, 0xe, 0x90, 0x9e, 0x1, 0xf8, 0x0,
    0xf, 0x60, 0xe9, 0x9, 0xe0, 0xaf, 0x10, 0x5,
    0xf2, 0xe, 0x90, 0x9e, 0x1e, 0x7b, 0x80, 0xad,
    0x0, 0xe9, 0x9, 0xe0, 0x20, 0x9f, 0xcf, 0x70,
    0xe, 0x90, 0x9e, 0x0, 0x0, 0x7f, 0xe1, 0x0,
    0xe9, 0x9, 0xe0, 0x0, 0x8, 0xf6, 0x0, 0x2,
    0x10, 0x9e, 0x0, 0x8, 0xfa, 0x0, 0x0, 0x0,
    0x9, 0xe0, 0x4c, 0xf9, 0x0, 0x0, 0x0, 0x57,
    0xce, 0x6, 0xe5, 0x0, 0x0, 0x0, 0x9, 0xfe,
    0x60, 0x0, 0x0, 0x0, 0x0, 0x0, 0x0, 0x0,

    /* U+521A "刚" */
    0x0, 0x0, 0x0, 0x0, 0x0, 0x0, 0xe7, 0xef,
    0xff, 0xff, 0xff, 0x50, 0x0, 0xe7, 0xea, 0x55,
    0x55, 0x5f, 0x55, 0xe0, 0xe7, 0xe8, 0x20, 0xd,
    0x5f, 0x56, 0xf0, 0xe7, 0xe9, 0xf3, 0x2f, 0x2f,
    0x56, 0xf0, 0xe7, 0xe8, 0x9c, 0x7d, 0xf, 0x56,
    0xf0, 0xe7, 0xe8, 0x1f, 0xe8, 0xf, 0x56, 0xf0,
    0xe7, 0xe8, 0x8, 0xf3, 0xf, 0x56, 0xf0, 0xe7,
    0xe8, 0x7, 0xf5, 0xf, 0x56, 0xf0, 0xe7, 0xe8,
    0xe, 0xec, 0xf, 0x56, 0xf0, 0xe7, 0xe8, 0x6f,
    0x3f, 0x3f, 0x56, 0xf0, 0xe7, 0xe8, 0xe8, 0xb,
    0x6f, 0x50, 0x10, 0xe7, 0xec, 0xe1, 0x0, 0xf,
    0x50, 0x0, 0xe7, 0xe8, 0x0, 0x13, 0x4f, 0x50,
    0x65, 0xf7, 0xe8, 0x0, 0xf, 0xfd, 0x10, 0xcf,
    0xc2, 0x0, 0x0, 0x0, 0x0, 0x0, 0x0, 0x0,

    /* U+5224 "判" */
    0x0, 0x0, 0xad, 0x0, 0x0, 0x0, 0xe, 0x90,
    0xab, 0xa, 0xd0, 0x6e, 0x0, 0x0, 0xe9, 0x5,
    0xf3, 0xad, 0xd, 0xa1, 0xc3, 0xe, 0x90, 0xd,
    0xaa, 0xd4, 0xf3, 0x1f, 0x50, 0xe9, 0x0, 0x65,
    0xad, 0x59, 0x1, 0xf5, 0xe, 0x90, 0xbf, 0xff,
    0xff, 0xfa, 0x1f, 0x50, 0xe9, 0x5, 0x77, 0xde,
    0x77, 0x41, 0xf5, 0xe, 0x90, 0x0, 0xa, 0xd0,
    0x0, 0x1f, 0x50, 0xe9, 0x2, 0x22, 0xcc, 0x22,
    0x22, 0xf5, 0xe, 0x94, 0xff, 0xff, 0xff, 0xff,
    0x3f, 0x50, 0xe9, 0x14, 0x47, 0xf8, 0x44, 0x42,
    0xf5, 0xe, 0x90, 0x0, 0x9f, 0x10, 0x0, 0x2,
    0x0, 0xe9, 0x0, 0x4f, 0xa0, 0x0, 0x0, 0x0,
    0xe, 0x90, 0x4f, 0xe1, 0x0, 0x0, 0x4, 0x88,
    0xf8, 0x5, 0xd2, 0x0, 0x0, 0x0, 0x4f, 0xfc,
    0x20, 0x0, 0x0, 0x0, 0x0, 0x0, 0x0, 0x0,

    /* U+5229 "利" */
    0x0, 0x0, 0x0, 0x54, 0x0, 0x0, 0xe, 0x90,
    0x14, 0x8b, 0xff, 0xd0, 0x0, 0x0, 0xe9, 0x2f,
    0xec, 0xfa, 0x20, 0x6, 0xb0, 0xe, 0x90, 0x10,
    0xf, 0x70, 0x0, 0x8e, 0x0, 0xe9, 0x0, 0x0,
    0xf7, 0x0, 0x8, 0xe0, 0xe, 0x93, 0xff, 0xff,
    0xff, 0xf6, 0x8e, 0x0, 0xe9, 0x17, 0x7b, 0xfb,
    0x77, 0x38, 0xe0, 0xe, 0x90, 0x0, 0xcf, 0x90,
    0x0, 0x8e, 0x0, 0xe9, 0x0, 0x5f, 0xff, 0xa0,
    0x8, 0xe0, 0xe, 0x90, 0x1e, 0x9f, 0xae, 0xc1,
    0x8e, 0x0, 0xe9, 0xb, 0xe1, 0xf7, 0x3d, 0x18,
    0xe0, 0xe, 0x96, 0xf5, 0xf, 0x70, 0x0, 0x1,
    0x0, 0xe9, 0x18, 0x0, 0xf7, 0x0, 0x0, 0x0,
    0xe, 0x90, 0x0, 0xf, 0x70, 0x0, 0x3, 0x78,
    0xf8, 0x0, 0x0, 0xf7, 0x0, 0x0, 0x2f, 0xfd,
    0x20, 0x0, 0x0, 0x0, 0x0, 0x0, 0x0, 0x0,

    /* U+5230 "到" */
    0x0, 0x0, 0x0, 0x0, 0x0, 0x0, 0xe, 0x80,
    0xef, 0xff, 0xff, 0xff, 0x50, 0x0, 0xe8, 0x4,
    0x5b, 0xf5, 0x66, 0x51, 0xe7, 0xe, 0x80, 0x1,
    0xf8, 0xd, 0x90, 0xe, 0x70, 0xe8, 0x0, 0x9e,
    0x0, 0x5f, 0x40, 0xe7, 0xe, 0x80, 0x5f, 0xec,
    0xef, 0xfd, 0xe, 0x70, 0xe8, 0x4, 0xec, 0xa8,
    0x66, 0xf2, 0xe7, 0xe, 0x80, 0x0, 0x5, 0xb0,
    0x1, 0xe, 0x70, 0xe8, 0x1, 0x22, 0x9f, 0x22,
    0x20, 0xe7, 0xe, 0x80, 0x8f, 0xff, 0xff, 0xff,
    0xe, 0x70, 0xe8, 0x1, 0x22, 0x8f, 0x22, 0x20,
    0xe7, 0xe, 0x80, 0x0, 0x7, 0xf0, 0x1, 0x9,
    0x40, 0xe8, 0x0, 0x3, 0xaf, 0xbe, 0xf3, 0x0,
    0xe, 0x80, 0xdf, 0xff, 0xca, 0x74, 0x0, 0x77,
    0xf8, 0x6, 0x52, 0x0, 0x0, 0x0, 0xd, 0xfc,
    0x20,

    /* U+5236 "制" */
    0x0, 0x0, 0x2, 0x0, 0x0, 0x0, 0x0, 0x0,
    0x0, 0x64, 0x5f, 0x20, 0x0, 0x0, 0x5, 0xf2,
    0x0, 0xf8, 0x5f, 0x20, 0x0, 0x0, 0x5, 0xf2,
    0x3, 0xf7, 0x7f, 0x53, 0x30, 0x3f, 0x35, 0xf2,
    0x8, 0xff, 0xff, 0xff, 0xf3, 0x3f, 0x35, 0xf2,
    0xe, 0xa2, 0x6f, 0x42, 0x20, 0x3f, 0x35, 0xf2,
    0x1c, 0x86, 0x9f, 0x76, 0x65, 0x3f, 0x35, 0xf2,
    0x2f, 0xff, 0xff, 0xff, 0xfd, 0x3f, 0x35, 0xf2,
    0x0, 0x0, 0x5f, 0x20, 0x0, 0x3f, 0x35, 0xf2,
    0x4, 0x99, 0xbf, 0xa9, 0xa3, 0x3f, 0x35, 0xf2,
    0x7, 0xfc, 0xdf, 0xcc, 0xf6, 0x3f, 0x35, 0xf2,
    0x7, 0xe0, 0x5f, 0x20, 0xf6, 0x2e, 0x35, 0xf2,
    0x7, 0xe0, 0x5f, 0x20, 0xf6, 0x0, 0x5, 0xf2,
    0x7, 0xe0, 0x5f, 0x33, 0xf5, 0x0, 0x5, 0xf2,
    0x7, 0xe0, 0x5f, 0x4f, 0xf3, 0x5, 0x8b, 0xf1,
    0x0, 0x0, 0x5f, 0x21, 0x0, 0x5, 0xfe, 0x90,
    0x0, 0x0, 0x0, 0x0, 0x0, 0x0, 0x0, 0x0,

    /* U+5237 "刷" */
    0x0, 0x0, 0x0, 0x0, 0x0, 0x0, 0x8, 0xe0,
    0x6f, 0xff, 0xff, 0xff, 0x23, 0x20, 0x8e, 0x6,
    0xf5, 0x55, 0x56, 0xf2, 0xe8, 0x8, 0xe0, 0x6e,
    0x0, 0x0, 0x2f, 0x2e, 0x80, 0x8e, 0x6, 0xf9,
    0x99, 0x99, 0xf2, 0xe8, 0x8, 0xe0, 0x6f, 0xcc,
    0xef, 0xcc, 0x2e, 0x80, 0x8e, 0x6, 0xe0, 0x5,
    0xe0, 0x0, 0xe8, 0x8, 0xe0, 0x7e, 0xde, 0xff,
    0xef, 0x3e, 0x80, 0x8e, 0x7, 0xdf, 0x89, 0xf5,
    0xe3, 0xe8, 0x8, 0xe0, 0x8c, 0xf4, 0x5e, 0xe,
    0x3e, 0x80, 0x8e, 0xa, 0xbf, 0x45, 0xe0, 0xe3,
    0xe8, 0x8, 0xe0, 0xd8, 0xf4, 0x5e, 0xe, 0x30,
    0x0, 0x8e, 0x1f, 0x5f, 0x45, 0xea, 0xf2, 0x0,
    0x8, 0xe6, 0xf0, 0x62, 0x5e, 0x33, 0x0, 0x88,
    0xce, 0x5, 0x0, 0x5, 0xe0, 0x0, 0xc, 0xfe,
    0x60,

    /* U+523B "刻" */
    0x0, 0x0, 0x2, 0x0, 0x0, 0x0, 0x0, 0x0,
    0x0, 0x0, 0xae, 0x0, 0x0, 0x0, 0x7, 0xf1,
    0x0, 0x0, 0x4f, 0x40, 0x0, 0x0, 0x7, 0xf1,
    0x1c, 0xcc, 0xdf, 0xec, 0xc9, 0x4e, 0x27, 0xf1,
    0x9, 0x9b, 0xfc, 0x99, 0x97, 0x4f, 0x27, 0xf1,
    0x0, 0xc, 0xd0, 0x6, 0x20, 0x4f, 0x27, 0xf1,
    0x0, 0xbe, 0x20, 0x4f, 0x50, 0x4f, 0x27, 0xf1,
    0x8, 0xff, 0xef, 0xfb, 0x0, 0x4f, 0x27, 0xf1,
    0x3, 0x86, 0x6f, 0xe1, 0x51, 0x4f, 0x27, 0xf1,
    0x0, 0x2, 0xde, 0x24, 0xf7, 0x4f, 0x27, 0xf1,
    0x0, 0x6f, 0xd2, 0x2e, 0xc0, 0x4f, 0x27, 0xf1,
    0xa, 0xfa, 0x11, 0xde, 0x10, 0x4f, 0x27, 0xf1,
    0x2, 0x40, 0x3e, 0xfd, 0x10, 0x0, 0x7, 0xf1,
    0x0, 0x8, 0xfc, 0x4d, 0xe2, 0x0, 0x7, 0xf1,
    0x7, 0xef, 0x80, 0x1, 0xdb, 0x5, 0x5a, 0xf0,
    0x8, 0xc3, 0x0, 0x0, 0x11, 0xa, 0xff, 0x90,
    0x0, 0x0, 0x0, 0x0, 0x0, 0x0, 0x0, 0x0,

    /* U+524D "前" */
    0x0, 0x2, 0x50, 0x0, 0x0, 0x5, 0x30, 0x0,
    0x0, 0x6, 0xf6, 0x0, 0x0, 0x2f, 0xa0, 0x0,
    0x0, 0x0, 0xce, 0x10, 0x0, 0xbe, 0x20, 0x0,
    0x3f, 0xff, 0xff, 0xff, 0xff, 0xff, 0xff, 0xf3,
    0x15, 0x55, 0x55, 0x55, 0x55, 0x55, 0x55, 0x51,
    0x0, 0x33, 0x33, 0x32, 0x0, 0x0, 0x29, 0x20,
    0x4, 0xff, 0xff, 0xfd, 0x7, 0xe0, 0x4f, 0x40,
    0x4, 0xf4, 0x11, 0xbd, 0x7, 0xe0, 0x4f, 0x40,
    0x4, 0xfa, 0x99, 0xdd, 0x7, 0xe0, 0x4f, 0x40,
    0x4, 0xfa, 0x88, 0xdd, 0x7, 0xe0, 0x4f, 0x40,
    0x4, 0xf4, 0x11, 0xad, 0x7, 0xe0, 0x4f, 0x40,
    0x4, 0xff, 0xff, 0xfd, 0x7, 0xe0, 0x4f, 0x40,
    0x4, 0xf4, 0x11, 0xad, 0x4, 0x70, 0x4f, 0x40,
    0x4, 0xf3, 0x24, 0xcd, 0x0, 0x36, 0x9f, 0x30,
    0x3, 0xf2, 0x3f, 0xe7, 0x0, 0x3f, 0xfb, 0x0,

    /* U+5269 "剩" */
    0x0, 0x2, 0x35, 0x7a, 0xd2, 0x0, 0x7, 0xf0,
    0x6f, 0xff, 0xfe, 0xa7, 0x30, 0x0, 0x7f, 0x0,
    0x21, 0x1f, 0x50, 0x0, 0xc, 0x47, 0xf0, 0xbb,
    0xbb, 0xfd, 0xbb, 0xb4, 0xf5, 0x7f, 0xd, 0xdd,
    0xdf, 0xed, 0xdd, 0x5f, 0x57, 0xf0, 0x0, 0xb2,
    0xf5, 0x92, 0x0, 0xf5, 0x7f, 0x8, 0xbf, 0x2f,
    0x5e, 0xad, 0x1f, 0x57, 0xf0, 0x35, 0xf2, 0xf5,
    0xea, 0x20, 0xf5, 0x7f, 0x6, 0x9f, 0x2f, 0x5e,
    0x37, 0x4f, 0x57, 0xf0, 0x86, 0xf5, 0xf6, 0xbe,
    0xf3, 0xf5, 0x7f, 0x0, 0x3, 0xdf, 0xf7, 0x0,
    0xf, 0x57, 0xf0, 0x0, 0xcd, 0xf9, 0xec, 0x30,
    0x20, 0x7f, 0x2, 0xde, 0x2f, 0x51, 0xce, 0x0,
    0x7, 0xf0, 0xee, 0x20, 0xf5, 0x0, 0x30, 0x46,
    0xbf, 0x2, 0x10, 0xe, 0x50, 0x0, 0x7, 0xfe,
    0x80,

    /* U+529F "功" */
    0x0, 0x0, 0x0, 0x0, 0xa, 0xe0, 0x0, 0x0,
    0x0, 0x0, 0x0, 0x0, 0xae, 0x0, 0x0, 0x3b,
    0xbb, 0xbb, 0x70, 0xa, 0xd0, 0x0, 0x3, 0xbb,
    0xfd, 0xb8, 0x0, 0xad, 0x0, 0x0, 0x0, 0xf,
    0x70, 0x2f, 0xff, 0xff, 0xff, 0xd0, 0x0, 0xf7,
    0x1, 0x77, 0xed, 0x77, 0xdd, 0x0, 0xf, 0x70,
    0x0, 0xd, 0xa0, 0xb, 0xc0, 0x0, 0xf7, 0x0,
    0x0, 0xf8, 0x0, 0xcb, 0x0, 0xf, 0x70, 0x0,
    0x2f, 0x60, 0xd, 0xa0, 0x0, 0xf9, 0x6a, 0x7,
    0xf2, 0x0, 0xea, 0x16, 0xaf, 0xff, 0xc0, 0xdd,
    0x0, 0xf, 0x94, 0xfe, 0xa5, 0x10, 0x6f, 0x60,
    0x0, 0xf7, 0x3, 0x0, 0x0, 0x3f, 0xc0, 0x0,
    0x3f, 0x50, 0x0, 0x0, 0x5f, 0xe2, 0x7, 0x6b,
    0xf2, 0x0, 0x0, 0x8, 0xd2, 0x0, 0xbf, 0xf9,
    0x0, 0x0, 0x0, 0x0, 0x0, 0x0, 0x0, 0x0,

    /* U+52A0 "加" */
    0x0, 0x1f, 0x60, 0x0, 0x0, 0x0, 0x0, 0x0,
    0x1, 0xf6, 0x0, 0x0, 0x0, 0x0, 0x0, 0x0,
    0x1f, 0x60, 0x0, 0x9, 0xdd, 0xdd, 0x91, 0x88,
    0xfb, 0x88, 0x70, 0xbf, 0xee, 0xfb, 0x2f, 0xff,
    0xff, 0xfe, 0xb, 0xb0, 0xd, 0xb0, 0x2, 0xf5,
    0x9, 0xe0, 0xbb, 0x0, 0xdb, 0x0, 0x3f, 0x40,
    0x9e, 0xb, 0xb0, 0xd, 0xb0, 0x4, 0xf2, 0x9,
    0xd0, 0xbb, 0x0, 0xdb, 0x0, 0x6f, 0x10, 0xad,
    0xb, 0xb0, 0xd, 0xb0, 0x8, 0xe0, 0xb, 0xc0,
    0xbb, 0x0, 0xdb, 0x0, 0xcb, 0x0, 0xbc, 0xb,
    0xb0, 0xd, 0xb0, 0x1f, 0x70, 0xc, 0xb0, 0xbb,
    0x0, 0xdb, 0x7, 0xf2, 0x0, 0xe9, 0xb, 0xd8,
    0x8e, 0xb1, 0xeb, 0x6, 0x7f, 0x70, 0xbf, 0xff,
    0xfb, 0x4f, 0x30, 0xcf, 0xe2, 0xb, 0xb0, 0xd,
    0xb0, 0x20, 0x1, 0x10, 0x0, 0x11, 0x0, 0x0,

    /* U+52A8 "动" */
    0x0, 0x0, 0x0, 0x0, 0x0, 0xcb, 0x0, 0x0,
    0x2, 0x33, 0x33, 0x32, 0x0, 0xcb, 0x0, 0x0,
    0x9, 0xff, 0xff, 0xfa, 0x0, 0xcb, 0x0, 0x0,
    0x1, 0x22, 0x22, 0x21, 0x0, 0xda, 0x0, 0x0,
    0x0, 0x0, 0x0, 0x0, 0xce, 0xff, 0xee, 0xf6,
    0x17, 0x77, 0x77, 0x76, 0x89, 0xfd, 0x9a, 0xf6,
    0x2f, 0xff, 0xff, 0xfe, 0x0, 0xf8, 0x2, 0xf5,
    0x0, 0x2f, 0x60, 0x0, 0x1, 0xf6, 0x2, 0xf5,
    0x0, 0x6f, 0x13, 0xb0, 0x3, 0xf4, 0x3, 0xf4,
    0x0, 0xbc, 0x1, 0xf5, 0x6, 0xf1, 0x4, 0xf3,
    0x1, 0xf6, 0x2, 0xdb, 0xb, 0xe0, 0x5, 0xf2,
    0x8, 0xfc, 0xef, 0xff, 0x2f, 0x90, 0x6, 0xf1,
    0xd, 0xfb, 0x63, 0x1a, 0xaf, 0x30, 0x9, 0xf0,
    0x3, 0x0, 0x0, 0x4, 0xfa, 0x37, 0x7e, 0xc0,
    0x0, 0x0, 0x0, 0x4, 0xd1, 0x3f, 0xfd, 0x30,
    0x0, 0x0, 0x0, 0x0, 0x0, 0x0, 0x0, 0x0,

    /* U+5317 "北" */
    0x0, 0x0, 0x0, 0x0, 0x0, 0x0, 0x0, 0x0,
    0x0, 0x0, 0xf, 0x90, 0xf, 0x80, 0x0, 0x0,
    0x0, 0x0, 0xf, 0x90, 0xf, 0x80, 0x0, 0x0,
    0x0, 0x0, 0xf, 0x90, 0xf, 0x80, 0x0, 0x0,
    0x0, 0x0, 0xf, 0x90, 0xf, 0x80, 0x3, 0x60,
    0x8, 0x99, 0x9f, 0x90, 0xf, 0x80, 0x7f, 0xf1,
    0xe, 0xff, 0xff, 0x90, 0xf, 0xab, 0xfb, 0x20,
    0x0, 0x0, 0xf, 0x90, 0xf, 0xfe, 0x50, 0x0,
    0x0, 0x0, 0xf, 0x90, 0xf, 0xb0, 0x0, 0x0,
    0x0, 0x0, 0xf, 0x90, 0xf, 0x80, 0x0, 0x0,
    0x0, 0x0, 0xf, 0x90, 0xf, 0x80, 0x0, 0x0,
    0x0, 0x4, 0xaf, 0x90, 0xf, 0x80, 0x0, 0x62,
    0x29, 0xef, 0xef, 0x90, 0xf, 0x80, 0x0, 0xda,
    0x2f, 0xc5, 0xf, 0x90, 0xf, 0x80, 0x0, 0xe9,
    0x2, 0x0, 0xf, 0x90, 0xf, 0xd8, 0x89, 0xf5,
    0x0, 0x0, 0xf, 0x90, 0x7, 0xff, 0xff, 0xb0,

    /* U+533A "区" */
    0x8f, 0xff, 0xff, 0xff, 0xff, 0xff, 0xfd, 0x8,
    0xf7, 0x77, 0x77, 0x77, 0x77, 0x77, 0x60, 0x8e,
    0x0, 0x0, 0x0, 0x0, 0x87, 0x0, 0x8, 0xe0,
    0x6c, 0x10, 0x0, 0x4f, 0x80, 0x0, 0x8e, 0x2,
    0xee, 0x30, 0x1e, 0xd0, 0x0, 0x8, 0xe0, 0x1,
    0xcf, 0x5b, 0xf3, 0x0, 0x0, 0x8e, 0x0, 0x0,
    0xbf, 0xf5, 0x0, 0x0, 0x8, 0xe0, 0x0, 0xa,
    0xff, 0x90, 0x0, 0x0, 0x8e, 0x0, 0x1b, 0xf7,
    0x8f, 0xa0, 0x0, 0x8, 0xe0, 0x4e, 0xf6, 0x0,
    0x8f, 0xb0, 0x0, 0x8e, 0x2f, 0xe4, 0x0, 0x0,
    0x8f, 0x40, 0x8, 0xe0, 0x31, 0x0, 0x0, 0x0,
    0x40, 0x0, 0x8f, 0x88, 0x88, 0x88, 0x88, 0x88,
    0x88, 0x28, 0xff, 0xff, 0xff, 0xff, 0xff, 0xff,
    0xf4,

    /* U+5355 "单" */
    0x0, 0x0, 0x21, 0x0, 0x0, 0x3, 0x0, 0x0,
    0x0, 0x0, 0xec, 0x0, 0x0, 0x1f, 0xb0, 0x0,
    0x0, 0x0, 0x3f, 0x80, 0x0, 0xaf, 0x20, 0x0,
    0x0, 0x6b, 0xbf, 0xdb, 0xbb, 0xfe, 0xbb, 0x0,
    0x0, 0x9f, 0x88, 0x8d, 0xf8, 0x88, 0xcf, 0x0,
    0x0, 0x9e, 0x11, 0x1a, 0xf1, 0x11, 0x9f, 0x0,
    0x0, 0x9f, 0xff, 0xff, 0xff, 0xff, 0xff, 0x0,
    0x0, 0x9e, 0x22, 0x2b, 0xf2, 0x22, 0x9f, 0x0,
    0x0, 0x9f, 0x55, 0x5c, 0xf5, 0x55, 0xaf, 0x0,
    0x0, 0x8f, 0xff, 0xff, 0xff, 0xff, 0xff, 0x0,
    0x0, 0x0, 0x0, 0xa, 0xe0, 0x0, 0x0, 0x0,
    0xf, 0xff, 0xff, 0xff, 0xff, 0xff, 0xff, 0xf5,
    0x7, 0x77, 0x77, 0x7c, 0xf7, 0x77, 0x77, 0x72,
    0x0, 0x0, 0x0, 0xa, 0xe0, 0x0, 0x0, 0x0,
    0x0, 0x0, 0x0, 0xa, 0xe0, 0x0, 0x0, 0x0,

    /* U+5361 "卡" */
    0x0, 0x0, 0x0, 0x1f, 0x80, 0x0, 0x0, 0x0,
    0x0, 0x0, 0x0, 0x1f, 0x80, 0x0, 0x0, 0x0,
    0x0, 0x0, 0x0, 0x1f, 0xb6, 0x66, 0x65, 0x0,
    0x0, 0x0, 0x0, 0x1f, 0xff, 0xff, 0xfc, 0x0,
    0x0, 0x0, 0x0, 0x1f, 0x80, 0x0, 0x0, 0x0,
    0x0, 0x0, 0x0, 0x1f, 0x80, 0x0, 0x0, 0x0,
    0x1b, 0xbb, 0xbb, 0xbf, 0xdb, 0xbb, 0xbb, 0xb4,
    0x1c, 0xcc, 0xcc, 0xcf, 0xec, 0xcc, 0xcc, 0xc4,
    0x0, 0x0, 0x0, 0xf, 0x90, 0x0, 0x0, 0x0,
    0x0, 0x0, 0x0, 0xf, 0x99, 0x50, 0x0, 0x0,
    0x0, 0x0, 0x0, 0xf, 0xbb, 0xfe, 0x92, 0x0,
    0x0, 0x0, 0x0, 0xf, 0x90, 0x29, 0xff, 0x60,
    0x0, 0x0, 0x0, 0xf, 0x90, 0x0, 0x17, 0x0,
    0x0, 0x0, 0x0, 0xf, 0x90, 0x0, 0x0, 0x0,
    0x0, 0x0, 0x0, 0xf, 0x90, 0x0, 0x0, 0x0,

    /* U+5373 "即" */
    0x7, 0xff, 0xff, 0xff, 0xe, 0xff, 0xff, 0x90,
    0x7f, 0x65, 0x5b, 0xf0, 0xec, 0x66, 0xea, 0x7,
    0xf1, 0x0, 0x9f, 0xe, 0x90, 0xd, 0xa0, 0x7f,
    0x76, 0x6c, 0xf0, 0xe9, 0x0, 0xda, 0x7, 0xff,
    0xff, 0xff, 0xe, 0x90, 0xd, 0xa0, 0x7f, 0x10,
    0x9, 0xf0, 0xe9, 0x0, 0xda, 0x7, 0xf5, 0x44,
    0xbf, 0xe, 0x90, 0xd, 0xa0, 0x7f, 0xff, 0xff,
    0xf0, 0xe9, 0x0, 0xda, 0x7, 0xf2, 0x12, 0x20,
    0xe, 0x90, 0xd, 0xa0, 0x7f, 0x10, 0xda, 0x0,
    0xe9, 0x11, 0xda, 0x7, 0xf1, 0x7, 0xf3, 0xe,
    0x98, 0xff, 0x80, 0x8f, 0x9d, 0xff, 0xc0, 0xe9,
    0x15, 0x30, 0xe, 0xfe, 0x94, 0x6f, 0x2e, 0x90,
    0x0, 0x0, 0x74, 0x0, 0x0, 0x10, 0xe9, 0x0,
    0x0,

    /* U+5386 "历" */
    0x7, 0xff, 0xff, 0xff, 0xff, 0xff, 0xff, 0xf0,
    0x7f, 0x76, 0x66, 0x66, 0x66, 0x66, 0x66, 0x7,
    0xf0, 0x0, 0x3, 0x91, 0x0, 0x0, 0x0, 0x7f,
    0x0, 0x0, 0x6f, 0x20, 0x0, 0x0, 0x7, 0xf0,
    0x11, 0x17, 0xf2, 0x11, 0x12, 0x0, 0x7f, 0xe,
    0xff, 0xff, 0xff, 0xff, 0xf7, 0x8, 0xf0, 0x55,
    0x5c, 0xf5, 0x55, 0x6f, 0x70, 0x8f, 0x0, 0x0,
    0xcc, 0x0, 0x2, 0xf6, 0x9, 0xf0, 0x0, 0xf,
    0x90, 0x0, 0x3f, 0x40, 0xbd, 0x0, 0x5, 0xf5,
    0x0, 0x4, 0xf3, 0xd, 0xb0, 0x0, 0xde, 0x0,
    0x0, 0x6f, 0x11, 0xf8, 0x0, 0x9f, 0x50, 0x0,
    0x9, 0xf0, 0x5f, 0x41, 0xbf, 0x90, 0x7, 0x78,
    0xfb, 0x6, 0xe0, 0x4f, 0x70, 0x0, 0xbf, 0xfd,
    0x20, 0x0, 0x0, 0x0, 0x0, 0x0, 0x0, 0x0,
    0x0,

    /* U+538B "压" */
    0x6, 0xff, 0xff, 0xff, 0xff, 0xff, 0xff, 0xf1,
    0x6, 0xf7, 0x77, 0x77, 0x77, 0x77, 0x77, 0x70,
    0x6, 0xf1, 0x0, 0x0, 0x85, 0x0, 0x0, 0x0,
    0x6, 0xf1, 0x0, 0x0, 0xe9, 0x0, 0x0, 0x0,
    0x6, 0xf1, 0x0, 0x0, 0xe9, 0x0, 0x0, 0x0,
    0x6, 0xf1, 0x55, 0x55, 0xfc, 0x55, 0x55, 0x10,
    0x6, 0xf3, 0xff, 0xff, 0xff, 0xff, 0xff, 0x40,
    0x6, 0xf0, 0x11, 0x11, 0xfa, 0x11, 0x11, 0x0,
    0x7, 0xe0, 0x0, 0x0, 0xe9, 0x1d, 0x50, 0x0,
    0x9, 0xd0, 0x0, 0x0, 0xe9, 0x8, 0xf6, 0x0,
    0xc, 0xa0, 0x0, 0x0, 0xe9, 0x0, 0x9a, 0x0,
    0xf, 0x70, 0x0, 0x0, 0xe9, 0x0, 0x0, 0x0,
    0x5f, 0x5e, 0xee, 0xee, 0xff, 0xee, 0xee, 0xd0,
    0x6d, 0x19, 0x99, 0x99, 0x99, 0x99, 0x99, 0x80,
    0x0, 0x0, 0x0, 0x0, 0x0, 0x0, 0x0, 0x0,

    /* U+539F "原" */
    0x0, 0xef, 0xff, 0xff, 0xff, 0xff, 0xff, 0xf5,
    0x0, 0xec, 0x66, 0x66, 0xab, 0x76, 0x66, 0x61,
    0x0, 0xe9, 0x0, 0x0, 0xed, 0x0, 0x0, 0x0,
    0x0, 0xe9, 0x1f, 0xff, 0xff, 0xff, 0xff, 0x10,
    0x0, 0xe9, 0x1f, 0x83, 0x33, 0x33, 0x9f, 0x10,
    0x0, 0xe9, 0x1f, 0x73, 0x33, 0x33, 0x9f, 0x10,
    0x0, 0xe9, 0x1f, 0xee, 0xee, 0xee, 0xef, 0x10,
    0x0, 0xf8, 0x1f, 0x72, 0x22, 0x22, 0x8f, 0x10,
    0x1, 0xf6, 0x1f, 0xff, 0xff, 0xff, 0xff, 0x10,
    0x3, 0xf4, 0x0, 0x30, 0x4f, 0x30, 0x30, 0x0,
    0x7, 0xf1, 0xa, 0xf2, 0x4f, 0x36, 0xf5, 0x0,
    0xc, 0xd0, 0x8f, 0x50, 0x4f, 0x30, 0x9f, 0x40,
    0x2f, 0x74, 0xf7, 0x24, 0x7f, 0x20, 0xb, 0xf1,
    0x6, 0x10, 0x20, 0x2f, 0xfc, 0x0, 0x1, 0x30,
    0x0, 0x0, 0x0, 0x0, 0x0, 0x0, 0x0, 0x0,

    /* U+53C2 "参" */
    0x0, 0x0, 0x0, 0x53, 0x0, 0x0, 0x0, 0x0,
    0x0, 0x0, 0x8, 0xf9, 0x7, 0xe4, 0x0, 0x0,
    0x0, 0x3, 0xde, 0x50, 0x1, 0xbf, 0x80, 0x0,
    0x0, 0x7f, 0xff, 0xff, 0xff, 0xff, 0xfb, 0x0,
    0x0, 0x38, 0x76, 0xfc, 0x33, 0x21, 0x6c, 0x20,
    0x16, 0x66, 0x69, 0xfa, 0x66, 0x66, 0x66, 0x61,
    0x3f, 0xff, 0xff, 0xff, 0xff, 0xff, 0xff, 0xf3,
    0x0, 0x1, 0xde, 0x20, 0x31, 0xdd, 0x10, 0x0,
    0x0, 0x3e, 0xf5, 0x6c, 0xf7, 0x2e, 0xe4, 0x0,
    0x19, 0xfe, 0xbf, 0xd8, 0x13, 0x41, 0xcf, 0xb2,
    0xc, 0x91, 0x13, 0x15, 0xbf, 0x90, 0x7, 0xc1,
    0x0, 0x0, 0x9c, 0xfe, 0x92, 0x7, 0x91, 0x0,
    0x0, 0x0, 0x78, 0x40, 0x6, 0xdf, 0x80, 0x0,
    0x0, 0x0, 0x25, 0x8b, 0xff, 0xa2, 0x0, 0x0,
    0x0, 0x1f, 0xff, 0xda, 0x51, 0x0, 0x0, 0x0,
    0x0, 0x3, 0x30, 0x0, 0x0, 0x0, 0x0, 0x0,

    /* U+53CC "双" */
    0x3, 0x44, 0x44, 0x51, 0x44, 0x44, 0x44, 0x30,
    0xd, 0xff, 0xff, 0xf6, 0xff, 0xff, 0xff, 0xe0,
    0x2, 0x22, 0x25, 0xf4, 0xad, 0x22, 0x2c, 0xc0,
    0x0, 0x20, 0x5, 0xf2, 0x7f, 0x0, 0xe, 0x90,
    0x8, 0xe2, 0x9, 0xf0, 0x4f, 0x30, 0x2f, 0x60,
    0x1, 0xed, 0xd, 0xb0, 0xf, 0x70, 0x7f, 0x20,
    0x0, 0x3f, 0xbf, 0x70, 0xc, 0xc0, 0xdd, 0x0,
    0x0, 0x7, 0xff, 0x20, 0x7, 0xf5, 0xf7, 0x0,
    0x0, 0x0, 0xff, 0x30, 0x1, 0xff, 0xf0, 0x0,
    0x0, 0x5, 0xff, 0xd0, 0x0, 0xbf, 0x70, 0x0,
    0x0, 0xe, 0xd6, 0xf7, 0x3, 0xff, 0xa0, 0x0,
    0x0, 0xaf, 0x40, 0xc6, 0x3e, 0xea, 0xf8, 0x0,
    0x9, 0xf8, 0x0, 0x17, 0xfe, 0x20, 0xbf, 0xa1,
    0x1d, 0xa0, 0x0, 0x1e, 0xc1, 0x0, 0xa, 0xf3,
    0x1, 0x0, 0x0, 0x1, 0x0, 0x0, 0x0, 0x20,

    /* U+53D1 "发" */
    0x0, 0x0, 0x0, 0x7, 0x50, 0x2, 0x0, 0x0,
    0x0, 0xb, 0xd0, 0xf, 0xb0, 0xe, 0xb0, 0x0,
    0x0, 0x1f, 0x90, 0x2f, 0x90, 0x4, 0xf9, 0x0,
    0x0, 0x8f, 0x20, 0x6f, 0x50, 0x0, 0x52, 0x0,
    0x1, 0xff, 0xff, 0xff, 0xff, 0xff, 0xff, 0xf0,
    0x0, 0x97, 0x77, 0xfe, 0x77, 0x77, 0x77, 0x70,
    0x0, 0x0, 0x4, 0xf8, 0x0, 0x0, 0x0, 0x0,
    0x0, 0x0, 0xb, 0xff, 0xff, 0xff, 0xf8, 0x0,
    0x0, 0x0, 0x3f, 0xf9, 0x77, 0x7b, 0xf5, 0x0,
    0x0, 0x0, 0xdf, 0xeb, 0x0, 0xd, 0xd0, 0x0,
    0x0, 0xa, 0xf8, 0x3f, 0x80, 0xbf, 0x40, 0x0,
    0x0, 0xaf, 0xb0, 0x7, 0xfe, 0xf7, 0x0, 0x0,
    0x2c, 0xfa, 0x0, 0x5, 0xff, 0xe4, 0x0, 0x0,
    0x1d, 0x70, 0x27, 0xdf, 0xd6, 0xdf, 0xd7, 0x30,
    0x0, 0x0, 0xdf, 0xc5, 0x0, 0x6, 0xcf, 0xf2,
    0x0, 0x0, 0x21, 0x0, 0x0, 0x0, 0x1, 0x30,

    /* U+53D6 "取" */
    0x7f, 0xff, 0xff, 0xfa, 0x0, 0x0, 0x0, 0x0,
    0x4c, 0xf9, 0x9f, 0xd6, 0xbb, 0xbb, 0xbc, 0x70,
    0x7, 0xf0, 0xe, 0x90, 0xef, 0xbb, 0xbf, 0xa0,
    0x7, 0xf5, 0x5f, 0x90, 0x6f, 0x0, 0xf, 0x70,
    0x7, 0xff, 0xff, 0x90, 0x3f, 0x30, 0x3f, 0x40,
    0x7, 0xf0, 0xe, 0x90, 0xf, 0x70, 0x7f, 0x0,
    0x7, 0xf1, 0x1f, 0x90, 0xb, 0xc0, 0xdb, 0x0,
    0x7, 0xff, 0xff, 0x90, 0x5, 0xf6, 0xf5, 0x0,
    0x7, 0xf3, 0x3f, 0x90, 0x0, 0xff, 0xd0, 0x0,
    0x7, 0xf0, 0xe, 0xa5, 0x0, 0x9f, 0x60, 0x0,
    0x3b, 0xfc, 0xef, 0xfd, 0x1, 0xef, 0xc0, 0x0,
    0x6e, 0xc9, 0x6f, 0x90, 0x1d, 0xe6, 0xfa, 0x0,
    0x0, 0x0, 0xe, 0x93, 0xee, 0x20, 0x6f, 0xc1,
    0x0, 0x0, 0xe, 0x93, 0xc2, 0x0, 0x5, 0x90,
    0x0, 0x0, 0x0, 0x0, 0x0, 0x0, 0x0, 0x0,

    /* U+53D7 "受" */
    0x0, 0x0, 0x0, 0x0, 0x0, 0x0, 0x0, 0x0,
    0x0, 0x0, 0x1, 0x34, 0x57, 0x9b, 0xe9, 0x0,
    0x8, 0xff, 0xff, 0xff, 0xfe, 0xca, 0x75, 0x0,
    0x3, 0x7d, 0x53, 0x2c, 0x50, 0x1, 0xc5, 0x0,
    0x0, 0x1f, 0x70, 0xc, 0xb0, 0x7, 0xf3, 0x0,
    0x0, 0xa, 0xc0, 0x8, 0xc0, 0xe, 0xa0, 0x0,
    0xe, 0xff, 0xff, 0xff, 0xff, 0xff, 0xff, 0xe0,
    0xe, 0xb6, 0x66, 0x66, 0x66, 0x66, 0x6b, 0xe0,
    0xe, 0x80, 0x0, 0x0, 0x0, 0x0, 0x8, 0xe0,
    0x6, 0x3d, 0xff, 0xff, 0xff, 0xff, 0xa3, 0x60,
    0x0, 0x7, 0xfa, 0x66, 0x66, 0xbf, 0x60, 0x0,
    0x0, 0x0, 0xaf, 0x50, 0x5, 0xfa, 0x0, 0x0,
    0x0, 0x0, 0xa, 0xf9, 0x9f, 0xb0, 0x0, 0x0,
    0x0, 0x0, 0x2, 0xdf, 0xfe, 0x30, 0x0, 0x0,
    0x3, 0x69, 0xdf, 0xf9, 0x9f, 0xfe, 0xa7, 0x40,
    0xc, 0xfe, 0xa5, 0x0, 0x1, 0x5a, 0xef, 0xb0,
    0x1, 0x10, 0x0, 0x0, 0x0, 0x0, 0x1, 0x10,

    /* U+53D8 "变" */
    0x0, 0x0, 0x0, 0x6, 0x30, 0x0, 0x0, 0x0,
    0x0, 0x0, 0x0, 0xc, 0xd0, 0x0, 0x0, 0x0,
    0xb, 0xdd, 0xdd, 0xde, 0xfd, 0xdd, 0xdd, 0xb0,
    0x7, 0x88, 0x8d, 0xf8, 0x8f, 0xc8, 0x88, 0x70,
    0x0, 0xb, 0x79, 0xe0, 0xe, 0x96, 0x90, 0x0,
    0x0, 0x6f, 0x39, 0xe0, 0xe, 0x93, 0xe9, 0x0,
    0x4, 0xf9, 0x9, 0xe0, 0xe, 0x90, 0x3f, 0x70,
    0x1, 0x80, 0x9, 0xe0, 0xe, 0x90, 0x6, 0x30,
    0x0, 0x46, 0x68, 0x96, 0x68, 0x76, 0x60, 0x0,
    0x0, 0xbf, 0xff, 0xff, 0xff, 0xff, 0xf3, 0x0,
    0x0, 0x2, 0xfa, 0x0, 0x0, 0x4f, 0x90, 0x0,
    0x0, 0x0, 0x4f, 0xc2, 0x8, 0xf9, 0x0, 0x0,
    0x0, 0x0, 0x2, 0xdf, 0xef, 0x50, 0x0, 0x0,
    0x0, 0x14, 0x8c, 0xfe, 0xef, 0xc8, 0x41, 0x0,
    0xd, 0xff, 0xea, 0x50, 0x5, 0xae, 0xff, 0xe1,
    0x3, 0x52, 0x0, 0x0, 0x0, 0x0, 0x25, 0x40,

    /* U+53E3 "口" */
    0xdf, 0xff, 0xff, 0xff, 0xff, 0xff, 0x7e, 0xd9,
    0x99, 0x99, 0x99, 0x9a, 0xf8, 0xea, 0x0, 0x0,
    0x0, 0x0, 0x2f, 0x8e, 0xa0, 0x0, 0x0, 0x0,
    0x2, 0xf8, 0xea, 0x0, 0x0, 0x0, 0x0, 0x2f,
    0x8e, 0xa0, 0x0, 0x0, 0x0, 0x2, 0xf8, 0xea,
    0x0, 0x0, 0x0, 0x0, 0x2f, 0x8e, 0xa0, 0x0,
    0x0, 0x0, 0x2, 0xf8, 0xea, 0x0, 0x0, 0x0,
    0x0, 0x2f, 0x8e, 0xa0, 0x0, 0x0, 0x0, 0x2,
    0xf8, 0xef, 0xff, 0xff, 0xff, 0xff, 0xff, 0x8e,
    0xe9, 0x99, 0x99, 0x99, 0x9a, 0xf8, 0xea, 0x0,
    0x0, 0x0, 0x0, 0x2f, 0x80, 0x0, 0x0, 0x0,
    0x0, 0x0, 0x0,

    /* U+53EA "只" */
    0x0, 0x25, 0x55, 0x55, 0x55, 0x55, 0x52, 0x0,
    0x0, 0x8f, 0xff, 0xff, 0xff, 0xff, 0xf9, 0x0,
    0x0, 0x8f, 0x22, 0x22, 0x22, 0x22, 0xf9, 0x0,
    0x0, 0x8f, 0x0, 0x0, 0x0, 0x0, 0xf9, 0x0,
    0x0, 0x8f, 0x0, 0x0, 0x0, 0x0, 0xf9, 0x0,
    0x0, 0x8f, 0x0, 0x0, 0x0, 0x0, 0xf9, 0x0,
    0x0, 0x8f, 0x55, 0x55, 0x55, 0x55, 0xf9, 0x0,
    0x0, 0x8f, 0xff, 0xff, 0xff, 0xff, 0xf9, 0x0,
    0x0, 0x12, 0x22, 0x22, 0x22, 0x22, 0x21, 0x0,
    0x0, 0x0, 0x6, 0x10, 0x0, 0x61, 0x0, 0x0,
    0x0, 0x0, 0x9f, 0x70, 0x4, 0xfd, 0x20, 0x0,
    0x0, 0xa, 0xf9, 0x0, 0x0, 0x3e, 0xe4, 0x0,
    0x2, 0xcf, 0x80, 0x0, 0x0, 0x1, 0xdf, 0x40,
    0xd, 0xf5, 0x0, 0x0, 0x0, 0x0, 0x1d, 0xd0,
    0x1, 0x10, 0x0, 0x0, 0x0, 0x0, 0x1, 0x0,

    /* U+53EF "可" */
    0x66, 0x66, 0x66, 0x66, 0x66, 0x66, 0x66, 0x2f,
    0xff, 0xff, 0xff, 0xff, 0xff, 0xff, 0xf6, 0x12,
    0x22, 0x22, 0x22, 0x22, 0x3f, 0x92, 0x0, 0x0,
    0x0, 0x0, 0x0, 0x1, 0xf8, 0x0, 0x8, 0xff,
    0xff, 0xff, 0x10, 0x1f, 0x80, 0x0, 0x9f, 0x77,
    0x7b, 0xf1, 0x1, 0xf8, 0x0, 0x9, 0xe0, 0x0,
    0x7f, 0x10, 0x1f, 0x80, 0x0, 0x9e, 0x0, 0x7,
    0xf1, 0x1, 0xf8, 0x0, 0x9, 0xe2, 0x22, 0x8f,
    0x10, 0x1f, 0x80, 0x0, 0x9f, 0xff, 0xff, 0xf1,
    0x1, 0xf8, 0x0, 0x9, 0xe5, 0x55, 0x55, 0x0,
    0x1f, 0x80, 0x0, 0x58, 0x0, 0x0, 0x0, 0x1,
    0xf8, 0x0, 0x0, 0x0, 0x0, 0x5, 0x88, 0xaf,
    0x70, 0x0, 0x0, 0x0, 0x0, 0x4f, 0xff, 0xb1,
    0x0, 0x0, 0x0, 0x0, 0x0, 0x0, 0x0, 0x0,
    0x0,

    /* U+53F0 "台" */
    0x0, 0x0, 0x2a, 0x30, 0x0, 0x0, 0x0, 0x0,
    0x0, 0xcf, 0x20, 0x0, 0x0, 0x0, 0x0, 0x8,
    0xf5, 0x0, 0x8c, 0x10, 0x0, 0x0, 0x6f, 0x70,
    0x0, 0x4f, 0xc0, 0x0, 0x5, 0xf8, 0x0, 0x0,
    0x5, 0xfc, 0x0, 0x7f, 0xfc, 0xde, 0xef, 0xff,
    0xff, 0xa0, 0x6e, 0xca, 0x98, 0x87, 0x65, 0x4a,
    0xf4, 0x0, 0x0, 0x0, 0x0, 0x0, 0x0, 0x70,
    0x3, 0x88, 0x88, 0x88, 0x88, 0x86, 0x0, 0x7,
    0xff, 0xff, 0xff, 0xff, 0xfd, 0x0, 0x7, 0xf1,
    0x0, 0x0, 0x0, 0xcd, 0x0, 0x7, 0xf1, 0x0,
    0x0, 0x0, 0xcd, 0x0, 0x7, 0xf1, 0x0, 0x0,
    0x0, 0xcd, 0x0, 0x7, 0xff, 0xff, 0xff, 0xff,
    0xfd, 0x0, 0x7, 0xf8, 0x77, 0x77, 0x77, 0xed,
    0x0, 0x0, 0x0, 0x0, 0x0, 0x0, 0x0, 0x0,

    /* U+53F2 "史" */
    0x0, 0x0, 0x0, 0xa, 0xe0, 0x0, 0x0, 0x0,
    0x0, 0x0, 0x0, 0xa, 0xe0, 0x0, 0x0, 0x0,
    0x0, 0x11, 0x11, 0x1a, 0xf1, 0x11, 0x11, 0x0,
    0x2, 0xff, 0xff, 0xff, 0xff, 0xff, 0xff, 0x60,
    0x2, 0xf9, 0x66, 0x6c, 0xf6, 0x66, 0x7f, 0x60,
    0x2, 0xf5, 0x0, 0xa, 0xe0, 0x0, 0x2f, 0x60,
    0x2, 0xf5, 0x0, 0xa, 0xe0, 0x0, 0x2f, 0x60,
    0x2, 0xff, 0xff, 0xff, 0xff, 0xff, 0xff, 0x60,
    0x1, 0x88, 0x88, 0x8e, 0xe8, 0x88, 0x88, 0x30,
    0x0, 0x3f, 0x60, 0xe, 0xb0, 0x0, 0x0, 0x0,
    0x0, 0xb, 0xf3, 0x4f, 0x60, 0x0, 0x0, 0x0,
    0x0, 0x1, 0xef, 0xed, 0x0, 0x0, 0x0, 0x0,
    0x0, 0x0, 0x9f, 0xfd, 0x62, 0x0, 0x0, 0x0,
    0x16, 0xaf, 0xfb, 0x6c, 0xff, 0xec, 0xb9, 0x84,
    0xd, 0xe9, 0x30, 0x0, 0x26, 0x9b, 0xdf, 0xf2,
    0x0, 0x0, 0x0, 0x0, 0x0, 0x0, 0x0, 0x0,

    /* U+53F7 "号" */
    0x0, 0x2f, 0xff, 0xff, 0xff, 0xff, 0xf1, 0x0,
    0x2, 0xf9, 0x55, 0x55, 0x55, 0xaf, 0x10, 0x0,
    0x2f, 0x60, 0x0, 0x0, 0x7, 0xf1, 0x0, 0x2,
    0xff, 0xee, 0xee, 0xee, 0xff, 0x10, 0x0, 0x6,
    0x66, 0x66, 0x66, 0x66, 0x60, 0x0, 0x11, 0x11,
    0x11, 0x11, 0x11, 0x11, 0x11, 0x1f, 0xff, 0xff,
    0xff, 0xff, 0xff, 0xff, 0xf0, 0x44, 0x4f, 0xc4,
    0x44, 0x44, 0x44, 0x44, 0x0, 0x5, 0xf8, 0x33,
    0x33, 0x33, 0x30, 0x0, 0x0, 0xaf, 0xff, 0xff,
    0xff, 0xff, 0x10, 0x0, 0x2, 0x32, 0x22, 0x22,
    0x2c, 0xe0, 0x0, 0x0, 0x0, 0x0, 0x0, 0x0,
    0xfb, 0x0, 0x0, 0x0, 0x0, 0x6, 0x65, 0x9f,
    0x60, 0x0, 0x0, 0x0, 0x0, 0x9f, 0xff, 0xa0,
    0x0, 0x0, 0x0, 0x0, 0x0, 0x0, 0x0, 0x0,
    0x0,

    /* U+540C "同" */
    0x8f, 0xff, 0xff, 0xff, 0xff, 0xff, 0xfa, 0x8f,
    0x66, 0x66, 0x66, 0x66, 0x66, 0xea, 0x8e, 0x0,
    0x0, 0x0, 0x0, 0x0, 0xda, 0x8e, 0xe, 0xff,
    0xff, 0xff, 0xf2, 0xda, 0x8e, 0x5, 0x55, 0x55,
    0x55, 0x50, 0xda, 0x8e, 0x0, 0x11, 0x11, 0x11,
    0x0, 0xda, 0x8e, 0x3, 0xff, 0xff, 0xff, 0x50,
    0xda, 0x8e, 0x3, 0xf5, 0x33, 0x4f, 0x50, 0xda,
    0x8e, 0x3, 0xf2, 0x0, 0x1f, 0x50, 0xda, 0x8e,
    0x3, 0xf4, 0x22, 0x2f, 0x50, 0xda, 0x8e, 0x3,
    0xff, 0xff, 0xff, 0x50, 0xda, 0x8e, 0x3, 0xf4,
    0x22, 0x22, 0x0, 0xda, 0x8e, 0x1, 0x40, 0x0,
    0x0, 0x77, 0xe9, 0x8e, 0x0, 0x0, 0x0, 0x0,
    0xcf, 0xd3,

    /* U+540D "名" */
    0x0, 0x0, 0x0, 0x66, 0x0, 0x0, 0x0, 0x0,
    0x0, 0x6, 0xf9, 0x0, 0x0, 0x0, 0x0, 0x0,
    0x6f, 0xff, 0xff, 0xff, 0xf5, 0x0, 0x9, 0xfc,
    0x66, 0x66, 0x6e, 0xf2, 0x5, 0xdf, 0x90, 0x0,
    0x0, 0x7f, 0x70, 0x5, 0xd4, 0x7e, 0x30, 0x7,
    0xfa, 0x0, 0x0, 0x0, 0x2d, 0xf6, 0xaf, 0x90,
    0x0, 0x0, 0x0, 0x1, 0xef, 0xf6, 0x0, 0x0,
    0x0, 0x1, 0x7e, 0xff, 0x86, 0x66, 0x74, 0x18,
    0xcf, 0xff, 0xff, 0xff, 0xff, 0xfb, 0xb, 0xb6,
    0xf8, 0x0, 0x0, 0x0, 0xdb, 0x0, 0x0, 0xf8,
    0x0, 0x0, 0x0, 0xdb, 0x0, 0x0, 0xf8, 0x0,
    0x0, 0x0, 0xdb, 0x0, 0x0, 0xff, 0xff, 0xff,
    0xff, 0xfb, 0x0, 0x0, 0xfb, 0x66, 0x66, 0x66,
    0xeb,

    /* U+540E "后" */
    0x0, 0x0, 0x0, 0x0, 0x0, 0x1, 0x50, 0x0,
    0x0, 0x24, 0x45, 0x78, 0xac, 0xff, 0xfa, 0x0,
    0x0, 0xbf, 0xff, 0xfd, 0xba, 0x75, 0x20, 0x0,
    0x0, 0xbe, 0x10, 0x0, 0x0, 0x0, 0x0, 0x0,
    0x0, 0xbe, 0x11, 0x11, 0x11, 0x11, 0x11, 0x10,
    0x0, 0xbf, 0xff, 0xff, 0xff, 0xff, 0xff, 0xf5,
    0x0, 0xbf, 0x66, 0x66, 0x66, 0x66, 0x66, 0x62,
    0x0, 0xbd, 0x0, 0x0, 0x0, 0x0, 0x0, 0x0,
    0x0, 0xcc, 0x5, 0x77, 0x77, 0x77, 0x77, 0x0,
    0x0, 0xea, 0xc, 0xff, 0xff, 0xff, 0xff, 0x0,
    0x0, 0xf8, 0xc, 0xc0, 0x0, 0x0, 0x9f, 0x0,
    0x4, 0xf4, 0xc, 0xc0, 0x0, 0x0, 0x9f, 0x0,
    0x9, 0xf0, 0xc, 0xc0, 0x0, 0x0, 0x9f, 0x0,
    0x1f, 0x90, 0xc, 0xff, 0xff, 0xff, 0xff, 0x0,
    0x3c, 0x20, 0xc, 0xe7, 0x77, 0x77, 0xcf, 0x0,
    0x0, 0x0, 0x0, 0x0, 0x0, 0x0, 0x0, 0x0,

    /* U+5410 "吐" */
    0x0, 0x0, 0x0, 0x0, 0xf, 0x90, 0x0, 0x1,
    0x21, 0x11, 0x0, 0x0, 0xf9, 0x0, 0x0, 0xaf,
    0xff, 0xe0, 0x0, 0xf, 0x90, 0x0, 0xa, 0xd6,
    0xbe, 0x0, 0x0, 0xf9, 0x0, 0x0, 0xab, 0x8,
    0xe0, 0x0, 0xf, 0x90, 0x0, 0xa, 0xb0, 0x8e,
    0x38, 0x88, 0xfc, 0x88, 0x81, 0xab, 0x8, 0xe5,
    0xff, 0xff, 0xff, 0xff, 0x2a, 0xb0, 0x8e, 0x0,
    0x0, 0xf9, 0x0, 0x0, 0xab, 0x8, 0xe0, 0x0,
    0xf, 0x90, 0x0, 0xa, 0xc1, 0x8e, 0x0, 0x0,
    0xf9, 0x0, 0x0, 0xaf, 0xff, 0xe0, 0x0, 0xf,
    0x90, 0x0, 0xa, 0xd6, 0x65, 0x0, 0x0, 0xf9,
    0x0, 0x0, 0x67, 0x0, 0x0, 0x0, 0xf, 0x90,
    0x0, 0x0, 0x0, 0x6, 0xdd, 0xdd, 0xfe, 0xdd,
    0xd8, 0x0, 0x0, 0x5a, 0xaa, 0xaa, 0xaa, 0xaa,
    0x70,

    /* U+541E "吞" */
    0x3, 0xff, 0xff, 0xff, 0xff, 0xff, 0xff, 0x50,
    0x1, 0x66, 0x66, 0xaf, 0x96, 0x66, 0x66, 0x20,
    0x0, 0x0, 0x0, 0xaf, 0x0, 0x0, 0x0, 0x0,
    0x0, 0x0, 0x2, 0xfa, 0x0, 0x0, 0x0, 0x0,
    0x3f, 0xff, 0xff, 0xff, 0xff, 0xff, 0xff, 0xf3,
    0x16, 0x66, 0xaf, 0xb6, 0x6c, 0xf7, 0x66, 0x61,
    0x0, 0x3, 0xfd, 0x0, 0x2, 0xec, 0x10, 0x0,
    0x0, 0x4e, 0xf5, 0x22, 0x22, 0x5f, 0xe4, 0x0,
    0x19, 0xff, 0xff, 0xff, 0xff, 0xff, 0xff, 0xc3,
    0x3f, 0xad, 0xc3, 0x33, 0x33, 0x3c, 0xe7, 0xe2,
    0x1, 0xd, 0xb0, 0x0, 0x0, 0xb, 0xe0, 0x0,
    0x0, 0xd, 0xb0, 0x0, 0x0, 0xb, 0xe0, 0x0,
    0x0, 0xd, 0xff, 0xff, 0xff, 0xff, 0xe0, 0x0,
    0x0, 0xd, 0xd7, 0x77, 0x77, 0x7d, 0xe0, 0x0,
    0x0, 0x0, 0x0, 0x0, 0x0, 0x0, 0x0, 0x0,

    /* U+542F "启" */
    0x0, 0x0, 0x0, 0x4, 0x40, 0x0, 0x0, 0x0,
    0x0, 0x0, 0x0, 0xde, 0x0, 0x0, 0x0, 0x0,
    0x24, 0x44, 0x49, 0xf7, 0x44, 0x44, 0x0, 0x9,
    0xff, 0xff, 0xff, 0xff, 0xff, 0xf1, 0x0, 0x9f,
    0x22, 0x22, 0x22, 0x22, 0x8f, 0x10, 0x9, 0xf0,
    0x0, 0x0, 0x0, 0x7, 0xf1, 0x0, 0x9f, 0xff,
    0xff, 0xff, 0xff, 0xff, 0x10, 0x9, 0xf7, 0x77,
    0x77, 0x77, 0x77, 0x70, 0x0, 0xae, 0x1, 0x11,
    0x11, 0x11, 0x11, 0x0, 0xb, 0xc7, 0xff, 0xff,
    0xff, 0xff, 0xf6, 0x0, 0xea, 0x7f, 0x55, 0x55,
    0x55, 0x7f, 0x60, 0x1f, 0x77, 0xf0, 0x0, 0x0,
    0x2, 0xf6, 0x6, 0xf2, 0x7f, 0x0, 0x0, 0x0,
    0x3f, 0x60, 0xdc, 0x7, 0xff, 0xff, 0xff, 0xff,
    0xf6, 0x2d, 0x30, 0x7f, 0x55, 0x55, 0x55, 0x7f,
    0x60, 0x0, 0x0, 0x0, 0x0, 0x0, 0x0, 0x0,

    /* U+544A "告" */
    0x0, 0x6, 0x90, 0xa, 0xf0, 0x0, 0x0, 0x0,
    0x0, 0xeb, 0x0, 0xaf, 0x0, 0x0, 0x0, 0x0,
    0x6f, 0x84, 0x4c, 0xf4, 0x44, 0x43, 0x0, 0xe,
    0xff, 0xff, 0xff, 0xff, 0xff, 0xc0, 0xa, 0xf4,
    0x11, 0x1b, 0xf1, 0x11, 0x11, 0x0, 0x88, 0x0,
    0x0, 0xaf, 0x0, 0x0, 0x0, 0x3d, 0xdd, 0xdd,
    0xdf, 0xfd, 0xdd, 0xdd, 0xc2, 0x99, 0x99, 0x99,
    0x99, 0x99, 0x99, 0x98, 0x0, 0x0, 0x0, 0x0,
    0x0, 0x0, 0x0, 0x0, 0x5, 0xff, 0xff, 0xff,
    0xff, 0xfe, 0x0, 0x0, 0x5f, 0x87, 0x77, 0x77,
    0x7d, 0xe0, 0x0, 0x5, 0xf3, 0x0, 0x0, 0x0,
    0xae, 0x0, 0x0, 0x5f, 0x30, 0x0, 0x0, 0xa,
    0xe0, 0x0, 0x5, 0xff, 0xff, 0xff, 0xff, 0xfe,
    0x0, 0x0, 0x5f, 0x87, 0x77, 0x77, 0x7d, 0xe0,
    0x0, 0x0, 0x0, 0x0, 0x0, 0x0, 0x0, 0x0,

    /* U+5468 "周" */
    0x0, 0xcf, 0xff, 0xff, 0xff, 0xff, 0xff, 0x70,
    0xc, 0xd6, 0x66, 0x89, 0x66, 0x67, 0xf7, 0x0,
    0xcb, 0x0, 0x8, 0xd0, 0x0, 0x1f, 0x70, 0xc,
    0xb4, 0xff, 0xff, 0xff, 0x81, 0xf7, 0x0, 0xcb,
    0x13, 0x39, 0xe3, 0x32, 0x1f, 0x70, 0xc, 0xb0,
    0x11, 0x8d, 0x11, 0x11, 0xf7, 0x0, 0xcb, 0xbf,
    0xff, 0xff, 0xff, 0x1f, 0x70, 0xd, 0xa1, 0x22,
    0x22, 0x22, 0x21, 0xf7, 0x0, 0xf8, 0xb, 0xff,
    0xff, 0xf3, 0x1f, 0x70, 0x1f, 0x60, 0xca, 0x33,
    0x5f, 0x31, 0xf7, 0x4, 0xf3, 0xc, 0x90, 0x2,
    0xf3, 0x1f, 0x70, 0x9e, 0x0, 0xcf, 0xff, 0xff,
    0x31, 0xf7, 0x1f, 0x90, 0xc, 0xb3, 0x33, 0x86,
    0x6f, 0x63, 0xd1, 0x0, 0x10, 0x0, 0x8, 0xff,
    0xc2, 0x0, 0x0, 0x0, 0x0, 0x0, 0x0, 0x0,
    0x0,

    /* U+547D "命" */
    0x0, 0x0, 0x0, 0x4, 0x40, 0x0, 0x0, 0x0,
    0x0, 0x0, 0x0, 0x4f, 0xf0, 0x0, 0x0, 0x0,
    0x0, 0x0, 0x7, 0xfc, 0xec, 0x20, 0x0, 0x0,
    0x0, 0x3, 0xcf, 0x90, 0x2e, 0xf7, 0x0, 0x0,
    0x5, 0xbf, 0xf9, 0x55, 0x56, 0xef, 0xf9, 0x30,
    0x6f, 0xe7, 0xaf, 0xff, 0xff, 0xf4, 0xbf, 0xd0,
    0x4, 0x0, 0x0, 0x0, 0x0, 0x0, 0x2, 0x20,
    0x4, 0xff, 0xff, 0xc0, 0xaf, 0xff, 0xfe, 0x0,
    0x4, 0xf7, 0x5c, 0xc0, 0xbd, 0x66, 0xbf, 0x0,
    0x4, 0xf1, 0xa, 0xc0, 0xbc, 0x0, 0x8f, 0x0,
    0x4, 0xf1, 0xa, 0xc0, 0xbc, 0x0, 0x8f, 0x0,
    0x4, 0xf9, 0x8d, 0xc0, 0xbc, 0x1, 0x9e, 0x0,
    0x4, 0xfd, 0xdd, 0xa0, 0xbc, 0x4f, 0xfc, 0x0,
    0x4, 0xf1, 0x0, 0x0, 0xbc, 0x4, 0x30, 0x0,
    0x0, 0x20, 0x0, 0x0, 0xbc, 0x0, 0x0, 0x0,

    /* U+5668 "器" */
    0x0, 0xff, 0xff, 0xf1, 0x4f, 0xff, 0xff, 0x10,
    0x0, 0xf8, 0x48, 0xf1, 0x4f, 0x64, 0x9f, 0x10,
    0x0, 0xf5, 0x5, 0xf1, 0x4f, 0x20, 0x6f, 0x10,
    0x0, 0xf9, 0x69, 0xf1, 0x4f, 0x76, 0xaf, 0x10,
    0x0, 0xee, 0xee, 0xe4, 0x3e, 0xfe, 0xee, 0x0,
    0x0, 0x0, 0x0, 0xae, 0x10, 0x9e, 0x70, 0x0,
    0x3f, 0xff, 0xff, 0xff, 0xff, 0xff, 0xff, 0xf3,
    0x16, 0x66, 0xbf, 0xa6, 0x6b, 0xfa, 0x66, 0x61,
    0x0, 0x9, 0xf9, 0x0, 0x0, 0xaf, 0x80, 0x0,
    0x17, 0xef, 0xc6, 0x60, 0x16, 0x6d, 0xfe, 0x71,
    0x3f, 0xfe, 0xee, 0xf1, 0x3f, 0xee, 0xef, 0xf2,
    0x0, 0xf6, 0x5, 0xf1, 0x3f, 0x20, 0x6f, 0x10,
    0x0, 0xf9, 0x59, 0xf1, 0x3f, 0x75, 0x9f, 0x10,
    0x0, 0xff, 0xff, 0xf1, 0x3f, 0xff, 0xff, 0x10,
    0x0, 0x10, 0x0, 0x0, 0x1, 0x0, 0x0, 0x0,

    /* U+566A "噪" */
    0x12, 0x11, 0x0, 0x6f, 0xff, 0xff, 0x80, 0xc,
    0xff, 0xf1, 0x6, 0xe1, 0x11, 0xe8, 0x0, 0xca,
    0x6f, 0x10, 0x6f, 0x66, 0x6e, 0x80, 0xc, 0x71,
    0xf1, 0x3, 0x99, 0x99, 0x94, 0x0, 0xc7, 0x1f,
    0x4d, 0xdd, 0xd3, 0xdd, 0xdd, 0x1c, 0x71, 0xf4,
    0xf5, 0x3f, 0x4f, 0x35, 0xf1, 0xc7, 0x1f, 0x4f,
    0x20, 0xf4, 0xf0, 0x2f, 0x1c, 0x71, 0xf4, 0xff,
    0xff, 0x5f, 0xff, 0xf1, 0xc8, 0x3f, 0x10, 0x0,
    0x3f, 0x20, 0x0, 0xc, 0xff, 0xf8, 0xff, 0xff,
    0xff, 0xff, 0xf4, 0xca, 0x55, 0x24, 0x4a, 0xff,
    0xf8, 0x44, 0x17, 0x40, 0x0, 0x2a, 0xf8, 0xf9,
    0xf7, 0x0, 0x0, 0x2, 0xaf, 0xc2, 0x3f, 0x24,
    0xee, 0x30, 0x0, 0x8, 0x40, 0x3, 0xf2, 0x0,
    0x60,

    /* U+56DE "回" */
    0xcf, 0xff, 0xff, 0xff, 0xff, 0xff, 0xfc, 0xce,
    0x88, 0x88, 0x88, 0x88, 0x88, 0xfc, 0xcc, 0x0,
    0x0, 0x0, 0x0, 0x0, 0xdc, 0xcc, 0x0, 0x22,
    0x22, 0x22, 0x0, 0xdc, 0xcc, 0x3, 0xff, 0xff,
    0xff, 0x10, 0xdc, 0xcc, 0x3, 0xf5, 0x33, 0x8f,
    0x10, 0xdc, 0xcc, 0x3, 0xf3, 0x0, 0x7f, 0x10,
    0xdc, 0xcc, 0x3, 0xf3, 0x0, 0x7f, 0x10, 0xdc,
    0xcc, 0x3, 0xf8, 0x66, 0xaf, 0x10, 0xdc, 0xcc,
    0x3, 0xff, 0xff, 0xff, 0x10, 0xdc, 0xcc, 0x0,
    0x0, 0x0, 0x0, 0x0, 0xdc, 0xcc, 0x0, 0x0,
    0x0, 0x0, 0x0, 0xdc, 0xcf, 0xff, 0xff, 0xff,
    0xff, 0xff, 0xfc, 0xce, 0x77, 0x77, 0x77, 0x77,
    0x77, 0xec,

    /* U+56FA "固" */
    0xaf, 0xff, 0xff, 0xff, 0xff, 0xff, 0xfb, 0xae,
    0x66, 0x66, 0x66, 0x66, 0x66, 0xeb, 0xad, 0x0,
    0x0, 0xb6, 0x0, 0x0, 0xdb, 0xad, 0x1, 0x11,
    0xf8, 0x11, 0x10, 0xdb, 0xad, 0x7f, 0xff, 0xff,
    0xff, 0xf3, 0xdb, 0xad, 0x12, 0x22, 0xf9, 0x22,
    0x20, 0xdb, 0xad, 0x0, 0x0, 0xe8, 0x0, 0x0,
    0xdb, 0xad, 0x6, 0xff, 0xff, 0xff, 0x80, 0xdb,
    0xad, 0x6, 0xf2, 0x22, 0x2e, 0x80, 0xdb, 0xad,
    0x6, 0xf3, 0x33, 0x3f, 0x80, 0xdb, 0xad, 0x5,
    0xff, 0xff, 0xff, 0x70, 0xdb, 0xad, 0x0, 0x0,
    0x0, 0x0, 0x0, 0xdb, 0xaf, 0xff, 0xff, 0xff,
    0xff, 0xff, 0xfb, 0xae, 0x77, 0x77, 0x77, 0x77,
    0x77, 0xeb,

    /* U+56FE "图" */
    0xbf, 0xff, 0xff, 0xff, 0xff, 0xff, 0xfa, 0xbd,
    0x66, 0x68, 0x86, 0x66, 0x66, 0xea, 0xbb, 0x0,
    0x2e, 0x90, 0x0, 0x0, 0xda, 0xbb, 0x2, 0xef,
    0xff, 0xff, 0xe0, 0xda, 0xbb, 0x5e, 0xfb, 0x21,
    0x7f, 0x60, 0xda, 0xbb, 0x49, 0x2d, 0xca, 0xf5,
    0x0, 0xda, 0xbb, 0x0, 0x5b, 0xff, 0xd5, 0x10,
    0xda, 0xbc, 0xbf, 0xfc, 0x41, 0x9e, 0xfb, 0xda,
    0xbb, 0x66, 0x1b, 0xfa, 0x50, 0x43, 0xda, 0xbb,
    0x0, 0x20, 0x27, 0xd4, 0x0, 0xda, 0xbb, 0x4,
    0xff, 0xd9, 0x62, 0x0, 0xda, 0xbb, 0x0, 0x2,
    0x59, 0xdf, 0x60, 0xda, 0xbd, 0x66, 0x66, 0x66,
    0x68, 0x76, 0xea, 0xbf, 0xff, 0xff, 0xff, 0xff,
    0xff, 0xfa,

    /* U+5728 "在" */
    0x0, 0x0, 0x0, 0x62, 0x0, 0x0, 0x0, 0x0,
    0x0, 0x0, 0x3, 0xf7, 0x0, 0x0, 0x0, 0x0,
    0x2, 0x22, 0x29, 0xf4, 0x22, 0x22, 0x22, 0x20,
    0x1f, 0xff, 0xff, 0xff, 0xff, 0xff, 0xff, 0xf1,
    0x5, 0x55, 0xbf, 0x75, 0x55, 0x55, 0x55, 0x50,
    0x0, 0x1, 0xfb, 0x0, 0x7, 0xe0, 0x0, 0x0,
    0x0, 0xb, 0xf2, 0x0, 0x8, 0xf0, 0x0, 0x0,
    0x0, 0x9f, 0x80, 0x0, 0x8, 0xf0, 0x0, 0x0,
    0x9, 0xff, 0x70, 0xff, 0xff, 0xff, 0xff, 0x70,
    0x4f, 0xaf, 0x70, 0x56, 0x6b, 0xf6, 0x66, 0x20,
    0x5, 0x1f, 0x70, 0x0, 0x8, 0xf0, 0x0, 0x0,
    0x0, 0x1f, 0x70, 0x0, 0x8, 0xf0, 0x0, 0x0,
    0x0, 0x1f, 0x70, 0x0, 0x8, 0xf0, 0x0, 0x0,
    0x0, 0x1f, 0x76, 0xaa, 0xad, 0xfa, 0xaa, 0xa0,
    0x0, 0x1f, 0x79, 0xff, 0xff, 0xff, 0xff, 0xf1,

    /* U+5747 "均" */
    0x0, 0x0, 0x0, 0x0, 0x0, 0x0, 0x0, 0x0,
    0x7, 0xf0, 0x0, 0x3, 0xf3, 0x0, 0x0, 0x0,
    0x7f, 0x0, 0x0, 0x9e, 0x0, 0x0, 0x0, 0x7,
    0xf0, 0x0, 0x1f, 0x92, 0x22, 0x31, 0x0, 0x7f,
    0x0, 0x9, 0xff, 0xff, 0xff, 0xe2, 0x8b, 0xf8,
    0x63, 0xfb, 0x99, 0x99, 0xce, 0x5f, 0xff, 0xfd,
    0xdd, 0x0, 0x0, 0x8, 0xd0, 0x7, 0xf0, 0x1d,
    0x4a, 0x30, 0x0, 0x9d, 0x0, 0x7f, 0x0, 0x0,
    0xaf, 0x40, 0x9, 0xc0, 0x7, 0xf0, 0x0, 0x0,
    0x9f, 0x20, 0xab, 0x0, 0x7f, 0x4, 0x10, 0x0,
    0x57, 0x8b, 0xb0, 0x7, 0xfd, 0xf4, 0x1, 0x7e,
    0xe6, 0xca, 0x2a, 0xff, 0x92, 0x29, 0xfe, 0x70,
    0xe, 0x83, 0xe8, 0x10, 0x4, 0xe6, 0x0, 0x0,
    0xf6, 0x0, 0x0, 0x0, 0x0, 0x3, 0x66, 0x9f,
    0x30, 0x0, 0x0, 0x0, 0x0, 0x3f, 0xff, 0x90,
    0x0, 0x0, 0x0, 0x0, 0x0, 0x0, 0x0, 0x0,

    /* U+578B "型" */
    0x0, 0x0, 0x0, 0x0, 0x0, 0x0, 0xf, 0x60,
    0x7, 0xff, 0xff, 0xff, 0xc0, 0xf6, 0xf, 0x60,
    0x5, 0xbf, 0xca, 0xfd, 0x80, 0xf6, 0xf, 0x60,
    0x0, 0x1f, 0x50, 0xf7, 0x0, 0xf6, 0xf, 0x60,
    0x6, 0x7f, 0x96, 0xfa, 0x60, 0xf6, 0xf, 0x60,
    0xf, 0xff, 0xff, 0xff, 0xf2, 0xf6, 0xf, 0x60,
    0x0, 0x6f, 0x10, 0xf7, 0x0, 0x62, 0xf, 0x60,
    0x2, 0xeb, 0x0, 0xf7, 0x0, 0x1, 0x2f, 0x60,
    0xe, 0xe1, 0x0, 0xf9, 0x30, 0xe, 0xff, 0x30,
    0x3, 0x10, 0x0, 0xc, 0xd0, 0x3, 0x31, 0x0,
    0x0, 0x47, 0x77, 0x7d, 0xe7, 0x77, 0x74, 0x0,
    0x0, 0x8e, 0xee, 0xef, 0xfe, 0xee, 0xe8, 0x0,
    0x0, 0x0, 0x0, 0xb, 0xd0, 0x0, 0x0, 0x0,
    0x3d, 0xdd, 0xdd, 0xdf, 0xfd, 0xdd, 0xdd, 0xd3,
    0x29, 0x99, 0x99, 0x99, 0x99, 0x99, 0x99, 0x92,

    /* U+58F0 "声" */
    0x0, 0x0, 0x0, 0xe, 0x90, 0x0, 0x0, 0x0,
    0x33, 0x33, 0x33, 0xfb, 0x33, 0x33, 0x32, 0x1f,
    0xff, 0xff, 0xff, 0xff, 0xff, 0xff, 0xc0, 0x11,
    0x11, 0x11, 0xfa, 0x11, 0x11, 0x11, 0x0, 0xbb,
    0xbb, 0xbf, 0xeb, 0xbb, 0xbb, 0x10, 0x9, 0x99,
    0x99, 0x99, 0x99, 0x99, 0x90, 0x0, 0x24, 0x44,
    0x44, 0x44, 0x44, 0x43, 0x0, 0xa, 0xff, 0xff,
    0xff, 0xff, 0xff, 0xf0, 0x0, 0xad, 0x0, 0xe,
    0x90, 0x0, 0x9f, 0x0, 0xa, 0xd0, 0x0, 0xe9,
    0x0, 0x9, 0xf0, 0x0, 0xcf, 0xdd, 0xdf, 0xfd,
    0xdd, 0xff, 0x0, 0xf, 0xb7, 0x77, 0x77, 0x77,
    0x7c, 0xf0, 0x5, 0xf4, 0x0, 0x0, 0x0, 0x0,
    0x24, 0x0, 0xdd, 0x0, 0x0, 0x0, 0x0, 0x0,
    0x0, 0x6f, 0x40, 0x0, 0x0, 0x0, 0x0, 0x0,
    0x0, 0x20, 0x0, 0x0, 0x0, 0x0, 0x0, 0x0,

    /* U+5904 "处" */
    0x0, 0xb, 0x70, 0x0, 0x8, 0xf1, 0x0, 0x0,
    0x0, 0xf, 0x90, 0x0, 0x8, 0xf1, 0x0, 0x0,
    0x0, 0x3f, 0x60, 0x0, 0x8, 0xf1, 0x0, 0x0,
    0x0, 0x7f, 0xff, 0xfe, 0x8, 0xf1, 0x0, 0x0,
    0x0, 0xce, 0x77, 0xcf, 0x8, 0xf8, 0x0, 0x0,
    0x1, 0xf9, 0x0, 0xbc, 0x8, 0xff, 0x90, 0x0,
    0x8, 0xfc, 0x0, 0xf9, 0x8, 0xf7, 0xf7, 0x0,
    0x1f, 0xdf, 0x13, 0xf5, 0x8, 0xf1, 0x9f, 0x40,
    0x1b, 0x2e, 0x78, 0xf1, 0x8, 0xf1, 0xd, 0x80,
    0x0, 0x8, 0xee, 0xa0, 0x8, 0xf1, 0x0, 0x0,
    0x0, 0x1, 0xff, 0x30, 0x8, 0xf1, 0x0, 0x0,
    0x0, 0x3, 0xff, 0x80, 0x7, 0xd1, 0x0, 0x0,
    0x0, 0x3e, 0xea, 0xfb, 0x30, 0x0, 0x0, 0x0,
    0x6, 0xff, 0x30, 0x7f, 0xfe, 0xb9, 0x99, 0x91,
    0x5f, 0xd3, 0x0, 0x1, 0x7b, 0xef, 0xff, 0xe0,
    0x4, 0x0, 0x0, 0x0, 0x0, 0x0, 0x0, 0x0,

    /* U+5907 "备" */
    0x0, 0x0, 0x4, 0x61, 0x0, 0x0, 0x0, 0x0,
    0x0, 0x0, 0x2f, 0xd3, 0x22, 0x23, 0x0, 0x0,
    0x0, 0x2, 0xef, 0xff, 0xff, 0xff, 0xd0, 0x0,
    0x0, 0x6f, 0xfa, 0x22, 0x23, 0xdf, 0x40, 0x0,
    0xa, 0xfa, 0x8f, 0xb2, 0x5e, 0xf4, 0x0, 0x0,
    0x2, 0x40, 0x5, 0xff, 0xfe, 0x20, 0x0, 0x0,
    0x0, 0x26, 0xaf, 0xfd, 0xef, 0xea, 0x74, 0x10,
    0x7f, 0xff, 0xe9, 0x30, 0x4, 0x9d, 0xff, 0xf4,
    0x29, 0xbb, 0x99, 0x99, 0x99, 0x99, 0xa7, 0x50,
    0x0, 0x9f, 0xcc, 0xcf, 0xec, 0xcd, 0xf5, 0x0,
    0x0, 0x9f, 0x11, 0x1f, 0xa1, 0x18, 0xf5, 0x0,
    0x0, 0x9f, 0xff, 0xff, 0xff, 0xff, 0xf5, 0x0,
    0x0, 0x9f, 0x11, 0x1f, 0xa1, 0x18, 0xf5, 0x0,
    0x0, 0x9f, 0xaa, 0xaf, 0xea, 0xad, 0xf5, 0x0,
    0x0, 0x9f, 0xaa, 0xaa, 0xaa, 0xad, 0xf5, 0x0,
    0x0, 0x0, 0x0, 0x0, 0x0, 0x0, 0x0, 0x0,

    /* U+590D "复" */
    0x0, 0x0, 0x51, 0x0, 0x0, 0x0, 0x0, 0x0,
    0x0, 0x5, 0xf5, 0x0, 0x0, 0x0, 0x0, 0x0,
    0x0, 0x2e, 0xff, 0xff, 0xff, 0xff, 0xff, 0xc0,
    0x2, 0xed, 0x33, 0x33, 0x33, 0x33, 0x33, 0x20,
    0xe, 0xda, 0xee, 0xee, 0xee, 0xee, 0xe9, 0x0,
    0x3, 0x19, 0xe2, 0x22, 0x22, 0x22, 0xea, 0x0,
    0x0, 0x9, 0xff, 0xff, 0xff, 0xff, 0xfa, 0x0,
    0x0, 0x9, 0xe1, 0x11, 0x11, 0x11, 0xea, 0x0,
    0x0, 0x9, 0xff, 0xff, 0xff, 0xff, 0xfa, 0x0,
    0x0, 0x0, 0x4f, 0x92, 0x22, 0x22, 0x20, 0x0,
    0x0, 0x7, 0xff, 0xff, 0xff, 0xff, 0xf3, 0x0,
    0x2, 0xcf, 0xbe, 0x40, 0x1, 0x9f, 0x70, 0x0,
    0x0, 0x83, 0x6, 0xfc, 0x9f, 0xe4, 0x0, 0x0,
    0x1, 0x25, 0x7a, 0xef, 0xff, 0xc9, 0x64, 0x31,
    0x2f, 0xff, 0xea, 0x72, 0x4, 0x8c, 0xff, 0xf3,
    0x4, 0x30, 0x0, 0x0, 0x0, 0x0, 0x1, 0x20,

    /* U+591A "多" */
    0x0, 0x0, 0x0, 0x73, 0x0, 0x0, 0x0, 0x0,
    0x0, 0x1, 0xcf, 0x52, 0x23, 0x0, 0x0, 0x0,
    0x3, 0xdf, 0xff, 0xff, 0xfa, 0x0, 0x0, 0x2a,
    0xfb, 0x33, 0x33, 0xdf, 0x30, 0x0, 0x1e, 0xe7,
    0xa5, 0x2, 0xcf, 0x40, 0x0, 0x0, 0x10, 0x8,
    0xfb, 0xfe, 0x30, 0x0, 0x0, 0x0, 0x3, 0x9f,
    0xf9, 0x9c, 0x20, 0x0, 0x5, 0xae, 0xfe, 0x81,
    0x8f, 0xd6, 0x67, 0x30, 0x5c, 0x94, 0x2, 0xcf,
    0xff, 0xff, 0xff, 0x0, 0x0, 0x18, 0xfd, 0x40,
    0x0, 0x8f, 0x60, 0x0, 0x8f, 0xf8, 0x87, 0x0,
    0x8f, 0xa0, 0x0, 0x2, 0x60, 0x7, 0xfb, 0xcf,
    0x90, 0x0, 0x0, 0x0, 0x0, 0x5e, 0xfe, 0x50,
    0x0, 0x1, 0x36, 0x8c, 0xff, 0xd7, 0x0, 0x0,
    0x0, 0xaf, 0xff, 0xb8, 0x30, 0x0, 0x0, 0x0,
    0x2, 0x42, 0x0, 0x0, 0x0, 0x0, 0x0, 0x0,

    /* U+5927 "大" */
    0x0, 0x0, 0x0, 0xd, 0xc0, 0x0, 0x0, 0x0,
    0x0, 0x0, 0x0, 0xd, 0xc0, 0x0, 0x0, 0x0,
    0x0, 0x0, 0x0, 0xd, 0xc0, 0x0, 0x0, 0x0,
    0x0, 0x0, 0x0, 0xe, 0xb0, 0x0, 0x0, 0x0,
    0x0, 0x0, 0x0, 0x1f, 0x90, 0x0, 0x0, 0x0,
    0xf, 0xff, 0xff, 0xff, 0xff, 0xff, 0xff, 0xf1,
    0x8, 0x88, 0x88, 0xbf, 0xfa, 0x88, 0x88, 0x80,
    0x0, 0x0, 0x0, 0x9f, 0xf9, 0x0, 0x0, 0x0,
    0x0, 0x0, 0x0, 0xfc, 0xbf, 0x10, 0x0, 0x0,
    0x0, 0x0, 0x7, 0xf6, 0x4f, 0x80, 0x0, 0x0,
    0x0, 0x0, 0x1f, 0xd0, 0xb, 0xf3, 0x0, 0x0,
    0x0, 0x0, 0xcf, 0x40, 0x2, 0xfe, 0x20, 0x0,
    0x0, 0x1c, 0xf7, 0x0, 0x0, 0x5f, 0xe3, 0x0,
    0x6, 0xef, 0x80, 0x0, 0x0, 0x6, 0xff, 0x81,
    0x1d, 0xe4, 0x0, 0x0, 0x0, 0x0, 0x3d, 0xd0,
    0x1, 0x0, 0x0, 0x0, 0x0, 0x0, 0x0, 0x10,

    /* U+5929 "天" */
    0x3, 0x77, 0x77, 0x77, 0x77, 0x77, 0x77, 0x20,
    0x6, 0xff, 0xff, 0xff, 0xff, 0xff, 0xff, 0x50,
    0x0, 0x11, 0x11, 0x1f, 0xb1, 0x11, 0x11, 0x0,
    0x0, 0x0, 0x0, 0xe, 0xa0, 0x0, 0x0, 0x0,
    0x0, 0x0, 0x0, 0xf, 0xa0, 0x0, 0x0, 0x0,
    0x7, 0x88, 0x88, 0x8f, 0xc8, 0x88, 0x88, 0x70,
    0xf, 0xff, 0xff, 0xff, 0xff, 0xff, 0xff, 0xf0,
    0x0, 0x0, 0x0, 0x8f, 0xf5, 0x0, 0x0, 0x0,
    0x0, 0x0, 0x0, 0xee, 0xdc, 0x0, 0x0, 0x0,
    0x0, 0x0, 0x8, 0xf7, 0x5f, 0x70, 0x0, 0x0,
    0x0, 0x0, 0x6f, 0xc0, 0xa, 0xf6, 0x0, 0x0,
    0x0, 0x8, 0xfd, 0x10, 0x0, 0xcf, 0x90, 0x0,
    0x6, 0xef, 0xb1, 0x0, 0x0, 0x1b, 0xfe, 0x81,
    0x1e, 0xd5, 0x0, 0x0, 0x0, 0x0, 0x5d, 0xe1,
    0x1, 0x0, 0x0, 0x0, 0x0, 0x0, 0x0, 0x10,

    /* U+592A "太" */
    0x0, 0x0, 0x0, 0xd, 0xc0, 0x0, 0x0, 0x0,
    0x0, 0x0, 0x0, 0xd, 0xc0, 0x0, 0x0, 0x0,
    0x0, 0x0, 0x0, 0xe, 0xb0, 0x0, 0x0, 0x0,
    0x0, 0x0, 0x0, 0xf, 0xa0, 0x0, 0x0, 0x0,
    0x8, 0x88, 0x88, 0x8f, 0xc8, 0x88, 0x88, 0x81,
    0x1f, 0xff, 0xff, 0xff, 0xff, 0xff, 0xff, 0xf2,
    0x0, 0x0, 0x0, 0x6f, 0xf8, 0x0, 0x0, 0x0,
    0x0, 0x0, 0x0, 0xaf, 0xcd, 0x0, 0x0, 0x0,
    0x0, 0x0, 0x0, 0xfb, 0x5f, 0x50, 0x0, 0x0,
    0x0, 0x0, 0x7, 0xf5, 0xe, 0xd0, 0x0, 0x0,
    0x0, 0x0, 0x2f, 0xd0, 0x6, 0xf8, 0x0, 0x0,
    0x0, 0x1, 0xdf, 0xe4, 0x0, 0xbf, 0x50, 0x0,
    0x0, 0x2d, 0xf7, 0xdf, 0x50, 0x1e, 0xf6, 0x0,
    0x18, 0xff, 0x60, 0x1d, 0xf4, 0x2, 0xef, 0xb2,
    0x1d, 0xc2, 0x0, 0x1, 0xd4, 0x0, 0x1a, 0xe1,
    0x0, 0x0, 0x0, 0x0, 0x0, 0x0, 0x0, 0x10,

    /* U+5931 "失" */
    0x0, 0x6, 0x80, 0xd, 0xb0, 0x0, 0x0, 0x0,
    0x0, 0xc, 0xe0, 0xd, 0xb0, 0x0, 0x0, 0x0,
    0x0, 0x2f, 0x80, 0xd, 0xb0, 0x0, 0x0, 0x0,
    0x0, 0x8f, 0xff, 0xff, 0xff, 0xff, 0xfc, 0x0,
    0x1, 0xfd, 0x99, 0x9f, 0xe9, 0x99, 0x97, 0x0,
    0xb, 0xf3, 0x0, 0xd, 0xb0, 0x0, 0x0, 0x0,
    0x7, 0x80, 0x0, 0xe, 0xa0, 0x0, 0x0, 0x0,
    0x17, 0x77, 0x77, 0x7f, 0xc7, 0x77, 0x77, 0x71,
    0x3f, 0xff, 0xff, 0xff, 0xff, 0xff, 0xff, 0xf3,
    0x0, 0x0, 0x0, 0xaf, 0xf9, 0x0, 0x0, 0x0,
    0x0, 0x0, 0x4, 0xfa, 0x9f, 0x30, 0x0, 0x0,
    0x0, 0x0, 0x2e, 0xf2, 0x1e, 0xe2, 0x0, 0x0,
    0x0, 0x6, 0xff, 0x40, 0x3, 0xfe, 0x50, 0x0,
    0x16, 0xdf, 0xd3, 0x0, 0x0, 0x3e, 0xfd, 0x72,
    0x1e, 0xe7, 0x0, 0x0, 0x0, 0x0, 0x7e, 0xf2,
    0x1, 0x0, 0x0, 0x0, 0x0, 0x0, 0x0, 0x10,

    /* U+5957 "套" */
    0x0, 0x0, 0x0, 0x16, 0x10, 0x0, 0x0, 0x0,
    0x0, 0x0, 0x0, 0xaf, 0x20, 0x0, 0x0, 0x0,
    0xf, 0xff, 0xff, 0xff, 0xff, 0xff, 0xff, 0xf0,
    0x4, 0x44, 0x8f, 0xb4, 0x48, 0xf9, 0x44, 0x40,
    0x0, 0x5, 0xfe, 0x43, 0x33, 0xbf, 0x80, 0x0,
    0x1, 0x9f, 0xff, 0xff, 0xff, 0xff, 0xfc, 0x40,
    0x2f, 0xf7, 0xf9, 0x11, 0x11, 0x11, 0x3d, 0xf3,
    0x6, 0x10, 0xff, 0xff, 0xff, 0xfe, 0x0, 0x40,
    0x0, 0x0, 0xfa, 0x44, 0x44, 0x44, 0x0, 0x0,
    0x0, 0x0, 0xfd, 0xaa, 0xaa, 0xa9, 0x0, 0x0,
    0x9, 0x99, 0xfc, 0x99, 0x99, 0x99, 0x99, 0x90,
    0xb, 0xbb, 0xcf, 0xeb, 0xbb, 0xcd, 0xbb, 0xb0,
    0x0, 0x2, 0xdd, 0x10, 0x0, 0xaf, 0x30, 0x0,
    0x0, 0x4e, 0xf6, 0x55, 0x66, 0x8f, 0xe2, 0x0,
    0x0, 0x9f, 0xfe, 0xed, 0xcb, 0xba, 0xed, 0x0,
    0x0, 0x11, 0x0, 0x0, 0x0, 0x0, 0x33, 0x0,

    /* U+5982 "如" */
    0x0, 0x0, 0x0, 0x0, 0x0, 0x0, 0x0, 0x0,
    0x0, 0xda, 0x0, 0x0, 0x0, 0x0, 0x0, 0x0,
    0xf, 0x80, 0x0, 0x1, 0x11, 0x11, 0x10, 0x1,
    0xf5, 0x0, 0x8, 0xff, 0xff, 0xfc, 0x14, 0x7f,
    0x64, 0x42, 0x8f, 0x99, 0x9e, 0xc5, 0xff, 0xff,
    0xff, 0xb8, 0xe0, 0x0, 0xbc, 0x2, 0xbc, 0x22,
    0xe9, 0x8e, 0x0, 0xb, 0xc0, 0xe, 0x80, 0xf,
    0x78, 0xe0, 0x0, 0xbc, 0x2, 0xf5, 0x3, 0xf4,
    0x8e, 0x0, 0xb, 0xc0, 0x6f, 0x10, 0x7f, 0x18,
    0xe0, 0x0, 0xbc, 0x6, 0xfc, 0x1c, 0xc0, 0x8e,
    0x0, 0xb, 0xc0, 0x4, 0xfe, 0xf6, 0x8, 0xe0,
    0x0, 0xbc, 0x0, 0x3, 0xff, 0x40, 0x8e, 0x0,
    0xb, 0xc0, 0x0, 0x9f, 0xef, 0x48, 0xf8, 0x88,
    0xdc, 0x1, 0xbf, 0x61, 0xd5, 0x8f, 0xff, 0xff,
    0xc1, 0xee, 0x40, 0x0, 0x8, 0xe0, 0x0, 0xab,
    0x3, 0x0, 0x0, 0x0, 0x0, 0x0, 0x0, 0x0,

    /* U+5B50 "子" */
    0x0, 0x0, 0x0, 0x0, 0x0, 0x0, 0x0, 0x0,
    0x0, 0x9f, 0xff, 0xff, 0xff, 0xff, 0xfa, 0x0,
    0x0, 0x47, 0x77, 0x77, 0x77, 0x9f, 0xf7, 0x0,
    0x0, 0x0, 0x0, 0x0, 0x3, 0xdf, 0x60, 0x0,
    0x0, 0x0, 0x0, 0x0, 0x7f, 0xe3, 0x0, 0x0,
    0x0, 0x0, 0x0, 0x9, 0xf9, 0x10, 0x0, 0x0,
    0x0, 0x0, 0x0, 0xa, 0xe0, 0x0, 0x0, 0x0,
    0x17, 0x77, 0x77, 0x7d, 0xf7, 0x77, 0x77, 0x72,
    0x2f, 0xff, 0xff, 0xff, 0xff, 0xff, 0xff, 0xf5,
    0x0, 0x0, 0x0, 0xa, 0xe0, 0x0, 0x0, 0x0,
    0x0, 0x0, 0x0, 0xa, 0xe0, 0x0, 0x0, 0x0,
    0x0, 0x0, 0x0, 0xa, 0xe0, 0x0, 0x0, 0x0,
    0x0, 0x0, 0x0, 0xa, 0xe0, 0x0, 0x0, 0x0,
    0x0, 0x0, 0x67, 0x7d, 0xe0, 0x0, 0x0, 0x0,
    0x0, 0x0, 0x6f, 0xfe, 0x60, 0x0, 0x0, 0x0,
    0x0, 0x0, 0x0, 0x0, 0x0, 0x0, 0x0, 0x0,

    /* U+5B57 "字" */
    0x0, 0x0, 0x0, 0x28, 0x20, 0x0, 0x0, 0x0,
    0x0, 0x0, 0x1, 0xfc, 0x0, 0x0, 0x0, 0xe,
    0xff, 0xff, 0xff, 0xff, 0xff, 0xff, 0x90, 0xec,
    0x77, 0x77, 0x77, 0x77, 0x77, 0xfa, 0xe, 0x90,
    0x0, 0x0, 0x0, 0x0, 0xe, 0xa0, 0x74, 0x6f,
    0xff, 0xff, 0xff, 0xd1, 0x75, 0x0, 0x3, 0x77,
    0x77, 0x7e, 0xf8, 0x0, 0x0, 0x0, 0x0, 0x0,
    0x2c, 0xf5, 0x0, 0x0, 0x0, 0x0, 0x0, 0xf,
    0xd1, 0x0, 0x0, 0x0, 0xff, 0xff, 0xff, 0xff,
    0xff, 0xff, 0xfc, 0x7, 0x77, 0x77, 0x7f, 0xd7,
    0x77, 0x77, 0x60, 0x0, 0x0, 0x0, 0xfa, 0x0,
    0x0, 0x0, 0x0, 0x0, 0x0, 0xf, 0xa0, 0x0,
    0x0, 0x0, 0x0, 0x5, 0x77, 0xfa, 0x0, 0x0,
    0x0, 0x0, 0x0, 0x5f, 0xfd, 0x40, 0x0, 0x0,
    0x0, 0x0, 0x0, 0x0, 0x0, 0x0, 0x0, 0x0,

    /* U+5B58 "存" */
    0x0, 0x0, 0x0, 0x62, 0x0, 0x0, 0x0, 0x0,
    0x0, 0x0, 0x4, 0xf6, 0x0, 0x0, 0x0, 0x0,
    0x6, 0x66, 0x6b, 0xf7, 0x66, 0x66, 0x66, 0x60,
    0x1f, 0xff, 0xff, 0xff, 0xff, 0xff, 0xff, 0xf1,
    0x0, 0x0, 0x8f, 0x30, 0x0, 0x0, 0x0, 0x0,
    0x0, 0x2, 0xfb, 0x16, 0x66, 0x66, 0x76, 0x0,
    0x0, 0xc, 0xf2, 0x3f, 0xff, 0xff, 0xff, 0x20,
    0x0, 0x9f, 0x80, 0x0, 0x0, 0x1c, 0xe3, 0x0,
    0x8, 0xff, 0x60, 0x0, 0x2, 0xfb, 0x10, 0x0,
    0x6f, 0xbf, 0x62, 0x55, 0x57, 0xf7, 0x55, 0x51,
    0x7, 0x2f, 0x68, 0xff, 0xff, 0xff, 0xff, 0xf5,
    0x0, 0x2f, 0x60, 0x11, 0x15, 0xf5, 0x11, 0x10,
    0x0, 0x2f, 0x60, 0x0, 0x4, 0xf4, 0x0, 0x0,
    0x0, 0x2f, 0x60, 0x4, 0x68, 0xf4, 0x0, 0x0,
    0x0, 0x2f, 0x60, 0x7, 0xff, 0xc1, 0x0, 0x0,
    0x0, 0x0, 0x0, 0x0, 0x0, 0x0, 0x0, 0x0,

    /* U+5B8C "完" */
    0x0, 0x0, 0x0, 0x3b, 0x30, 0x0, 0x0, 0x0,
    0x0, 0x0, 0x0, 0x1f, 0xb0, 0x0, 0x0, 0x0,
    0xe, 0xff, 0xff, 0xff, 0xff, 0xff, 0xff, 0x80,
    0xe, 0xc8, 0x88, 0x88, 0x88, 0x88, 0x8f, 0x90,
    0xe, 0x90, 0x0, 0x0, 0x0, 0x0, 0xf, 0x90,
    0xc, 0x76, 0xff, 0xff, 0xff, 0xff, 0xd, 0x70,
    0x0, 0x3, 0x77, 0x77, 0x77, 0x77, 0x0, 0x0,
    0x0, 0x0, 0x0, 0x0, 0x0, 0x0, 0x0, 0x0,
    0x2e, 0xee, 0xee, 0xee, 0xee, 0xee, 0xee, 0xe1,
    0x18, 0x88, 0x9f, 0xb8, 0x9f, 0xc8, 0x88, 0x81,
    0x0, 0x0, 0x3f, 0x50, 0xf, 0x70, 0x0, 0x0,
    0x0, 0x0, 0x7f, 0x20, 0xf, 0x70, 0x0, 0x10,
    0x0, 0x1, 0xec, 0x0, 0xf, 0x70, 0x3, 0xf4,
    0x3, 0x8f, 0xe2, 0x0, 0xf, 0xb6, 0x69, 0xf3,
    0x1f, 0xe9, 0x10, 0x0, 0x9, 0xff, 0xff, 0xa0,
    0x2, 0x0, 0x0, 0x0, 0x0, 0x0, 0x0, 0x0,

    /* U+5B9A "定" */
    0x0, 0x0, 0x0, 0x1a, 0x50, 0x0, 0x0, 0x0,
    0x0, 0x0, 0x0, 0xd, 0xd0, 0x0, 0x0, 0x0,
    0xe, 0xff, 0xff, 0xff, 0xff, 0xff, 0xff, 0x90,
    0xe, 0xc8, 0x88, 0x88, 0x88, 0x88, 0x8f, 0x90,
    0xe, 0x90, 0x0, 0x0, 0x0, 0x0, 0xf, 0x90,
    0xb, 0x75, 0x99, 0x99, 0x99, 0x99, 0x5b, 0x70,
    0x0, 0x7, 0xdd, 0xdf, 0xfd, 0xdd, 0x80, 0x0,
    0x0, 0x1, 0x0, 0xc, 0xc0, 0x0, 0x0, 0x0,
    0x0, 0xb, 0xe0, 0xc, 0xc0, 0x0, 0x0, 0x0,
    0x0, 0xe, 0xb0, 0xc, 0xff, 0xff, 0xf5, 0x0,
    0x0, 0x2f, 0xc0, 0xc, 0xe7, 0x77, 0x72, 0x0,
    0x0, 0x8f, 0xf5, 0xc, 0xc0, 0x0, 0x0, 0x0,
    0x1, 0xfb, 0x9f, 0x7d, 0xc0, 0x0, 0x0, 0x0,
    0xc, 0xf2, 0xa, 0xff, 0xe9, 0x88, 0x88, 0x81,
    0x4f, 0x50, 0x0, 0x49, 0xdf, 0xff, 0xff, 0xd0,
    0x1, 0x0, 0x0, 0x0, 0x0, 0x0, 0x0, 0x0,

    /* U+5B9E "实" */
    0x0, 0x0, 0x1, 0x85, 0x0, 0x0, 0x0, 0x0,
    0x0, 0x0, 0xde, 0x0, 0x0, 0x0, 0xaf, 0xff,
    0xff, 0xff, 0xff, 0xff, 0xfa, 0xae, 0x77, 0x77,
    0x77, 0x77, 0x77, 0xfb, 0xad, 0x8, 0x50, 0x1a,
    0x50, 0x0, 0xeb, 0x56, 0x9, 0xfa, 0x2f, 0x70,
    0x0, 0x65, 0x1, 0x30, 0x57, 0x3f, 0x60, 0x0,
    0x0, 0x8, 0xf9, 0x0, 0x4f, 0x40, 0x0, 0x0,
    0x0, 0x7f, 0x40, 0x6f, 0x20, 0x0, 0x0, 0x33,
    0x36, 0x33, 0xbf, 0x33, 0x33, 0x33, 0xef, 0xff,
    0xff, 0xff, 0xff, 0xff, 0xff, 0x11, 0x11, 0x1b,
    0xf4, 0x73, 0x11, 0x11, 0x0, 0x1, 0xbf, 0x73,
    0xef, 0xb4, 0x0, 0x15, 0xaf, 0xf6, 0x0, 0x5,
    0xcf, 0xc3, 0x5f, 0xe8, 0x10, 0x0, 0x0, 0x5,
    0xd9, 0x3, 0x0, 0x0, 0x0, 0x0, 0x0, 0x0,

    /* U+5BB9 "容" */
    0x0, 0x0, 0x0, 0x17, 0x40, 0x0, 0x0, 0x0,
    0x1, 0x11, 0x11, 0x2f, 0xd1, 0x11, 0x11, 0x10,
    0xe, 0xff, 0xff, 0xff, 0xff, 0xff, 0xff, 0x90,
    0xe, 0xa4, 0x44, 0x44, 0x44, 0x44, 0x4f, 0x90,
    0xe, 0x80, 0x8f, 0x20, 0x7, 0xe4, 0xf, 0x90,
    0x0, 0x1a, 0xf7, 0x6, 0x60, 0x9f, 0x81, 0x0,
    0x4, 0xef, 0x50, 0x4f, 0xe1, 0x6, 0xfb, 0x0,
    0x1, 0xa2, 0x4, 0xfb, 0xdd, 0x20, 0x47, 0x0,
    0x0, 0x0, 0x8f, 0xb0, 0x1c, 0xf7, 0x0, 0x0,
    0x0, 0x4d, 0xfa, 0x11, 0x11, 0xaf, 0xd5, 0x0,
    0x3c, 0xff, 0xff, 0xff, 0xff, 0xff, 0xff, 0xd0,
    0xb, 0x5b, 0xd4, 0x44, 0x44, 0x4f, 0x84, 0x50,
    0x0, 0xb, 0xc0, 0x0, 0x0, 0xf, 0x80, 0x0,
    0x0, 0xb, 0xd6, 0x66, 0x66, 0x6f, 0x80, 0x0,
    0x0, 0xb, 0xff, 0xff, 0xff, 0xff, 0x80, 0x0,
    0x0, 0x0, 0x0, 0x0, 0x0, 0x0, 0x0, 0x0,

    /* U+5BBD "宽" */
    0x0, 0x0, 0x0, 0x17, 0x30, 0x0, 0x0, 0x0,
    0x2, 0x22, 0x22, 0x3f, 0xc2, 0x22, 0x22, 0x10,
    0xe, 0xff, 0xff, 0xff, 0xff, 0xff, 0xff, 0xc0,
    0xe, 0x92, 0x24, 0x32, 0x24, 0x42, 0x2a, 0xc0,
    0xe, 0x84, 0x4f, 0xa4, 0x4d, 0xe4, 0x4a, 0xc0,
    0x0, 0x4f, 0xff, 0xff, 0xff, 0xff, 0xf3, 0x0,
    0x0, 0x0, 0xf, 0x80, 0xc, 0xd0, 0x0, 0x0,
    0x0, 0xf, 0xff, 0xff, 0xff, 0xff, 0xe0, 0x0,
    0x0, 0xf, 0xa5, 0x57, 0x55, 0x5c, 0xe0, 0x0,
    0x0, 0xf, 0x80, 0x4f, 0x40, 0xa, 0xe0, 0x0,
    0x0, 0xf, 0x80, 0x4f, 0x72, 0xa, 0xe0, 0x0,
    0x0, 0xf, 0x80, 0xaf, 0xf9, 0xa, 0xe0, 0x50,
    0x0, 0x1, 0x19, 0xf7, 0xe9, 0x0, 0x1, 0xf4,
    0x1, 0x5a, 0xff, 0x60, 0xec, 0x55, 0x58, 0xf2,
    0x2f, 0xfd, 0x71, 0x0, 0x7f, 0xff, 0xff, 0x90,
    0x3, 0x20, 0x0, 0x0, 0x0, 0x0, 0x0, 0x0,

    /* U+5BDF "察" */
    0x0, 0x0, 0x0, 0x5, 0x50, 0x0, 0x0, 0x0,
    0x3, 0x44, 0x44, 0x4c, 0xf4, 0x44, 0x44, 0x40,
    0xf, 0xff, 0xff, 0xff, 0xff, 0xff, 0xff, 0xf1,
    0xf, 0x70, 0xa6, 0x0, 0xb2, 0x0, 0x6, 0xf1,
    0x4, 0x2a, 0xff, 0xfe, 0xdf, 0xff, 0xff, 0x80,
    0x1, 0xbe, 0x71, 0xbc, 0x4f, 0x63, 0xbe, 0x0,
    0x1f, 0xc2, 0xcd, 0xf3, 0xb, 0xe7, 0xf4, 0x0,
    0x3, 0x8b, 0x6f, 0x92, 0x23, 0xff, 0xa0, 0x0,
    0x0, 0x1f, 0xfd, 0xff, 0xff, 0xfd, 0xfb, 0x50,
    0x18, 0xfe, 0x41, 0x22, 0x22, 0x10, 0x8f, 0xf5,
    0xc, 0xbb, 0xaa, 0xaa, 0xaa, 0xaa, 0xa7, 0x40,
    0x0, 0x4a, 0xca, 0xac, 0xfa, 0xab, 0xa6, 0x0,
    0x0, 0x6, 0xfa, 0x7, 0xf1, 0x6f, 0xa2, 0x0,
    0x7, 0xef, 0x72, 0x39, 0xf1, 0x3, 0xcf, 0xa0,
    0x5, 0x91, 0x3, 0xff, 0xb0, 0x0, 0x5, 0x50,
    0x0, 0x0, 0x0, 0x0, 0x0, 0x0, 0x0, 0x0,

    /* U+5BFC "导" */
    0xb, 0xff, 0xff, 0xff, 0xff, 0xff, 0x70, 0x0,
    0xbf, 0x99, 0x99, 0x99, 0x99, 0xf7, 0x0, 0xb,
    0xe4, 0x44, 0x44, 0x44, 0x4f, 0x70, 0x0, 0xbf,
    0xff, 0xff, 0xff, 0xff, 0xf7, 0x0, 0xb, 0xe1,
    0x11, 0x11, 0x11, 0x11, 0x55, 0x0, 0xaf, 0x64,
    0x44, 0x44, 0x44, 0x5d, 0xe0, 0x2, 0xbe, 0xff,
    0xff, 0xff, 0xff, 0xd5, 0x0, 0x0, 0x0, 0x0,
    0x0, 0xaf, 0x0, 0x0, 0xcf, 0xff, 0xff, 0xff,
    0xff, 0xff, 0xff, 0x56, 0x78, 0xf8, 0x77, 0x77,
    0xcf, 0x77, 0x72, 0x0, 0x2d, 0xe2, 0x0, 0xa,
    0xf0, 0x0, 0x0, 0x0, 0x1d, 0xe0, 0x0, 0xaf,
    0x0, 0x0, 0x0, 0x0, 0x26, 0x34, 0x4c, 0xe0,
    0x0, 0x0, 0x0, 0x0, 0x4, 0xff, 0xe8, 0x0,
    0x0, 0x0, 0x0, 0x0, 0x0, 0x0, 0x0, 0x0,
    0x0,

    /* U+5BFF "寿" */
    0x0, 0x0, 0x0, 0x19, 0x30, 0x0, 0x0, 0x0,
    0x1, 0x55, 0x55, 0x8f, 0x85, 0x55, 0x55, 0x10,
    0x4, 0xff, 0xff, 0xff, 0xff, 0xff, 0xff, 0x40,
    0x0, 0x0, 0x0, 0xbd, 0x0, 0x0, 0x0, 0x0,
    0x0, 0x9f, 0xff, 0xff, 0xff, 0xff, 0xfa, 0x0,
    0x0, 0x34, 0x48, 0xf8, 0x44, 0x44, 0x43, 0x0,
    0x15, 0x55, 0x5b, 0xf6, 0x55, 0x55, 0x55, 0x51,
    0x3f, 0xff, 0xff, 0xff, 0xff, 0xff, 0xff, 0xf3,
    0x0, 0x0, 0x8f, 0x20, 0x0, 0x1a, 0x30, 0x0,
    0x0, 0x3, 0xfd, 0x77, 0x77, 0x8f, 0xa7, 0x50,
    0x0, 0x2e, 0xd9, 0xee, 0xee, 0xef, 0xfe, 0xb0,
    0x3, 0xee, 0x26, 0x80, 0x0, 0x2f, 0x60, 0x0,
    0x2f, 0xd2, 0x4, 0xfb, 0x0, 0x2f, 0x60, 0x0,
    0x2, 0x0, 0x0, 0x5a, 0x36, 0x8f, 0x50, 0x0,
    0x0, 0x0, 0x0, 0x0, 0x2f, 0xfd, 0x10, 0x0,
    0x0, 0x0, 0x0, 0x0, 0x0, 0x0, 0x0, 0x0,

    /* U+5C01 "封" */
    0x0, 0x4, 0xf3, 0x0, 0x0, 0x0, 0x9e, 0x0,
    0x0, 0x4, 0xf3, 0x0, 0x0, 0x0, 0x9e, 0x0,
    0x5, 0x69, 0xf8, 0x64, 0x0, 0x0, 0x9e, 0x0,
    0xc, 0xff, 0xff, 0xfa, 0x0, 0x0, 0x9e, 0x0,
    0x0, 0x4, 0xf3, 0x0, 0x7b, 0xbb, 0xef, 0xb4,
    0x0, 0x4, 0xf3, 0x0, 0x9d, 0xdd, 0xef, 0xd5,
    0x4f, 0xff, 0xff, 0xff, 0x0, 0x0, 0x9e, 0x0,
    0x15, 0x58, 0xf7, 0x55, 0x1a, 0x30, 0x9e, 0x0,
    0x0, 0x4, 0xf3, 0x0, 0xd, 0xb0, 0x9e, 0x0,
    0xe, 0xff, 0xff, 0xfc, 0x6, 0xf3, 0x9e, 0x0,
    0x6, 0x69, 0xf8, 0x65, 0x0, 0xc4, 0x9e, 0x0,
    0x0, 0x4, 0xf3, 0x0, 0x0, 0x0, 0x9e, 0x0,
    0x1, 0x38, 0xfb, 0xce, 0x40, 0x0, 0x9e, 0x0,
    0x6f, 0xff, 0xec, 0xa8, 0x20, 0x67, 0xce, 0x0,
    0x14, 0x20, 0x0, 0x0, 0x0, 0xaf, 0xe6, 0x0,

    /* U+5C0F "小" */
    0x0, 0x0, 0x0, 0xb, 0xe0, 0x0, 0x0, 0x0,
    0x0, 0x0, 0x0, 0xb, 0xe0, 0x0, 0x0, 0x0,
    0x0, 0x0, 0x0, 0xb, 0xe0, 0x0, 0x0, 0x0,
    0x0, 0x1, 0x0, 0xb, 0xe0, 0x0, 0x20, 0x0,
    0x0, 0xf, 0xa0, 0xb, 0xe0, 0xa, 0xf1, 0x0,
    0x0, 0x4f, 0x70, 0xb, 0xe0, 0x3, 0xf9, 0x0,
    0x0, 0x8f, 0x30, 0xb, 0xe0, 0x0, 0xbf, 0x10,
    0x0, 0xde, 0x0, 0xb, 0xe0, 0x0, 0x4f, 0x80,
    0x4, 0xf8, 0x0, 0xb, 0xe0, 0x0, 0xe, 0xe0,
    0xc, 0xf1, 0x0, 0xb, 0xe0, 0x0, 0x8, 0xf4,
    0x3f, 0x90, 0x0, 0xb, 0xe0, 0x0, 0x3, 0xf9,
    0x2, 0x0, 0x0, 0xb, 0xe0, 0x0, 0x0, 0x92,
    0x0, 0x0, 0x0, 0xb, 0xe0, 0x0, 0x0, 0x0,
    0x0, 0x0, 0x57, 0x8e, 0xe0, 0x0, 0x0, 0x0,
    0x0, 0x0, 0x5f, 0xfe, 0x60, 0x0, 0x0, 0x0,
    0x0, 0x0, 0x0, 0x0, 0x0, 0x0, 0x0, 0x0,

    /* U+5C1A "尚" */
    0x2, 0x30, 0x0, 0xbd, 0x0, 0x2, 0x50, 0xd,
    0xe1, 0x0, 0xbd, 0x0, 0xa, 0xf3, 0x3, 0xf9,
    0x0, 0xbd, 0x0, 0x3f, 0x90, 0x0, 0xaf, 0x20,
    0xbd, 0x0, 0xde, 0x10, 0x0, 0x37, 0x0, 0xbd,
    0x1, 0x83, 0x0, 0x1e, 0xee, 0xee, 0xff, 0xee,
    0xee, 0xf6, 0x1f, 0xb8, 0x88, 0x88, 0x88, 0x88,
    0xf7, 0x1f, 0x60, 0x11, 0x11, 0x11, 0x0, 0xf7,
    0x1f, 0x60, 0xdf, 0xff, 0xff, 0x0, 0xf7, 0x1f,
    0x60, 0xda, 0x33, 0x8f, 0x0, 0xf7, 0x1f, 0x60,
    0xd8, 0x0, 0x6f, 0x0, 0xf7, 0x1f, 0x60, 0xdf,
    0xee, 0xef, 0x0, 0xf7, 0x1f, 0x60, 0xdb, 0x66,
    0x66, 0x0, 0xf7, 0x1f, 0x60, 0x53, 0x0, 0x3,
    0x77, 0xf7, 0x1f, 0x60, 0x0, 0x0, 0x3, 0xfe,
    0xc2,

    /* U+5C40 "局" */
    0x0, 0xaf, 0xff, 0xff, 0xff, 0xff, 0xf9, 0x0,
    0xa, 0xe4, 0x44, 0x44, 0x44, 0x4f, 0x90, 0x0,
    0xad, 0x0, 0x0, 0x0, 0x0, 0xf9, 0x0, 0xa,
    0xfe, 0xee, 0xee, 0xee, 0xef, 0x90, 0x0, 0xae,
    0x66, 0x66, 0x66, 0x66, 0x63, 0x0, 0xb, 0xe6,
    0x66, 0x66, 0x66, 0x66, 0x74, 0x0, 0xcf, 0xff,
    0xff, 0xff, 0xff, 0xff, 0xb0, 0xd, 0xa0, 0x0,
    0x0, 0x0, 0x0, 0xda, 0x0, 0xf8, 0x4f, 0xee,
    0xee, 0xe1, 0xe, 0x90, 0x3f, 0x55, 0xf5, 0x44,
    0x8f, 0x10, 0xf8, 0x8, 0xf1, 0x5f, 0x10, 0x5,
    0xf1, 0xf, 0x70, 0xeb, 0x5, 0xfd, 0xdd, 0xef,
    0x13, 0xf5, 0x5f, 0x40, 0x5f, 0x65, 0x55, 0xa6,
    0xaf, 0x30, 0x50, 0x1, 0x50, 0x0, 0x7, 0xff,
    0xa0,

    /* U+5C71 "山" */
    0x0, 0x0, 0x0, 0xea, 0x0, 0x0, 0x0, 0x0,
    0x0, 0x0, 0xea, 0x0, 0x0, 0x0, 0x0, 0x0,
    0x0, 0xea, 0x0, 0x0, 0x0, 0x25, 0x0, 0x0,
    0xea, 0x0, 0x0, 0x63, 0x7f, 0x10, 0x0, 0xea,
    0x0, 0x0, 0xf8, 0x7f, 0x10, 0x0, 0xea, 0x0,
    0x0, 0xf8, 0x7f, 0x10, 0x0, 0xea, 0x0, 0x0,
    0xf8, 0x7f, 0x10, 0x0, 0xea, 0x0, 0x0, 0xf8,
    0x7f, 0x10, 0x0, 0xea, 0x0, 0x0, 0xf8, 0x7f,
    0x10, 0x0, 0xea, 0x0, 0x0, 0xf8, 0x7f, 0x10,
    0x0, 0xea, 0x0, 0x0, 0xf8, 0x7f, 0x10, 0x0,
    0xea, 0x0, 0x0, 0xf8, 0x7f, 0xaa, 0xaa, 0xfe,
    0xaa, 0xaa, 0xf8, 0x7e, 0xee, 0xee, 0xee, 0xee,
    0xee, 0xf8, 0x0, 0x0, 0x0, 0x0, 0x0, 0x0,
    0xf8,

    /* U+5DF2 "已" */
    0x8f, 0xff, 0xff, 0xff, 0xff, 0xff, 0x10, 0x4,
    0x77, 0x77, 0x77, 0x77, 0x7c, 0xf1, 0x0, 0x0,
    0x0, 0x0, 0x0, 0x0, 0x8f, 0x10, 0x0, 0x77,
    0x0, 0x0, 0x0, 0x8, 0xf1, 0x0, 0xc, 0xc0,
    0x0, 0x0, 0x0, 0x8f, 0x10, 0x0, 0xcd, 0x33,
    0x33, 0x33, 0x39, 0xf1, 0x0, 0xc, 0xff, 0xff,
    0xff, 0xff, 0xff, 0x10, 0x0, 0xcd, 0x44, 0x44,
    0x44, 0x4a, 0xf1, 0x0, 0xc, 0xc0, 0x0, 0x0,
    0x0, 0x1, 0x0, 0x0, 0xcc, 0x0, 0x0, 0x0,
    0x0, 0x2, 0x10, 0xc, 0xc0, 0x0, 0x0, 0x0,
    0x0, 0x8f, 0x10, 0xcd, 0x0, 0x0, 0x0, 0x0,
    0xc, 0xe0, 0x9, 0xf9, 0x88, 0x88, 0x88, 0x8a,
    0xf9, 0x0, 0x1b, 0xef, 0xff, 0xff, 0xff, 0xea,
    0x10,

    /* U+5E03 "布" */
    0x0, 0x0, 0x0, 0x63, 0x0, 0x0, 0x0, 0x0,
    0x0, 0x0, 0x1, 0xf9, 0x0, 0x0, 0x0, 0x0,
    0x2, 0x22, 0x28, 0xf5, 0x22, 0x22, 0x22, 0x20,
    0x1f, 0xff, 0xff, 0xff, 0xff, 0xff, 0xff, 0xf2,
    0x5, 0x55, 0x9f, 0x85, 0x55, 0x55, 0x55, 0x50,
    0x0, 0x0, 0xdd, 0x0, 0xf8, 0x0, 0x0, 0x0,
    0x0, 0x8, 0xf5, 0x0, 0xf8, 0x0, 0x0, 0x0,
    0x0, 0x4f, 0xff, 0xff, 0xff, 0xff, 0xff, 0x40,
    0x4, 0xff, 0xf7, 0x77, 0xfc, 0x77, 0x9f, 0x40,
    0x4f, 0xda, 0xf0, 0x0, 0xf8, 0x0, 0x4f, 0x40,
    0x1b, 0x18, 0xf0, 0x0, 0xf8, 0x0, 0x4f, 0x40,
    0x0, 0x8, 0xf0, 0x0, 0xf8, 0x0, 0x4f, 0x40,
    0x0, 0x8, 0xf0, 0x0, 0xf8, 0x36, 0x8f, 0x40,
    0x0, 0x7, 0xe0, 0x0, 0xf8, 0x4f, 0xfb, 0x0,
    0x0, 0x0, 0x0, 0x0, 0xf8, 0x0, 0x0, 0x0,

    /* U+5E16 "帖" */
    0x0, 0xe, 0x70, 0x0, 0x0, 0xe8, 0x0, 0x0,
    0x0, 0xe, 0x70, 0x0, 0x0, 0xe9, 0x0, 0x0,
    0x0, 0xe, 0x70, 0x0, 0x0, 0xe9, 0x0, 0x0,
    0x6, 0x6f, 0xb6, 0x71, 0x0, 0xec, 0x88, 0x83,
    0x1f, 0xff, 0xff, 0xf2, 0x0, 0xef, 0xee, 0xe5,
    0x1f, 0x2e, 0x70, 0xf2, 0x0, 0xe9, 0x0, 0x0,
    0x1f, 0x2e, 0x70, 0xf2, 0x0, 0xe9, 0x0, 0x0,
    0x1f, 0x2e, 0x70, 0xf2, 0xcd, 0xff, 0xdd, 0x90,
    0x1f, 0x2e, 0x70, 0xf2, 0xfb, 0x88, 0x8e, 0xa0,
    0x1f, 0x2e, 0x70, 0xf2, 0xf7, 0x0, 0xc, 0xa0,
    0x1f, 0x2e, 0x86, 0xf2, 0xf7, 0x0, 0xc, 0xa0,
    0x1f, 0x2e, 0x7b, 0xc0, 0xf7, 0x0, 0xc, 0xa0,
    0x0, 0xe, 0x70, 0x0, 0xf7, 0x0, 0xc, 0xa0,
    0x0, 0xe, 0x70, 0x0, 0xff, 0xff, 0xff, 0xa0,
    0x0, 0xe, 0x70, 0x0, 0xea, 0x66, 0x6c, 0x90,

    /* U+5E38 "常" */
    0x2, 0xa1, 0x0, 0xea, 0x0, 0x37, 0x10, 0x3,
    0xf9, 0x0, 0xea, 0x0, 0xde, 0x10, 0x0, 0xbb,
    0x0, 0xea, 0x3, 0xe4, 0x0, 0xef, 0xff, 0xff,
    0xff, 0xff, 0xff, 0xf9, 0xea, 0x55, 0x55, 0x55,
    0x55, 0x55, 0xf9, 0xe8, 0x5f, 0xff, 0xff, 0xff,
    0xf1, 0xe9, 0x95, 0x6f, 0x32, 0x22, 0x28, 0xf1,
    0x95, 0x0, 0x6f, 0x77, 0x77, 0x7b, 0xf1, 0x0,
    0x0, 0x4a, 0xaa, 0xee, 0xaa, 0xa0, 0x0, 0x2,
    0x22, 0x22, 0xdc, 0x22, 0x23, 0x20, 0xe, 0xff,
    0xff, 0xff, 0xff, 0xff, 0xe0, 0xe, 0xb3, 0x33,
    0xdd, 0x33, 0x3e, 0xe0, 0xe, 0xa0, 0x0, 0xcc,
    0x0, 0xe, 0xe0, 0xe, 0xa0, 0x0, 0xcc, 0xc,
    0xdf, 0xc0, 0x5, 0x40, 0x0, 0xcc, 0x5, 0x86,
    0x20,

    /* U+5E73 "平" */
    0x4, 0x88, 0x88, 0x88, 0x88, 0x88, 0x88, 0x10,
    0x8, 0xff, 0xff, 0xff, 0xff, 0xff, 0xff, 0x30,
    0x0, 0x3, 0x0, 0xe, 0xa0, 0x1, 0x30, 0x0,
    0x0, 0x3f, 0x50, 0xe, 0xa0, 0x8, 0xf2, 0x0,
    0x0, 0xd, 0xc0, 0xe, 0xa0, 0xe, 0xb0, 0x0,
    0x0, 0x7, 0xf2, 0xe, 0xa0, 0x6f, 0x30, 0x0,
    0x0, 0x2, 0x81, 0xe, 0xa0, 0x58, 0x0, 0x0,
    0x39, 0x99, 0x99, 0x9f, 0xd9, 0x99, 0x99, 0x91,
    0x5f, 0xff, 0xff, 0xff, 0xff, 0xff, 0xff, 0xf1,
    0x0, 0x0, 0x0, 0xe, 0xa0, 0x0, 0x0, 0x0,
    0x0, 0x0, 0x0, 0xe, 0xa0, 0x0, 0x0, 0x0,
    0x0, 0x0, 0x0, 0xe, 0xa0, 0x0, 0x0, 0x0,
    0x0, 0x0, 0x0, 0xe, 0xa0, 0x0, 0x0, 0x0,
    0x0, 0x0, 0x0, 0xe, 0xa0, 0x0, 0x0, 0x0,

    /* U+5E76 "并" */
    0x0, 0x2, 0x91, 0x0, 0x0, 0x1a, 0x50, 0x0,
    0x0, 0x2, 0xfb, 0x0, 0x0, 0x6f, 0x60, 0x0,
    0x0, 0x0, 0x8f, 0x40, 0x0, 0xde, 0x0, 0x0,
    0x4, 0x77, 0x8d, 0x77, 0x79, 0xfb, 0x77, 0x50,
    0xa, 0xff, 0xff, 0xff, 0xff, 0xff, 0xff, 0xc0,
    0x0, 0x0, 0x9f, 0x0, 0x0, 0xfa, 0x0, 0x0,
    0x0, 0x0, 0x9f, 0x0, 0x0, 0xfa, 0x0, 0x0,
    0x0, 0x0, 0x9f, 0x0, 0x0, 0xfa, 0x0, 0x0,
    0x18, 0x88, 0xcf, 0x88, 0x88, 0xfd, 0x88, 0x82,
    0x3f, 0xff, 0xff, 0xff, 0xff, 0xff, 0xff, 0xf3,
    0x0, 0x0, 0xeb, 0x0, 0x0, 0xfa, 0x0, 0x0,
    0x0, 0x6, 0xf7, 0x0, 0x0, 0xfa, 0x0, 0x0,
    0x0, 0x2f, 0xe0, 0x0, 0x0, 0xfa, 0x0, 0x0,
    0x6, 0xff, 0x30, 0x0, 0x0, 0xfa, 0x0, 0x0,
    0x9, 0xc2, 0x0, 0x0, 0x0, 0xfa, 0x0, 0x0,
    0x0, 0x0, 0x0, 0x0, 0x0, 0x0, 0x0, 0x0,

    /* U+5E8F "序" */
    0x0, 0x0, 0x0, 0x4, 0xa0, 0x0, 0x0, 0x0,
    0x0, 0x0, 0x0, 0x4, 0xf6, 0x0, 0x0, 0x0,
    0x5, 0xff, 0xff, 0xff, 0xff, 0xff, 0xff, 0xf0,
    0x6, 0xf8, 0x77, 0x77, 0x77, 0x77, 0x77, 0x70,
    0x6, 0xf1, 0x24, 0x44, 0x44, 0x44, 0x40, 0x0,
    0x6, 0xf1, 0x7f, 0xff, 0xff, 0xff, 0xf5, 0x0,
    0x6, 0xf1, 0x0, 0x53, 0x0, 0xaf, 0x60, 0x0,
    0x6, 0xf1, 0x0, 0x9f, 0xce, 0xc3, 0x0, 0x0,
    0x6, 0xf2, 0x55, 0x57, 0xef, 0xd6, 0x56, 0x30,
    0x8, 0xf4, 0xff, 0xff, 0xff, 0xff, 0xff, 0xa0,
    0xa, 0xd0, 0x0, 0x0, 0x9e, 0x0, 0xae, 0x10,
    0xd, 0xa0, 0x0, 0x0, 0x9e, 0x3, 0xe3, 0x0,
    0x1f, 0x70, 0x0, 0x0, 0x9e, 0x0, 0x0, 0x0,
    0x7f, 0x20, 0x2, 0x55, 0xce, 0x0, 0x0, 0x0,
    0x5b, 0x0, 0x2, 0xff, 0xe8, 0x0, 0x0, 0x0,
    0x0, 0x0, 0x0, 0x0, 0x0, 0x0, 0x0, 0x0,

    /* U+5EA6 "度" */
    0x0, 0x0, 0x0, 0x3, 0x70, 0x0, 0x0, 0x0,
    0x0, 0x0, 0x0, 0x6, 0xf5, 0x0, 0x0, 0x0,
    0x4, 0xff, 0xff, 0xff, 0xff, 0xff, 0xff, 0xf0,
    0x4, 0xf8, 0x66, 0x97, 0x66, 0x69, 0x76, 0x60,
    0x4, 0xf3, 0x0, 0xf6, 0x0, 0x2f, 0x50, 0x0,
    0x4, 0xf9, 0xff, 0xff, 0xff, 0xff, 0xff, 0xc0,
    0x4, 0xf5, 0x44, 0xf8, 0x44, 0x5f, 0x84, 0x30,
    0x5, 0xf2, 0x0, 0xf9, 0x44, 0x6f, 0x50, 0x0,
    0x5, 0xf2, 0x0, 0xee, 0xee, 0xee, 0x50, 0x0,
    0x6, 0xf1, 0x44, 0x44, 0x44, 0x44, 0x41, 0x0,
    0x8, 0xf0, 0xff, 0xff, 0xff, 0xff, 0xfa, 0x0,
    0xb, 0xd0, 0x8, 0xf5, 0x0, 0x2d, 0xd1, 0x0,
    0xe, 0xa0, 0x0, 0x9f, 0xa9, 0xfc, 0x10, 0x0,
    0x3f, 0x60, 0x25, 0x8e, 0xff, 0xf8, 0x42, 0x0,
    0x7f, 0x1b, 0xff, 0xc8, 0x44, 0x9e, 0xff, 0xd0,
    0x2, 0x1, 0x20, 0x0, 0x0, 0x0, 0x14, 0x20,

    /* U+5EB7 "康" */
    0x0, 0x0, 0x0, 0x4, 0x80, 0x0, 0x0, 0x0,
    0x1, 0x32, 0x22, 0x27, 0xf8, 0x22, 0x22, 0x20,
    0x6, 0xff, 0xff, 0xff, 0xff, 0xff, 0xff, 0xf0,
    0x6, 0xf2, 0x11, 0x11, 0xf9, 0x11, 0x11, 0x10,
    0x6, 0xf1, 0xdf, 0xff, 0xff, 0xff, 0xfa, 0x0,
    0x6, 0xf1, 0x11, 0x11, 0xfa, 0x11, 0xcb, 0x0,
    0x6, 0xf9, 0xff, 0xff, 0xff, 0xff, 0xff, 0xf3,
    0x6, 0xf2, 0x22, 0x22, 0xfa, 0x22, 0xcc, 0x30,
    0x6, 0xf0, 0xdd, 0xdd, 0xfe, 0xdd, 0xfb, 0x0,
    0x8, 0xe0, 0xc6, 0x33, 0xfc, 0x33, 0x59, 0x0,
    0xa, 0xd0, 0x9f, 0x70, 0xff, 0x56, 0xfc, 0x10,
    0xd, 0xa0, 0x7, 0xbe, 0xfd, 0xff, 0x60, 0x0,
    0x1f, 0x66, 0xcf, 0xb4, 0xf9, 0x4e, 0xd6, 0x10,
    0x7f, 0x1c, 0x94, 0x33, 0xf9, 0x1, 0x9f, 0xd0,
    0x49, 0x0, 0x3, 0xff, 0xe4, 0x0, 0x0, 0x20,
    0x0, 0x0, 0x0, 0x0, 0x0, 0x0, 0x0, 0x0,

    /* U+5EF6 "延" */
    0x0, 0x0, 0x10, 0x0, 0x0, 0x0, 0x48, 0x50,
    0x1f, 0xff, 0xf6, 0x15, 0x8a, 0xdf, 0xfe, 0xa0,
    0x5, 0x59, 0xf3, 0x4d, 0xb9, 0xcf, 0x20, 0x0,
    0x0, 0xc, 0xb0, 0x0, 0x0, 0x8f, 0x0, 0x0,
    0x0, 0x5f, 0x30, 0x0, 0x0, 0x8f, 0x0, 0x0,
    0x1, 0xe9, 0x0, 0xc, 0x60, 0x8f, 0x44, 0x41,
    0xb, 0xff, 0xfd, 0xe, 0x70, 0x8f, 0xff, 0xf4,
    0x3, 0x66, 0xcd, 0xe, 0x70, 0x8f, 0x0, 0x0,
    0x2, 0x30, 0xca, 0xe, 0x70, 0x8f, 0x0, 0x0,
    0x8, 0xc0, 0xf7, 0xe, 0x70, 0x8f, 0x0, 0x0,
    0x2, 0xfa, 0xf2, 0xe, 0x82, 0x9f, 0x22, 0x21,
    0x0, 0x9f, 0xd0, 0xe, 0xff, 0xff, 0xff, 0xf7,
    0x0, 0x6f, 0xf6, 0x3, 0x44, 0x44, 0x44, 0x41,
    0x4, 0xfb, 0xaf, 0xfb, 0x97, 0x77, 0x77, 0x74,
    0x1e, 0xd1, 0x3, 0x8c, 0xef, 0xff, 0xff, 0xf5,
    0x3, 0x10, 0x0, 0x0, 0x0, 0x0, 0x0, 0x0,

    /* U+5EFA "建" */
    0x0, 0x0, 0x0, 0x0, 0xe, 0x80, 0x0, 0x0,
    0xf, 0xff, 0xf3, 0x23, 0x3f, 0x93, 0x33, 0x0,
    0x5, 0x5a, 0xf2, 0xcf, 0xff, 0xff, 0xff, 0x20,
    0x0, 0xd, 0xa0, 0x0, 0xe, 0x80, 0x4f, 0x30,
    0x0, 0x5f, 0x2c, 0xff, 0xff, 0xff, 0xff, 0xf2,
    0x0, 0xda, 0x1, 0x22, 0x2f, 0x92, 0x5f, 0x40,
    0xb, 0xff, 0xf5, 0xce, 0xef, 0xfe, 0xef, 0x20,
    0x7, 0x44, 0xf3, 0x23, 0x3f, 0x93, 0x33, 0x0,
    0x7, 0x34, 0xf1, 0xdd, 0xdf, 0xed, 0xdd, 0x40,
    0xa, 0x98, 0xd0, 0x44, 0x4f, 0xa4, 0x44, 0x10,
    0x4, 0xfd, 0x92, 0x33, 0x3f, 0x93, 0x33, 0x30,
    0x0, 0xcf, 0x4a, 0xff, 0xff, 0xff, 0xff, 0xd0,
    0x0, 0xcf, 0xd3, 0x0, 0xe, 0x80, 0x0, 0x0,
    0x8, 0xf6, 0xcf, 0xd9, 0x7a, 0x85, 0x55, 0x62,
    0x2f, 0x70, 0x4, 0x9d, 0xef, 0xff, 0xff, 0xf0,
    0x2, 0x0, 0x0, 0x0, 0x0, 0x0, 0x0, 0x0,

    /* U+5F02 "异" */
    0x0, 0x9f, 0xff, 0xff, 0xff, 0xff, 0xf8, 0x0,
    0x0, 0xaf, 0x88, 0x88, 0x88, 0x88, 0xf8, 0x0,
    0x0, 0x9e, 0x0, 0x0, 0x0, 0x0, 0xf8, 0x0,
    0x0, 0x9f, 0xff, 0xff, 0xff, 0xff, 0xf8, 0x0,
    0x0, 0x9f, 0x55, 0x55, 0x55, 0x55, 0x55, 0x40,
    0x0, 0x8f, 0x31, 0x11, 0x11, 0x11, 0x19, 0xf1,
    0x0, 0x3e, 0xff, 0xff, 0xff, 0xff, 0xff, 0xa0,
    0x0, 0x0, 0x8a, 0x33, 0x33, 0x8b, 0x32, 0x0,
    0x0, 0x0, 0xad, 0x0, 0x0, 0x8f, 0x0, 0x0,
    0x3e, 0xee, 0xff, 0xee, 0xee, 0xff, 0xee, 0xe7,
    0x17, 0x78, 0xfc, 0x77, 0x77, 0xbf, 0x77, 0x73,
    0x0, 0xb, 0xf3, 0x0, 0x0, 0x8f, 0x0, 0x0,
    0x5, 0xdf, 0x70, 0x0, 0x0, 0x8f, 0x0, 0x0,
    0x9, 0xd4, 0x0, 0x0, 0x0, 0x8f, 0x0, 0x0,
    0x0, 0x0, 0x0, 0x0, 0x0, 0x0, 0x0, 0x0,

    /* U+5F15 "引" */
    0x0, 0x0, 0x0, 0x0, 0x0, 0x9, 0xe4, 0xff,
    0xff, 0xff, 0xc0, 0x0, 0x9e, 0x16, 0x66, 0x66,
    0xdc, 0x0, 0x9, 0xe0, 0x0, 0x0, 0xb, 0xc0,
    0x0, 0x9e, 0x2, 0x43, 0x33, 0xcc, 0x0, 0x9,
    0xe0, 0xef, 0xff, 0xff, 0xc0, 0x0, 0x9e, 0xf,
    0xa3, 0x33, 0x32, 0x0, 0x9, 0xe3, 0xf6, 0x0,
    0x0, 0x0, 0x0, 0x9e, 0x6f, 0x97, 0x77, 0x76,
    0x0, 0x9, 0xe8, 0xff, 0xff, 0xff, 0xd0, 0x0,
    0x9e, 0x0, 0x0, 0x0, 0xdb, 0x0, 0x9, 0xe0,
    0x0, 0x0, 0xf, 0xa0, 0x0, 0x9e, 0x0, 0x0,
    0x2, 0xf7, 0x0, 0x9, 0xe0, 0x4, 0x77, 0xbf,
    0x40, 0x0, 0x9e, 0x0, 0x3f, 0xff, 0xa0, 0x0,
    0x9, 0xe0, 0x0, 0x0, 0x0, 0x0, 0x0, 0x0,

    /* U+5F53 "当" */
    0x0, 0x0, 0x0, 0xeb, 0x0, 0x2, 0x10, 0x1e,
    0x90, 0x0, 0xeb, 0x0, 0xc, 0xe0, 0x8, 0xf3,
    0x0, 0xeb, 0x0, 0x3f, 0x80, 0x1, 0xfb, 0x0,
    0xeb, 0x0, 0xaf, 0x10, 0x0, 0x9e, 0x0, 0xeb,
    0x3, 0xf7, 0x0, 0x0, 0x10, 0x0, 0xeb, 0x0,
    0x40, 0x0, 0xe, 0xee, 0xee, 0xff, 0xee, 0xee,
    0xd0, 0x9, 0x99, 0x99, 0x99, 0x99, 0x9d, 0xf0,
    0x0, 0x0, 0x0, 0x0, 0x0, 0xa, 0xf0, 0x3,
    0x77, 0x77, 0x77, 0x77, 0x7d, 0xf0, 0x7, 0xff,
    0xff, 0xff, 0xff, 0xff, 0xf0, 0x0, 0x0, 0x0,
    0x0, 0x0, 0xb, 0xf0, 0x0, 0x0, 0x0, 0x0,
    0x0, 0xa, 0xf0, 0x4f, 0xff, 0xff, 0xff, 0xff,
    0xff, 0xf0, 0x28, 0x88, 0x88, 0x88, 0x88, 0x8d,
    0xf0,

    /* U+5F55 "录" */
    0x0, 0x0, 0x0, 0x0, 0x0, 0x0, 0x0, 0x0,
    0x0, 0xff, 0xff, 0xff, 0xff, 0xff, 0xf4, 0x0,
    0x0, 0x66, 0x66, 0x66, 0x66, 0x6b, 0xf3, 0x0,
    0x0, 0x1, 0x11, 0x11, 0x11, 0x19, 0xf3, 0x0,
    0x0, 0x7f, 0xff, 0xff, 0xff, 0xff, 0xf2, 0x0,
    0x0, 0x24, 0x44, 0x44, 0x44, 0x4c, 0xf1, 0x0,
    0x7, 0x77, 0x77, 0x77, 0x77, 0x7d, 0xf7, 0x70,
    0x1d, 0xdd, 0xdd, 0xdf, 0xfd, 0xdd, 0xdd, 0xc0,
    0x0, 0x69, 0x10, 0xe, 0xd0, 0x0, 0xb8, 0x0,
    0x0, 0x4e, 0xe5, 0xe, 0xf7, 0x3d, 0xf5, 0x0,
    0x0, 0x0, 0xa6, 0x5f, 0xef, 0xfb, 0x20, 0x0,
    0x0, 0x3, 0x9f, 0xff, 0xa8, 0xf9, 0x0, 0x0,
    0x7, 0xdf, 0xd7, 0x1e, 0xa0, 0x7f, 0xe7, 0x10,
    0x8, 0xb4, 0x4, 0x4f, 0x90, 0x2, 0xbf, 0xc0,
    0x0, 0x0, 0xe, 0xfe, 0x50, 0x0, 0x2, 0x10,
    0x0, 0x0, 0x0, 0x0, 0x0, 0x0, 0x0, 0x0,

    /* U+5F62 "形" */
    0x0, 0x0, 0x0, 0x0, 0x0, 0x0, 0x18, 0x20,
    0x2f, 0xff, 0xff, 0xff, 0xf0, 0x0, 0xcf, 0x20,
    0x2f, 0xff, 0xff, 0xff, 0xf0, 0x1c, 0xf4, 0x0,
    0x0, 0x6f, 0x0, 0xe9, 0x3, 0xdf, 0x40, 0x0,
    0x0, 0x6f, 0x0, 0xe9, 0xa, 0xd3, 0x0, 0x0,
    0x0, 0x6f, 0x0, 0xe9, 0x0, 0x0, 0x9, 0x60,
    0x14, 0x9f, 0x44, 0xfb, 0x41, 0x0, 0x9f, 0x50,
    0x6f, 0xff, 0xff, 0xff, 0xf3, 0x1c, 0xf5, 0x0,
    0x2, 0x8f, 0x22, 0xfa, 0x26, 0xfe, 0x30, 0x0,
    0x0, 0x8e, 0x0, 0xe9, 0x2, 0x80, 0x2, 0x60,
    0x0, 0xbc, 0x0, 0xe9, 0x0, 0x0, 0x1d, 0xe1,
    0x0, 0xf9, 0x0, 0xe9, 0x0, 0x1, 0xcf, 0x30,
    0x6, 0xf3, 0x0, 0xe9, 0x0, 0x5e, 0xe3, 0x0,
    0x1e, 0xc0, 0x0, 0xe9, 0x3b, 0xfc, 0x10, 0x0,
    0x2d, 0x20, 0x0, 0xe9, 0x2c, 0x60, 0x0, 0x0,
    0x0, 0x0, 0x0, 0x0, 0x0, 0x0, 0x0, 0x0,

    /* U+5F85 "待" */
    0x0, 0x4, 0x91, 0x0, 0x7, 0xf1, 0x0, 0x0,
    0x0, 0x1e, 0xc0, 0x0, 0x7, 0xf1, 0x0, 0x0,
    0x1, 0xde, 0x10, 0x56, 0x6a, 0xf7, 0x66, 0x40,
    0x1d, 0xe3, 0x0, 0xdf, 0xff, 0xff, 0xff, 0xa0,
    0x1c, 0x20, 0xb3, 0x0, 0x7, 0xf1, 0x0, 0x0,
    0x0, 0xa, 0xf6, 0x66, 0x6a, 0xf6, 0x66, 0x62,
    0x0, 0x8f, 0x6c, 0xff, 0xff, 0xff, 0xff, 0xf7,
    0x8, 0xff, 0x40, 0x0, 0x0, 0x3, 0xf4, 0x0,
    0x6f, 0xcf, 0x44, 0x77, 0x77, 0x78, 0xf9, 0x72,
    0x18, 0x2f, 0x49, 0xff, 0xff, 0xff, 0xff, 0xf5,
    0x0, 0x2f, 0x40, 0x29, 0x10, 0x3, 0xf4, 0x0,
    0x0, 0x2f, 0x40, 0x1e, 0xc0, 0x3, 0xf4, 0x0,
    0x0, 0x2f, 0x40, 0x4, 0xf6, 0x3, 0xf4, 0x0,
    0x0, 0x2f, 0x40, 0x0, 0x33, 0x58, 0xf4, 0x0,
    0x0, 0x2f, 0x40, 0x0, 0x3, 0xff, 0xc1, 0x0,
    0x0, 0x0, 0x0, 0x0, 0x0, 0x0, 0x0, 0x0,

    /* U+5FC3 "心" */
    0x0, 0x0, 0x0, 0x0, 0x0, 0x0, 0x0, 0x0,
    0x0, 0x0, 0x2, 0xe8, 0x0, 0x0, 0x0, 0x0,
    0x0, 0x0, 0x0, 0x9f, 0xc1, 0x0, 0x0, 0x0,
    0x0, 0x0, 0x0, 0x5, 0xfe, 0x30, 0x0, 0x0,
    0x0, 0x0, 0x0, 0x0, 0x3e, 0xb0, 0x0, 0x0,
    0x0, 0x0, 0x1f, 0x70, 0x2, 0x10, 0x3, 0x0,
    0x0, 0xb7, 0x1f, 0x70, 0x0, 0x0, 0x9f, 0x10,
    0x0, 0xf8, 0x1f, 0x70, 0x0, 0x0, 0x3f, 0x70,
    0x2, 0xf5, 0x1f, 0x70, 0x0, 0x0, 0xd, 0xd0,
    0x6, 0xf2, 0x1f, 0x70, 0x0, 0x0, 0x7, 0xf2,
    0x9, 0xf0, 0x1f, 0x70, 0x0, 0x4, 0x12, 0xf7,
    0xe, 0xc0, 0x1f, 0x70, 0x0, 0xa, 0xc0, 0xe8,
    0x7, 0x60, 0x1f, 0x70, 0x0, 0xc, 0xb0, 0x10,
    0x0, 0x0, 0xf, 0xc7, 0x77, 0x8f, 0x70, 0x0,
    0x0, 0x0, 0x7, 0xef, 0xff, 0xfc, 0x10, 0x0,

    /* U+6001 "态" */
    0x0, 0x0, 0x0, 0xc, 0xd0, 0x0, 0x0, 0x0,
    0x0, 0x0, 0x0, 0xe, 0xb0, 0x0, 0x0, 0x0,
    0x5, 0x55, 0x55, 0x6f, 0xb5, 0x55, 0x55, 0x51,
    0x2f, 0xff, 0xff, 0xff, 0xff, 0xff, 0xff, 0xf3,
    0x1, 0x11, 0x11, 0xce, 0xbe, 0x11, 0x11, 0x10,
    0x0, 0x0, 0x6, 0xf7, 0x2f, 0xb0, 0x0, 0x0,
    0x0, 0x0, 0x6f, 0xc1, 0x6, 0xfb, 0x10, 0x0,
    0x0, 0x3b, 0xfc, 0xaf, 0x80, 0x7f, 0xe7, 0x10,
    0x1d, 0xff, 0x70, 0x8, 0xfb, 0x4, 0xdf, 0xf2,
    0x7, 0x60, 0x0, 0x2b, 0x71, 0x0, 0x4, 0x50,
    0x0, 0xb5, 0xaa, 0xc, 0xe3, 0x0, 0xca, 0x0,
    0x1, 0xf6, 0xbc, 0x1, 0xde, 0x0, 0x6f, 0x20,
    0x7, 0xf1, 0xbc, 0x0, 0x23, 0xd, 0x7e, 0xa0,
    0xe, 0xb0, 0xbe, 0x66, 0x66, 0x7f, 0x69, 0xf0,
    0x6, 0x30, 0x4e, 0xff, 0xff, 0xfc, 0x2, 0x60,

    /* U+6027 "性" */
    0x0, 0x7f, 0x10, 0x0, 0x1, 0xf6, 0x0, 0x0,
    0x0, 0x7f, 0x10, 0xd, 0x91, 0xf7, 0x0, 0x0,
    0x0, 0x7f, 0x10, 0xf, 0x71, 0xf7, 0x0, 0x0,
    0x5, 0x8f, 0xb5, 0x4f, 0x64, 0xf8, 0x22, 0x20,
    0xf, 0x9f, 0x8d, 0x8f, 0xff, 0xff, 0xff, 0xe0,
    0x2f, 0x7f, 0x3f, 0xfb, 0x44, 0xf9, 0x44, 0x30,
    0x5d, 0x7f, 0x16, 0xf4, 0x1, 0xf7, 0x0, 0x0,
    0x58, 0x7f, 0x10, 0x40, 0x1, 0xf7, 0x0, 0x0,
    0x0, 0x7f, 0x10, 0x5f, 0xff, 0xff, 0xff, 0x80,
    0x0, 0x7f, 0x10, 0x27, 0x78, 0xfb, 0x77, 0x40,
    0x0, 0x7f, 0x10, 0x0, 0x1, 0xf7, 0x0, 0x0,
    0x0, 0x7f, 0x10, 0x0, 0x1, 0xf7, 0x0, 0x0,
    0x0, 0x7f, 0x10, 0x0, 0x1, 0xf7, 0x0, 0x0,
    0x0, 0x7f, 0x17, 0xdd, 0xdd, 0xfe, 0xdd, 0xd4,
    0x0, 0x7f, 0x15, 0xaa, 0xaa, 0xaa, 0xaa, 0xa3,

    /* U+603B "总" */
    0x0, 0x0, 0x13, 0x0, 0x0, 0x32, 0x0, 0x0,
    0x0, 0x0, 0xbe, 0x10, 0x0, 0xce, 0x0, 0x0,
    0x0, 0x0, 0x2f, 0x90, 0x4, 0xf6, 0x0, 0x0,
    0x0, 0x5, 0x5c, 0xc5, 0x5d, 0xe5, 0x50, 0x0,
    0x0, 0x1f, 0xff, 0xff, 0xff, 0xff, 0xf2, 0x0,
    0x0, 0x1f, 0x91, 0x11, 0x11, 0x1a, 0xf2, 0x0,
    0x0, 0x1f, 0x80, 0x0, 0x0, 0x9, 0xf2, 0x0,
    0x0, 0x1f, 0xc7, 0x77, 0x77, 0x7c, 0xf2, 0x0,
    0x0, 0x1f, 0xff, 0xff, 0xff, 0xff, 0xf2, 0x0,
    0x0, 0x0, 0x0, 0x1d, 0x70, 0x0, 0x0, 0x0,
    0x0, 0xa4, 0x8f, 0x7, 0xf9, 0x0, 0xc9, 0x0,
    0x3, 0xf4, 0x8f, 0x0, 0x5e, 0x20, 0x5f, 0x50,
    0xa, 0xf0, 0x8f, 0x0, 0x1, 0x9, 0x3b, 0xe0,
    0x1f, 0x90, 0x7f, 0x76, 0x66, 0x7f, 0x72, 0xc1,
    0x1, 0x0, 0x2d, 0xff, 0xff, 0xfc, 0x10, 0x0,

    /* U+6062 "恢" */
    0x0, 0x0, 0x0, 0x0, 0x0, 0x0, 0x0, 0x0,
    0x0, 0x7e, 0x0, 0x3, 0xf2, 0x0, 0x0, 0x0,
    0x0, 0x7e, 0x0, 0x5, 0xf1, 0x0, 0x0, 0x0,
    0x0, 0x7e, 0x1, 0x28, 0xf2, 0x22, 0x22, 0x20,
    0x4, 0x8f, 0xc9, 0xff, 0xff, 0xff, 0xff, 0xf1,
    0xd, 0xce, 0xc8, 0x3d, 0xb3, 0x36, 0x43, 0x30,
    0xf, 0xae, 0x7b, 0xf, 0x70, 0xe, 0x50, 0x0,
    0x2f, 0x8e, 0x24, 0x2f, 0x3a, 0x3f, 0x45, 0xa0,
    0x4c, 0x7e, 0x0, 0x7f, 0x1f, 0x3f, 0x2a, 0x90,
    0x0, 0x7e, 0x0, 0xca, 0x4d, 0x3f, 0x1e, 0x40,
    0x0, 0x7e, 0x3, 0xf4, 0x98, 0x7f, 0x4e, 0x0,
    0x0, 0x7e, 0xb, 0xd0, 0x1, 0xcf, 0x41, 0x0,
    0x0, 0x7e, 0x6f, 0x50, 0x4, 0xfc, 0xc0, 0x0,
    0x0, 0x7e, 0x7, 0x0, 0x2e, 0xb1, 0xf8, 0x0,
    0x0, 0x7e, 0x0, 0x17, 0xfd, 0x10, 0x5f, 0xa1,
    0x0, 0x7e, 0x0, 0xc, 0x90, 0x0, 0x5, 0xa0,
    0x0, 0x0, 0x0, 0x0, 0x0, 0x0, 0x0, 0x0,

    /* U+60C5 "情" */
    0x0, 0xac, 0x0, 0x0, 0x9, 0xe0, 0x0, 0x0,
    0x0, 0xac, 0x1, 0x22, 0x2a, 0xf2, 0x22, 0x20,
    0x0, 0xac, 0x8, 0xff, 0xff, 0xff, 0xff, 0xf0,
    0x3, 0xad, 0xd1, 0x33, 0x3a, 0xf3, 0x33, 0x20,
    0xf, 0xbc, 0xb9, 0xcc, 0xce, 0xfc, 0xcc, 0x70,
    0x2f, 0xac, 0x38, 0x66, 0x6b, 0xf6, 0x66, 0x62,
    0x4e, 0xac, 0xc, 0xcc, 0xcc, 0xcc, 0xcc, 0xc5,
    0x8b, 0xac, 0x0, 0x33, 0x33, 0x33, 0x33, 0x0,
    0x2, 0xac, 0x0, 0xff, 0xee, 0xee, 0xff, 0x10,
    0x0, 0xac, 0x0, 0xf8, 0x22, 0x22, 0x6f, 0x10,
    0x0, 0xac, 0x0, 0xff, 0xff, 0xff, 0xff, 0x10,
    0x0, 0xac, 0x0, 0xf8, 0x22, 0x22, 0x6f, 0x10,
    0x0, 0xac, 0x0, 0xff, 0xff, 0xff, 0xff, 0x10,
    0x0, 0xac, 0x0, 0xf6, 0x0, 0x5, 0x8f, 0x10,
    0x0, 0xac, 0x0, 0xf6, 0x0, 0xd, 0xfb, 0x0,

    /* U+611F "感" */
    0x0, 0x0, 0x0, 0x0, 0x0, 0x0, 0x0, 0x0,
    0x0, 0x0, 0x0, 0x0, 0x2f, 0x58, 0xb1, 0x0,
    0x0, 0x0, 0x0, 0x0, 0x1f, 0x61, 0xdb, 0x0,
    0x4, 0xff, 0xff, 0xff, 0xff, 0xff, 0xff, 0xf3,
    0x4, 0xf5, 0x44, 0x44, 0x4e, 0xb4, 0x44, 0x40,
    0x4, 0xf6, 0xdd, 0xdd, 0x6b, 0xc0, 0x4f, 0x30,
    0x5, 0xf2, 0x33, 0x33, 0x18, 0xf0, 0xcd, 0x0,
    0x6, 0xf3, 0xff, 0xff, 0x44, 0xfc, 0xf3, 0x0,
    0x9, 0xd4, 0xf1, 0x1e, 0x40, 0xef, 0x70, 0x71,
    0xe, 0x94, 0xf7, 0x7f, 0x49, 0xff, 0x60, 0xf5,
    0x5f, 0x32, 0x88, 0x88, 0x9f, 0x7a, 0xfe, 0xf1,
    0x17, 0x0, 0x20, 0x5b, 0x12, 0x0, 0x58, 0x30,
    0x2, 0xa4, 0xf5, 0x1d, 0xc1, 0x0, 0xbc, 0x0,
    0x9, 0xe2, 0xf5, 0x2, 0xd4, 0x3c, 0x6f, 0x70,
    0x3f, 0x71, 0xf8, 0x33, 0x33, 0x9f, 0x1b, 0xf0,
    0x17, 0x0, 0xaf, 0xff, 0xff, 0xf9, 0x1, 0x10,

    /* U+6210 "成" */
    0x0, 0x0, 0x0, 0x0, 0x0, 0x0, 0x0, 0x0,
    0x0, 0x0, 0x0, 0x0, 0x4f, 0x4a, 0x90, 0x0,
    0x0, 0x0, 0x0, 0x0, 0x4f, 0x46, 0xfd, 0x20,
    0x0, 0x0, 0x0, 0x0, 0x3f, 0x50, 0x3e, 0x30,
    0x0, 0xdf, 0xff, 0xff, 0xff, 0xff, 0xff, 0xf7,
    0x0, 0xed, 0x88, 0x88, 0x9f, 0xc8, 0x88, 0x84,
    0x0, 0xea, 0x0, 0x0, 0xf, 0x80, 0x3, 0x0,
    0x0, 0xed, 0x77, 0x75, 0xe, 0xa0, 0x4f, 0x50,
    0x0, 0xef, 0xff, 0xfb, 0xc, 0xd0, 0xbe, 0x0,
    0x0, 0xea, 0x0, 0xcb, 0x9, 0xf3, 0xf8, 0x0,
    0x0, 0xf9, 0x0, 0xca, 0x5, 0xfe, 0xe0, 0x0,
    0x1, 0xf8, 0x0, 0xd9, 0x1, 0xff, 0x50, 0x0,
    0x3, 0xf6, 0x66, 0xf8, 0x6, 0xfe, 0x0, 0xa4,
    0x7, 0xf2, 0xcf, 0xe3, 0x8f, 0xef, 0x60, 0xd7,
    0xd, 0xd0, 0x0, 0x2c, 0xfa, 0xc, 0xfa, 0xf4,
    0x1c, 0x60, 0x0, 0xc, 0x70, 0x1, 0xbf, 0xb0,
    0x0, 0x0, 0x0, 0x0, 0x0, 0x0, 0x0, 0x0,

    /* U+6216 "或" */
    0x0, 0x0, 0x0, 0x0, 0x0, 0x0, 0x0, 0x0,
    0x0, 0x0, 0x0, 0x0, 0x5f, 0x46, 0xc2, 0x0,
    0x0, 0x0, 0x0, 0x0, 0x4f, 0x44, 0xef, 0x40,
    0x0, 0x0, 0x0, 0x0, 0x4f, 0x50, 0x2d, 0x40,
    0xf, 0xff, 0xff, 0xff, 0xff, 0xff, 0xff, 0xf1,
    0x7, 0x77, 0x77, 0x77, 0x8f, 0xb7, 0x77, 0x70,
    0x0, 0x44, 0x44, 0x42, 0xf, 0x90, 0x17, 0x10,
    0x2, 0xff, 0xff, 0xf8, 0xe, 0xb0, 0x6f, 0x40,
    0x2, 0xf3, 0x0, 0xe8, 0xc, 0xd0, 0xdd, 0x0,
    0x2, 0xf3, 0x0, 0xe8, 0x9, 0xf5, 0xf6, 0x0,
    0x2, 0xf8, 0x66, 0xf8, 0x6, 0xff, 0xd0, 0x0,
    0x2, 0xee, 0xee, 0xe7, 0x2, 0xff, 0x30, 0x0,
    0x0, 0x0, 0x1, 0x47, 0x8, 0xfe, 0x0, 0x92,
    0x6, 0x9c, 0xef, 0xfd, 0xaf, 0xdf, 0x50, 0xf5,
    0xd, 0xb8, 0x52, 0x3d, 0xf9, 0xd, 0xfb, 0xf2,
    0x0, 0x0, 0x0, 0x2d, 0x60, 0x2, 0xcf, 0x90,
    0x0, 0x0, 0x0, 0x0, 0x0, 0x0, 0x0, 0x0,

    /* U+622A "截" */
    0x0, 0x0, 0x8f, 0x10, 0x7, 0xf0, 0x50, 0x0,
    0x1, 0x22, 0x9f, 0x32, 0x17, 0xf1, 0xec, 0x0,
    0x8, 0xff, 0xff, 0xff, 0xc7, 0xf0, 0x2e, 0xa0,
    0x0, 0x11, 0x8f, 0x31, 0x16, 0xf1, 0x4, 0x50,
    0x3e, 0xee, 0xff, 0xee, 0xef, 0xfe, 0xee, 0xe5,
    0x16, 0x6b, 0x78, 0x96, 0x68, 0xf8, 0x66, 0x62,
    0x0, 0x5f, 0x27, 0xe0, 0x3, 0xf4, 0x6, 0x30,
    0x1, 0xef, 0xcc, 0xfc, 0xc3, 0xf6, 0xf, 0x60,
    0x1d, 0xfa, 0x48, 0xf4, 0x40, 0xf8, 0x6f, 0x10,
    0x2b, 0xdf, 0xef, 0xfe, 0xc0, 0xcb, 0xda, 0x0,
    0x0, 0xc8, 0x5, 0xe0, 0x0, 0x9f, 0xf2, 0x0,
    0x0, 0xcf, 0xff, 0xff, 0xd0, 0x5f, 0x90, 0x61,
    0x0, 0xc8, 0x5, 0xe0, 0x0, 0xcf, 0x90, 0xc7,
    0x0, 0xcf, 0xff, 0xff, 0xfc, 0xea, 0xf9, 0xf4,
    0x0, 0xca, 0x44, 0x44, 0x8d, 0x20, 0xaf, 0xb0,
    0x0, 0x0, 0x0, 0x0, 0x0, 0x0, 0x0, 0x0,

    /* U+6247 "扇" */
    0x0, 0x0, 0x0, 0x5, 0x30, 0x0, 0x0, 0x0,
    0x0, 0x0, 0x0, 0xed, 0x0, 0x0, 0x0, 0x0,
    0xbf, 0xff, 0xff, 0xff, 0xff, 0xff, 0x10, 0xb,
    0xd5, 0x55, 0x55, 0x55, 0x5a, 0xf1, 0x0, 0xbd,
    0x11, 0x11, 0x11, 0x11, 0x8f, 0x10, 0xb, 0xff,
    0xff, 0xff, 0xff, 0xff, 0xf1, 0x0, 0xbd, 0x33,
    0x33, 0x33, 0x33, 0x33, 0x0, 0xb, 0xcf, 0xff,
    0xfa, 0xaf, 0xff, 0xf8, 0x0, 0xcb, 0x56, 0x4c,
    0xa3, 0x85, 0x4d, 0x90, 0xe, 0x97, 0xd1, 0xba,
    0xd, 0x90, 0xd9, 0x0, 0xf7, 0xc, 0x7b, 0xa0,
    0x2e, 0x3d, 0x90, 0x3f, 0x40, 0x5b, 0xfa, 0x2,
    0x8e, 0xf9, 0x7, 0xf6, 0xee, 0x8c, 0xaa, 0xfb,
    0x5d, 0x90, 0xdc, 0x25, 0x12, 0xca, 0x32, 0x13,
    0xd9, 0x1b, 0x60, 0x1, 0xff, 0x60, 0x5, 0xfe,
    0x40, 0x0, 0x0, 0x0, 0x0, 0x0, 0x0, 0x0,

    /* U+624B "手" */
    0x0, 0x0, 0x0, 0x0, 0x0, 0x3, 0x60, 0x0,
    0x0, 0x34, 0x56, 0x89, 0xbd, 0xff, 0xf8, 0x0,
    0x0, 0xef, 0xff, 0xef, 0xf9, 0x64, 0x10, 0x0,
    0x0, 0x11, 0x0, 0xa, 0xe0, 0x0, 0x0, 0x0,
    0x0, 0x0, 0x0, 0xa, 0xe0, 0x0, 0x0, 0x0,
    0x1, 0xff, 0xff, 0xff, 0xff, 0xff, 0xff, 0x70,
    0x0, 0x77, 0x77, 0x7d, 0xf7, 0x77, 0x77, 0x30,
    0x0, 0x0, 0x0, 0xa, 0xe0, 0x0, 0x0, 0x0,
    0x3, 0x33, 0x33, 0x3b, 0xf3, 0x33, 0x33, 0x31,
    0x2f, 0xff, 0xff, 0xff, 0xff, 0xff, 0xff, 0xf6,
    0x3, 0x33, 0x33, 0x3b, 0xf3, 0x33, 0x33, 0x31,
    0x0, 0x0, 0x0, 0xa, 0xe0, 0x0, 0x0, 0x0,
    0x0, 0x0, 0x0, 0xa, 0xe0, 0x0, 0x0, 0x0,
    0x0, 0x0, 0x66, 0x6d, 0xe0, 0x0, 0x0, 0x0,
    0x0, 0x0, 0xaf, 0xfe, 0x60, 0x0, 0x0, 0x0,
    0x0, 0x0, 0x0, 0x0, 0x0, 0x0, 0x0, 0x0,

    /* U+626B "扫" */
    0x0, 0xf, 0x70, 0x0, 0x0, 0x0, 0x0, 0x0,
    0x0, 0xf7, 0x1, 0x44, 0x44, 0x44, 0x42, 0x0,
    0xf, 0x70, 0x4f, 0xff, 0xff, 0xff, 0x91, 0x77,
    0xfb, 0x74, 0x55, 0x55, 0x55, 0xe9, 0x4f, 0xff,
    0xff, 0x60, 0x0, 0x0, 0xe, 0x90, 0x0, 0xf7,
    0x0, 0x0, 0x0, 0x0, 0xe9, 0x0, 0xf, 0x70,
    0x0, 0x0, 0x0, 0xe, 0x90, 0x0, 0xf9, 0x64,
    0xdf, 0xff, 0xff, 0xf9, 0x27, 0xaf, 0xff, 0x77,
    0x88, 0x88, 0x8f, 0x94, 0xfd, 0xf9, 0x10, 0x0,
    0x0, 0x0, 0xe9, 0x1, 0xf, 0x70, 0x0, 0x0,
    0x0, 0xe, 0x90, 0x0, 0xf7, 0x0, 0x0, 0x0,
    0x0, 0xe9, 0x0, 0xf, 0x70, 0x13, 0x33, 0x33,
    0x3e, 0x90, 0x46, 0xf7, 0x6, 0xff, 0xff, 0xff,
    0xf9, 0x9, 0xfd, 0x20, 0x13, 0x33, 0x33, 0x3e,
    0x90,

    /* U+6293 "抓" */
    0x0, 0x7f, 0x0, 0x0, 0x0, 0x0, 0x25, 0x0,
    0x0, 0x7f, 0x0, 0x34, 0x69, 0xbe, 0xff, 0x60,
    0x0, 0x7f, 0x0, 0xef, 0xff, 0xd8, 0xf7, 0x0,
    0x26, 0xaf, 0x64, 0xe8, 0x1e, 0x70, 0xe7, 0x0,
    0x5f, 0xff, 0xfc, 0xe7, 0xe, 0x70, 0xe7, 0x0,
    0x0, 0x7f, 0x0, 0xe7, 0xe, 0x70, 0xd8, 0x0,
    0x0, 0x7f, 0x0, 0xe7, 0xe, 0x70, 0xc9, 0x0,
    0x0, 0x7f, 0x56, 0xe6, 0xe, 0x70, 0xba, 0x0,
    0x27, 0xdf, 0xf9, 0xf5, 0xe, 0x70, 0x9c, 0x0,
    0x5f, 0xdf, 0x11, 0xf4, 0xe, 0x70, 0x7e, 0x0,
    0x0, 0x7f, 0x3, 0xf2, 0xe, 0x70, 0x5f, 0x10,
    0x0, 0x7f, 0x6, 0xf0, 0xe, 0x70, 0x2f, 0x50,
    0x0, 0x7f, 0xa, 0xc0, 0xe, 0x70, 0xe, 0xb0,
    0x6, 0xaf, 0xf, 0x70, 0xe, 0x70, 0x8, 0xf2,
    0xf, 0xe7, 0x2d, 0x10, 0xe, 0x70, 0x1, 0xa0,
    0x0, 0x0, 0x0, 0x0, 0x0, 0x0, 0x0, 0x0,

    /* U+62A4 "护" */
    0x0, 0x2f, 0x50, 0x0, 0x4, 0xc1, 0x0, 0x0,
    0x2, 0xf5, 0x0, 0x0, 0x2f, 0x90, 0x0, 0x0,
    0x2f, 0x50, 0x0, 0x0, 0x9e, 0x0, 0x1, 0x67,
    0xf9, 0x60, 0xcd, 0xde, 0xdd, 0xd9, 0x3f, 0xff,
    0xff, 0x1f, 0xd9, 0x99, 0x9e, 0xc0, 0x13, 0xf6,
    0x10, 0xf9, 0x0, 0x0, 0xcc, 0x0, 0x2f, 0x50,
    0xf, 0x90, 0x0, 0xc, 0xc0, 0x2, 0xf6, 0x50,
    0xfc, 0x77, 0x77, 0xdc, 0x4, 0x9f, 0xff, 0x1f,
    0xff, 0xff, 0xff, 0xc5, 0xff, 0xf9, 0x11, 0xf7,
    0x0, 0x0, 0xaa, 0x13, 0x2f, 0x50, 0x3f, 0x50,
    0x0, 0x0, 0x0, 0x2, 0xf5, 0x7, 0xf1, 0x0,
    0x0, 0x0, 0x0, 0x2f, 0x50, 0xdd, 0x0, 0x0,
    0x0, 0x0, 0x68, 0xf5, 0x7f, 0x60, 0x0, 0x0,
    0x0, 0x9, 0xfc, 0x15, 0xc0, 0x0, 0x0, 0x0,
    0x0, 0x0, 0x0, 0x0, 0x0, 0x0, 0x0, 0x0,

    /* U+62A5 "报" */
    0x0, 0x1f, 0x70, 0x0, 0x0, 0x0, 0x0, 0x0,
    0x0, 0x1f, 0x70, 0x1f, 0xff, 0xff, 0xff, 0x80,
    0x0, 0x1f, 0x70, 0x1f, 0xa6, 0x66, 0x6f, 0x80,
    0x15, 0x6f, 0xa5, 0x2f, 0x60, 0x0, 0x1f, 0x60,
    0x3f, 0xff, 0xff, 0x3f, 0x60, 0x77, 0x9f, 0x40,
    0x2, 0x3f, 0x82, 0x1f, 0x60, 0xac, 0xb8, 0x0,
    0x0, 0x1f, 0x70, 0x1f, 0xa6, 0x66, 0x67, 0x50,
    0x0, 0x1f, 0x97, 0x2f, 0xff, 0xff, 0xff, 0xd0,
    0x27, 0xbf, 0xff, 0x4f, 0x8f, 0x60, 0xe, 0x90,
    0x4f, 0xdf, 0x90, 0x1f, 0x69, 0xe0, 0x5f, 0x30,
    0x1, 0x1f, 0x70, 0x1f, 0x62, 0xf9, 0xdc, 0x0,
    0x0, 0x1f, 0x70, 0x1f, 0x60, 0x7f, 0xf3, 0x0,
    0x0, 0x1f, 0x70, 0x1f, 0x60, 0x9f, 0xf8, 0x0,
    0x16, 0x7f, 0x70, 0x1f, 0x9c, 0xf8, 0xaf, 0xd3,
    0xe, 0xfc, 0x20, 0x1f, 0x9d, 0x50, 0x6, 0xb0,
    0x0, 0x0, 0x0, 0x0, 0x0, 0x0, 0x0, 0x0,

    /* U+62DF "拟" */
    0x0, 0x7e, 0x0, 0x0, 0x0, 0x0, 0x0, 0x0,
    0x0, 0x7e, 0x0, 0x8e, 0x0, 0x0, 0x3f, 0x40,
    0x0, 0x7e, 0x0, 0x8e, 0x7d, 0x0, 0x4f, 0x40,
    0x26, 0xaf, 0x62, 0x8e, 0x3f, 0x50, 0x4f, 0x30,
    0x5f, 0xff, 0xf5, 0x8e, 0xc, 0xc0, 0x6f, 0x10,
    0x0, 0x8e, 0x0, 0x8e, 0x5, 0xf2, 0x7f, 0x0,
    0x0, 0x7e, 0x0, 0x8e, 0x0, 0xf5, 0x9e, 0x0,
    0x0, 0x7f, 0x63, 0x8e, 0x0, 0x10, 0xcb, 0x0,
    0x39, 0xef, 0xf5, 0x8e, 0x0, 0x0, 0xf9, 0x0,
    0x5e, 0xdf, 0x0, 0x8e, 0x5, 0x64, 0xfe, 0x0,
    0x0, 0x7e, 0x0, 0x8f, 0xaf, 0x8a, 0xff, 0x60,
    0x0, 0x7e, 0x0, 0x9f, 0xe4, 0x2f, 0x8b, 0xd0,
    0x0, 0x7e, 0x2, 0xfc, 0x10, 0xdf, 0x15, 0xf4,
    0x6, 0xbe, 0x0, 0x60, 0x1c, 0xf5, 0x0, 0xf9,
    0xd, 0xe7, 0x0, 0x0, 0x8, 0x60, 0x0, 0x51,

    /* U+62E9 "择" */
    0x0, 0x5f, 0x20, 0x0, 0x0, 0x0, 0x0, 0x0,
    0x0, 0x5f, 0x20, 0xaf, 0xff, 0xff, 0xff, 0x80,
    0x0, 0x5f, 0x20, 0x38, 0xf7, 0x55, 0xcf, 0x30,
    0x16, 0x9f, 0x75, 0x0, 0xcc, 0x6, 0xf7, 0x0,
    0x5f, 0xff, 0xff, 0x0, 0x1d, 0xef, 0x80, 0x0,
    0x0, 0x5f, 0x20, 0x0, 0x4d, 0xff, 0x70, 0x0,
    0x0, 0x5f, 0x20, 0x7d, 0xfb, 0x28, 0xff, 0x94,
    0x0, 0x5f, 0x68, 0xc9, 0x20, 0xa4, 0x18, 0xe3,
    0x28, 0xdf, 0xfc, 0x14, 0x45, 0xf9, 0x44, 0x10,
    0x5f, 0xdf, 0x30, 0x3f, 0xff, 0xff, 0xff, 0x60,
    0x0, 0x5f, 0x20, 0x1, 0x12, 0xf7, 0x11, 0x0,
    0x0, 0x5f, 0x20, 0x66, 0x67, 0xfa, 0x66, 0x63,
    0x0, 0x5f, 0x20, 0xff, 0xff, 0xff, 0xff, 0xf7,
    0x6, 0x9f, 0x10, 0x0, 0x1, 0xf7, 0x0, 0x0,
    0xb, 0xfa, 0x0, 0x0, 0x1, 0xf7, 0x0, 0x0,
    0x0, 0x0, 0x0, 0x0, 0x0, 0x0, 0x0, 0x0,

    /* U+6301 "持" */
    0x0, 0x0, 0x0, 0x0, 0x0, 0x0, 0x0, 0x0,
    0x0, 0x6f, 0x0, 0x0, 0x1, 0xf5, 0x0, 0x0,
    0x0, 0x6f, 0x0, 0x0, 0x1, 0xf5, 0x0, 0x0,
    0x0, 0x6f, 0x0, 0x5c, 0xcc, 0xfd, 0xcc, 0x80,
    0x26, 0xaf, 0x63, 0x6d, 0xdd, 0xfe, 0xdd, 0x90,
    0x5f, 0xff, 0xf8, 0x0, 0x1, 0xf5, 0x0, 0x0,
    0x0, 0x7f, 0x1, 0x66, 0x67, 0xfa, 0x66, 0x62,
    0x0, 0x6f, 0x3, 0xff, 0xff, 0xff, 0xff, 0xf6,
    0x0, 0x6f, 0x54, 0x0, 0x0, 0x0, 0xf7, 0x0,
    0x27, 0xdf, 0xf8, 0x77, 0x77, 0x77, 0xfb, 0x72,
    0x7f, 0xef, 0x20, 0xff, 0xff, 0xff, 0xff, 0xf5,
    0x11, 0x6f, 0x0, 0x6, 0x60, 0x0, 0xf7, 0x0,
    0x0, 0x6f, 0x0, 0x7, 0xf3, 0x0, 0xf7, 0x0,
    0x0, 0x6f, 0x0, 0x0, 0xcc, 0x0, 0xf7, 0x0,
    0x6, 0xaf, 0x0, 0x0, 0x21, 0x66, 0xf6, 0x0,
    0xc, 0xe8, 0x0, 0x0, 0x0, 0xef, 0xd2, 0x0,
    0x0, 0x0, 0x0, 0x0, 0x0, 0x0, 0x0, 0x0,

    /* U+6307 "指" */
    0x0, 0x0, 0x0, 0x0, 0x0, 0x0, 0x0, 0x0,
    0x0, 0x3f, 0x40, 0xf, 0x80, 0x0, 0x0, 0x0,
    0x0, 0x3f, 0x40, 0xf, 0x80, 0x15, 0xbb, 0x0,
    0x0, 0x3f, 0x40, 0xf, 0xcc, 0xff, 0xc7, 0x10,
    0x39, 0xaf, 0xb9, 0xf, 0xea, 0x61, 0x0, 0x30,
    0x5f, 0xff, 0xff, 0x1f, 0x80, 0x0, 0x1, 0xf5,
    0x0, 0x3f, 0x40, 0xf, 0xc5, 0x55, 0x59, 0xf2,
    0x0, 0x3f, 0x40, 0x7, 0xff, 0xff, 0xff, 0x90,
    0x0, 0x3f, 0x78, 0x10, 0x0, 0x0, 0x0, 0x0,
    0x27, 0xcf, 0xfd, 0x2f, 0xff, 0xff, 0xff, 0xa0,
    0x5f, 0xdf, 0x50, 0xf, 0x95, 0x55, 0x5e, 0xa0,
    0x1, 0x3f, 0x40, 0xf, 0x83, 0x33, 0x3e, 0xa0,
    0x0, 0x3f, 0x40, 0xf, 0xff, 0xff, 0xff, 0xa0,
    0x0, 0x3f, 0x40, 0xf, 0x60, 0x0, 0xd, 0xa0,
    0x4, 0x7f, 0x40, 0xf, 0xa6, 0x66, 0x6e, 0xa0,
    0xc, 0xfd, 0x0, 0xf, 0xed, 0xdd, 0xdf, 0xa0,
    0x0, 0x0, 0x0, 0x1, 0x0, 0x0, 0x0, 0x0,

    /* U+6309 "按" */
    0x0, 0x0, 0x0, 0x0, 0x0, 0x0, 0x0, 0x0,
    0x0, 0x5f, 0x20, 0x0, 0x5, 0xf3, 0x0, 0x0,
    0x0, 0x5f, 0x20, 0x0, 0x2, 0xf7, 0x0, 0x0,
    0x0, 0x5f, 0x20, 0x9b, 0xbb, 0xfe, 0xbb, 0xb4,
    0x26, 0x9f, 0x74, 0xde, 0xcc, 0xcc, 0xcc, 0xf6,
    0x6f, 0xff, 0xfc, 0xd9, 0x7, 0x60, 0x1, 0xf6,
    0x0, 0x5f, 0x30, 0x96, 0x1f, 0x90, 0x1, 0xb4,
    0x0, 0x5f, 0x20, 0x55, 0x9f, 0x85, 0x55, 0x53,
    0x0, 0x5f, 0x24, 0xff, 0xff, 0xff, 0xff, 0xfa,
    0x1, 0x8f, 0xef, 0x4, 0xf5, 0x0, 0xce, 0x0,
    0x6f, 0xff, 0x93, 0xc, 0xe0, 0x1, 0xf9, 0x0,
    0x36, 0x7f, 0x20, 0x2e, 0xf9, 0x19, 0xf2, 0x0,
    0x0, 0x5f, 0x20, 0x0, 0x7e, 0xff, 0x90, 0x0,
    0x0, 0x5f, 0x20, 0x0, 0x1a, 0xff, 0xe6, 0x0,
    0x5, 0x9f, 0x20, 0x6b, 0xfe, 0x72, 0xbf, 0xd2,
    0xd, 0xfa, 0x0, 0xbb, 0x60, 0x0, 0x5, 0xc1,
    0x0, 0x0, 0x0, 0x0, 0x0, 0x0, 0x0, 0x0,

    /* U+6362 "换" */
    0x0, 0x8f, 0x0, 0x0, 0xa9, 0x0, 0x0, 0x0,
    0x0, 0x8f, 0x0, 0x3, 0xf8, 0x11, 0x20, 0x0,
    0x0, 0x8f, 0x0, 0xc, 0xff, 0xff, 0xfa, 0x0,
    0x15, 0xbf, 0x52, 0x8f, 0x52, 0x2a, 0xf3, 0x0,
    0x5f, 0xff, 0xfb, 0xfd, 0x77, 0x8f, 0xc7, 0x10,
    0x0, 0x9f, 0x0, 0xcf, 0xbd, 0xfc, 0xcf, 0x40,
    0x0, 0x8f, 0x0, 0x8e, 0x6, 0xf1, 0x4f, 0x40,
    0x0, 0x8f, 0x43, 0x8e, 0x6, 0xf1, 0x4f, 0x40,
    0x16, 0xdf, 0xf7, 0x8e, 0x7, 0xf0, 0x4f, 0x40,
    0x5f, 0xff, 0x27, 0xdf, 0xbe, 0xfb, 0xcf, 0xc3,
    0x1, 0x8f, 0x6, 0x99, 0xbf, 0xfb, 0x99, 0x92,
    0x0, 0x8f, 0x0, 0x0, 0xbe, 0xcc, 0x0, 0x0,
    0x0, 0x8f, 0x0, 0x1b, 0xf4, 0x1e, 0xd2, 0x0,
    0x7, 0xce, 0x7, 0xee, 0x30, 0x1, 0xcf, 0xa2,
    0xc, 0xe7, 0x2d, 0x91, 0x0, 0x0, 0x7, 0xd1,
    0x0, 0x0, 0x0, 0x0, 0x0, 0x0, 0x0, 0x0,

    /* U+636E "据" */
    0x0, 0x7e, 0x0, 0x0, 0x0, 0x0, 0x0, 0x0,
    0x0, 0x7e, 0x0, 0xcf, 0xff, 0xff, 0xff, 0xe0,
    0x0, 0x7e, 0x0, 0xcd, 0x55, 0x55, 0x5a, 0xe0,
    0x26, 0xbf, 0x64, 0xcb, 0x0, 0x0, 0x8, 0xe0,
    0x5f, 0xff, 0xfa, 0xcf, 0xcc, 0xcc, 0xce, 0xe0,
    0x0, 0x7e, 0x0, 0xce, 0x88, 0xcf, 0x88, 0x70,
    0x0, 0x7e, 0x0, 0xcb, 0x0, 0x7f, 0x0, 0x0,
    0x0, 0x7f, 0x65, 0xcf, 0xff, 0xff, 0xff, 0xf5,
    0x28, 0xdf, 0xf8, 0xdc, 0x55, 0xaf, 0x55, 0x52,
    0x6f, 0xef, 0x10, 0xe8, 0x0, 0x7f, 0x0, 0x0,
    0x1, 0x7e, 0x0, 0xf9, 0xcc, 0xef, 0xcc, 0xc0,
    0x0, 0x7e, 0x4, 0xf6, 0xf8, 0x77, 0x7b, 0xf0,
    0x0, 0x7e, 0x8, 0xe4, 0xf1, 0x0, 0x6, 0xf0,
    0x8, 0xbe, 0xe, 0x84, 0xf5, 0x44, 0x49, 0xf0,
    0xc, 0xd6, 0x3d, 0x14, 0xff, 0xff, 0xff, 0xf0,
    0x0, 0x0, 0x0, 0x0, 0x0, 0x0, 0x0, 0x0,

    /* U+63A5 "接" */
    0x0, 0x7e, 0x0, 0x0, 0x5, 0xc0, 0x0, 0x0,
    0x0, 0x7e, 0x0, 0x0, 0x2, 0xf6, 0x0, 0x0,
    0x0, 0x7e, 0x0, 0x8f, 0xff, 0xff, 0xff, 0xf3,
    0x16, 0xaf, 0x62, 0x37, 0xc5, 0x55, 0xb9, 0x51,
    0x4f, 0xff, 0xf6, 0x1, 0xf7, 0x1, 0xf7, 0x0,
    0x0, 0x7e, 0x0, 0x33, 0xaa, 0x39, 0xf4, 0x32,
    0x0, 0x7e, 0x1, 0xff, 0xff, 0xff, 0xff, 0xf9,
    0x0, 0x7f, 0x42, 0x11, 0x1c, 0xa1, 0x11, 0x10,
    0x16, 0xcf, 0xf8, 0x55, 0x6f, 0x95, 0x55, 0x53,
    0x5f, 0xef, 0x24, 0xff, 0xff, 0xff, 0xff, 0xfc,
    0x1, 0x7e, 0x0, 0x7, 0xf2, 0x0, 0xeb, 0x0,
    0x0, 0x7e, 0x0, 0x2f, 0xf9, 0x38, 0xf4, 0x0,
    0x0, 0x7e, 0x0, 0x1, 0x6d, 0xff, 0xc1, 0x0,
    0x6, 0xbe, 0x3, 0x68, 0xcf, 0xd9, 0xff, 0x80,
    0xc, 0xe7, 0x3, 0xfc, 0x94, 0x0, 0x18, 0xc0,
    0x0, 0x0, 0x0, 0x0, 0x0, 0x0, 0x0, 0x0,

    /* U+63A7 "控" */
    0x0, 0x0, 0x0, 0x0, 0x0, 0x0, 0x0, 0x0,
    0x0, 0x7e, 0x0, 0x0, 0x9, 0xc0, 0x0, 0x0,
    0x0, 0x7e, 0x0, 0x0, 0x7, 0xf3, 0x0, 0x0,
    0x0, 0x7e, 0x1, 0xcc, 0xcc, 0xfd, 0xcc, 0xc4,
    0x27, 0xbf, 0x75, 0xfc, 0xbb, 0xbb, 0xbc, 0xf5,
    0x4f, 0xff, 0xf8, 0xf4, 0x22, 0x3, 0x11, 0xf5,
    0x0, 0x7e, 0x0, 0x33, 0xea, 0xc, 0xd2, 0x20,
    0x0, 0x7e, 0x0, 0x4e, 0xb0, 0x1, 0xbf, 0x40,
    0x0, 0x7e, 0x31, 0xdb, 0x0, 0x0, 0xa, 0xa0,
    0x2, 0xbf, 0xf7, 0x68, 0x88, 0x88, 0x88, 0x20,
    0x5f, 0xff, 0x40, 0x7d, 0xde, 0xfd, 0xdd, 0x20,
    0x25, 0x8e, 0x0, 0x0, 0x7, 0xf1, 0x0, 0x0,
    0x0, 0x7e, 0x0, 0x0, 0x7, 0xf1, 0x0, 0x0,
    0x0, 0x7e, 0x0, 0x0, 0x7, 0xf1, 0x0, 0x0,
    0x6, 0xbe, 0x8, 0xaa, 0xad, 0xfb, 0xaa, 0xa4,
    0xd, 0xe7, 0x8, 0xaa, 0xaa, 0xaa, 0xaa, 0xa3,

    /* U+63A8 "推" */
    0x0, 0x7f, 0x0, 0x2, 0xb2, 0x49, 0x0, 0x0,
    0x0, 0x7f, 0x0, 0x7, 0xf0, 0x6f, 0x30, 0x0,
    0x0, 0x7f, 0x0, 0xd, 0xa0, 0xf, 0x80, 0x0,
    0x26, 0xbf, 0x64, 0x4f, 0xdb, 0xbe, 0xcb, 0xb0,
    0x6f, 0xff, 0xfb, 0xcf, 0xcb, 0xcf, 0xcb, 0xb0,
    0x0, 0x7f, 0x5, 0xff, 0x20, 0x4f, 0x20, 0x0,
    0x0, 0x7f, 0x2f, 0xff, 0x76, 0x8f, 0x86, 0x50,
    0x0, 0x7f, 0x3d, 0x7f, 0xff, 0xff, 0xff, 0xc0,
    0x15, 0xcf, 0xf9, 0x5f, 0x20, 0x4f, 0x20, 0x0,
    0x6f, 0xff, 0x30, 0x5f, 0x75, 0x8f, 0x75, 0x40,
    0x11, 0x7f, 0x0, 0x5f, 0xff, 0xff, 0xff, 0xc0,
    0x0, 0x7f, 0x0, 0x5f, 0x20, 0x4f, 0x30, 0x0,
    0x0, 0x7f, 0x0, 0x5f, 0x20, 0x4f, 0x20, 0x0,
    0x7, 0xbf, 0x0, 0x5f, 0xff, 0xff, 0xff, 0xf5,
    0xd, 0xf8, 0x0, 0x5f, 0x76, 0x66, 0x66, 0x62,
    0x0, 0x0, 0x0, 0x0, 0x0, 0x0, 0x0, 0x0,

    /* U+63CF "描" */
    0x0, 0x7e, 0x0, 0x1, 0xf5, 0x2, 0xf5, 0x0,
    0x0, 0x7e, 0x0, 0x1, 0xf5, 0x2, 0xf5, 0x0,
    0x0, 0x7e, 0x1, 0x78, 0xfa, 0x78, 0xfa, 0x72,
    0x16, 0xaf, 0x67, 0xff, 0xff, 0xff, 0xff, 0xf4,
    0x4f, 0xff, 0xf8, 0x13, 0xf6, 0x13, 0xf6, 0x10,
    0x0, 0x8e, 0x0, 0x1, 0xf5, 0x2, 0xf5, 0x0,
    0x0, 0x7e, 0x0, 0x35, 0x65, 0x55, 0x65, 0x40,
    0x0, 0x7f, 0x43, 0x8f, 0xff, 0xff, 0xff, 0xc0,
    0x17, 0xdf, 0xf8, 0x8d, 0x1, 0xf4, 0xa, 0xc0,
    0x5f, 0xef, 0x20, 0x8d, 0x13, 0xf5, 0x1b, 0xc0,
    0x1, 0x7e, 0x0, 0x8f, 0xff, 0xff, 0xff, 0xc0,
    0x0, 0x7e, 0x0, 0x8d, 0x34, 0xf6, 0x3b, 0xc0,
    0x0, 0x7e, 0x0, 0x8d, 0x1, 0xf4, 0xa, 0xc0,
    0x6, 0xbe, 0x0, 0x8f, 0xff, 0xff, 0xff, 0xc0,
    0xd, 0xe7, 0x0, 0x8e, 0x66, 0x66, 0x6c, 0xc0,
    0x0, 0x0, 0x0, 0x1, 0x0, 0x0, 0x0, 0x0,

    /* U+63D0 "提" */
    0x0, 0x7e, 0x0, 0x0, 0x0, 0x0, 0x0, 0x0,
    0x0, 0x7e, 0x0, 0x6f, 0xff, 0xff, 0xff, 0x50,
    0x0, 0x7e, 0x0, 0x6f, 0x11, 0x11, 0x3f, 0x50,
    0x27, 0xbf, 0x74, 0x6f, 0xee, 0xee, 0xef, 0x50,
    0x4d, 0xef, 0xd8, 0x6f, 0x0, 0x0, 0x2f, 0x50,
    0x0, 0x7e, 0x0, 0x6f, 0xff, 0xff, 0xff, 0x50,
    0x0, 0x7e, 0x0, 0x12, 0x22, 0x22, 0x22, 0x0,
    0x0, 0x7f, 0x57, 0xaa, 0xaa, 0xaa, 0xaa, 0xa0,
    0x28, 0xdf, 0xfa, 0x99, 0x9c, 0xf9, 0x99, 0x90,
    0x5e, 0xdf, 0x10, 0x3c, 0x17, 0xf0, 0x0, 0x0,
    0x0, 0x7e, 0x0, 0x6f, 0x7, 0xff, 0xff, 0x50,
    0x0, 0x7e, 0x0, 0xaf, 0x37, 0xf4, 0x44, 0x10,
    0x0, 0x7e, 0x1, 0xfd, 0xc8, 0xf0, 0x0, 0x0,
    0x5, 0xae, 0xb, 0xe1, 0xcf, 0xf6, 0x55, 0x52,
    0xe, 0xf8, 0x2e, 0x40, 0x8, 0xdf, 0xff, 0xf3,
    0x0, 0x0, 0x0, 0x0, 0x0, 0x0, 0x0, 0x0,

    /* U+63D2 "插" */
    0x0, 0x8e, 0x0, 0x0, 0x0, 0x0, 0x4, 0x0,
    0x0, 0x8e, 0x0, 0x36, 0x89, 0xbd, 0xff, 0x40,
    0x0, 0x8e, 0x0, 0x4d, 0xcb, 0xf9, 0x30, 0x0,
    0x17, 0xcf, 0x72, 0x0, 0x1, 0xf4, 0x0, 0x0,
    0x2d, 0xef, 0xd6, 0xff, 0xff, 0xff, 0xff, 0xf4,
    0x0, 0x8e, 0x0, 0x66, 0x67, 0xf9, 0x66, 0x62,
    0x0, 0x8e, 0x0, 0x0, 0x51, 0xf4, 0x0, 0x0,
    0x0, 0x8e, 0x22, 0x8f, 0xf5, 0xf7, 0xff, 0xc0,
    0x15, 0xcf, 0xf8, 0xbb, 0x1, 0xf5, 0x4b, 0xc0,
    0x5f, 0xff, 0x40, 0xba, 0x1, 0xf4, 0x9, 0xc0,
    0x2, 0x8e, 0x0, 0xbf, 0xf6, 0xf7, 0xff, 0xc0,
    0x0, 0x8e, 0x0, 0xbc, 0x43, 0xf5, 0x4b, 0xc0,
    0x0, 0x8e, 0x0, 0xba, 0x1, 0xf4, 0x9, 0xc0,
    0x6, 0xce, 0x0, 0xbe, 0xcc, 0xfd, 0xce, 0xc0,
    0x9, 0xe7, 0x0, 0xbd, 0x99, 0x99, 0x9d, 0xc0,
    0x0, 0x0, 0x0, 0x0, 0x0, 0x0, 0x0, 0x0,

    /* U+6478 "摸" */
    0x0, 0x7e, 0x0, 0x2, 0xf4, 0x7, 0xf0, 0x0,
    0x0, 0x7e, 0x3, 0x9a, 0xfb, 0x9c, 0xf9, 0x90,
    0x0, 0x7e, 0x4, 0xde, 0xfe, 0xde, 0xfd, 0xd1,
    0x16, 0xaf, 0x63, 0x2, 0xf4, 0x7, 0xf0, 0x0,
    0x3f, 0xff, 0xf8, 0x6a, 0xba, 0xaa, 0xba, 0x20,
    0x0, 0x8e, 0x0, 0xad, 0x66, 0x66, 0x8f, 0x40,
    0x0, 0x7e, 0x0, 0xaf, 0xdd, 0xdd, 0xdf, 0x40,
    0x0, 0x7f, 0x76, 0xac, 0x33, 0x33, 0x5f, 0x40,
    0x18, 0xdf, 0xf9, 0xae, 0xaa, 0xaa, 0xbf, 0x40,
    0x3f, 0xff, 0x30, 0x47, 0x7c, 0xf7, 0x77, 0x10,
    0x2, 0x7e, 0x3, 0x44, 0x4c, 0xe4, 0x44, 0x40,
    0x0, 0x7e, 0xa, 0xff, 0xff, 0xff, 0xff, 0xf1,
    0x0, 0x7e, 0x0, 0x0, 0xbf, 0x7f, 0x60, 0x0,
    0x6, 0xbe, 0x3, 0x7e, 0xf5, 0x8, 0xfc, 0x51,
    0xd, 0xe7, 0xa, 0xe9, 0x20, 0x0, 0x4c, 0xd0,
    0x0, 0x0, 0x0, 0x0, 0x0, 0x0, 0x0, 0x0,

    /* U+64A4 "撤" */
    0x0, 0x0, 0x0, 0x0, 0x0, 0x0, 0x0, 0x0,
    0x0, 0xe6, 0x0, 0x3e, 0x10, 0x8, 0xc0, 0x0,
    0x0, 0xe6, 0x2, 0x3f, 0x62, 0x1a, 0xa0, 0x0,
    0x0, 0xe6, 0x1f, 0xff, 0xff, 0x8c, 0x80, 0x0,
    0x26, 0xfa, 0x44, 0xda, 0x54, 0x2f, 0xfe, 0xe6,
    0x7f, 0xff, 0xb4, 0xf2, 0xa8, 0x3f, 0x8c, 0xe4,
    0x0, 0xe6, 0xe, 0xfe, 0xfe, 0x8f, 0x19, 0xb0,
    0x0, 0xe6, 0x7, 0x63, 0x17, 0xef, 0x3b, 0x90,
    0x0, 0xe7, 0x3a, 0xff, 0xfd, 0xdd, 0x5e, 0x60,
    0x38, 0xff, 0xea, 0xa2, 0x8c, 0x8, 0xaf, 0x30,
    0x7e, 0xf9, 0x1a, 0xed, 0xec, 0x4, 0xfe, 0x0,
    0x0, 0xe6, 0xa, 0xa2, 0x8c, 0x0, 0xfa, 0x0,
    0x0, 0xe6, 0xa, 0xfe, 0xfc, 0x3, 0xf9, 0x0,
    0x0, 0xe6, 0xa, 0xa2, 0x8c, 0xc, 0xdf, 0x30,
    0x5, 0xf6, 0xa, 0x93, 0xac, 0xaf, 0x2b, 0xe2,
    0xf, 0xd2, 0xa, 0x86, 0xe7, 0xc3, 0x1, 0xc1,
    0x0, 0x0, 0x0, 0x0, 0x0, 0x0, 0x0, 0x0,

    /* U+64CD "操" */
    0x0, 0x8e, 0x0, 0x0, 0x0, 0x0, 0x0, 0x0,
    0x0, 0x8e, 0x0, 0x8, 0xff, 0xff, 0xf7, 0x0,
    0x0, 0x8e, 0x0, 0x8, 0xc1, 0x11, 0xe7, 0x0,
    0x18, 0xcf, 0x83, 0x8, 0xe8, 0x88, 0xf7, 0x0,
    0x2d, 0xef, 0xd4, 0x4, 0x88, 0x88, 0x83, 0x0,
    0x0, 0x8e, 0x1, 0xdd, 0xdd, 0x3d, 0xdd, 0xd0,
    0x0, 0x8e, 0x1, 0xf4, 0x5f, 0x3f, 0x36, 0xf0,
    0x0, 0x8f, 0x84, 0xf1, 0x2f, 0x3f, 0x3, 0xf0,
    0x18, 0xdf, 0xf5, 0xff, 0xff, 0x4f, 0xff, 0xf0,
    0x3f, 0xef, 0x0, 0x0, 0x4, 0xf2, 0x0, 0x0,
    0x0, 0x8e, 0x7, 0xff, 0xff, 0xff, 0xff, 0xf4,
    0x0, 0x8e, 0x2, 0x44, 0xaf, 0xff, 0x84, 0x41,
    0x0, 0x8e, 0x0, 0x1a, 0xfa, 0xfa, 0xf7, 0x0,
    0x4, 0xae, 0x2a, 0xfd, 0x34, 0xf2, 0x6f, 0xe3,
    0x8, 0xf8, 0x9, 0x60, 0x4, 0xf2, 0x2, 0x80,

    /* U+64CE "擎" */
    0x0, 0x8a, 0xf, 0x80, 0x4, 0xc0, 0x0, 0x0,
    0x3f, 0xff, 0xff, 0xff, 0x49, 0xb0, 0x0, 0x0,
    0x0, 0xb7, 0x9, 0x50, 0x1f, 0xff, 0xff, 0xf1,
    0x5, 0xfb, 0xbb, 0xb8, 0x9f, 0x71, 0x8f, 0x20,
    0x1e, 0xa5, 0x54, 0xac, 0xe8, 0xe6, 0xf6, 0x0,
    0x1a, 0xfa, 0xe4, 0x9a, 0x0, 0xdf, 0xb0, 0x0,
    0x1, 0xfc, 0xf6, 0xc9, 0xaf, 0xe9, 0xfc, 0x71,
    0x0, 0x60, 0x5d, 0xc2, 0x86, 0x34, 0x48, 0xa0,
    0x0, 0x7d, 0xee, 0xff, 0xfe, 0xdb, 0x80, 0x0,
    0x0, 0x23, 0x32, 0x2c, 0xb1, 0x11, 0x11, 0x0,
    0x1, 0xff, 0xff, 0xff, 0xff, 0xff, 0xff, 0x30,
    0x0, 0x11, 0x11, 0x1c, 0xb1, 0x11, 0x11, 0x0,
    0x2f, 0xff, 0xff, 0xff, 0xff, 0xff, 0xff, 0xf1,
    0x1, 0x11, 0x14, 0x4d, 0xb1, 0x11, 0x11, 0x10,
    0x0, 0x0, 0xd, 0xfe, 0x60, 0x0, 0x0, 0x0,
    0x0, 0x0, 0x0, 0x0, 0x0, 0x0, 0x0, 0x0,

    /* U+652F "支" */
    0x0, 0x0, 0x0, 0xe, 0xa0, 0x0, 0x0, 0x0,
    0x0, 0x0, 0x0, 0xe, 0xa0, 0x0, 0x0, 0x0,
    0x0, 0x0, 0x0, 0xe, 0xa0, 0x0, 0x0, 0x0,
    0xe, 0xff, 0xff, 0xff, 0xff, 0xff, 0xff, 0xa0,
    0x6, 0x77, 0x77, 0x7f, 0xc7, 0x77, 0x77, 0x40,
    0x0, 0x0, 0x0, 0xe, 0xa0, 0x0, 0x0, 0x0,
    0x1, 0xaa, 0xaa, 0xaf, 0xea, 0xaa, 0xa2, 0x0,
    0x2, 0xde, 0xfd, 0xdd, 0xdd, 0xde, 0xf4, 0x0,
    0x0, 0x9, 0xf2, 0x0, 0x0, 0x1e, 0xc0, 0x0,
    0x0, 0x0, 0xed, 0x10, 0x0, 0xcf, 0x20, 0x0,
    0x0, 0x0, 0x3f, 0xd2, 0x1c, 0xf4, 0x0, 0x0,
    0x0, 0x0, 0x3, 0xef, 0xfe, 0x40, 0x0, 0x0,
    0x0, 0x0, 0x38, 0xef, 0xfe, 0x83, 0x0, 0x0,
    0x27, 0xae, 0xff, 0xa3, 0x4c, 0xff, 0xeb, 0x81,
    0x2f, 0xea, 0x51, 0x0, 0x0, 0x27, 0xbe, 0xc0,
    0x1, 0x0, 0x0, 0x0, 0x0, 0x0, 0x0, 0x0,

    /* U+6536 "收" */
    0x0, 0x0, 0x0, 0x0, 0x2, 0x0, 0x0, 0x0,
    0x0, 0x0, 0xe, 0x90, 0xd, 0xc0, 0x0, 0x0,
    0x0, 0x10, 0xe, 0x90, 0xf, 0x90, 0x0, 0x0,
    0x8, 0xf0, 0xe, 0x90, 0x4f, 0x50, 0x0, 0x0,
    0x8, 0xf0, 0xe, 0x90, 0x8f, 0x87, 0x77, 0x73,
    0x8, 0xf0, 0xe, 0x90, 0xef, 0xff, 0xff, 0xf7,
    0x8, 0xf0, 0xe, 0x94, 0xfb, 0x0, 0x4f, 0x40,
    0x8, 0xf0, 0xe, 0x9c, 0xff, 0x0, 0x7f, 0x0,
    0x8, 0xf0, 0xe, 0xbf, 0x7f, 0x50, 0xcc, 0x0,
    0x8, 0xf0, 0xe, 0x93, 0xa, 0xc1, 0xf6, 0x0,
    0x8, 0xf1, 0x6f, 0x90, 0x3, 0xfc, 0xf1, 0x0,
    0xb, 0xff, 0xff, 0x90, 0x0, 0xbf, 0x80, 0x0,
    0xd, 0xc6, 0x1e, 0x90, 0x1, 0xdf, 0xb0, 0x0,
    0x1, 0x0, 0xe, 0x90, 0x2d, 0xf8, 0xfa, 0x0,
    0x0, 0x0, 0xe, 0x97, 0xfe, 0x30, 0x6f, 0xd3,
    0x0, 0x0, 0xe, 0x97, 0xb1, 0x0, 0x4, 0xb0,
    0x0, 0x0, 0x0, 0x0, 0x0, 0x0, 0x0, 0x0,

    /* U+653E "放" */
    0x0, 0x2, 0x30, 0x0, 0x3, 0x30, 0x0, 0x0,
    0x0, 0x9, 0xc0, 0x0, 0xb, 0xd0, 0x0, 0x0,
    0x0, 0x3, 0xe0, 0x0, 0xf, 0xa0, 0x0, 0x0,
    0x4d, 0xdd, 0xed, 0xda, 0x3f, 0xb7, 0x77, 0x71,
    0x28, 0xcf, 0x88, 0x86, 0x8f, 0xff, 0xff, 0xf3,
    0x0, 0x9d, 0x0, 0x0, 0xdf, 0x10, 0x8f, 0x0,
    0x0, 0x9e, 0x77, 0x75, 0xff, 0x40, 0xbb, 0x0,
    0x0, 0x9f, 0xef, 0xfe, 0xed, 0x90, 0xf7, 0x0,
    0x0, 0x9d, 0x8, 0xe6, 0x68, 0xe4, 0xf3, 0x0,
    0x0, 0xbc, 0x9, 0xd0, 0x3, 0xfe, 0xd0, 0x0,
    0x0, 0xda, 0x9, 0xd0, 0x0, 0xcf, 0x60, 0x0,
    0x1, 0xf6, 0xa, 0xc0, 0x1, 0xdf, 0x80, 0x0,
    0x8, 0xf1, 0xb, 0xb0, 0x1c, 0xfb, 0xf7, 0x0,
    0x3f, 0xa3, 0x5f, 0xa6, 0xee, 0x30, 0xbf, 0xb1,
    0x3c, 0x14, 0xfe, 0x39, 0xc2, 0x0, 0x8, 0xb0,
    0x0, 0x0, 0x0, 0x0, 0x0, 0x0, 0x0, 0x0,

    /* U+6548 "效" */
    0x0, 0x0, 0x20, 0x0, 0x0, 0x31, 0x0, 0x0,
    0x0, 0x9, 0xe1, 0x0, 0x0, 0xe8, 0x0, 0x0,
    0x0, 0x2, 0xf5, 0x0, 0x2, 0xf4, 0x0, 0x0,
    0x2f, 0xff, 0xff, 0xff, 0x45, 0xf8, 0x77, 0x72,
    0x5, 0x87, 0x56, 0x95, 0x1a, 0xff, 0xff, 0xf4,
    0x0, 0xd9, 0x7, 0xf2, 0xf, 0x70, 0x1f, 0x50,
    0x6, 0xf2, 0x0, 0xcc, 0x6f, 0x60, 0x4f, 0x20,
    0x2f, 0x81, 0xb, 0xae, 0xff, 0xb0, 0x8e, 0x0,
    0x2b, 0xae, 0x4f, 0x51, 0xc8, 0xf1, 0xda, 0x0,
    0x0, 0x1d, 0xfe, 0x0, 0x0, 0xfa, 0xf5, 0x0,
    0x0, 0x4, 0xfd, 0x0, 0x0, 0x9f, 0xe0, 0x0,
    0x0, 0xb, 0xff, 0x90, 0x0, 0x6f, 0xa0, 0x0,
    0x0, 0x9f, 0x58, 0xf5, 0x3, 0xfe, 0xf5, 0x0,
    0xa, 0xf7, 0x0, 0xa2, 0x6f, 0xc1, 0xcf, 0x60,
    0x2e, 0x70, 0x0, 0xa, 0xfa, 0x0, 0x1c, 0xf3,
    0x0, 0x0, 0x0, 0x2, 0x50, 0x0, 0x0, 0x40,

    /* U+6570 "数" */
    0x3, 0x31, 0xf5, 0x25, 0x3, 0xb1, 0x0, 0x0,
    0x9, 0xd1, 0xf5, 0x9c, 0x6, 0xf0, 0x0, 0x0,
    0x2, 0xf4, 0xf6, 0xf2, 0x9, 0xd0, 0x0, 0x0,
    0x29, 0xca, 0xfb, 0xa9, 0x4d, 0xd7, 0x77, 0x70,
    0x2a, 0xae, 0xff, 0xaa, 0x6f, 0xff, 0xff, 0xf1,
    0x0, 0x6f, 0xfe, 0xd4, 0x6f, 0x80, 0x7f, 0x0,
    0x2a, 0xf5, 0xf5, 0x99, 0xdf, 0xc0, 0x9c, 0x0,
    0x1b, 0x22, 0xa3, 0x5, 0xfa, 0xf0, 0xd8, 0x0,
    0x4, 0x4c, 0xd4, 0x42, 0x70, 0xf7, 0xf4, 0x0,
    0x2f, 0xff, 0xff, 0xfc, 0x0, 0xaf, 0xf0, 0x0,
    0x0, 0xdb, 0x2, 0xf5, 0x0, 0x5f, 0x90, 0x0,
    0x4, 0xfd, 0x5c, 0xc0, 0x0, 0x9f, 0xc0, 0x0,
    0x0, 0x1a, 0xff, 0x50, 0x7, 0xf9, 0xf9, 0x0,
    0x2, 0x8f, 0xbb, 0xe2, 0xaf, 0x80, 0x7f, 0xa0,
    0x3f, 0xc5, 0x0, 0x19, 0xf6, 0x0, 0x7, 0xe1,
    0x1, 0x0, 0x0, 0x0, 0x20, 0x0, 0x0, 0x0,

    /* U+6574 "整" */
    0x0, 0x4, 0xf1, 0x0, 0x1, 0xd3, 0x0, 0x0,
    0x5f, 0xff, 0xff, 0xff, 0x6, 0xf0, 0x0, 0x0,
    0x2, 0x26, 0xf3, 0x22, 0xd, 0xff, 0xff, 0xf3,
    0xe, 0xff, 0xff, 0xfe, 0x7f, 0x94, 0x9f, 0x51,
    0xe, 0x44, 0xf1, 0x6e, 0xec, 0xe1, 0xca, 0x0,
    0xe, 0xff, 0xff, 0xfe, 0x20, 0xce, 0xf2, 0x0,
    0x0, 0x4f, 0xfb, 0xa1, 0x0, 0x9f, 0xd2, 0x0,
    0x19, 0xe8, 0xf1, 0x99, 0x7e, 0xd5, 0xcf, 0x92,
    0x9, 0x34, 0xb2, 0x11, 0x98, 0x11, 0x17, 0xa0,
    0x4, 0xff, 0xff, 0xff, 0xff, 0xff, 0xff, 0x40,
    0x0, 0x23, 0x32, 0x2d, 0x92, 0x22, 0x22, 0x0,
    0x0, 0xf, 0x70, 0xc, 0xec, 0xcc, 0xc1, 0x0,
    0x0, 0xf, 0x70, 0xc, 0xb5, 0x55, 0x50, 0x0,
    0x28, 0x8f, 0xc8, 0x8e, 0xc8, 0x88, 0x88, 0x82,
    0x4f, 0xff, 0xff, 0xff, 0xff, 0xff, 0xff, 0xf4,

    /* U+6587 "文" */
    0x0, 0x0, 0x0, 0x2, 0x30, 0x0, 0x0, 0x0,
    0x0, 0x0, 0x0, 0xe, 0xe0, 0x0, 0x0, 0x0,
    0x0, 0x0, 0x0, 0x7, 0xf6, 0x0, 0x0, 0x0,
    0x8, 0x88, 0x88, 0x89, 0xe9, 0x88, 0x88, 0x83,
    0x1f, 0xff, 0xff, 0xff, 0xff, 0xff, 0xff, 0xf7,
    0x0, 0x5, 0xf3, 0x0, 0x0, 0xf, 0xc0, 0x0,
    0x0, 0x0, 0xeb, 0x0, 0x0, 0x6f, 0x50, 0x0,
    0x0, 0x0, 0x6f, 0x50, 0x0, 0xed, 0x0, 0x0,
    0x0, 0x0, 0xc, 0xe1, 0x9, 0xf4, 0x0, 0x0,
    0x0, 0x0, 0x2, 0xfc, 0x6f, 0x90, 0x0, 0x0,
    0x0, 0x0, 0x0, 0x5f, 0xfc, 0x0, 0x0, 0x0,
    0x0, 0x0, 0x0, 0x8f, 0xfd, 0x30, 0x0, 0x0,
    0x0, 0x0, 0x5d, 0xfa, 0x5f, 0xf9, 0x10, 0x0,
    0x2, 0x7d, 0xfe, 0x50, 0x2, 0xbf, 0xfa, 0x40,
    0x1f, 0xfd, 0x60, 0x0, 0x0, 0x4, 0xbf, 0xf5,
    0x4, 0x30, 0x0, 0x0, 0x0, 0x0, 0x1, 0x40,

    /* U+65AD "断" */
    0x0, 0x0, 0xd6, 0x0, 0x0, 0x0, 0x56, 0xc,
    0x94, 0x1d, 0x65, 0x32, 0x59, 0xef, 0xd2, 0xc9,
    0xa7, 0xd6, 0xe4, 0xbf, 0xb7, 0x20, 0xc, 0x96,
    0xad, 0x9d, 0xa, 0xc0, 0x0, 0x0, 0xc9, 0x13,
    0xd8, 0x30, 0xac, 0x0, 0x0, 0xc, 0xaf, 0xff,
    0xff, 0x8a, 0xd6, 0x66, 0x62, 0xc9, 0x46, 0xfb,
    0x42, 0xaf, 0xff, 0xff, 0x7c, 0x90, 0x9f, 0xf5,
    0xa, 0xb0, 0x8e, 0x0, 0xc9, 0x3f, 0xea, 0xf3,
    0xbb, 0x8, 0xe0, 0xc, 0xae, 0x8d, 0x69, 0x2c,
    0xa0, 0x8e, 0x0, 0xca, 0xc0, 0xd6, 0x0, 0xe8,
    0x8, 0xe0, 0xc, 0x90, 0xd, 0x60, 0xf, 0x60,
    0x8e, 0x0, 0xcb, 0x66, 0x66, 0x65, 0xf3, 0x8,
    0xe0, 0xb, 0xff, 0xff, 0xff, 0xce, 0x0, 0x8e,
    0x0, 0x0, 0x0, 0x0, 0xb, 0x80, 0x8, 0xe0,
    0x0, 0x0, 0x0, 0x0, 0x0, 0x0, 0x0, 0x0,

    /* U+65B0 "新" */
    0x0, 0x4, 0x70, 0x0, 0x0, 0x0, 0x3, 0x0,
    0x0, 0x5, 0xf3, 0x0, 0x3, 0x6a, 0xef, 0xb0,
    0x1f, 0xff, 0xff, 0xff, 0x6f, 0xeb, 0x73, 0x0,
    0x5, 0xd7, 0x47, 0xe5, 0x5f, 0x10, 0x0, 0x0,
    0x0, 0xc8, 0x8, 0xd0, 0x5f, 0x10, 0x0, 0x0,
    0x27, 0xcc, 0x7e, 0xc7, 0x7f, 0x66, 0x66, 0x63,
    0x4c, 0xcd, 0xfd, 0xcc, 0x9f, 0xff, 0xff, 0xf8,
    0x0, 0x2, 0xf3, 0x0, 0x5f, 0x10, 0x9e, 0x0,
    0x15, 0x57, 0xf8, 0x55, 0x6f, 0x0, 0x9e, 0x0,
    0x3f, 0xff, 0xff, 0xff, 0x7f, 0x0, 0x9e, 0x0,
    0x0, 0x72, 0xf4, 0x70, 0x7e, 0x0, 0x9e, 0x0,
    0x7, 0xd2, 0xf4, 0xd7, 0xac, 0x0, 0x9e, 0x0,
    0x2f, 0x52, 0xf3, 0x5d, 0xd8, 0x0, 0x9e, 0x0,
    0x5, 0x15, 0xf3, 0x4, 0xf3, 0x0, 0x9e, 0x0,
    0x0, 0x4f, 0xc1, 0x3, 0xa0, 0x0, 0x9e, 0x0,

    /* U+65B9 "方" */
    0x0, 0x0, 0x0, 0x5, 0x50, 0x0, 0x0, 0x0,
    0x0, 0x0, 0x0, 0xc, 0xf1, 0x0, 0x0, 0x0,
    0x0, 0x0, 0x0, 0x5, 0xf5, 0x0, 0x0, 0x0,
    0xd, 0xdd, 0xdd, 0xdd, 0xed, 0xdd, 0xdd, 0xd1,
    0xa, 0xaa, 0xaf, 0xfa, 0xaa, 0xaa, 0xaa, 0xa0,
    0x0, 0x0, 0xd, 0xc0, 0x0, 0x0, 0x0, 0x0,
    0x0, 0x0, 0xe, 0xc1, 0x11, 0x11, 0x10, 0x0,
    0x0, 0x0, 0xf, 0xff, 0xff, 0xff, 0xf9, 0x0,
    0x0, 0x0, 0x3f, 0xa6, 0x66, 0x67, 0xf8, 0x0,
    0x0, 0x0, 0x8f, 0x30, 0x0, 0x1, 0xf7, 0x0,
    0x0, 0x0, 0xed, 0x0, 0x0, 0x3, 0xf5, 0x0,
    0x0, 0x7, 0xf6, 0x0, 0x0, 0x5, 0xf3, 0x0,
    0x0, 0x4f, 0xd0, 0x0, 0x0, 0x9, 0xf0, 0x0,
    0x7, 0xfe, 0x20, 0x3, 0x76, 0x7f, 0xc0, 0x0,
    0xc, 0xc1, 0x0, 0x1, 0xff, 0xfd, 0x30, 0x0,
    0x0, 0x0, 0x0, 0x0, 0x0, 0x0, 0x0, 0x0,

    /* U+65E0 "无" */
    0x1, 0x88, 0x88, 0x88, 0x88, 0x88, 0x88, 0x30,
    0x3, 0xff, 0xff, 0xff, 0xff, 0xff, 0xff, 0x60,
    0x0, 0x0, 0x0, 0x1f, 0x70, 0x0, 0x0, 0x0,
    0x0, 0x0, 0x0, 0x2f, 0x60, 0x0, 0x0, 0x0,
    0x0, 0x0, 0x0, 0x3f, 0x50, 0x0, 0x0, 0x0,
    0x2d, 0xdd, 0xdd, 0xdf, 0xdd, 0xdd, 0xdd, 0xd3,
    0x2b, 0xbb, 0xbb, 0xef, 0xfe, 0xbb, 0xbb, 0xb3,
    0x0, 0x0, 0x0, 0xdc, 0xeb, 0x0, 0x0, 0x0,
    0x0, 0x0, 0x3, 0xf7, 0xeb, 0x0, 0x0, 0x0,
    0x0, 0x0, 0xb, 0xf1, 0xeb, 0x0, 0x0, 0x0,
    0x0, 0x0, 0x7f, 0x70, 0xeb, 0x0, 0x0, 0xa2,
    0x0, 0x8, 0xfb, 0x0, 0xeb, 0x0, 0x2, 0xf5,
    0x4, 0xcf, 0xb0, 0x0, 0xde, 0x77, 0x7b, 0xf2,
    0x2e, 0xe6, 0x0, 0x0, 0x6e, 0xff, 0xff, 0x90,
    0x2, 0x0, 0x0, 0x0, 0x0, 0x0, 0x0, 0x0,

    /* U+65E2 "既" */
    0x8, 0xff, 0xff, 0xa0, 0x66, 0x66, 0x66, 0x50,
    0x8, 0xf5, 0x5d, 0xa0, 0xff, 0xff, 0xff, 0xe0,
    0x8, 0xe0, 0xb, 0xa0, 0x14, 0xf, 0x60, 0x0,
    0x8, 0xfe, 0xef, 0xa0, 0x8c, 0xf, 0x50, 0x0,
    0x8, 0xf4, 0x4c, 0xa0, 0xc8, 0x1f, 0x40, 0x0,
    0x8, 0xe0, 0xb, 0xa2, 0xf8, 0x7f, 0x75, 0x51,
    0x8, 0xff, 0xff, 0xa5, 0xff, 0xff, 0xff, 0xf3,
    0x8, 0xf5, 0x55, 0x30, 0x10, 0xac, 0x0, 0x0,
    0x8, 0xe0, 0x29, 0x0, 0x0, 0xff, 0x80, 0x0,
    0x8, 0xe0, 0x2f, 0x50, 0x7, 0xfd, 0x80, 0x0,
    0x8, 0xe1, 0x7f, 0xd0, 0x1e, 0xbb, 0x80, 0x20,
    0x9, 0xff, 0xea, 0xf4, 0xaf, 0x3b, 0x80, 0xa5,
    0xd, 0xf8, 0x10, 0x48, 0xf9, 0xb, 0xb5, 0xd4,
    0x5, 0x20, 0x0, 0x2e, 0xc0, 0x6, 0xff, 0xd0,
    0x0, 0x0, 0x0, 0x1, 0x0, 0x0, 0x0, 0x0,

    /* U+65E5 "日" */
    0x8f, 0xff, 0xff, 0xff, 0xff, 0xf0, 0x8f, 0x88,
    0x88, 0x88, 0x8d, 0xf0, 0x8f, 0x0, 0x0, 0x0,
    0x9, 0xf0, 0x8f, 0x0, 0x0, 0x0, 0x9, 0xf0,
    0x8f, 0x0, 0x0, 0x0, 0x9, 0xf0, 0x8f, 0x0,
    0x0, 0x0, 0x9, 0xf0, 0x8f, 0xff, 0xff, 0xff,
    0xff, 0xf0, 0x8f, 0x88, 0x88, 0x88, 0x8c, 0xf0,
    0x8f, 0x0, 0x0, 0x0, 0x9, 0xf0, 0x8f, 0x0,
    0x0, 0x0, 0x9, 0xf0, 0x8f, 0x0, 0x0, 0x0,
    0x9, 0xf0, 0x8f, 0x77, 0x77, 0x77, 0x7c, 0xf0,
    0x8f, 0xff, 0xff, 0xff, 0xff, 0xf0, 0x8f, 0x0,
    0x0, 0x0, 0xa, 0xf0, 0x1, 0x0, 0x0, 0x0,
    0x0, 0x0,

    /* U+65F6 "时" */
    0x0, 0x0, 0x0, 0x0, 0x0, 0xe, 0x90, 0x6,
    0xa9, 0x99, 0x40, 0x0, 0x0, 0xe9, 0x0, 0xbf,
    0xff, 0xf8, 0x0, 0x0, 0xe, 0x90, 0xb, 0xb0,
    0xe, 0x87, 0x77, 0x77, 0xfc, 0x73, 0xbb, 0x0,
    0xe8, 0xff, 0xff, 0xff, 0xff, 0x6b, 0xb0, 0xe,
    0x80, 0x0, 0x0, 0xea, 0x0, 0xbd, 0x66, 0xf8,
    0x5, 0x0, 0xe, 0x90, 0xb, 0xfe, 0xef, 0x84,
    0xf6, 0x0, 0xe9, 0x0, 0xbb, 0x0, 0xe8, 0x9,
    0xf2, 0xe, 0x90, 0xb, 0xb0, 0xe, 0x80, 0xe,
    0xc0, 0xe9, 0x0, 0xbb, 0x0, 0xe8, 0x0, 0x46,
    0xe, 0x90, 0xb, 0xff, 0xff, 0x80, 0x0, 0x0,
    0xe9, 0x0, 0xbd, 0x66, 0x63, 0x0, 0x0, 0xe,
    0x90, 0x7, 0x70, 0x0, 0x0, 0x7, 0x77, 0xf9,
    0x0, 0x0, 0x0, 0x0, 0x0, 0xbf, 0xfd, 0x30,
    0x0, 0x0, 0x0, 0x0, 0x0, 0x0, 0x0, 0x0,

    /* U+661F "星" */
    0x0, 0x6f, 0xff, 0xff, 0xff, 0xff, 0xf6, 0x0,
    0x0, 0x6f, 0x42, 0x22, 0x22, 0x24, 0xf6, 0x0,
    0x0, 0x6f, 0x65, 0x55, 0x55, 0x57, 0xf6, 0x0,
    0x0, 0x6f, 0xcc, 0xcc, 0xcc, 0xcd, 0xf6, 0x0,
    0x0, 0x6f, 0x43, 0x33, 0x33, 0x35, 0xf6, 0x0,
    0x0, 0x5f, 0xff, 0xff, 0xff, 0xff, 0xf6, 0x0,
    0x0, 0x8, 0xa0, 0x5, 0x80, 0x0, 0x0, 0x0,
    0x0, 0x3f, 0xc6, 0x6c, 0xf6, 0x66, 0x66, 0x0,
    0x2, 0xef, 0xee, 0xef, 0xfe, 0xee, 0xee, 0x20,
    0xd, 0xd2, 0x0, 0xa, 0xe0, 0x0, 0x0, 0x0,
    0x1, 0x1f, 0xff, 0xff, 0xff, 0xff, 0xf5, 0x0,
    0x0, 0x2, 0x22, 0x2b, 0xf2, 0x22, 0x20, 0x0,
    0x2, 0x22, 0x22, 0x2b, 0xf2, 0x22, 0x22, 0x20,
    0xe, 0xff, 0xff, 0xff, 0xff, 0xff, 0xff, 0xf2,

    /* U+662F "是" */
    0x0, 0x7f, 0xff, 0xff, 0xff, 0xff, 0xf7, 0x0,
    0x0, 0x7f, 0x11, 0x11, 0x11, 0x12, 0xf7, 0x0,
    0x0, 0x7f, 0xee, 0xee, 0xee, 0xee, 0xf7, 0x0,
    0x0, 0x7f, 0x22, 0x22, 0x22, 0x23, 0xf7, 0x0,
    0x0, 0x7f, 0xdd, 0xdd, 0xdd, 0xdd, 0xf7, 0x0,
    0x0, 0x25, 0x55, 0x55, 0x55, 0x55, 0x52, 0x0,
    0x8, 0x88, 0x88, 0x88, 0x88, 0x88, 0x88, 0x80,
    0x1c, 0xcc, 0xcc, 0xce, 0xfc, 0xcc, 0xcc, 0xc1,
    0x0, 0x7, 0xb0, 0x9, 0xe0, 0x0, 0x0, 0x0,
    0x0, 0xc, 0xc0, 0x9, 0xfe, 0xee, 0xee, 0x0,
    0x0, 0x3f, 0xf1, 0x9, 0xf6, 0x66, 0x66, 0x0,
    0x0, 0xce, 0xdd, 0x29, 0xe0, 0x0, 0x0, 0x0,
    0xa, 0xf6, 0x2e, 0xff, 0xf7, 0x77, 0x77, 0x72,
    0x2e, 0x80, 0x0, 0x7b, 0xef, 0xff, 0xff, 0xf1,
    0x1, 0x0, 0x0, 0x0, 0x0, 0x0, 0x0, 0x0,

    /* U+663E "显" */
    0x0, 0x5f, 0xff, 0xff, 0xff, 0xff, 0xf7, 0x0,
    0x0, 0x5f, 0x43, 0x33, 0x33, 0x34, 0xf7, 0x0,
    0x0, 0x5f, 0x42, 0x22, 0x22, 0x23, 0xf7, 0x0,
    0x0, 0x5f, 0xff, 0xff, 0xff, 0xff, 0xf7, 0x0,
    0x0, 0x5f, 0x20, 0x0, 0x0, 0x1, 0xf7, 0x0,
    0x0, 0x5f, 0xdd, 0xdd, 0xdd, 0xdd, 0xf7, 0x0,
    0x0, 0x15, 0x56, 0x65, 0x56, 0x65, 0x52, 0x0,
    0x0, 0x41, 0x8, 0xe0, 0xf, 0x70, 0x6, 0x0,
    0x0, 0xe9, 0x8, 0xe0, 0xf, 0x70, 0x8f, 0x10,
    0x0, 0x6f, 0x28, 0xe0, 0xf, 0x72, 0xf7, 0x0,
    0x0, 0xd, 0x98, 0xe0, 0xf, 0x7b, 0xc0, 0x0,
    0x0, 0x2, 0x8, 0xe0, 0xf, 0x70, 0x10, 0x0,
    0x5d, 0xdd, 0xde, 0xfd, 0xdf, 0xed, 0xdd, 0xd5,
    0x39, 0x99, 0x99, 0x99, 0x99, 0x99, 0x99, 0x94,

    /* U+6682 "暂" */
    0x0, 0x2, 0x10, 0x0, 0x0, 0x0, 0x0, 0x0,
    0x4, 0x4d, 0xe4, 0x44, 0x24, 0x68, 0xbe, 0x90,
    0x2e, 0xff, 0xee, 0xee, 0x7f, 0xca, 0x85, 0x20,
    0x3, 0xf5, 0x6e, 0x0, 0x3f, 0x31, 0x11, 0x10,
    0xe, 0xff, 0xff, 0xff, 0x9f, 0xff, 0xff, 0xf4,
    0x4, 0x33, 0x9f, 0x33, 0x6f, 0x22, 0xcb, 0x20,
    0x6, 0x78, 0xcf, 0xde, 0xae, 0x0, 0xca, 0x0,
    0x1d, 0xba, 0xcf, 0x53, 0xd9, 0x0, 0xca, 0x0,
    0x0, 0x0, 0x5b, 0x0, 0x81, 0x0, 0x98, 0x0,
    0x0, 0x4f, 0xff, 0xff, 0xff, 0xff, 0xf7, 0x0,
    0x0, 0x4f, 0x53, 0x33, 0x33, 0x33, 0xf8, 0x0,
    0x0, 0x4f, 0x64, 0x44, 0x44, 0x44, 0xf8, 0x0,
    0x0, 0x4f, 0xcc, 0xcc, 0xcc, 0xcc, 0xf8, 0x0,
    0x0, 0x4f, 0x53, 0x33, 0x33, 0x33, 0xf8, 0x0,
    0x0, 0x4f, 0xff, 0xff, 0xff, 0xff, 0xf8, 0x0,
    0x0, 0x0, 0x0, 0x0, 0x0, 0x0, 0x0, 0x0,

    /* U+66F4 "更" */
    0xf, 0xff, 0xff, 0xff, 0xff, 0xff, 0xff, 0xf1,
    0xb, 0xcc, 0xcc, 0xce, 0xfc, 0xcc, 0xcc, 0xc0,
    0x0, 0x12, 0x22, 0x2b, 0xf2, 0x22, 0x22, 0x0,
    0x0, 0x8f, 0xff, 0xff, 0xff, 0xff, 0xff, 0x0,
    0x0, 0x8e, 0x11, 0x1a, 0xf1, 0x11, 0x7f, 0x0,
    0x0, 0x8f, 0x55, 0x5c, 0xf5, 0x55, 0xaf, 0x0,
    0x0, 0x8f, 0xcc, 0xce, 0xfc, 0xcc, 0xef, 0x0,
    0x0, 0x8e, 0x0, 0xa, 0xf0, 0x0, 0x7f, 0x0,
    0x0, 0x8f, 0xff, 0xff, 0xff, 0xff, 0xff, 0x0,
    0x0, 0x1b, 0x93, 0x4f, 0xb3, 0x33, 0x33, 0x0,
    0x0, 0x8, 0xf7, 0xaf, 0x30, 0x0, 0x0, 0x0,
    0x0, 0x0, 0xbf, 0xfc, 0x10, 0x0, 0x0, 0x0,
    0x5, 0x8d, 0xfe, 0xbf, 0xfe, 0xca, 0x98, 0x73,
    0xb, 0xfa, 0x50, 0x1, 0x58, 0xbc, 0xef, 0xf2,
    0x0, 0x0, 0x0, 0x0, 0x0, 0x0, 0x0, 0x0,

    /* U+6700 "最" */
    0x0, 0x4f, 0xff, 0xff, 0xff, 0xff, 0xf6, 0x0,
    0x0, 0x4f, 0x41, 0x11, 0x11, 0x12, 0xf6, 0x0,
    0x0, 0x4f, 0xff, 0xff, 0xff, 0xff, 0xf6, 0x0,
    0x0, 0x4f, 0x41, 0x11, 0x11, 0x12, 0xf6, 0x0,
    0x0, 0x3f, 0xff, 0xff, 0xff, 0xff, 0xf6, 0x0,
    0x16, 0x66, 0x66, 0x66, 0x66, 0x66, 0x66, 0x61,
    0x3e, 0xff, 0xee, 0xff, 0xee, 0xee, 0xee, 0xe3,
    0x0, 0xcb, 0x33, 0xe9, 0x34, 0x44, 0x44, 0x20,
    0x0, 0xcf, 0xee, 0xf9, 0xcf, 0xff, 0xff, 0xb0,
    0x0, 0xca, 0x22, 0xe9, 0x1f, 0x50, 0x2f, 0x40,
    0x0, 0xcf, 0xff, 0xf9, 0x7, 0xe3, 0xca, 0x0,
    0x0, 0xc9, 0x2, 0xec, 0x20, 0xaf, 0xd0, 0x0,
    0x2b, 0xff, 0xff, 0xfe, 0x67, 0xeb, 0xfa, 0x30,
    0x15, 0x32, 0x10, 0xd9, 0x9a, 0x30, 0x28, 0xc2,

    /* U+6708 "月" */
    0x0, 0xd, 0xff, 0xff, 0xff, 0xff, 0xf8, 0x0,
    0xd, 0xd7, 0x77, 0x77, 0x78, 0xf8, 0x0, 0xd,
    0xb0, 0x0, 0x0, 0x1, 0xf8, 0x0, 0xd, 0xb0,
    0x0, 0x0, 0x1, 0xf8, 0x0, 0xd, 0xff, 0xff,
    0xff, 0xff, 0xf8, 0x0, 0xd, 0xd7, 0x77, 0x77,
    0x78, 0xf8, 0x0, 0xd, 0xa0, 0x0, 0x0, 0x1,
    0xf8, 0x0, 0xf, 0x90, 0x0, 0x0, 0x2, 0xf8,
    0x0, 0x1f, 0xff, 0xff, 0xff, 0xff, 0xf8, 0x0,
    0x5f, 0x87, 0x77, 0x77, 0x78, 0xf8, 0x0, 0xbe,
    0x0, 0x0, 0x0, 0x1, 0xf8, 0x4, 0xf8, 0x0,
    0x0, 0x0, 0x1, 0xf8, 0x2e, 0xe1, 0x0, 0x0,
    0x48, 0x89, 0xf7, 0x2d, 0x30, 0x0, 0x0, 0x2f,
    0xff, 0xb1, 0x0, 0x0, 0x0, 0x0, 0x0, 0x0,
    0x0,

    /* U+6709 "有" */
    0x0, 0x0, 0x0, 0x62, 0x0, 0x0, 0x0, 0x0,
    0x0, 0x0, 0x3, 0xf6, 0x0, 0x0, 0x0, 0x0,
    0x7, 0x77, 0x7c, 0xf8, 0x77, 0x77, 0x77, 0x70,
    0xf, 0xff, 0xff, 0xff, 0xff, 0xff, 0xff, 0xf1,
    0x0, 0x0, 0x9f, 0x20, 0x0, 0x0, 0x0, 0x0,
    0x0, 0x3, 0xfd, 0x66, 0x66, 0x66, 0x61, 0x0,
    0x0, 0x1e, 0xff, 0xff, 0xff, 0xff, 0xf3, 0x0,
    0x1, 0xdf, 0xf7, 0x0, 0x0, 0x4, 0xf3, 0x0,
    0x2d, 0xf6, 0xff, 0xff, 0xff, 0xff, 0xf3, 0x0,
    0xc, 0x40, 0xfa, 0x55, 0x55, 0x57, 0xf3, 0x0,
    0x0, 0x0, 0xf7, 0x11, 0x11, 0x14, 0xf3, 0x0,
    0x0, 0x0, 0xff, 0xff, 0xff, 0xff, 0xf3, 0x0,
    0x0, 0x0, 0xf8, 0x33, 0x33, 0x36, 0xf3, 0x0,
    0x0, 0x0, 0xf7, 0x0, 0x5, 0x69, 0xf3, 0x0,
    0x0, 0x0, 0xf7, 0x0, 0x7, 0xff, 0xb0, 0x0,

    /* U+671F "期" */
    0x0, 0xba, 0x0, 0xd9, 0x0, 0x0, 0x0, 0x0,
    0xb, 0xa0, 0xd, 0x90, 0x9f, 0xff, 0xfe, 0x6,
    0xdc, 0x66, 0xeb, 0x49, 0xe6, 0x6b, 0xe0, 0xff,
    0xff, 0xff, 0xfa, 0x9d, 0x0, 0x9e, 0x0, 0xba,
    0x0, 0xd9, 0x9, 0xd1, 0x19, 0xe0, 0xb, 0xff,
    0xff, 0x90, 0x9f, 0xff, 0xfe, 0x0, 0xbb, 0x33,
    0xd9, 0x9, 0xd3, 0x3a, 0xe0, 0xb, 0xb4, 0x4d,
    0x90, 0x9c, 0x0, 0x9e, 0x0, 0xbf, 0xff, 0xf9,
    0xa, 0xd3, 0x3a, 0xe0, 0xb, 0xa0, 0xd, 0x90,
    0xbf, 0xff, 0xfe, 0x3d, 0xff, 0xdd, 0xff, 0x9c,
    0x90, 0x9, 0xe1, 0x78, 0xa7, 0x7a, 0x75, 0xf7,
    0x0, 0x9e, 0x0, 0x9f, 0x17, 0xf3, 0x3f, 0x30,
    0x9, 0xe0, 0x7f, 0x60, 0xb, 0xea, 0xe0, 0x37,
    0xce, 0xb, 0x80, 0x0, 0x12, 0x88, 0x3, 0xfe,
    0x70, 0x0, 0x0, 0x0, 0x0, 0x0, 0x0, 0x0,

    /* U+672A "未" */
    0x0, 0x0, 0x0, 0xe, 0xa0, 0x0, 0x0, 0x0,
    0x0, 0x0, 0x0, 0xe, 0xa0, 0x0, 0x0, 0x0,
    0x0, 0x0, 0x0, 0xe, 0xa0, 0x0, 0x0, 0x0,
    0x0, 0xff, 0xff, 0xff, 0xff, 0xff, 0xfd, 0x0,
    0x0, 0x88, 0x88, 0x8f, 0xd8, 0x88, 0x87, 0x0,
    0x0, 0x0, 0x0, 0xe, 0xa0, 0x0, 0x0, 0x0,
    0x0, 0x0, 0x0, 0xe, 0xb0, 0x0, 0x0, 0x0,
    0x3f, 0xff, 0xff, 0xff, 0xff, 0xff, 0xff, 0xf0,
    0x17, 0x77, 0x78, 0xff, 0xfd, 0x77, 0x77, 0x70,
    0x0, 0x0, 0x9, 0xff, 0xff, 0x60, 0x0, 0x0,
    0x0, 0x0, 0xaf, 0x6e, 0xa9, 0xf7, 0x0, 0x0,
    0x0, 0x2d, 0xf6, 0xe, 0xa0, 0x8f, 0xa1, 0x0,
    0x19, 0xfe, 0x40, 0xe, 0xa0, 0x6, 0xfe, 0x70,
    0x3f, 0xa1, 0x0, 0xe, 0xa0, 0x0, 0x2c, 0xd1,
    0x1, 0x0, 0x0, 0xe, 0xa0, 0x0, 0x0, 0x10,

    /* U+672C "本" */
    0x0, 0x0, 0x0, 0xe, 0xa0, 0x0, 0x0, 0x0,
    0x0, 0x0, 0x0, 0xe, 0xa0, 0x0, 0x0, 0x0,
    0x0, 0x0, 0x0, 0xe, 0xa0, 0x0, 0x0, 0x0,
    0x0, 0x0, 0x0, 0xe, 0xb0, 0x0, 0x0, 0x0,
    0x2f, 0xff, 0xff, 0xff, 0xff, 0xff, 0xff, 0xf0,
    0x18, 0x88, 0x8e, 0xef, 0xdf, 0xb8, 0x88, 0x70,
    0x0, 0x0, 0x2f, 0x7e, 0xab, 0xd0, 0x0, 0x0,
    0x0, 0x0, 0xbe, 0xe, 0xa3, 0xf7, 0x0, 0x0,
    0x0, 0x6, 0xf5, 0xe, 0xa0, 0xaf, 0x30, 0x0,
    0x0, 0x3f, 0xb0, 0xe, 0xa0, 0x1e, 0xe1, 0x0,
    0x3, 0xee, 0x10, 0xe, 0xb0, 0x5, 0xfd, 0x20,
    0x4f, 0xea, 0xff, 0xff, 0xff, 0xff, 0x9f, 0xf1,
    0x9, 0x24, 0x88, 0x8f, 0xd8, 0x88, 0x24, 0x60,
    0x0, 0x0, 0x0, 0xe, 0xa0, 0x0, 0x0, 0x0,
    0x0, 0x0, 0x0, 0xe, 0xa0, 0x0, 0x0, 0x0,

    /* U+6765 "来" */
    0x0, 0x0, 0x0, 0xe, 0xa0, 0x0, 0x0, 0x0,
    0x0, 0x0, 0x0, 0xe, 0xa0, 0x0, 0x0, 0x0,
    0x4, 0x88, 0x88, 0x8f, 0xd8, 0x88, 0x88, 0x30,
    0x7, 0xff, 0xff, 0xff, 0xff, 0xff, 0xff, 0x50,
    0x0, 0x1a, 0x40, 0xe, 0xa0, 0x5, 0xb2, 0x0,
    0x0, 0xc, 0xd0, 0xe, 0xa0, 0xc, 0xd0, 0x0,
    0x0, 0x4, 0xf5, 0xe, 0xa0, 0x5f, 0x40, 0x0,
    0x27, 0x77, 0xc7, 0x7f, 0xd7, 0x9c, 0x77, 0x70,
    0x4f, 0xff, 0xff, 0xff, 0xff, 0xff, 0xff, 0xf0,
    0x0, 0x0, 0x5, 0xff, 0xff, 0x20, 0x0, 0x0,
    0x0, 0x0, 0x6f, 0x8e, 0xbb, 0xe3, 0x0, 0x0,
    0x0, 0x9, 0xf8, 0xe, 0xa0, 0xcf, 0x60, 0x0,
    0x5, 0xef, 0x60, 0xe, 0xa0, 0xa, 0xfb, 0x30,
    0x4f, 0xc3, 0x0, 0xe, 0xa0, 0x0, 0x5e, 0xf1,
    0x3, 0x0, 0x0, 0xe, 0xa0, 0x0, 0x1, 0x30,

    /* U+677F "板" */
    0x0, 0xf, 0x60, 0x0, 0x0, 0x0, 0x2, 0x0,
    0x0, 0xf, 0x60, 0x14, 0x46, 0x7a, 0xdf, 0xa0,
    0x0, 0xf, 0x60, 0x6f, 0xff, 0xeb, 0x95, 0x10,
    0x17, 0x8f, 0xa7, 0x7f, 0x20, 0x0, 0x0, 0x0,
    0x2e, 0xef, 0xfe, 0x9f, 0x10, 0x0, 0x0, 0x0,
    0x0, 0x4f, 0x80, 0x6f, 0xff, 0xff, 0xff, 0x80,
    0x0, 0x9f, 0xf3, 0x6f, 0xce, 0x66, 0x7f, 0x70,
    0x0, 0xef, 0xdd, 0x7f, 0x5f, 0x10, 0x5f, 0x30,
    0x5, 0xcf, 0x6c, 0x9f, 0xf, 0x70, 0xbd, 0x0,
    0xd, 0x6f, 0x60, 0x9d, 0x9, 0xe4, 0xf6, 0x0,
    0x6e, 0x1f, 0x60, 0xcb, 0x2, 0xff, 0xe0, 0x0,
    0x16, 0xf, 0x60, 0xf7, 0x0, 0xdf, 0x70, 0x0,
    0x0, 0xf, 0x65, 0xf3, 0x1b, 0xfe, 0xf5, 0x0,
    0x0, 0xf, 0x6b, 0xe7, 0xef, 0x51, 0xcf, 0xa2,
    0x0, 0xf, 0x6a, 0x67, 0xb2, 0x0, 0x8, 0xd1,
    0x0, 0x0, 0x0, 0x0, 0x0, 0x0, 0x0, 0x0,

    /* U+6790 "析" */
    0x0, 0xe, 0x80, 0x0, 0x0, 0x0, 0x54, 0x0,
    0x0, 0xe, 0x80, 0x0, 0x37, 0xbf, 0xfe, 0x10,
    0x0, 0xe, 0x80, 0x7, 0xff, 0xc8, 0x30, 0x0,
    0x15, 0x5f, 0xb5, 0x47, 0xf0, 0x0, 0x0, 0x0,
    0x3f, 0xff, 0xff, 0xd7, 0xf0, 0x0, 0x0, 0x0,
    0x1, 0x4f, 0x91, 0x17, 0xf4, 0x44, 0x44, 0x41,
    0x0, 0x8f, 0xe2, 0x7, 0xff, 0xff, 0xff, 0xf4,
    0x0, 0xdf, 0xfc, 0x7, 0xf2, 0x28, 0xf3, 0x20,
    0x5, 0xee, 0x9e, 0x77, 0xf0, 0x6, 0xf1, 0x0,
    0xd, 0x8e, 0x85, 0x28, 0xe0, 0x6, 0xf1, 0x0,
    0x6f, 0x1e, 0x80, 0xa, 0xc0, 0x6, 0xf1, 0x0,
    0x38, 0xe, 0x80, 0xd, 0x90, 0x6, 0xf1, 0x0,
    0x0, 0xe, 0x80, 0x2f, 0x50, 0x6, 0xf1, 0x0,
    0x0, 0xe, 0x80, 0x9f, 0x0, 0x6, 0xf1, 0x0,
    0x0, 0xe, 0x80, 0x77, 0x0, 0x6, 0xf1, 0x0,

    /* U+679C "果" */
    0x0, 0x8f, 0xff, 0xff, 0xff, 0xff, 0xf9, 0x0,
    0x0, 0x8f, 0xcc, 0xce, 0xfc, 0xcc, 0xf9, 0x0,
    0x0, 0x8f, 0x21, 0x1b, 0xf1, 0x11, 0xf9, 0x0,
    0x0, 0x8f, 0xff, 0xff, 0xff, 0xff, 0xf9, 0x0,
    0x0, 0x8f, 0x21, 0x1b, 0xf1, 0x12, 0xf9, 0x0,
    0x0, 0x8f, 0x55, 0x5c, 0xf5, 0x55, 0xf9, 0x0,
    0x0, 0x7f, 0xff, 0xff, 0xff, 0xff, 0xf9, 0x0,
    0x0, 0x0, 0x0, 0xb, 0xe0, 0x0, 0x0, 0x0,
    0xf, 0xff, 0xff, 0xff, 0xff, 0xff, 0xff, 0xf3,
    0x5, 0x55, 0x58, 0xff, 0xff, 0xb5, 0x55, 0x51,
    0x0, 0x0, 0x6f, 0xcb, 0xe7, 0xfa, 0x10, 0x0,
    0x0, 0x5c, 0xf8, 0xa, 0xe0, 0x4e, 0xf8, 0x10,
    0x1e, 0xfb, 0x30, 0xa, 0xe0, 0x0, 0x8f, 0xf4,
    0x4, 0x30, 0x0, 0xa, 0xe0, 0x0, 0x1, 0x40,

    /* U+67E5 "查" */
    0x0, 0x0, 0x0, 0xc, 0xb0, 0x0, 0x0, 0x0,
    0x0, 0x0, 0x0, 0xc, 0xb0, 0x0, 0x0, 0x0,
    0x6, 0x66, 0x66, 0x6e, 0xd6, 0x66, 0x66, 0x60,
    0x1f, 0xff, 0xff, 0xff, 0xff, 0xff, 0xff, 0xf2,
    0x0, 0x0, 0x1d, 0xdd, 0xcd, 0xc1, 0x0, 0x0,
    0x0, 0x4, 0xec, 0x1c, 0xb1, 0xce, 0x40, 0x0,
    0x3, 0xbf, 0x90, 0xc, 0xb0, 0x9, 0xfc, 0x40,
    0x2f, 0xc8, 0x88, 0x89, 0x88, 0x88, 0x7b, 0xd1,
    0x1, 0x9, 0xf5, 0x55, 0x55, 0x6f, 0x80, 0x0,
    0x0, 0x9, 0xfb, 0xbb, 0xbb, 0xcf, 0x80, 0x0,
    0x0, 0x9, 0xf4, 0x44, 0x44, 0x5f, 0x80, 0x0,
    0x0, 0x9, 0xf7, 0x77, 0x77, 0x8f, 0x80, 0x0,
    0x0, 0x5, 0xaa, 0xaa, 0xaa, 0xaa, 0x50, 0x0,
    0x5, 0x66, 0x66, 0x66, 0x66, 0x66, 0x66, 0x50,
    0xd, 0xff, 0xff, 0xff, 0xff, 0xff, 0xff, 0xe0,

    /* U+6807 "标" */
    0x0, 0xf, 0x80, 0x0, 0x0, 0x0, 0x0, 0x0,
    0x0, 0xf, 0x80, 0x4, 0x66, 0x66, 0x66, 0x10,
    0x0, 0xf, 0x80, 0xc, 0xff, 0xff, 0xff, 0x40,
    0x13, 0x3f, 0xa3, 0x10, 0x0, 0x0, 0x0, 0x0,
    0x5f, 0xff, 0xff, 0x80, 0x0, 0x0, 0x0, 0x0,
    0x13, 0x8f, 0xb3, 0x49, 0x99, 0x99, 0x99, 0x93,
    0x0, 0xaf, 0xf5, 0x3d, 0xde, 0xfe, 0xdd, 0xd4,
    0x1, 0xff, 0xdf, 0x20, 0x2, 0xf5, 0x0, 0x0,
    0x8, 0xcf, 0x8a, 0x64, 0x42, 0xf5, 0x45, 0x0,
    0x1f, 0x6f, 0x81, 0xb, 0x92, 0xf5, 0x7f, 0x10,
    0x7e, 0xf, 0x80, 0x1f, 0x42, 0xf5, 0x1f, 0x80,
    0x4, 0xf, 0x80, 0x8e, 0x2, 0xf5, 0xb, 0xe0,
    0x0, 0xf, 0x81, 0xf7, 0x2, 0xf5, 0x6, 0xf4,
    0x0, 0xf, 0x80, 0x50, 0x89, 0xf5, 0x2, 0x71,
    0x0, 0xf, 0x80, 0x0, 0xcf, 0xc1, 0x0, 0x0,
    0x0, 0x1, 0x0, 0x0, 0x0, 0x0, 0x0, 0x0,

    /* U+6837 "样" */
    0x0, 0x4f, 0x30, 0x8, 0x80, 0x0, 0x3c, 0x30,
    0x0, 0x4f, 0x30, 0x8, 0xf1, 0x0, 0x8f, 0x10,
    0x0, 0x4f, 0x30, 0x2, 0xf8, 0x0, 0xea, 0x0,
    0x16, 0x9f, 0x85, 0x47, 0xd9, 0x79, 0xf9, 0x60,
    0x3f, 0xff, 0xfd, 0x9f, 0xff, 0xff, 0xff, 0xe0,
    0x0, 0x5f, 0x40, 0x0, 0x1, 0xf7, 0x0, 0x0,
    0x0, 0xaf, 0xd0, 0x2, 0x24, 0xf8, 0x22, 0x10,
    0x0, 0xff, 0xe8, 0x1f, 0xff, 0xff, 0xff, 0x70,
    0x6, 0xff, 0x6e, 0x3, 0x34, 0xf8, 0x33, 0x10,
    0xd, 0xbf, 0x32, 0x0, 0x1, 0xf7, 0x0, 0x0,
    0x6f, 0x5f, 0x31, 0xff, 0xff, 0xff, 0xff, 0xf4,
    0x18, 0x4f, 0x30, 0x77, 0x78, 0xfb, 0x77, 0x71,
    0x0, 0x4f, 0x30, 0x0, 0x1, 0xf7, 0x0, 0x0,
    0x0, 0x4f, 0x30, 0x0, 0x1, 0xf7, 0x0, 0x0,
    0x0, 0x4f, 0x30, 0x0, 0x1, 0xf7, 0x0, 0x0,

    /* U+6838 "核" */
    0x0, 0x0, 0x0, 0x0, 0x0, 0x0, 0x0, 0x0,
    0x0, 0x2f, 0x50, 0x0, 0x4, 0xe2, 0x0, 0x0,
    0x0, 0x2f, 0x50, 0x0, 0x2, 0xf8, 0x0, 0x0,
    0x0, 0x2f, 0x50, 0x57, 0x77, 0xfd, 0x77, 0x71,
    0x17, 0x8f, 0xa7, 0xdf, 0xff, 0xff, 0xff, 0xf2,
    0x2f, 0xff, 0xff, 0x0, 0x4f, 0x50, 0x0, 0x0,
    0x0, 0x5f, 0x60, 0x0, 0xdb, 0x0, 0xa4, 0x0,
    0x0, 0x9f, 0xd0, 0x2a, 0xf5, 0x49, 0xf3, 0x0,
    0x0, 0xef, 0xf8, 0x8f, 0xff, 0xff, 0x60, 0x0,
    0x5, 0xff, 0x8e, 0x23, 0x28, 0xf7, 0x9, 0x60,
    0xd, 0xaf, 0x52, 0x2, 0xbf, 0x60, 0x7f, 0x60,
    0x5f, 0x3f, 0x50, 0x7f, 0xd3, 0x6, 0xf9, 0x0,
    0x18, 0x2f, 0x50, 0x36, 0x0, 0x9f, 0xc0, 0x0,
    0x0, 0x2f, 0x50, 0x0, 0x5e, 0xfa, 0xf9, 0x0,
    0x0, 0x2f, 0x51, 0x8e, 0xfa, 0x10, 0x5f, 0xc0,
    0x0, 0x2f, 0x52, 0xe8, 0x20, 0x0, 0x4, 0x90,
    0x0, 0x0, 0x0, 0x0, 0x0, 0x0, 0x0, 0x0,

    /* U+683C "格" */
    0x0, 0xf, 0x80, 0x0, 0xb, 0x70, 0x0, 0x0,
    0x0, 0xf, 0x80, 0x0, 0x4f, 0x60, 0x0, 0x0,
    0x0, 0xf, 0x80, 0x0, 0xdf, 0xff, 0xff, 0x60,
    0x2, 0x2f, 0x92, 0x8, 0xfa, 0x77, 0xbf, 0x20,
    0x3f, 0xff, 0xff, 0xcf, 0xfb, 0x1, 0xea, 0x0,
    0x14, 0x6f, 0xa5, 0xdc, 0x4f, 0x8b, 0xf1, 0x0,
    0x0, 0x6f, 0xe1, 0x11, 0x7, 0xff, 0x50, 0x0,
    0x0, 0xbf, 0xfc, 0x0, 0x1b, 0xff, 0xa1, 0x0,
    0x2, 0xff, 0x9e, 0x57, 0xfe, 0x46, 0xff, 0x82,
    0x9, 0xbf, 0x86, 0xef, 0xe7, 0x55, 0x8f, 0xf8,
    0x2f, 0x4f, 0x80, 0x7b, 0xfe, 0xee, 0xef, 0x80,
    0x6c, 0xf, 0x80, 0x9, 0xd0, 0x0, 0xf, 0x60,
    0x3, 0xf, 0x80, 0x9, 0xd0, 0x0, 0xf, 0x60,
    0x0, 0xf, 0x80, 0x9, 0xe6, 0x66, 0x6f, 0x60,
    0x0, 0xf, 0x80, 0x9, 0xff, 0xff, 0xff, 0x60,
    0x0, 0x0, 0x0, 0x0, 0x0, 0x0, 0x0, 0x0,

    /* U+68C0 "检" */
    0x0, 0x0, 0x0, 0x0, 0x0, 0x0, 0x0, 0x0,
    0x0, 0x4f, 0x10, 0x0, 0x6, 0xd0, 0x0, 0x0,
    0x0, 0x4f, 0x10, 0x0, 0x1e, 0xf3, 0x0, 0x0,
    0x0, 0x4f, 0x10, 0x0, 0xae, 0xce, 0x20, 0x0,
    0x29, 0xbf, 0xa5, 0x7, 0xf4, 0x1d, 0xd1, 0x0,
    0x4f, 0xff, 0xf9, 0x6f, 0x80, 0x2, 0xee, 0x30,
    0x0, 0x8f, 0x28, 0xfc, 0x55, 0x55, 0x7d, 0xf4,
    0x0, 0xcf, 0xab, 0x98, 0xff, 0xff, 0xf1, 0xb1,
    0x2, 0xff, 0xf5, 0x0, 0x0, 0x0, 0x0, 0x0,
    0x8, 0xef, 0x8b, 0x57, 0x7, 0xb0, 0xd, 0x70,
    0x1e, 0x9f, 0x11, 0x5e, 0x4, 0xf0, 0x4f, 0x20,
    0x5d, 0x4f, 0x10, 0x1f, 0x31, 0xf2, 0xaa, 0x0,
    0x4, 0x4f, 0x10, 0xd, 0x60, 0x94, 0xf2, 0x0,
    0x0, 0x4f, 0x10, 0x0, 0x0, 0xa, 0xa0, 0x0,
    0x0, 0x4f, 0x17, 0xee, 0xee, 0xef, 0xfe, 0xe0,
    0x0, 0x4f, 0x13, 0x66, 0x66, 0x66, 0x66, 0x60,

    /* U+6982 "概" */
    0x0, 0x6e, 0x0, 0x0, 0x0, 0x0, 0x0, 0x0,
    0x0, 0x6e, 0x5, 0xff, 0xf7, 0xef, 0xff, 0xf1,
    0x0, 0x6e, 0x6, 0xd4, 0xb8, 0xcd, 0xff, 0xd0,
    0x4, 0x9f, 0x47, 0xd0, 0x98, 0x34, 0xa9, 0x0,
    0xf, 0xff, 0xfa, 0xff, 0xf8, 0x98, 0xb9, 0x0,
    0x0, 0x8f, 0x6, 0xd2, 0xa8, 0xb5, 0xc8, 0x0,
    0x0, 0xcf, 0x76, 0xd0, 0x98, 0xe5, 0xe8, 0x31,
    0x0, 0xff, 0xe7, 0xff, 0xfa, 0xff, 0xff, 0xf7,
    0x5, 0xfe, 0xbb, 0xd4, 0x52, 0x26, 0xf3, 0x10,
    0xb, 0xee, 0x26, 0xd1, 0xf1, 0x9, 0xf5, 0x0,
    0x2f, 0x8e, 0x6, 0xd0, 0xd8, 0xe, 0xf5, 0x0,
    0x1b, 0x6e, 0x6, 0xed, 0xee, 0x7e, 0xd5, 0x10,
    0x0, 0x6e, 0xc, 0xf7, 0x5, 0xe6, 0xd5, 0x39,
    0x0, 0x6e, 0x6, 0x20, 0xb, 0xc0, 0xd7, 0x78,
    0x0, 0x6e, 0x0, 0x0, 0x3d, 0x10, 0x9f, 0xf3,
    0x0, 0x0, 0x0, 0x0, 0x0, 0x0, 0x0, 0x0,

    /* U+6A21 "模" */
    0x0, 0x6f, 0x10, 0x0, 0xf6, 0x6, 0xf0, 0x0,
    0x0, 0x6f, 0x11, 0x99, 0xfc, 0x9c, 0xf9, 0x90,
    0x0, 0x6f, 0x12, 0xee, 0xff, 0xef, 0xfe, 0xe1,
    0x17, 0xaf, 0x74, 0x0, 0xf6, 0x6, 0xf0, 0x0,
    0x3f, 0xff, 0xf9, 0x5a, 0xba, 0xaa, 0xba, 0x20,
    0x0, 0x8f, 0x30, 0x9e, 0x66, 0x66, 0x7f, 0x40,
    0x0, 0xbf, 0xc0, 0x9f, 0xdd, 0xdd, 0xdf, 0x40,
    0x0, 0xff, 0xe5, 0x9d, 0x33, 0x33, 0x5f, 0x40,
    0x6, 0xff, 0x8d, 0x9e, 0xaa, 0xaa, 0xaf, 0x40,
    0xd, 0xcf, 0x23, 0x47, 0x7b, 0xf7, 0x77, 0x20,
    0x5f, 0x7f, 0x12, 0x44, 0x4b, 0xe4, 0x44, 0x40,
    0x39, 0x6f, 0x18, 0xff, 0xff, 0xff, 0xff, 0xf1,
    0x0, 0x6f, 0x10, 0x0, 0xaf, 0x6f, 0x70, 0x0,
    0x0, 0x6f, 0x12, 0x7d, 0xf4, 0x6, 0xfc, 0x51,
    0x0, 0x6f, 0x18, 0xd7, 0x10, 0x0, 0x2a, 0xd1,
    0x0, 0x0, 0x0, 0x0, 0x0, 0x0, 0x0, 0x0,

    /* U+6A2A "横" */
    0x0, 0x1f, 0x40, 0x0, 0xe8, 0x3, 0xf3, 0x0,
    0x0, 0x1f, 0x40, 0x11, 0xf8, 0x14, 0xf4, 0x10,
    0x0, 0x1f, 0x40, 0xbf, 0xff, 0xff, 0xff, 0xf1,
    0x2, 0x3f, 0x62, 0x12, 0xf9, 0x25, 0xf4, 0x20,
    0x3f, 0xff, 0xff, 0x88, 0xfc, 0x89, 0xf9, 0x83,
    0x14, 0x8f, 0x75, 0xcc, 0xcd, 0xfd, 0xcc, 0xc5,
    0x0, 0x9f, 0x70, 0x12, 0x24, 0xf6, 0x22, 0x10,
    0x0, 0xef, 0xf2, 0x8f, 0xff, 0xff, 0xff, 0xe0,
    0x4, 0xff, 0xcc, 0x8d, 0x2, 0xf4, 0x8, 0xe0,
    0xb, 0xaf, 0x5b, 0x8f, 0xff, 0xff, 0xff, 0xe0,
    0x3f, 0x3f, 0x40, 0x8d, 0x3, 0xf5, 0x8, 0xe0,
    0x5a, 0x1f, 0x40, 0x8f, 0xcc, 0xfd, 0xce, 0xe0,
    0x1, 0x1f, 0x40, 0x25, 0xb6, 0x44, 0x95, 0x40,
    0x0, 0x1f, 0x40, 0x4d, 0xf6, 0x2, 0xcf, 0x70,
    0x0, 0x1f, 0x43, 0xe9, 0x10, 0x0, 0x6, 0xd3,
    0x0, 0x0, 0x0, 0x0, 0x0, 0x0, 0x0, 0x0,

    /* U+6B21 "次" */
    0x0, 0x0, 0x0, 0x7, 0x40, 0x0, 0x0, 0x0,
    0x3, 0x10, 0x0, 0x1f, 0x90, 0x0, 0x0, 0x0,
    0xe, 0xf6, 0x0, 0x6f, 0x50, 0x0, 0x0, 0x0,
    0x1, 0xbf, 0x90, 0xbf, 0xff, 0xff, 0xff, 0xb0,
    0x0, 0x8, 0x31, 0xfc, 0x88, 0x88, 0x8f, 0xc0,
    0x0, 0x0, 0x8, 0xf3, 0xd, 0x70, 0x2f, 0x70,
    0x0, 0x0, 0x2f, 0xc0, 0xf, 0x90, 0x8f, 0x10,
    0x0, 0x0, 0x1a, 0x30, 0x1f, 0x90, 0x9a, 0x0,
    0x0, 0x9, 0xb0, 0x0, 0x4f, 0xd0, 0x0, 0x0,
    0x0, 0x3f, 0x90, 0x0, 0x9f, 0xf3, 0x0, 0x0,
    0x0, 0xde, 0x10, 0x1, 0xfd, 0xdb, 0x0, 0x0,
    0x8, 0xf6, 0x0, 0xa, 0xf5, 0x6f, 0x50, 0x0,
    0x2f, 0xc0, 0x0, 0x9f, 0xa0, 0xc, 0xf5, 0x0,
    0x6, 0x20, 0x2c, 0xfb, 0x0, 0x1, 0xdf, 0xa1,
    0x0, 0x0, 0xbf, 0x70, 0x0, 0x0, 0x1a, 0xd0,
    0x0, 0x0, 0x2, 0x0, 0x0, 0x0, 0x0, 0x0,

    /* U+6B63 "正" */
    0x6, 0x88, 0x88, 0x88, 0x88, 0x88, 0x88, 0x40,
    0xc, 0xff, 0xff, 0xff, 0xff, 0xff, 0xff, 0x90,
    0x0, 0x0, 0x0, 0x8, 0xf1, 0x0, 0x0, 0x0,
    0x0, 0x0, 0x0, 0x8, 0xf1, 0x0, 0x0, 0x0,
    0x0, 0x3, 0x10, 0x8, 0xf1, 0x0, 0x0, 0x0,
    0x0, 0x1f, 0x80, 0x8, 0xf1, 0x0, 0x0, 0x0,
    0x0, 0x1f, 0x80, 0x8, 0xff, 0xff, 0xfd, 0x0,
    0x0, 0x1f, 0x80, 0x8, 0xf9, 0x88, 0x87, 0x0,
    0x0, 0x1f, 0x80, 0x8, 0xf1, 0x0, 0x0, 0x0,
    0x0, 0x1f, 0x80, 0x8, 0xf1, 0x0, 0x0, 0x0,
    0x0, 0x1f, 0x80, 0x8, 0xf1, 0x0, 0x0, 0x0,
    0x0, 0x1f, 0x80, 0x8, 0xf1, 0x0, 0x0, 0x0,
    0x2c, 0xdf, 0xec, 0xce, 0xfd, 0xcc, 0xcc, 0xc1,
    0x1b, 0xbb, 0xbb, 0xbb, 0xbb, 0xbb, 0xbb, 0xb1,

    /* U+6B64 "此" */
    0x0, 0x0, 0x5f, 0x30, 0xa, 0xe0, 0x0, 0x0,
    0x0, 0x0, 0x5f, 0x30, 0xa, 0xe0, 0x0, 0x0,
    0x0, 0x0, 0x5f, 0x30, 0xa, 0xe0, 0x0, 0x0,
    0x0, 0x41, 0x5f, 0x30, 0xa, 0xe0, 0x0, 0x0,
    0x1, 0xf5, 0x5f, 0x30, 0xa, 0xe0, 0x8, 0x50,
    0x1, 0xf5, 0x5f, 0x98, 0x2a, 0xe1, 0xbf, 0xc0,
    0x1, 0xf5, 0x5f, 0xff, 0x4a, 0xff, 0xe6, 0x0,
    0x1, 0xf5, 0x5f, 0x30, 0xa, 0xf8, 0x0, 0x0,
    0x1, 0xf5, 0x5f, 0x30, 0xa, 0xe0, 0x0, 0x0,
    0x1, 0xf5, 0x5f, 0x30, 0xa, 0xe0, 0x0, 0x0,
    0x1, 0xf5, 0x5f, 0x30, 0xa, 0xe0, 0x0, 0x0,
    0x1, 0xf5, 0x5f, 0x30, 0xa, 0xe0, 0x0, 0xc5,
    0x1, 0xf5, 0x5f, 0x78, 0x3a, 0xe0, 0x0, 0xf8,
    0x18, 0xfe, 0xff, 0xff, 0x59, 0xf8, 0x78, 0xf5,
    0x3f, 0xfc, 0x96, 0x30, 0x3, 0xef, 0xff, 0xb0,
    0x2, 0x0, 0x0, 0x0, 0x0, 0x0, 0x0, 0x0,

    /* U+6B65 "步" */
    0x0, 0x0, 0x0, 0x8, 0xd0, 0x0, 0x0, 0x0,
    0x0, 0x5, 0x30, 0x8, 0xd0, 0x0, 0x0, 0x0,
    0x0, 0xe, 0x90, 0x8, 0xff, 0xff, 0xfb, 0x0,
    0x0, 0xe, 0x90, 0x8, 0xe7, 0x77, 0x75, 0x0,
    0x0, 0xe, 0x90, 0x8, 0xd0, 0x0, 0x0, 0x0,
    0x2b, 0xbf, 0xeb, 0xbe, 0xfb, 0xbb, 0xbb, 0xb0,
    0x2b, 0xbb, 0xbb, 0xbf, 0xeb, 0xbb, 0xbb, 0xb0,
    0x0, 0x0, 0x84, 0xe, 0xb0, 0x0, 0x52, 0x0,
    0x0, 0x9, 0xf4, 0xe, 0xb0, 0x2, 0xfc, 0x0,
    0x0, 0x8f, 0x80, 0xe, 0xb0, 0x1d, 0xf2, 0x0,
    0x8, 0xf9, 0x0, 0xe, 0xb2, 0xdf, 0x50, 0x0,
    0x1, 0x70, 0x0, 0x9, 0xdf, 0xf5, 0x0, 0x0,
    0x0, 0x0, 0x2, 0x8e, 0xfc, 0x20, 0x0, 0x0,
    0x4, 0x7a, 0xef, 0xfb, 0x40, 0x0, 0x0, 0x0,
    0xe, 0xfe, 0xb6, 0x10, 0x0, 0x0, 0x0, 0x0,
    0x2, 0x10, 0x0, 0x0, 0x0, 0x0, 0x0, 0x0,

    /* U+6BCF "每" */
    0x0, 0x0, 0x73, 0x0, 0x0, 0x0, 0x0, 0x0,
    0x0, 0x4, 0xf6, 0x0, 0x0, 0x0, 0x0, 0x0,
    0x0, 0xd, 0xff, 0xff, 0xff, 0xff, 0xff, 0xc0,
    0x0, 0x8f, 0x86, 0x66, 0x66, 0x66, 0x66, 0x50,
    0x4, 0xfb, 0x32, 0x22, 0x22, 0x22, 0x30, 0x0,
    0x2f, 0xda, 0xff, 0xff, 0xff, 0xff, 0xf3, 0x0,
    0x5, 0x2b, 0xd3, 0x8e, 0x63, 0x36, 0xf3, 0x0,
    0x0, 0xd, 0xa0, 0x2b, 0xf6, 0x5, 0xf2, 0x0,
    0x27, 0x7f, 0xb6, 0x66, 0xcb, 0x69, 0xf8, 0x72,
    0x5e, 0xff, 0xed, 0xee, 0xdd, 0xde, 0xfe, 0xe6,
    0x0, 0x3f, 0x40, 0xae, 0x60, 0x7, 0xf0, 0x0,
    0x0, 0x6f, 0x31, 0x16, 0xf7, 0x19, 0xf1, 0x10,
    0x0, 0x9f, 0xff, 0xff, 0xff, 0xff, 0xff, 0xc0,
    0x0, 0x24, 0x33, 0x33, 0x46, 0x6f, 0xb3, 0x20,
    0x0, 0x0, 0x0, 0x0, 0x2f, 0xfd, 0x20, 0x0,
    0x0, 0x0, 0x0, 0x0, 0x0, 0x0, 0x0, 0x0,

    /* U+6C34 "水" */
    0x0, 0x0, 0x0, 0xa, 0xe0, 0x0, 0x0, 0x0,
    0x0, 0x0, 0x0, 0xa, 0xe0, 0x0, 0x0, 0x0,
    0x0, 0x0, 0x0, 0xa, 0xe0, 0x0, 0x0, 0x0,
    0x0, 0x0, 0x0, 0xa, 0xe0, 0x0, 0x14, 0x0,
    0x7, 0x77, 0x77, 0x2a, 0xf0, 0x0, 0xcf, 0x20,
    0xe, 0xff, 0xff, 0x7a, 0xf6, 0xb, 0xf5, 0x0,
    0x0, 0x0, 0x6f, 0x3a, 0xfe, 0xbf, 0x50, 0x0,
    0x0, 0x0, 0xbe, 0xa, 0xfe, 0xf4, 0x0, 0x0,
    0x0, 0x2, 0xf8, 0xa, 0xe6, 0xf4, 0x0, 0x0,
    0x0, 0xb, 0xf1, 0xa, 0xe0, 0xbf, 0x30, 0x0,
    0x0, 0x7f, 0x80, 0xa, 0xe0, 0x1e, 0xf4, 0x0,
    0x6, 0xfc, 0x0, 0xa, 0xe0, 0x2, 0xef, 0x91,
    0x2f, 0xd1, 0x0, 0xa, 0xe0, 0x0, 0x1b, 0xf5,
    0x3, 0x10, 0x9, 0xae, 0xe0, 0x0, 0x0, 0x30,
    0x0, 0x0, 0xa, 0xfd, 0x60, 0x0, 0x0, 0x0,

    /* U+6C42 "求" */
    0x0, 0x0, 0x0, 0xe, 0xa0, 0x99, 0x0, 0x0,
    0x0, 0x0, 0x0, 0xe, 0xa0, 0x8f, 0xd2, 0x0,
    0x0, 0x0, 0x0, 0xe, 0xa0, 0x3, 0xe7, 0x0,
    0x1f, 0xff, 0xff, 0xff, 0xff, 0xff, 0xff, 0xe0,
    0x18, 0x88, 0x88, 0x8f, 0xe8, 0x88, 0x88, 0x80,
    0x0, 0x82, 0x0, 0xe, 0xf0, 0x0, 0x49, 0x0,
    0x1, 0xde, 0x20, 0xe, 0xf7, 0x3, 0xfd, 0x10,
    0x0, 0x1d, 0xe1, 0xe, 0xff, 0x4e, 0xd1, 0x0,
    0x0, 0x2, 0xb1, 0x2f, 0xae, 0xfc, 0x10, 0x0,
    0x0, 0x0, 0x19, 0xff, 0xa5, 0xf8, 0x0, 0x0,
    0x0, 0x7, 0xff, 0x6e, 0xa0, 0x9f, 0x80, 0x0,
    0x7, 0xef, 0x91, 0xe, 0xa0, 0xa, 0xfb, 0x20,
    0x3f, 0xc3, 0x0, 0xe, 0xa0, 0x0, 0x7f, 0xf1,
    0x3, 0x0, 0x59, 0x9f, 0x90, 0x0, 0x2, 0x40,
    0x0, 0x0, 0x5f, 0xfc, 0x30, 0x0, 0x0, 0x0,

    /* U+6C60 "池" */
    0x2, 0xb3, 0x0, 0x0, 0x6, 0xf1, 0x0, 0x0,
    0x5, 0xef, 0x90, 0x53, 0x6, 0xf1, 0x0, 0x0,
    0x0, 0x19, 0x90, 0xe9, 0x6, 0xf1, 0x1, 0x0,
    0x0, 0x0, 0x0, 0xe9, 0x6, 0xf3, 0x9f, 0x90,
    0x1, 0x0, 0x0, 0xe9, 0x9, 0xff, 0xff, 0xa0,
    0x4f, 0x91, 0x0, 0xed, 0xef, 0xf8, 0x1d, 0xa0,
    0x19, 0xfd, 0x3a, 0xff, 0xba, 0xf1, 0xd, 0x90,
    0x0, 0x35, 0x7e, 0xf9, 0x6, 0xf1, 0xd, 0x90,
    0x0, 0x0, 0x0, 0xe9, 0x6, 0xf1, 0xe, 0x80,
    0x0, 0x7, 0x60, 0xe9, 0x6, 0xf4, 0x6f, 0x70,
    0x0, 0x1f, 0xa0, 0xe9, 0x6, 0xf5, 0xfd, 0x10,
    0x0, 0x8f, 0x20, 0xe9, 0x0, 0x20, 0x1, 0xa1,
    0x2, 0xfa, 0x0, 0xe9, 0x0, 0x0, 0x4, 0xf3,
    0xb, 0xf2, 0x0, 0xde, 0x66, 0x66, 0x6c, 0xf0,
    0x5, 0x70, 0x0, 0x4d, 0xff, 0xff, 0xfe, 0x50,

    /* U+6CA1 "没" */
    0x0, 0x20, 0x0, 0x0, 0x0, 0x0, 0x0, 0x0,
    0x7, 0xf9, 0x10, 0x2f, 0xff, 0xff, 0x90, 0x0,
    0x0, 0x7f, 0xd0, 0x2f, 0x96, 0x6f, 0x90, 0x0,
    0x0, 0x2, 0x40, 0x3f, 0x40, 0xe, 0x90, 0x0,
    0x0, 0x0, 0x0, 0x8f, 0x10, 0xe, 0x90, 0x0,
    0x1c, 0x50, 0x5, 0xfa, 0x0, 0xc, 0xff, 0xf1,
    0x2b, 0xfd, 0x2e, 0xc1, 0x0, 0x2, 0x78, 0x81,
    0x0, 0x49, 0x5, 0x77, 0x77, 0x77, 0x75, 0x0,
    0x0, 0x0, 0x7, 0xff, 0xff, 0xff, 0xfe, 0x0,
    0x0, 0x5, 0x60, 0xcc, 0x0, 0x4, 0xf7, 0x0,
    0x0, 0xd, 0xc0, 0x3f, 0x90, 0x1e, 0xd0, 0x0,
    0x0, 0x6f, 0x40, 0x6, 0xfa, 0xdf, 0x30, 0x0,
    0x1, 0xeb, 0x0, 0x0, 0xcf, 0xf8, 0x0, 0x0,
    0x9, 0xf3, 0x4, 0x9e, 0xfa, 0xef, 0xd7, 0x30,
    0x9, 0xa0, 0x5f, 0xf9, 0x30, 0x6, 0xdf, 0xd0,
    0x0, 0x0, 0x3, 0x0, 0x0, 0x0, 0x2, 0x20,

    /* U+6CD5 "法" */
    0x0, 0x93, 0x0, 0x0, 0x9, 0xf0, 0x0, 0x0,
    0x3, 0xff, 0x80, 0x0, 0x9, 0xf0, 0x0, 0x0,
    0x0, 0x1a, 0xf2, 0x0, 0x9, 0xf0, 0x0, 0x0,
    0x0, 0x0, 0x30, 0xdf, 0xff, 0xff, 0xff, 0x60,
    0x0, 0x0, 0x0, 0x67, 0x7c, 0xf7, 0x77, 0x30,
    0x1d, 0x92, 0x0, 0x0, 0x9, 0xf0, 0x0, 0x0,
    0x7, 0xff, 0x30, 0x0, 0x9, 0xf0, 0x0, 0x0,
    0x0, 0x18, 0x8, 0xee, 0xef, 0xfe, 0xee, 0xe0,
    0x0, 0x0, 0x4, 0x88, 0xaf, 0xb8, 0x88, 0x80,
    0x0, 0x1, 0xb0, 0x0, 0xbf, 0x10, 0x0, 0x0,
    0x0, 0x9, 0xf1, 0x3, 0xf8, 0x6, 0xb0, 0x0,
    0x0, 0x3f, 0x80, 0xc, 0xe0, 0x2, 0xf8, 0x0,
    0x0, 0xce, 0x0, 0x6f, 0x62, 0x46, 0xdf, 0x20,
    0x7, 0xf6, 0x1, 0xff, 0xff, 0xff, 0xdf, 0xb0,
    0x5, 0xc0, 0x0, 0x98, 0x53, 0x10, 0x7, 0xe0,
    0x0, 0x0, 0x0, 0x0, 0x0, 0x0, 0x0, 0x0,

    /* U+6CF5 "泵" */
    0xd, 0xff, 0xff, 0xff, 0xff, 0xff, 0xff, 0x60,
    0x3, 0x44, 0x8f, 0xa4, 0x44, 0x44, 0x44, 0x10,
    0x0, 0x7, 0xfc, 0x44, 0x44, 0x44, 0x40, 0x0,
    0x4, 0xdf, 0xff, 0xff, 0xff, 0xff, 0xf3, 0x0,
    0x4f, 0x94, 0xf4, 0x0, 0x0, 0x5, 0xf3, 0x0,
    0x1, 0x3, 0xff, 0xff, 0xff, 0xff, 0xf3, 0x0,
    0x0, 0x0, 0x44, 0x4b, 0x94, 0x44, 0x40, 0x0,
    0x0, 0x0, 0x1, 0xd, 0xb0, 0x0, 0x41, 0x0,
    0xe, 0xff, 0xff, 0x5d, 0xf3, 0x9, 0xfa, 0x0,
    0x4, 0x55, 0xdf, 0x1d, 0xfe, 0xde, 0x60, 0x0,
    0x0, 0x7, 0xf6, 0xd, 0xab, 0xf8, 0x0, 0x0,
    0x2, 0xaf, 0x90, 0xd, 0xa0, 0x9f, 0xe7, 0x20,
    0x3f, 0xf6, 0x3, 0x4e, 0xa0, 0x3, 0xcf, 0xd0,
    0x5, 0x10, 0x9, 0xfe, 0x50, 0x0, 0x2, 0x20,
    0x0, 0x0, 0x0, 0x0, 0x0, 0x0, 0x0, 0x0,

    /* U+6D0B "洋" */
    0x0, 0x0, 0x0, 0x5, 0x0, 0x0, 0x44, 0x0,
    0x5, 0xf6, 0x0, 0x2f, 0x90, 0x0, 0xdc, 0x0,
    0x0, 0x9f, 0xc0, 0x8, 0xf2, 0x5, 0xf3, 0x0,
    0x0, 0x5, 0x93, 0x8a, 0xf9, 0x8e, 0xe8, 0x80,
    0x0, 0x0, 0x5, 0xee, 0xef, 0xfe, 0xee, 0xe1,
    0x1d, 0x70, 0x0, 0x0, 0x8, 0xf0, 0x0, 0x0,
    0x18, 0xfe, 0x30, 0x12, 0x29, 0xf2, 0x22, 0x10,
    0x0, 0x3b, 0x10, 0xdf, 0xff, 0xff, 0xff, 0x80,
    0x0, 0x0, 0x0, 0x34, 0x4a, 0xf5, 0x44, 0x20,
    0x0, 0xb, 0x50, 0x0, 0x8, 0xf0, 0x0, 0x0,
    0x0, 0x3f, 0x76, 0x88, 0x8c, 0xf8, 0x88, 0x83,
    0x0, 0xce, 0xd, 0xff, 0xff, 0xff, 0xff, 0xf6,
    0x5, 0xf7, 0x0, 0x0, 0x8, 0xf0, 0x0, 0x0,
    0xd, 0xe0, 0x0, 0x0, 0x8, 0xf0, 0x0, 0x0,
    0x3, 0x40, 0x0, 0x0, 0x8, 0xf0, 0x0, 0x0,

    /* U+6D3B "活" */
    0x0, 0x40, 0x0, 0x0, 0x0, 0x0, 0x47, 0x0,
    0x5, 0xfc, 0x40, 0x35, 0x7a, 0xcf, 0xff, 0x50,
    0x0, 0x4d, 0xe1, 0xef, 0xee, 0xf7, 0x30, 0x0,
    0x0, 0x0, 0x20, 0x10, 0x5, 0xf1, 0x0, 0x0,
    0x0, 0x0, 0x0, 0x0, 0x5, 0xf1, 0x0, 0x0,
    0x1d, 0x81, 0xc, 0xff, 0xff, 0xff, 0xff, 0xf5,
    0x19, 0xfe, 0x36, 0x88, 0x8a, 0xf8, 0x88, 0x83,
    0x0, 0x3a, 0x0, 0x0, 0x5, 0xf1, 0x0, 0x0,
    0x0, 0x0, 0x0, 0x0, 0x5, 0xf1, 0x0, 0x0,
    0x0, 0x4, 0x80, 0xbf, 0xff, 0xff, 0xff, 0x70,
    0x0, 0xd, 0xd0, 0xbc, 0x66, 0x66, 0x6f, 0x70,
    0x0, 0x7f, 0x40, 0xba, 0x0, 0x0, 0xf, 0x70,
    0x2, 0xfb, 0x0, 0xba, 0x0, 0x0, 0xf, 0x70,
    0xc, 0xf2, 0x0, 0xbf, 0xff, 0xff, 0xff, 0x70,
    0x5, 0x60, 0x0, 0xbd, 0x77, 0x77, 0x7f, 0x70,
    0x0, 0x0, 0x0, 0x0, 0x0, 0x0, 0x0, 0x0,

    /* U+6D41 "流" */
    0x0, 0x10, 0x0, 0x0, 0x4, 0x20, 0x0, 0x0,
    0x7, 0xf6, 0x0, 0x0, 0xe, 0xa0, 0x0, 0x0,
    0x1, 0xaf, 0x96, 0x66, 0x6c, 0xf6, 0x66, 0x60,
    0x0, 0x6, 0x4d, 0xff, 0xff, 0xff, 0xff, 0xf1,
    0x0, 0x0, 0x0, 0x6, 0xf5, 0x5, 0xc1, 0x0,
    0x1c, 0x70, 0x0, 0x3f, 0x80, 0x13, 0xec, 0x0,
    0x19, 0xfe, 0x17, 0xff, 0xff, 0xff, 0xff, 0xa0,
    0x0, 0x27, 0x4, 0x65, 0x32, 0x10, 0x4, 0xa0,
    0x0, 0x0, 0x0, 0xaa, 0xd, 0x62, 0xf4, 0x0,
    0x0, 0x7, 0xa0, 0xba, 0xe, 0x62, 0xf4, 0x0,
    0x0, 0x1e, 0xb0, 0xca, 0xe, 0x62, 0xf4, 0x0,
    0x0, 0x8f, 0x30, 0xe8, 0xe, 0x62, 0xf4, 0x10,
    0x2, 0xfa, 0x5, 0xf4, 0xe, 0x62, 0xf4, 0x95,
    0xc, 0xf1, 0x2e, 0xc0, 0xe, 0x62, 0xf7, 0xc5,
    0x8, 0x70, 0x6e, 0x20, 0x6, 0x30, 0xcf, 0xe1,
    0x0, 0x0, 0x0, 0x0, 0x0, 0x0, 0x0, 0x0,

    /* U+6D4B "测" */
    0x0, 0x0, 0x0, 0x0, 0x0, 0x0, 0x0, 0x0,
    0x5, 0xc1, 0x0, 0x0, 0x0, 0x0, 0x0, 0xf2,
    0x5, 0xfe, 0x4f, 0xff, 0xff, 0x40, 0x0, 0xf2,
    0x0, 0x2d, 0x6f, 0x31, 0x1e, 0x44, 0xe0, 0xf2,
    0x0, 0x0, 0x1f, 0x1c, 0xe, 0x44, 0xe0, 0xf2,
    0x2, 0x0, 0x1f, 0x1f, 0x1e, 0x44, 0xe0, 0xf2,
    0x3f, 0xb2, 0x1f, 0x1f, 0x1e, 0x44, 0xe0, 0xf2,
    0x6, 0xed, 0x1f, 0x1f, 0x1e, 0x44, 0xe0, 0xf2,
    0x0, 0x13, 0x1f, 0x1f, 0x1e, 0x44, 0xe0, 0xf2,
    0x0, 0x0, 0x1f, 0x1f, 0x1e, 0x44, 0xe0, 0xf2,
    0x0, 0x28, 0x1f, 0x1f, 0xe, 0x44, 0xe0, 0xf2,
    0x0, 0x8f, 0x1f, 0x3f, 0xe, 0x44, 0xe0, 0xf2,
    0x0, 0xe9, 0xa, 0x6c, 0x8, 0x22, 0x90, 0xf2,
    0x6, 0xf3, 0x0, 0xd8, 0xd2, 0x0, 0x0, 0xf2,
    0xd, 0xc0, 0x1b, 0xc0, 0x7e, 0x20, 0x44, 0xf2,
    0x7, 0x50, 0x7a, 0x0, 0x9, 0x60, 0xef, 0xb0,
    0x0, 0x0, 0x0, 0x0, 0x0, 0x0, 0x0, 0x0,

    /* U+6D88 "消" */
    0x2, 0x91, 0x0, 0x30, 0x7, 0xf1, 0x2, 0x20,
    0x5, 0xfe, 0x43, 0xf6, 0x7, 0xf1, 0xb, 0xe0,
    0x0, 0x3e, 0xc0, 0xbe, 0x7, 0xf1, 0x3f, 0x70,
    0x0, 0x1, 0x20, 0x4f, 0x57, 0xf1, 0xae, 0x0,
    0x0, 0x0, 0x0, 0x4, 0x7, 0xf1, 0x13, 0x0,
    0x2e, 0x80, 0x0, 0xff, 0xff, 0xff, 0xff, 0x70,
    0x8, 0xfd, 0x10, 0xfb, 0x77, 0x77, 0x7f, 0x70,
    0x0, 0x39, 0x0, 0xf9, 0x11, 0x11, 0x1f, 0x70,
    0x0, 0x0, 0x0, 0xff, 0xff, 0xff, 0xff, 0x70,
    0x0, 0x6, 0x50, 0xf9, 0x33, 0x33, 0x3f, 0x70,
    0x0, 0xe, 0xa0, 0xfa, 0x44, 0x44, 0x4f, 0x70,
    0x0, 0x7f, 0x20, 0xff, 0xff, 0xff, 0xff, 0x70,
    0x1, 0xfa, 0x0, 0xf8, 0x0, 0x0, 0xf, 0x70,
    0xa, 0xf2, 0x0, 0xf8, 0x0, 0x17, 0x7f, 0x70,
    0x4, 0x70, 0x0, 0xf8, 0x0, 0xd, 0xec, 0x20,

    /* U+6DB2 "液" */
    0x0, 0x0, 0x0, 0x0, 0x7, 0x40, 0x0, 0x0,
    0x2, 0xe4, 0x0, 0x0, 0xc, 0xd0, 0x0, 0x0,
    0x0, 0xaf, 0x6f, 0xff, 0xff, 0xff, 0xff, 0xf8,
    0x0, 0xa, 0x67, 0x8a, 0x77, 0xb8, 0x77, 0x74,
    0x0, 0x0, 0x0, 0x6f, 0x12, 0xf5, 0x0, 0x0,
    0x6, 0x10, 0x0, 0xda, 0x8, 0xf4, 0x44, 0x30,
    0xc, 0xe3, 0x5, 0xf4, 0xe, 0xff, 0xff, 0xf0,
    0x0, 0xbc, 0xe, 0xf4, 0x8e, 0x45, 0xb, 0xb0,
    0x0, 0x1, 0xaf, 0xf8, 0xff, 0x4e, 0x6f, 0x60,
    0x0, 0xa, 0x74, 0xfb, 0x9b, 0xa2, 0xae, 0x0,
    0x0, 0x6f, 0x10, 0xf4, 0x3, 0xf9, 0xf6, 0x0,
    0x0, 0xdb, 0x0, 0xf4, 0x0, 0x8f, 0xc0, 0x0,
    0x4, 0xf4, 0x0, 0xf4, 0x4, 0xef, 0xf5, 0x0,
    0xb, 0xd0, 0x0, 0xf6, 0x9f, 0xb1, 0x9f, 0xb3,
    0x1, 0x30, 0x0, 0xf6, 0xd5, 0x0, 0x5, 0xc2,
    0x0, 0x0, 0x0, 0x0, 0x0, 0x0, 0x0, 0x0,

    /* U+6DFB "添" */
    0x3, 0x70, 0x0, 0x0, 0x0, 0x0, 0x0, 0x0,
    0x8, 0xfd, 0x3e, 0xff, 0xff, 0xff, 0xff, 0x90,
    0x0, 0x4e, 0x26, 0x66, 0xcf, 0x66, 0x66, 0x30,
    0x0, 0x0, 0x0, 0x0, 0xeb, 0x0, 0x0, 0x0,
    0x0, 0x0, 0x46, 0x68, 0xfa, 0x66, 0x66, 0x60,
    0x4e, 0x70, 0xaf, 0xff, 0xff, 0xff, 0xff, 0xf2,
    0x19, 0xf9, 0x0, 0x7f, 0x50, 0x2f, 0x90, 0x0,
    0x0, 0x41, 0x5, 0xfa, 0x43, 0x5, 0xfa, 0x10,
    0x0, 0x0, 0x9f, 0xb0, 0xca, 0x0, 0x4f, 0xe1,
    0x0, 0x36, 0x76, 0x92, 0xca, 0x41, 0xbb, 0x50,
    0x0, 0xae, 0x4, 0xf1, 0xca, 0xc8, 0x4f, 0x30,
    0x1, 0xf7, 0xd, 0xa0, 0xca, 0x6e, 0xb, 0xc0,
    0x9, 0xf1, 0x7e, 0x10, 0xca, 0x1f, 0x23, 0xf2,
    0x1f, 0xa0, 0x1, 0x35, 0xd9, 0x0, 0x0, 0x10,
    0x8, 0x20, 0x0, 0x5f, 0xe4, 0x0, 0x0, 0x0,

    /* U+6E20 "渠" */
    0x0, 0x42, 0x0, 0x0, 0x0, 0x0, 0x0, 0x0,
    0x0, 0xaf, 0xb1, 0xff, 0xff, 0xff, 0xff, 0xd0,
    0x3, 0x2, 0x70, 0xf8, 0x22, 0x22, 0x22, 0x20,
    0x2e, 0xe8, 0x0, 0xff, 0xff, 0xff, 0xff, 0x10,
    0x0, 0x57, 0x30, 0xf7, 0x0, 0x0, 0x6f, 0x10,
    0x0, 0x5, 0xf3, 0xff, 0xee, 0xee, 0xff, 0x10,
    0x0, 0x4f, 0x90, 0xf8, 0x22, 0x22, 0x22, 0x0,
    0x4, 0xfb, 0x0, 0xfc, 0xaa, 0xaa, 0xaa, 0xa0,
    0x9, 0xc0, 0x0, 0x8d, 0xe8, 0x88, 0x88, 0x80,
    0x5, 0x55, 0x55, 0x5c, 0xe5, 0x55, 0x55, 0x50,
    0x1f, 0xff, 0xff, 0xff, 0xff, 0xff, 0xff, 0xf2,
    0x0, 0x0, 0x1a, 0xfe, 0xff, 0xb1, 0x0, 0x0,
    0x0, 0x7, 0xed, 0x3a, 0xd2, 0xcf, 0x81, 0x0,
    0x2a, 0xff, 0x80, 0xa, 0xd0, 0x6, 0xef, 0xb2,
    0x9, 0x71, 0x0, 0xa, 0xd0, 0x0, 0x5, 0x80,

    /* U+6E29 "温" */
    0x0, 0x40, 0x0, 0x0, 0x0, 0x0, 0x0, 0x0,
    0x2, 0xfe, 0x60, 0xef, 0xff, 0xff, 0xff, 0x0,
    0x0, 0x3c, 0xf2, 0xe9, 0x44, 0x44, 0x9f, 0x0,
    0x0, 0x0, 0x40, 0xe9, 0x33, 0x33, 0x9f, 0x0,
    0x0, 0x0, 0x0, 0xef, 0xff, 0xff, 0xff, 0x0,
    0xc, 0x70, 0x0, 0xe7, 0x0, 0x0, 0x7f, 0x0,
    0x18, 0xfe, 0x20, 0xef, 0xff, 0xff, 0xff, 0x0,
    0x0, 0x18, 0x0, 0x45, 0x55, 0x55, 0x54, 0x0,
    0x0, 0x0, 0x2, 0x55, 0x55, 0x55, 0x55, 0x20,
    0x0, 0x6, 0x57, 0xff, 0xff, 0xff, 0xff, 0x80,
    0x0, 0xe, 0xa7, 0xe0, 0xe3, 0x4e, 0xe, 0x80,
    0x0, 0x8f, 0x27, 0xe0, 0xe3, 0x4e, 0xe, 0x80,
    0x2, 0xf9, 0x7, 0xe0, 0xe3, 0x4e, 0xe, 0x80,
    0xb, 0xf1, 0x8d, 0xfa, 0xfc, 0xcf, 0xaf, 0xd5,
    0x5, 0x60, 0x7a, 0xaa, 0xaa, 0xaa, 0xaa, 0xa5,

    /* U+6E7F "湿" */
    0x0, 0x50, 0x0, 0x0, 0x0, 0x0, 0x0, 0x0,
    0x4, 0xfe, 0x53, 0xff, 0xff, 0xff, 0xff, 0x50,
    0x0, 0x4e, 0xd3, 0xf6, 0x44, 0x44, 0x5f, 0x50,
    0x0, 0x1, 0x23, 0xf6, 0x33, 0x33, 0x5f, 0x50,
    0x0, 0x0, 0x3, 0xff, 0xff, 0xff, 0xff, 0x50,
    0x2f, 0xa3, 0x3, 0xf3, 0x0, 0x0, 0x2f, 0x50,
    0x5, 0xdf, 0x13, 0xff, 0xff, 0xff, 0xff, 0x50,
    0x0, 0x3, 0x0, 0x55, 0x86, 0x68, 0x55, 0x10,
    0x0, 0x0, 0x2, 0x20, 0xf5, 0x4f, 0x12, 0x40,
    0x0, 0xe, 0x3b, 0xc0, 0xf5, 0x4f, 0x18, 0xe0,
    0x0, 0x6f, 0x24, 0xf3, 0xf5, 0x4f, 0x2e, 0x80,
    0x0, 0xdb, 0x0, 0xe8, 0xf5, 0x4f, 0x7f, 0x10,
    0x5, 0xf4, 0x0, 0x64, 0xf5, 0x4f, 0x56, 0x0,
    0xd, 0xd0, 0x8a, 0xab, 0xfc, 0xcf, 0xba, 0xa4,
    0x4, 0x50, 0x8a, 0xaa, 0xaa, 0xaa, 0xaa, 0xa4,

    /* U+6E90 "源" */
    0x0, 0x71, 0x0, 0x0, 0x0, 0x0, 0x0, 0x0,
    0x3, 0xfe, 0x57, 0xff, 0xff, 0xff, 0xff, 0xf7,
    0x0, 0x2c, 0xa7, 0xf6, 0x66, 0xab, 0x66, 0x62,
    0x0, 0x0, 0x7, 0xf0, 0x0, 0xcd, 0x0, 0x0,
    0x1, 0x0, 0x7, 0xf3, 0xee, 0xff, 0xee, 0xd0,
    0x1e, 0xa0, 0x7, 0xf3, 0xf4, 0x33, 0x39, 0xe0,
    0x7, 0xfd, 0x17, 0xf3, 0xf4, 0x33, 0x39, 0xe0,
    0x0, 0x39, 0x8, 0xe3, 0xfe, 0xdd, 0xde, 0xe0,
    0x0, 0x0, 0x9, 0xd3, 0xf4, 0x22, 0x29, 0xe0,
    0x0, 0x9, 0x2b, 0xb3, 0xff, 0xff, 0xff, 0xe0,
    0x0, 0x4f, 0x5e, 0x90, 0x30, 0x7f, 0x3, 0x10,
    0x0, 0xbe, 0x3f, 0x53, 0xf5, 0x7f, 0xe, 0xb0,
    0x3, 0xf7, 0x8f, 0x1d, 0xc0, 0x7f, 0x5, 0xf4,
    0xb, 0xf2, 0xea, 0x4e, 0x34, 0xaf, 0x0, 0xb6,
    0x5, 0x62, 0xb2, 0x0, 0xf, 0xfa, 0x0, 0x0,
    0x0, 0x0, 0x0, 0x0, 0x0, 0x0, 0x0, 0x0,

    /* U+6EDA "滚" */
    0x0, 0x0, 0x0, 0x0, 0x17, 0x20, 0x0, 0x0,
    0x6, 0xd2, 0x1, 0x11, 0x3f, 0x91, 0x11, 0x10,
    0x0, 0xbf, 0x7f, 0xff, 0xff, 0xff, 0xff, 0xf1,
    0x0, 0x9, 0x33, 0x4e, 0x73, 0x3c, 0xa3, 0x30,
    0x0, 0x0, 0x2, 0xdc, 0x33, 0x7, 0xfb, 0x10,
    0x1b, 0x30, 0x7f, 0xb1, 0xdd, 0x1, 0x3e, 0xd1,
    0x1b, 0xf5, 0x57, 0x1c, 0xd2, 0x7e, 0x22, 0xa0,
    0x0, 0x99, 0x3, 0xdf, 0x77, 0xaf, 0xe1, 0x0,
    0x0, 0x0, 0xb, 0xff, 0xff, 0xd7, 0xda, 0x0,
    0x0, 0x8, 0x12, 0x18, 0xfa, 0xf1, 0x14, 0x20,
    0x0, 0x5f, 0x31, 0xbf, 0x60, 0xe9, 0x6f, 0xa0,
    0x0, 0xbd, 0x9f, 0xff, 0x0, 0x6f, 0xf6, 0x0,
    0x3, 0xf6, 0x87, 0x6f, 0x0, 0xb, 0xf5, 0x0,
    0xa, 0xe0, 0x0, 0x8f, 0xbe, 0x90, 0xbf, 0xa2,
    0xa, 0x80, 0x0, 0xef, 0xa6, 0x10, 0x7, 0xd1,
    0x0, 0x0, 0x0, 0x20, 0x0, 0x0, 0x0, 0x0,

    /* U+6EE1 "满" */
    0x0, 0x30, 0x0, 0xb, 0xb0, 0xd, 0x90, 0x0,
    0x6, 0xf9, 0x14, 0x4c, 0xc4, 0x4e, 0xb4, 0x40,
    0x0, 0x8f, 0xbf, 0xff, 0xff, 0xff, 0xff, 0xf2,
    0x0, 0x6, 0x10, 0xb, 0xb0, 0xd, 0x90, 0x0,
    0x0, 0x0, 0x26, 0x68, 0x86, 0x68, 0x86, 0x62,
    0x9, 0x30, 0x4d, 0xdd, 0xfe, 0xef, 0xed, 0xd4,
    0x2c, 0xf9, 0x0, 0x0, 0xf4, 0x1f, 0x10, 0x0,
    0x0, 0x76, 0xe, 0xff, 0xff, 0xff, 0xff, 0xd0,
    0x0, 0x0, 0xf, 0xa6, 0xf7, 0x8f, 0x6b, 0xe0,
    0x0, 0xa, 0x3f, 0x73, 0xf2, 0x5f, 0x18, 0xe0,
    0x0, 0x4f, 0x6f, 0x77, 0xfe, 0xaf, 0xb8, 0xe0,
    0x0, 0xce, 0xf, 0x9e, 0x66, 0xe7, 0xfb, 0xe0,
    0x5, 0xf6, 0xf, 0xaa, 0x7, 0xd0, 0x38, 0xe0,
    0xd, 0xe0, 0xf, 0x70, 0x0, 0x10, 0x8, 0xe0,
    0x3, 0x40, 0xf, 0x70, 0x0, 0x0, 0xfe, 0x90,

    /* U+706B "火" */
    0x0, 0x0, 0x0, 0xd, 0xd0, 0x0, 0x0, 0x0,
    0x0, 0x0, 0x0, 0xe, 0xc0, 0x0, 0x0, 0x0,
    0x0, 0x0, 0x0, 0xe, 0xc0, 0x0, 0x0, 0x0,
    0x0, 0xc, 0x60, 0xe, 0xb0, 0x0, 0x1c, 0x50,
    0x0, 0x3f, 0x60, 0xf, 0xa0, 0x0, 0x7f, 0x50,
    0x0, 0x9f, 0x10, 0x1f, 0x80, 0x0, 0xdd, 0x0,
    0x1, 0xfb, 0x0, 0x4f, 0xa0, 0x5, 0xf5, 0x0,
    0x6, 0xf3, 0x0, 0x7f, 0xf0, 0xa, 0xc0, 0x0,
    0x0, 0x10, 0x0, 0xde, 0xf6, 0x0, 0x0, 0x0,
    0x0, 0x0, 0x4, 0xf8, 0xbe, 0x10, 0x0, 0x0,
    0x0, 0x0, 0x1e, 0xe1, 0x2f, 0xb0, 0x0, 0x0,
    0x0, 0x1, 0xdf, 0x50, 0x6, 0xfb, 0x10, 0x0,
    0x0, 0x6e, 0xf6, 0x0, 0x0, 0x7f, 0xe7, 0x10,
    0xd, 0xfd, 0x40, 0x0, 0x0, 0x4, 0xdf, 0xf2,
    0x5, 0x60, 0x0, 0x0, 0x0, 0x0, 0x4, 0x50,

    /* U+70B9 "点" */
    0x0, 0x0, 0x0, 0xd, 0xa0, 0x0, 0x0, 0x0,
    0x0, 0x0, 0x0, 0xd, 0xa0, 0x0, 0x0, 0x0,
    0x0, 0x0, 0x0, 0xd, 0xff, 0xff, 0xff, 0x90,
    0x0, 0x0, 0x0, 0xd, 0xd7, 0x77, 0x77, 0x40,
    0x0, 0x0, 0x0, 0xd, 0xa0, 0x0, 0x0, 0x0,
    0x0, 0x4b, 0xbb, 0xbf, 0xeb, 0xbb, 0xb5, 0x0,
    0x0, 0x7f, 0xbb, 0xbb, 0xbb, 0xbb, 0xf7, 0x0,
    0x0, 0x7f, 0x0, 0x0, 0x0, 0x1, 0xf7, 0x0,
    0x0, 0x7f, 0x0, 0x0, 0x0, 0x1, 0xf7, 0x0,
    0x0, 0x7f, 0xff, 0xff, 0xff, 0xff, 0xf7, 0x0,
    0x0, 0x37, 0x77, 0x77, 0x77, 0x77, 0x73, 0x0,
    0x0, 0x58, 0x2, 0x30, 0x16, 0x0, 0x86, 0x0,
    0x0, 0xeb, 0x9, 0xe0, 0x1f, 0x60, 0x9f, 0x30,
    0x9, 0xf3, 0x7, 0xf0, 0xb, 0xd0, 0xd, 0xc0,
    0x2e, 0x80, 0x6, 0xf2, 0x6, 0xc1, 0x5, 0xc2,
    0x0, 0x0, 0x0, 0x0, 0x0, 0x0, 0x0, 0x0,

    /* U+70ED "热" */
    0x0, 0x0, 0x0, 0x0, 0x0, 0x0, 0x0, 0x0,
    0x0, 0xe, 0x70, 0x0, 0x5f, 0x10, 0x0, 0x0,
    0x0, 0xe, 0x70, 0x0, 0x5f, 0x10, 0x0, 0x0,
    0x15, 0x5f, 0xa5, 0x23, 0x8f, 0x43, 0x41, 0x0,
    0x3f, 0xff, 0xff, 0xaf, 0xff, 0xff, 0xf5, 0x0,
    0x1, 0x1f, 0x81, 0x0, 0x7f, 0x2, 0xf4, 0x0,
    0x0, 0xe, 0x96, 0x20, 0x9d, 0x1, 0xf4, 0x0,
    0x16, 0xaf, 0xff, 0x9e, 0xeb, 0x1, 0xf4, 0x0,
    0x6f, 0xdf, 0x91, 0x9, 0xfd, 0x21, 0xf4, 0x0,
    0x12, 0xe, 0x70, 0x7, 0xfd, 0xf5, 0xf5, 0x50,
    0x0, 0xe, 0x70, 0x4f, 0x90, 0x82, 0xd7, 0xd5,
    0x9, 0xff, 0x51, 0xfb, 0x0, 0x0, 0x8f, 0xf1,
    0x1, 0x73, 0x0, 0x20, 0x0, 0x0, 0x26, 0x20,
    0x0, 0xea, 0x9, 0x90, 0x5f, 0x20, 0xdc, 0x0,
    0x9, 0xf2, 0xa, 0xd0, 0x1f, 0x70, 0x4f, 0x70,
    0x4f, 0x80, 0x8, 0xf0, 0xc, 0xc0, 0xa, 0xe0,
    0x3, 0x0, 0x1, 0x10, 0x1, 0x0, 0x1, 0x10,

    /* U+7247 "片" */
    0x0, 0x0, 0x0, 0x0, 0x9f, 0x0, 0x0, 0x0,
    0x7, 0xf2, 0x0, 0x9, 0xf0, 0x0, 0x0, 0x0,
    0x7f, 0x20, 0x0, 0x9f, 0x0, 0x0, 0x0, 0x7,
    0xf2, 0x0, 0x9, 0xf0, 0x0, 0x0, 0x0, 0x7f,
    0xba, 0xaa, 0xef, 0xaa, 0xaa, 0x20, 0x7, 0xfe,
    0xee, 0xee, 0xee, 0xee, 0xe3, 0x0, 0x7f, 0x10,
    0x0, 0x0, 0x0, 0x0, 0x0, 0x8, 0xf1, 0x0,
    0x0, 0x0, 0x0, 0x0, 0x0, 0x9f, 0x88, 0x88,
    0x88, 0x88, 0x0, 0x0, 0xb, 0xff, 0xff, 0xff,
    0xff, 0xf0, 0x0, 0x0, 0xec, 0x0, 0x0, 0x0,
    0xaf, 0x0, 0x0, 0x3f, 0x70, 0x0, 0x0, 0xa,
    0xf0, 0x0, 0xa, 0xf2, 0x0, 0x0, 0x0, 0xaf,
    0x0, 0x5, 0xfa, 0x0, 0x0, 0x0, 0xa, 0xf0,
    0x0, 0x2c, 0x10, 0x0, 0x0, 0x0, 0xaf, 0x0,
    0x0, 0x0, 0x0, 0x0, 0x0, 0x0, 0x0, 0x0,

    /* U+7269 "物" */
    0x0, 0x7, 0xe0, 0x0, 0x8b, 0x0, 0x0, 0x0,
    0x7, 0x87, 0xe0, 0x0, 0xcb, 0x0, 0x0, 0x0,
    0xa, 0x97, 0xe0, 0x1, 0xf6, 0x0, 0x0, 0x0,
    0xc, 0xaa, 0xf4, 0x27, 0xff, 0xff, 0xff, 0xf9,
    0xf, 0xff, 0xff, 0x7e, 0xc9, 0xf9, 0xdc, 0xf8,
    0x2f, 0x38, 0xf2, 0x8f, 0x27, 0xe0, 0xe6, 0xe8,
    0x5d, 0x7, 0xe0, 0xe9, 0xd, 0x83, 0xf2, 0xf7,
    0x1, 0x7, 0xe1, 0x50, 0x5f, 0x18, 0xd0, 0xf6,
    0x0, 0x4b, 0xff, 0xc1, 0xe9, 0xe, 0x81, 0xf5,
    0x4f, 0xff, 0xf4, 0xb, 0xe1, 0x5f, 0x23, 0xf3,
    0x17, 0x37, 0xe0, 0x9f, 0x40, 0xda, 0x4, 0xf2,
    0x0, 0x7, 0xe0, 0x14, 0x8, 0xf2, 0x7, 0xf0,
    0x0, 0x7, 0xe0, 0x0, 0x5f, 0x80, 0xa, 0xd0,
    0x0, 0x7, 0xe0, 0x5, 0xfb, 0x7, 0x7f, 0xa0,
    0x0, 0x7, 0xe0, 0x3, 0x90, 0xd, 0xfd, 0x20,
    0x0, 0x0, 0x0, 0x0, 0x0, 0x0, 0x0, 0x0,

    /* U+72B6 "状" */
    0x0, 0x0, 0x10, 0x0, 0x0, 0x0, 0x0, 0x0,
    0x0, 0x3, 0xf4, 0x0, 0x9, 0xe0, 0x32, 0x0,
    0x0, 0x3, 0xf4, 0x0, 0x9, 0xe0, 0xcc, 0x0,
    0x8, 0x13, 0xf4, 0x0, 0x9, 0xe0, 0x3f, 0x70,
    0x1e, 0xb3, 0xf4, 0x0, 0x9, 0xe0, 0xa, 0xb0,
    0x5, 0xf8, 0xf4, 0x0, 0x9, 0xe0, 0x1, 0x0,
    0x0, 0xcc, 0xf5, 0xff, 0xff, 0xff, 0xff, 0xf5,
    0x0, 0x13, 0xf5, 0x88, 0x8e, 0xfa, 0x88, 0x83,
    0x0, 0x3, 0xf4, 0x0, 0xd, 0xf6, 0x0, 0x0,
    0x0, 0x2d, 0xf4, 0x0, 0x1f, 0xfb, 0x0, 0x0,
    0x4, 0xee, 0xf4, 0x0, 0x7f, 0x8f, 0x20, 0x0,
    0x4f, 0xb4, 0xf4, 0x0, 0xdd, 0xe, 0xa0, 0x0,
    0x8, 0x3, 0xf4, 0x7, 0xf5, 0x6, 0xf4, 0x0,
    0x0, 0x3, 0xf4, 0x3f, 0xc0, 0x0, 0xcf, 0x30,
    0x0, 0x3, 0xf7, 0xee, 0x20, 0x0, 0x2e, 0xf5,
    0x0, 0x3, 0xf8, 0xc3, 0x0, 0x0, 0x2, 0xc2,
    0x0, 0x0, 0x0, 0x0, 0x0, 0x0, 0x0, 0x0,

    /* U+72EC "独" */
    0x7, 0x20, 0x41, 0x0, 0x7, 0xf1, 0x0, 0x0,
    0xc, 0xe3, 0xf9, 0x0, 0x7, 0xf1, 0x0, 0x0,
    0x1, 0xef, 0xf1, 0x0, 0x7, 0xf1, 0x0, 0x0,
    0x0, 0x9f, 0x70, 0x55, 0x5a, 0xf6, 0x55, 0x30,
    0x5, 0xff, 0xa0, 0xef, 0xff, 0xff, 0xff, 0x90,
    0x3f, 0xb9, 0xe0, 0xe9, 0x7, 0xf1, 0xf, 0x90,
    0x5, 0x6, 0xf1, 0xe9, 0x7, 0xf1, 0xf, 0x90,
    0x0, 0x9, 0xf2, 0xe9, 0x7, 0xf1, 0xf, 0x90,
    0x0, 0x4f, 0xf3, 0xeb, 0x6a, 0xf6, 0x6f, 0x90,
    0x3, 0xfd, 0xf3, 0xdf, 0xff, 0xff, 0xff, 0x90,
    0x3f, 0xc5, 0xf2, 0x0, 0x7, 0xf1, 0x46, 0x0,
    0x9, 0x15, 0xf1, 0x0, 0x7, 0xf1, 0x7f, 0x20,
    0x0, 0x7, 0xf0, 0x0, 0x7, 0xf3, 0x4f, 0xa0,
    0x6, 0x7e, 0xb6, 0xbc, 0xdf, 0xff, 0xdd, 0xf1,
    0xa, 0xfd, 0x34, 0x86, 0x43, 0x20, 0x3, 0xd3,

    /* U+7387 "率" */
    0x0, 0x0, 0x0, 0x6, 0x40, 0x0, 0x0, 0x0,
    0x2, 0x22, 0x22, 0x2d, 0xf3, 0x22, 0x22, 0x20,
    0xe, 0xff, 0xff, 0xff, 0xff, 0xff, 0xff, 0xf1,
    0x3, 0x54, 0x44, 0x9f, 0x56, 0x64, 0x45, 0x40,
    0x6, 0xf7, 0x2, 0xf7, 0x2d, 0xc0, 0x9f, 0x20,
    0x0, 0x7f, 0x6c, 0xff, 0xfd, 0x19, 0xf5, 0x0,
    0x0, 0x3, 0x13, 0x4d, 0xd6, 0x2, 0x30, 0x0,
    0x0, 0x3a, 0xe1, 0xcb, 0x2d, 0xad, 0xd3, 0x0,
    0xc, 0xfb, 0x4f, 0xff, 0xff, 0xf6, 0xbf, 0x80,
    0x6, 0x30, 0x7, 0x59, 0x80, 0x74, 0x7, 0x50,
    0x14, 0x44, 0x44, 0x4d, 0xd4, 0x44, 0x44, 0x41,
    0x3f, 0xff, 0xff, 0xff, 0xff, 0xff, 0xff, 0xf4,
    0x2, 0x22, 0x22, 0x2d, 0xd2, 0x22, 0x22, 0x20,
    0x0, 0x0, 0x0, 0xc, 0xd0, 0x0, 0x0, 0x0,
    0x0, 0x0, 0x0, 0xc, 0xd0, 0x0, 0x0, 0x0,

    /* U+73B0 "现" */
    0x3f, 0xff, 0xff, 0x5f, 0xff, 0xff, 0xff, 0x70,
    0x3e, 0xef, 0xfe, 0x5f, 0x85, 0x55, 0x5f, 0x70,
    0x0, 0x2f, 0x40, 0x2f, 0x50, 0x41, 0x1f, 0x70,
    0x0, 0x2f, 0x40, 0x2f, 0x52, 0xf4, 0x1f, 0x70,
    0x0, 0x2f, 0x40, 0x2f, 0x52, 0xf4, 0x1f, 0x70,
    0xe, 0xff, 0xfd, 0x2f, 0x52, 0xf3, 0x1f, 0x70,
    0x6, 0x8f, 0x96, 0x2f, 0x53, 0xf3, 0x1f, 0x70,
    0x0, 0x2f, 0x40, 0x2f, 0x55, 0xf1, 0x1f, 0x70,
    0x0, 0x2f, 0x40, 0x18, 0x28, 0xf5, 0x8, 0x30,
    0x0, 0x2f, 0x54, 0x20, 0xd, 0xff, 0x0, 0x0,
    0x1, 0x7f, 0xff, 0x60, 0x6f, 0xbf, 0x0, 0x83,
    0x5f, 0xfe, 0x94, 0x4, 0xf9, 0x7f, 0x0, 0xc6,
    0x28, 0x30, 0x0, 0x6f, 0xc0, 0x7f, 0x22, 0xe4,
    0x0, 0x0, 0x6, 0xfa, 0x0, 0x3e, 0xff, 0xc0,
    0x0, 0x0, 0x0, 0x30, 0x0, 0x0, 0x0, 0x0,

    /* U+7406 "理" */
    0x5f, 0xff, 0xfc, 0x7f, 0xff, 0xff, 0xff, 0xe0,
    0x5e, 0xff, 0xeb, 0x7f, 0x88, 0xfa, 0x8c, 0xe0,
    0x0, 0x7f, 0x0, 0x7e, 0x0, 0xf4, 0x8, 0xe0,
    0x0, 0x7f, 0x0, 0x7f, 0xff, 0xff, 0xff, 0xe0,
    0x0, 0x7f, 0x0, 0x7f, 0x44, 0xf7, 0x4a, 0xe0,
    0x3f, 0xff, 0xf8, 0x7e, 0x0, 0xf4, 0x8, 0xe0,
    0x15, 0xaf, 0x53, 0x7f, 0xff, 0xff, 0xff, 0xe0,
    0x0, 0x7f, 0x0, 0x25, 0x57, 0xf9, 0x55, 0x50,
    0x0, 0x7f, 0x0, 0x0, 0x2, 0xf6, 0x0, 0x0,
    0x0, 0x7f, 0x14, 0x9f, 0xff, 0xff, 0xff, 0xf0,
    0x2, 0xaf, 0xfd, 0x46, 0x68, 0xfa, 0x66, 0x60,
    0x6f, 0xfc, 0x71, 0x0, 0x2, 0xf6, 0x0, 0x0,
    0x27, 0x20, 0x8, 0xaa, 0xab, 0xfc, 0xaa, 0xa5,
    0x0, 0x0, 0x9, 0xcc, 0xcc, 0xcc, 0xcc, 0xc6,

    /* U+751F "生" */
    0x0, 0x4, 0x81, 0xa, 0xe0, 0x0, 0x0, 0x0,
    0x0, 0xa, 0xf0, 0xa, 0xe0, 0x0, 0x0, 0x0,
    0x0, 0xf, 0xb0, 0xa, 0xe0, 0x0, 0x0, 0x0,
    0x0, 0x6f, 0xb7, 0x7d, 0xf7, 0x77, 0x77, 0x40,
    0x0, 0xdf, 0xff, 0xff, 0xff, 0xff, 0xff, 0x80,
    0x7, 0xf5, 0x0, 0xa, 0xe0, 0x0, 0x0, 0x0,
    0xd, 0xc0, 0x0, 0xa, 0xe0, 0x0, 0x0, 0x0,
    0x0, 0x10, 0x0, 0xa, 0xe0, 0x0, 0x0, 0x0,
    0x0, 0x3f, 0xff, 0xff, 0xff, 0xff, 0xfe, 0x0,
    0x0, 0x28, 0x88, 0x8d, 0xf8, 0x88, 0x87, 0x0,
    0x0, 0x0, 0x0, 0xa, 0xe0, 0x0, 0x0, 0x0,
    0x0, 0x0, 0x0, 0xa, 0xe0, 0x0, 0x0, 0x0,
    0x0, 0x0, 0x0, 0xa, 0xe0, 0x0, 0x0, 0x0,
    0xb, 0xbb, 0xbb, 0xbe, 0xfb, 0xbb, 0xbb, 0xb3,
    0xb, 0xbb, 0xbb, 0xbb, 0xbb, 0xbb, 0xbb, 0xb3,

    /* U+7528 "用" */
    0x0, 0x47, 0x77, 0x77, 0x77, 0x77, 0x77, 0x30,
    0xa, 0xff, 0xff, 0xff, 0xff, 0xff, 0xf8, 0x0,
    0xae, 0x0, 0x9, 0xe0, 0x0, 0xf, 0x80, 0xa,
    0xe0, 0x0, 0x9e, 0x0, 0x0, 0xf8, 0x0, 0xaf,
    0x77, 0x7c, 0xf7, 0x77, 0x7f, 0x80, 0xa, 0xff,
    0xff, 0xff, 0xff, 0xff, 0xf8, 0x0, 0xad, 0x0,
    0x9, 0xe0, 0x0, 0xf, 0x80, 0xa, 0xd0, 0x0,
    0x9e, 0x0, 0x0, 0xf8, 0x0, 0xbf, 0xff, 0xff,
    0xff, 0xff, 0xff, 0x80, 0xe, 0xc7, 0x77, 0xcf,
    0x77, 0x77, 0xf8, 0x1, 0xf6, 0x0, 0x9, 0xe0,
    0x0, 0xf, 0x80, 0x7f, 0x20, 0x0, 0x9e, 0x0,
    0x0, 0xf8, 0x1e, 0xc0, 0x0, 0x9, 0xe0, 0x56,
    0x6f, 0x73, 0xe3, 0x0, 0x0, 0x9e, 0x9, 0xff,
    0xd2, 0x0, 0x0, 0x0, 0x0, 0x0, 0x0, 0x0,
    0x0,

    /* U+7531 "由" */
    0x0, 0x0, 0x0, 0xf8, 0x0, 0x0, 0x0, 0x0,
    0x0, 0xf, 0x80, 0x0, 0x0, 0x0, 0x0, 0x0,
    0xf8, 0x0, 0x0, 0x3, 0x77, 0x77, 0x8f, 0xb7,
    0x77, 0x76, 0x7f, 0xff, 0xff, 0xff, 0xff, 0xff,
    0xd7, 0xf1, 0x0, 0x1f, 0x80, 0x0, 0xbd, 0x7f,
    0x0, 0x0, 0xf8, 0x0, 0xb, 0xd7, 0xf0, 0x0,
    0xf, 0x80, 0x0, 0xbd, 0x7f, 0xff, 0xff, 0xff,
    0xff, 0xff, 0xd7, 0xf8, 0x88, 0x8f, 0xc8, 0x88,
    0xdd, 0x7f, 0x0, 0x0, 0xf8, 0x0, 0xb, 0xd7,
    0xf0, 0x0, 0xf, 0x80, 0x0, 0xbd, 0x7f, 0x0,
    0x0, 0xf8, 0x0, 0xb, 0xd7, 0xff, 0xff, 0xff,
    0xff, 0xff, 0xfd, 0x7f, 0x88, 0x88, 0x88, 0x88,
    0x8d, 0xd0, 0x0, 0x0, 0x0, 0x0, 0x0, 0x0,

    /* U+7535 "电" */
    0x0, 0x0, 0xb, 0xe0, 0x0, 0x0, 0x0, 0x0,
    0x0, 0xb, 0xe0, 0x0, 0x0, 0x0, 0x23, 0x33,
    0x3c, 0xf3, 0x33, 0x32, 0x0, 0xff, 0xff, 0xff,
    0xff, 0xff, 0xfd, 0x0, 0xfb, 0x44, 0x4c, 0xf4,
    0x44, 0xcd, 0x0, 0xfa, 0x0, 0xb, 0xe0, 0x0,
    0xbd, 0x0, 0xff, 0xff, 0xff, 0xff, 0xff, 0xfd,
    0x0, 0xfc, 0x77, 0x7d, 0xf7, 0x77, 0xdd, 0x0,
    0xfa, 0x0, 0xb, 0xe0, 0x0, 0xbd, 0x0, 0xfc,
    0x66, 0x6d, 0xf6, 0x66, 0xcd, 0x0, 0xff, 0xff,
    0xff, 0xff, 0xff, 0xfd, 0x0, 0xfa, 0x11, 0x1b,
    0xf1, 0x11, 0x13, 0x91, 0x0, 0x0, 0xa, 0xe0,
    0x0, 0x3, 0xf5, 0x0, 0x0, 0x9, 0xf9, 0x88,
    0x8c, 0xf1, 0x0, 0x0, 0x2, 0xdf, 0xff, 0xff,
    0x80,

    /* U+753B "画" */
    0x9f, 0xff, 0xff, 0xff, 0xff, 0xff, 0xff, 0x36,
    0x66, 0x66, 0x66, 0x66, 0x66, 0x66, 0x0, 0x0,
    0x0, 0x0, 0x0, 0x0, 0x0, 0x0, 0x5, 0x88,
    0x88, 0x88, 0x70, 0x0, 0x48, 0xb, 0xec, 0xee,
    0xcd, 0xe0, 0x79, 0x8f, 0xb, 0x80, 0x9b, 0x6,
    0xe0, 0xce, 0x8f, 0xb, 0xa4, 0xbc, 0x49, 0xe0,
    0xce, 0x8f, 0xb, 0xfe, 0xff, 0xef, 0xe0, 0xce,
    0x8f, 0xb, 0x80, 0x9b, 0x6, 0xe0, 0xce, 0x8f,
    0xb, 0xdb, 0xee, 0xbd, 0xe0, 0xce, 0x8f, 0x5,
    0x88, 0x88, 0x88, 0x70, 0xce, 0x8f, 0x0, 0x0,
    0x0, 0x0, 0x0, 0xce, 0x8f, 0xff, 0xff, 0xff,
    0xff, 0xff, 0xfe, 0x37, 0x77, 0x77, 0x77, 0x77,
    0x77, 0xee,

    /* U+7565 "略" */
    0x0, 0x0, 0x0, 0x0, 0x9a, 0x0, 0x0, 0xc,
    0xff, 0xff, 0x90, 0x1f, 0x80, 0x0, 0x0, 0xcc,
    0xfb, 0xd9, 0xa, 0xff, 0xff, 0xf8, 0xc, 0x5d,
    0x29, 0x96, 0xfb, 0x55, 0x8f, 0x60, 0xc5, 0xd2,
    0x9d, 0xfe, 0xf2, 0xd, 0xd0, 0xc, 0x6d, 0x39,
    0xdc, 0x1d, 0xda, 0xf3, 0x0, 0xcf, 0xff, 0xf9,
    0x0, 0x2f, 0xf7, 0x0, 0xc, 0x7d, 0x5b, 0x90,
    0x2c, 0xff, 0xe4, 0x0, 0xc5, 0xd2, 0x9a, 0x7f,
    0xe4, 0x2d, 0xfb, 0x4c, 0x5d, 0x29, 0xff, 0xf8,
    0x66, 0x6d, 0xf5, 0xc5, 0xd2, 0x99, 0x9f, 0xff,
    0xff, 0xf9, 0xc, 0xff, 0xff, 0x97, 0xf0, 0x0,
    0xe, 0x80, 0xc8, 0x55, 0x52, 0x7f, 0x0, 0x0,
    0xe8, 0x8, 0x30, 0x0, 0x7, 0xf6, 0x66, 0x6f,
    0x80, 0x0, 0x0, 0x0, 0x7f, 0xff, 0xff, 0xf8,
    0x0, 0x0, 0x0, 0x0, 0x0, 0x0, 0x0, 0x0,

    /* U+767B "登" */
    0x0, 0x0, 0x0, 0x0, 0x43, 0x0, 0x30, 0x0,
    0x7, 0xff, 0xff, 0xf7, 0xbd, 0x1b, 0xe1, 0x0,
    0x1, 0x54, 0x4a, 0xf3, 0x3f, 0xec, 0x13, 0x30,
    0x3, 0xf7, 0x3f, 0xa0, 0x8, 0xf4, 0x4f, 0xa0,
    0x0, 0x4f, 0xff, 0x54, 0x44, 0xef, 0xf7, 0x0,
    0x0, 0x4f, 0xdd, 0xff, 0xff, 0xec, 0xf7, 0x0,
    0x2a, 0xfb, 0x10, 0x0, 0x0, 0x0, 0xaf, 0xd4,
    0x2e, 0x6b, 0xee, 0xee, 0xee, 0xee, 0x85, 0xb1,
    0x0, 0xc, 0xd4, 0x44, 0x44, 0x4f, 0x90, 0x0,
    0x0, 0xc, 0xc0, 0x0, 0x0, 0xf, 0x90, 0x0,
    0x0, 0xc, 0xff, 0xff, 0xff, 0xff, 0x90, 0x0,
    0x0, 0x3, 0x7d, 0x44, 0x44, 0xc8, 0x20, 0x0,
    0x0, 0x0, 0x4f, 0x50, 0x3, 0xf4, 0x0, 0x0,
    0x4, 0x44, 0x4f, 0x94, 0x4b, 0xe4, 0x44, 0x40,
    0x1f, 0xff, 0xff, 0xff, 0xff, 0xff, 0xff, 0xf1,

    /* U+7684 "的" */
    0x0, 0x27, 0x20, 0x0, 0x44, 0x0, 0x0, 0x0,
    0x7f, 0x30, 0x0, 0xba, 0x0, 0x0, 0x0, 0xbd,
    0x0, 0x0, 0xf6, 0x0, 0x10, 0xaf, 0xff, 0xff,
    0x45, 0xff, 0xff, 0xfe, 0xbd, 0x66, 0x7f, 0x4c,
    0xc5, 0x55, 0xbd, 0xbb, 0x0, 0x1f, 0x9f, 0x40,
    0x0, 0x9d, 0xbb, 0x0, 0x1f, 0xbc, 0x0, 0x0,
    0xac, 0xbc, 0x55, 0x6f, 0x42, 0xe5, 0x0, 0xab,
    0xbf, 0xff, 0xff, 0x40, 0xae, 0x10, 0xbb, 0xbb,
    0x0, 0x1f, 0x40, 0x1f, 0xa0, 0xca, 0xbb, 0x0,
    0x1f, 0x40, 0x6, 0xe1, 0xd9, 0xbb, 0x0, 0x1f,
    0x40, 0x0, 0x10, 0xf7, 0xbd, 0x77, 0x8f, 0x40,
    0x0, 0x2, 0xf5, 0xbf, 0xee, 0xee, 0x40, 0x26,
    0x6b, 0xf1, 0xbb, 0x0, 0x0, 0x0, 0x2f, 0xfe,
    0x70, 0x0, 0x0, 0x0, 0x0, 0x0, 0x0, 0x0,

    /* U+76D1 "监" */
    0x0, 0x0, 0xf, 0x80, 0x4, 0x90, 0x0, 0x0,
    0x2, 0xf5, 0xf, 0x80, 0xa, 0xd0, 0x0, 0x0,
    0x2, 0xf5, 0xf, 0x80, 0xf, 0xb5, 0x55, 0x50,
    0x2, 0xf5, 0xf, 0x80, 0x6f, 0xff, 0xff, 0xf2,
    0x2, 0xf5, 0xf, 0x80, 0xdc, 0x11, 0x11, 0x10,
    0x2, 0xf5, 0xf, 0x87, 0xf4, 0x8e, 0x30, 0x0,
    0x2, 0xf5, 0xf, 0x8c, 0xa0, 0x9, 0xf5, 0x0,
    0x1, 0xa3, 0xb, 0x50, 0x0, 0x0, 0x6b, 0x10,
    0x0, 0x0, 0x0, 0x0, 0x0, 0x0, 0x0, 0x0,
    0x0, 0x8f, 0xff, 0xff, 0xff, 0xff, 0xf8, 0x0,
    0x0, 0x8e, 0x58, 0xf6, 0x5f, 0x95, 0xf9, 0x0,
    0x0, 0x8e, 0x4, 0xf1, 0x1f, 0x50, 0xe9, 0x0,
    0x0, 0x8e, 0x4, 0xf1, 0x1f, 0x50, 0xe9, 0x0,
    0x27, 0xcf, 0x7a, 0xf8, 0x8f, 0xa7, 0xfc, 0x71,
    0x4f, 0xff, 0xff, 0xff, 0xff, 0xff, 0xff, 0xf3,

    /* U+76D6 "盖" */
    0x0, 0x0, 0x44, 0x0, 0x0, 0x26, 0x10, 0x0,
    0x0, 0x0, 0xae, 0x10, 0x0, 0x9f, 0x10, 0x0,
    0x1, 0x66, 0x8f, 0x96, 0x67, 0xfc, 0x66, 0x10,
    0x3, 0xcc, 0xcc, 0xce, 0xfc, 0xcc, 0xcc, 0x20,
    0x0, 0x1, 0x11, 0x1b, 0xd1, 0x11, 0x10, 0x0,
    0x0, 0x7f, 0xff, 0xff, 0xff, 0xff, 0xf7, 0x0,
    0x0, 0x1, 0x11, 0x1b, 0xd1, 0x11, 0x10, 0x0,
    0xa, 0xbb, 0xbb, 0xbe, 0xfb, 0xbb, 0xbb, 0xa0,
    0x7, 0x88, 0x88, 0x88, 0x88, 0x88, 0x88, 0x70,
    0x0, 0x25, 0x55, 0x55, 0x55, 0x55, 0x54, 0x0,
    0x0, 0x7f, 0xff, 0xff, 0xff, 0xff, 0xfe, 0x0,
    0x0, 0x7e, 0x3, 0xf2, 0xf, 0x60, 0x9e, 0x0,
    0x0, 0x7e, 0x3, 0xf2, 0xf, 0x60, 0x9e, 0x0,
    0x2a, 0xcf, 0xab, 0xfb, 0xaf, 0xca, 0xdf, 0xa5,
    0x3f, 0xff, 0xff, 0xff, 0xff, 0xff, 0xff, 0xf8,

    /* U+76F8 "相" */
    0x0, 0xe, 0x80, 0x0, 0x0, 0x0, 0x0, 0x0,
    0x0, 0xe8, 0x0, 0xaf, 0xff, 0xff, 0xfb, 0x0,
    0xe, 0x80, 0xa, 0xe7, 0x77, 0x7e, 0xb2, 0x66,
    0xfb, 0x64, 0xac, 0x0, 0x0, 0xdb, 0x6f, 0xff,
    0xff, 0xba, 0xc0, 0x0, 0xd, 0xb1, 0x25, 0xf9,
    0x21, 0xaf, 0xff, 0xff, 0xfb, 0x0, 0x8f, 0xb0,
    0xa, 0xe7, 0x77, 0x7e, 0xb0, 0xd, 0xff, 0x70,
    0xac, 0x0, 0x0, 0xdb, 0x4, 0xef, 0xcf, 0x4a,
    0xc0, 0x0, 0xd, 0xb0, 0xc8, 0xe8, 0x99, 0xaf,
    0xff, 0xff, 0xfb, 0x6f, 0x2e, 0x81, 0xa, 0xe6,
    0x66, 0x6e, 0xb8, 0x90, 0xe8, 0x0, 0xac, 0x0,
    0x0, 0xdb, 0x1, 0xe, 0x80, 0xa, 0xd2, 0x22,
    0x2d, 0xb0, 0x0, 0xe8, 0x0, 0xaf, 0xff, 0xff,
    0xfb, 0x0, 0xe, 0x80, 0xa, 0xd4, 0x44, 0x4d,
    0xb0, 0x0, 0x0, 0x0, 0x1, 0x0, 0x0, 0x0,

    /* U+770B "看" */
    0x0, 0x0, 0x0, 0x0, 0x12, 0x45, 0x73, 0x0,
    0x0, 0xde, 0xef, 0xff, 0xff, 0xfd, 0xb8, 0x0,
    0x0, 0x34, 0x43, 0xde, 0x10, 0x0, 0x0, 0x0,
    0x0, 0xde, 0xee, 0xff, 0xee, 0xee, 0xee, 0x20,
    0x0, 0x44, 0x49, 0xf6, 0x44, 0x44, 0x44, 0x0,
    0x5, 0x55, 0x5d, 0xe5, 0x55, 0x55, 0x55, 0x50,
    0x1e, 0xee, 0xff, 0xee, 0xee, 0xee, 0xee, 0xe1,
    0x0, 0x1, 0xee, 0x33, 0x33, 0x33, 0x31, 0x0,
    0x0, 0xb, 0xff, 0xff, 0xff, 0xff, 0xf8, 0x0,
    0x0, 0xaf, 0xf9, 0x11, 0x11, 0x11, 0xf8, 0x0,
    0x2c, 0xf7, 0xef, 0xee, 0xee, 0xee, 0xf8, 0x0,
    0x1d, 0x50, 0xea, 0x22, 0x22, 0x22, 0xf8, 0x0,
    0x0, 0x0, 0xee, 0xdd, 0xdd, 0xdd, 0xf8, 0x0,
    0x0, 0x0, 0xea, 0x33, 0x33, 0x33, 0xf8, 0x0,
    0x0, 0x0, 0xef, 0xff, 0xff, 0xff, 0xf8, 0x0,

    /* U+7740 "着" */
    0x0, 0x0, 0x97, 0x0, 0x0, 0x59, 0x10, 0x0,
    0x0, 0x0, 0x9f, 0x20, 0x0, 0xec, 0x0, 0x0,
    0x4, 0xff, 0xff, 0xff, 0xff, 0xff, 0xff, 0x50,
    0x1, 0x44, 0x44, 0x9f, 0x54, 0x44, 0x44, 0x10,
    0x0, 0x7d, 0xdd, 0xff, 0xdd, 0xdd, 0xd7, 0x0,
    0x0, 0x24, 0x49, 0xf8, 0x44, 0x44, 0x42, 0x0,
    0x5, 0x55, 0x5d, 0xf5, 0x55, 0x55, 0x55, 0x50,
    0xd, 0xdd, 0xff, 0xdd, 0xdd, 0xdd, 0xdd, 0xd0,
    0x0, 0x3, 0xff, 0x88, 0x88, 0x88, 0x84, 0x0,
    0x0, 0x3f, 0xfd, 0x77, 0x77, 0x77, 0xf9, 0x0,
    0x4, 0xff, 0xef, 0xee, 0xee, 0xee, 0xf9, 0x0,
    0x4f, 0xe3, 0xcc, 0x11, 0x11, 0x11, 0xf9, 0x0,
    0x7, 0x10, 0xcf, 0xee, 0xee, 0xee, 0xf9, 0x0,
    0x0, 0x0, 0xcc, 0x22, 0x22, 0x22, 0xf9, 0x0,
    0x0, 0x0, 0xcf, 0xff, 0xff, 0xff, 0xf9, 0x0,
    0x0, 0x0, 0x0, 0x0, 0x0, 0x0, 0x0, 0x0,

    /* U+77E5 "知" */
    0x0, 0x44, 0x0, 0x0, 0x0, 0x0, 0x0, 0x0,
    0xd, 0xb0, 0x0, 0x0, 0x22, 0x22, 0x21, 0x1,
    0xfb, 0x66, 0x65, 0x7f, 0xff, 0xff, 0xb0, 0x6f,
    0xff, 0xff, 0xd7, 0xf4, 0x44, 0xeb, 0xd, 0xb1,
    0xf7, 0x0, 0x7f, 0x0, 0xd, 0xb3, 0xf3, 0x1f,
    0x70, 0x7, 0xf0, 0x0, 0xdb, 0x3, 0x13, 0xf8,
    0x11, 0x7f, 0x0, 0xd, 0xb4, 0xff, 0xff, 0xff,
    0xfc, 0xf0, 0x0, 0xdb, 0x15, 0x58, 0xf8, 0x55,
    0x8f, 0x0, 0xd, 0xb0, 0x0, 0x6f, 0x80, 0x7,
    0xf0, 0x0, 0xdb, 0x0, 0xb, 0xff, 0x70, 0x7f,
    0x0, 0xd, 0xb0, 0x3, 0xf8, 0x7f, 0x67, 0xf0,
    0x0, 0xdb, 0x0, 0xde, 0x10, 0xaf, 0x9f, 0xff,
    0xff, 0xb1, 0xcf, 0x50, 0x0, 0x67, 0xf7, 0x77,
    0xeb, 0x1c, 0x60, 0x0, 0x0, 0x5b, 0x0, 0x6,
    0x50, 0x0, 0x0, 0x0, 0x0, 0x0, 0x0, 0x0,

    /* U+7801 "码" */
    0x1, 0x11, 0x11, 0x0, 0x0, 0x0, 0x0, 0x0,
    0x1f, 0xff, 0xff, 0x8e, 0xff, 0xff, 0xfd, 0x0,
    0x4, 0x8f, 0x54, 0x25, 0x66, 0x66, 0xdc, 0x0,
    0x0, 0x8e, 0x0, 0x0, 0x20, 0x0, 0xca, 0x0,
    0x0, 0xca, 0x0, 0x3, 0xf3, 0x0, 0xd9, 0x0,
    0x1, 0xf5, 0x0, 0x4, 0xf1, 0x0, 0xf7, 0x0,
    0x6, 0xfa, 0x99, 0x16, 0xf0, 0x0, 0xf5, 0x0,
    0xd, 0xfc, 0xdf, 0x28, 0xf5, 0x57, 0xf8, 0x50,
    0x5f, 0xf2, 0x4f, 0x29, 0xff, 0xff, 0xff, 0xf0,
    0x1e, 0xf2, 0x4f, 0x20, 0x0, 0x0, 0x7, 0xf0,
    0x4, 0xf2, 0x4f, 0x34, 0x44, 0x44, 0x29, 0xd0,
    0x3, 0xf2, 0x4f, 0x5f, 0xff, 0xff, 0x9b, 0xb0,
    0x3, 0xff, 0xff, 0x20, 0x0, 0x0, 0xe, 0x80,
    0x3, 0xf7, 0x55, 0x0, 0x0, 0x35, 0x8f, 0x40,
    0x2, 0x91, 0x0, 0x0, 0x0, 0x5f, 0xfa, 0x0,
    0x0, 0x0, 0x0, 0x0, 0x0, 0x0, 0x0, 0x0,

    /* U+786C "硬" */
    0x6e, 0xee, 0xee, 0xaf, 0xff, 0xff, 0xff, 0xf1,
    0x37, 0xbf, 0x77, 0x35, 0x56, 0xfa, 0x55, 0x50,
    0x0, 0xac, 0x0, 0x2, 0x23, 0xf7, 0x22, 0x20,
    0x0, 0xe8, 0x0, 0x4f, 0xff, 0xff, 0xff, 0xe0,
    0x3, 0xf4, 0x0, 0x4f, 0x11, 0xf6, 0x7, 0xe0,
    0x9, 0xff, 0xff, 0x4f, 0xdd, 0xfe, 0xde, 0xe0,
    0x1f, 0xf5, 0x7f, 0x4f, 0x44, 0xf8, 0x39, 0xe0,
    0x8f, 0xf0, 0x3f, 0x4f, 0x44, 0xf8, 0x39, 0xe0,
    0x4b, 0xf0, 0x3f, 0x4f, 0xff, 0xff, 0xff, 0xe0,
    0x3, 0xf0, 0x3f, 0x18, 0x14, 0xf2, 0x0, 0x0,
    0x3, 0xf0, 0x3f, 0xd, 0xba, 0xe0, 0x0, 0x0,
    0x3, 0xff, 0xff, 0x2, 0xff, 0x70, 0x0, 0x0,
    0x3, 0xf6, 0x55, 0x18, 0xfe, 0xfb, 0x63, 0x0,
    0x2, 0x90, 0x1, 0xef, 0x70, 0x5b, 0xff, 0xf1,
    0x0, 0x0, 0x0, 0x20, 0x0, 0x0, 0x3, 0x40,

    /* U+786E "确" */
    0x0, 0x0, 0x0, 0x0, 0x77, 0x0, 0x0, 0x2,
    0xff, 0xff, 0xf5, 0xe, 0x92, 0x23, 0x0, 0x16,
    0xaf, 0x66, 0x17, 0xff, 0xff, 0xf4, 0x0, 0x8,
    0xd0, 0x1, 0xf8, 0x11, 0xdb, 0x0, 0x0, 0xc9,
    0x0, 0xcf, 0x76, 0x9f, 0x87, 0x40, 0x1f, 0x50,
    0x3f, 0xff, 0xef, 0xfe, 0xfc, 0x7, 0xfd, 0xdb,
    0x1f, 0x70, 0xe6, 0xb, 0xc0, 0xef, 0x79, 0xd0,
    0xfe, 0xdf, 0xed, 0xfc, 0x6f, 0xf2, 0x6d, 0xf,
    0xa5, 0xfa, 0x5c, 0xc1, 0xbf, 0x26, 0xd0, 0xf6,
    0xe, 0x60, 0xbc, 0x2, 0xf2, 0x6d, 0xf, 0xfe,
    0xff, 0xef, 0xc0, 0x2f, 0x26, 0xd3, 0xf8, 0x7f,
    0xb7, 0xdc, 0x2, 0xff, 0xfd, 0x7f, 0x0, 0xe6,
    0xb, 0xc0, 0x2f, 0x75, 0x5d, 0xa0, 0xe, 0x74,
    0xcb, 0x1, 0x91, 0x4, 0xe2, 0x0, 0xa5, 0xff,
    0x70, 0x0, 0x0, 0x0, 0x0, 0x0, 0x0, 0x0,

    /* U+793A "示" */
    0x0, 0x67, 0x77, 0x77, 0x77, 0x77, 0x73, 0x0,
    0x0, 0xdf, 0xff, 0xff, 0xff, 0xff, 0xf6, 0x0,
    0x0, 0x0, 0x0, 0x0, 0x0, 0x0, 0x0, 0x0,
    0x0, 0x0, 0x0, 0x0, 0x0, 0x0, 0x0, 0x0,
    0x8, 0x88, 0x88, 0x88, 0x88, 0x88, 0x88, 0x80,
    0x1f, 0xff, 0xff, 0xff, 0xff, 0xff, 0xff, 0xf1,
    0x0, 0x0, 0x0, 0xf, 0xa0, 0x0, 0x0, 0x0,
    0x0, 0x7, 0x50, 0xf, 0xa0, 0x17, 0x30, 0x0,
    0x0, 0x2f, 0x80, 0xf, 0xa0, 0xd, 0xe1, 0x0,
    0x0, 0xbe, 0x10, 0xf, 0xa0, 0x4, 0xfb, 0x0,
    0x6, 0xf5, 0x0, 0xf, 0xa0, 0x0, 0xaf, 0x50,
    0x3f, 0xa0, 0x0, 0xf, 0xa0, 0x0, 0x2f, 0xd0,
    0x5, 0x0, 0x58, 0x8f, 0x90, 0x0, 0x6, 0x20,
    0x0, 0x0, 0x6f, 0xfd, 0x40, 0x0, 0x0, 0x0,
    0x0, 0x0, 0x0, 0x0, 0x0, 0x0, 0x0, 0x0,

    /* U+79BB "离" */
    0x0, 0x0, 0x0, 0x17, 0x20, 0x0, 0x0, 0x0,
    0x1, 0x11, 0x11, 0x2f, 0xa1, 0x11, 0x11, 0x10,
    0xf, 0xff, 0xff, 0xff, 0xff, 0xff, 0xff, 0xf1,
    0x3, 0x48, 0x38, 0x73, 0x37, 0x93, 0x85, 0x30,
    0x0, 0x5f, 0x24, 0xbd, 0xbc, 0x21, 0xf6, 0x0,
    0x0, 0x5f, 0x24, 0xbe, 0xbe, 0x61, 0xf6, 0x0,
    0x0, 0x5f, 0x3b, 0x71, 0x14, 0xa2, 0xf6, 0x0,
    0x0, 0x5f, 0xff, 0xff, 0xff, 0xff, 0xf6, 0x0,
    0x0, 0x1, 0x11, 0x2f, 0xb1, 0x11, 0x10, 0x0,
    0x5, 0xff, 0xff, 0xff, 0xff, 0xff, 0xff, 0x60,
    0x5, 0xf6, 0x58, 0xf9, 0x5b, 0x95, 0x5f, 0x70,
    0x5, 0xf1, 0xd, 0xb1, 0x2a, 0xe2, 0xf, 0x70,
    0x5, 0xf1, 0x9f, 0xff, 0xfd, 0xdc, 0xf, 0x70,
    0x5, 0xf1, 0x35, 0x21, 0x0, 0x24, 0x2f, 0x60,
    0x5, 0xf1, 0x0, 0x0, 0x0, 0x2f, 0xfd, 0x20,
    0x0, 0x0, 0x0, 0x0, 0x0, 0x0, 0x0, 0x0,

    /* U+79D2 "秒" */
    0x0, 0x0, 0x2, 0x0, 0x1, 0xf6, 0x0, 0x0,
    0x2, 0x59, 0xef, 0x50, 0x1, 0xf6, 0x0, 0x0,
    0x2f, 0xff, 0xc4, 0x0, 0x1, 0xf6, 0x0, 0x0,
    0x1, 0xe, 0x80, 0x4, 0xa1, 0xf6, 0x8c, 0x0,
    0x0, 0xe, 0x80, 0x8, 0xe1, 0xf6, 0x3f, 0x40,
    0x7f, 0xff, 0xff, 0xbc, 0xa1, 0xf6, 0xd, 0xb0,
    0x36, 0x9f, 0xd6, 0x5f, 0x61, 0xf6, 0x7, 0xf1,
    0x0, 0xaf, 0xf6, 0x5f, 0x11, 0xf6, 0x1, 0x71,
    0x2, 0xff, 0xbf, 0x52, 0x1, 0xf6, 0xc, 0x50,
    0xc, 0xae, 0x86, 0x20, 0x0, 0xe5, 0x7f, 0x30,
    0x7f, 0x2e, 0x80, 0x0, 0x0, 0x3, 0xfa, 0x0,
    0x38, 0xe, 0x80, 0x0, 0x0, 0x5f, 0xd1, 0x0,
    0x0, 0xe, 0x80, 0x0, 0x4b, 0xfc, 0x10, 0x0,
    0x0, 0xe, 0x81, 0xae, 0xfe, 0x70, 0x0, 0x0,
    0x0, 0xe, 0x80, 0xba, 0x50, 0x0, 0x0, 0x0,

    /* U+7A0B "程" */
    0x0, 0x0, 0x2, 0x0, 0x0, 0x0, 0x0, 0x0,
    0x3, 0x6a, 0xef, 0x3e, 0xff, 0xff, 0xff, 0x70,
    0x4f, 0xdf, 0xb2, 0xe, 0xa4, 0x44, 0x4f, 0x70,
    0x0, 0xe, 0x80, 0xe, 0x70, 0x0, 0xf, 0x70,
    0x0, 0xe, 0x90, 0xe, 0x70, 0x0, 0xf, 0x70,
    0x6f, 0xff, 0xff, 0x7e, 0xff, 0xff, 0xff, 0x70,
    0x26, 0x8f, 0xb6, 0x24, 0x55, 0x55, 0x55, 0x20,
    0x0, 0x8f, 0xd1, 0x27, 0x77, 0x77, 0x77, 0x70,
    0x1, 0xff, 0xfd, 0x5d, 0xdd, 0xff, 0xdd, 0xd0,
    0x8, 0xce, 0x9d, 0x70, 0x0, 0xf9, 0x0, 0x0,
    0x2f, 0x5e, 0x83, 0x5, 0x55, 0xfb, 0x55, 0x30,
    0x8c, 0xe, 0x80, 0xe, 0xff, 0xff, 0xff, 0x90,
    0x13, 0xe, 0x80, 0x0, 0x0, 0xf9, 0x0, 0x0,
    0x0, 0xe, 0x80, 0x23, 0x33, 0xfa, 0x33, 0x31,
    0x0, 0xe, 0x80, 0xff, 0xff, 0xff, 0xff, 0xf5,

    /* U+7A0D "稍" */
    0x0, 0x0, 0x21, 0x1, 0x0, 0xe8, 0x0, 0x0,
    0x4, 0x8c, 0xfb, 0x1f, 0x50, 0xe8, 0x5, 0xf2,
    0xe, 0xcf, 0x80, 0xa, 0xd0, 0xe8, 0xc, 0xc0,
    0x0, 0xf, 0x50, 0x2, 0xf3, 0xe8, 0x5f, 0x40,
    0x0, 0xf, 0x50, 0x0, 0x40, 0xe8, 0x4, 0x0,
    0x5f, 0xff, 0xff, 0x2e, 0xff, 0xff, 0xff, 0xc0,
    0x27, 0xbf, 0xa7, 0x1e, 0xb6, 0x66, 0x6c, 0xc0,
    0x0, 0xbf, 0xd0, 0xe, 0x81, 0x11, 0x1a, 0xc0,
    0x2, 0xff, 0xeb, 0xe, 0xff, 0xff, 0xff, 0xc0,
    0x9, 0xbf, 0x6b, 0xe, 0x93, 0x33, 0x3a, 0xc0,
    0x2f, 0x5f, 0x50, 0xe, 0xa4, 0x44, 0x4b, 0xc0,
    0x3c, 0xf, 0x50, 0xe, 0xff, 0xff, 0xff, 0xc0,
    0x1, 0xf, 0x50, 0xe, 0x70, 0x0, 0x9, 0xc0,
    0x0, 0xf, 0x50, 0xe, 0x70, 0x6, 0x7c, 0xc0,
    0x0, 0xf, 0x50, 0xe, 0x70, 0x8, 0xed, 0x50,

    /* U+7A7A "空" */
    0x0, 0x0, 0x0, 0x41, 0x0, 0x0, 0x0, 0x0,
    0x0, 0x3, 0xf9, 0x0, 0x0, 0x0, 0x66, 0x66,
    0x66, 0xef, 0x76, 0x66, 0x66, 0xef, 0xff, 0xff,
    0xff, 0xff, 0xff, 0xfe, 0xe9, 0x0, 0x0, 0x0,
    0x10, 0x0, 0xae, 0xe9, 0x2, 0xcb, 0x0, 0xdd,
    0x60, 0x9e, 0x45, 0x9f, 0xc2, 0x0, 0x29, 0xfe,
    0x60, 0x7f, 0xe6, 0x0, 0x0, 0x0, 0x2a, 0xf8,
    0x17, 0x99, 0x99, 0x99, 0x99, 0x99, 0x30, 0x1,
    0xcc, 0xcc, 0xff, 0xcc, 0xcc, 0x0, 0x0, 0x0,
    0x0, 0xeb, 0x0, 0x0, 0x0, 0x0, 0x0, 0x0,
    0xeb, 0x0, 0x0, 0x0, 0x0, 0x0, 0x0, 0xeb,
    0x0, 0x0, 0x0, 0x9a, 0xaa, 0xaa, 0xfe, 0xaa,
    0xaa, 0xa9, 0x9b, 0xbb, 0xbb, 0xbb, 0xbb, 0xbb,
    0xba,

    /* U+7ACB "立" */
    0x0, 0x0, 0x0, 0x17, 0x30, 0x0, 0x0, 0x0,
    0x0, 0x0, 0x0, 0x1f, 0x90, 0x0, 0x0, 0x0,
    0x0, 0x0, 0x0, 0xb, 0xe0, 0x0, 0x0, 0x0,
    0x4, 0x88, 0x88, 0x8b, 0xa8, 0x88, 0x88, 0x40,
    0x8, 0xff, 0xff, 0xff, 0xff, 0xff, 0xff, 0x80,
    0x0, 0x0, 0x31, 0x0, 0x0, 0x3, 0x0, 0x0,
    0x0, 0x4, 0xf6, 0x0, 0x0, 0x4f, 0x70, 0x0,
    0x0, 0x0, 0xfa, 0x0, 0x0, 0x8f, 0x20, 0x0,
    0x0, 0x0, 0xbe, 0x0, 0x0, 0xdd, 0x0, 0x0,
    0x0, 0x0, 0x8f, 0x20, 0x1, 0xf8, 0x0, 0x0,
    0x0, 0x0, 0x4f, 0x60, 0x6, 0xf3, 0x0, 0x0,
    0x0, 0x0, 0x1f, 0x90, 0xc, 0xd0, 0x0, 0x0,
    0x0, 0x0, 0x6, 0x10, 0x2f, 0x70, 0x0, 0x0,
    0x3f, 0xff, 0xff, 0xff, 0xff, 0xff, 0xff, 0xf3,
    0x19, 0x99, 0x99, 0x99, 0x99, 0x99, 0x99, 0x92,

    /* U+7AD6 "竖" */
    0x0, 0x0, 0x0, 0x0, 0x0, 0x0, 0x0, 0x0,
    0x5, 0xf0, 0x4f, 0x1d, 0xff, 0xff, 0xff, 0x40,
    0x5, 0xf0, 0x4f, 0x17, 0xf6, 0x55, 0xce, 0x0,
    0x5, 0xf0, 0x4f, 0x10, 0xe9, 0x4, 0xf8, 0x0,
    0x5, 0xf0, 0x4f, 0x10, 0x6f, 0x9e, 0xe0, 0x0,
    0x5, 0xf0, 0x4f, 0x10, 0xd, 0xff, 0x40, 0x0,
    0x5, 0xf0, 0x4f, 0x26, 0xdf, 0xff, 0xf9, 0x40,
    0x3, 0xa0, 0x4f, 0x3f, 0xfc, 0x38, 0xff, 0xf1,
    0x0, 0x0, 0x3c, 0x1e, 0xb0, 0x0, 0x29, 0x70,
    0x1, 0x44, 0x44, 0x4b, 0xf4, 0x44, 0x44, 0x20,
    0x6, 0xff, 0xff, 0xff, 0xff, 0xff, 0xff, 0x80,
    0x0, 0x0, 0xc9, 0x0, 0x0, 0x7d, 0x10, 0x0,
    0x0, 0x0, 0x9f, 0x0, 0x0, 0xcc, 0x0, 0x0,
    0x5, 0x55, 0x9c, 0x65, 0x56, 0xfa, 0x55, 0x50,
    0x2f, 0xff, 0xff, 0xff, 0xff, 0xff, 0xff, 0xf2,

    /* U+7AEF "端" */
    0x0, 0x58, 0x0, 0x0, 0x1, 0xf1, 0x0, 0x0,
    0x0, 0x6f, 0x10, 0x6f, 0x1, 0xf1, 0x8, 0xe0,
    0x0, 0xf, 0x70, 0x6f, 0x1, 0xf1, 0x8, 0xe0,
    0x17, 0x7c, 0x87, 0x7f, 0x1, 0xf1, 0x8, 0xe0,
    0x4f, 0xff, 0xff, 0x8f, 0xff, 0xff, 0xff, 0xe0,
    0x4, 0x20, 0x55, 0x14, 0x44, 0x44, 0x44, 0x30,
    0xa, 0x80, 0xb9, 0xff, 0xff, 0xff, 0xff, 0xf6,
    0x8, 0xa0, 0xd6, 0x66, 0x69, 0xf7, 0x66, 0x62,
    0x6, 0xc0, 0xf3, 0x24, 0x4a, 0xf4, 0x44, 0x40,
    0x4, 0xe1, 0xf0, 0x9f, 0xff, 0xff, 0xff, 0xf2,
    0x3, 0xe3, 0xd0, 0x9c, 0x1f, 0x1e, 0x43, 0xf2,
    0x2, 0x5b, 0xff, 0xbc, 0x1f, 0x1e, 0x43, 0xf2,
    0x4f, 0xfd, 0x96, 0xac, 0x1f, 0x1e, 0x43, 0xf2,
    0x5, 0x10, 0x0, 0x9c, 0x1f, 0x1e, 0x55, 0xf1,
    0x0, 0x0, 0x0, 0x9c, 0x1f, 0x1e, 0x7f, 0xc0,
    0x0, 0x0, 0x0, 0x11, 0x0, 0x0, 0x0, 0x0,

    /* U+7B49 "等" */
    0x0, 0x17, 0x10, 0x0, 0x6, 0x40, 0x0, 0x0,
    0x0, 0x9f, 0x53, 0x33, 0x2f, 0xa3, 0x33, 0x31,
    0x3, 0xff, 0xff, 0xff, 0xbf, 0xff, 0xff, 0xf4,
    0x2e, 0xd1, 0xf8, 0x9, 0xf4, 0x2f, 0x80, 0x0,
    0x18, 0x20, 0x53, 0xa, 0xd0, 0x5, 0x40, 0x0,
    0x0, 0xaf, 0xff, 0xff, 0xff, 0xff, 0xfc, 0x0,
    0x0, 0x35, 0x55, 0x5c, 0xe5, 0x55, 0x54, 0x0,
    0x16, 0x66, 0x66, 0x6d, 0xe6, 0x66, 0x66, 0x62,
    0x4f, 0xff, 0xff, 0xff, 0xff, 0xff, 0xff, 0xf6,
    0x0, 0x0, 0x0, 0x0, 0x0, 0x7f, 0x10, 0x0,
    0x9, 0xff, 0xff, 0xff, 0xff, 0xff, 0xff, 0xe0,
    0x3, 0x56, 0xea, 0x55, 0x55, 0xaf, 0x65, 0x50,
    0x0, 0x0, 0xaf, 0x80, 0x0, 0x7f, 0x10, 0x0,
    0x0, 0x0, 0x8, 0xe2, 0x55, 0xbf, 0x10, 0x0,
    0x0, 0x0, 0x0, 0x10, 0xaf, 0xfa, 0x0, 0x0,
    0x0, 0x0, 0x0, 0x0, 0x0, 0x0, 0x0, 0x0,

    /* U+7BA1 "管" */
    0x0, 0x24, 0x0, 0x0, 0x3, 0x30, 0x0, 0x0,
    0x0, 0xae, 0x11, 0x11, 0xe, 0xb1, 0x11, 0x10,
    0x2, 0xff, 0xff, 0xfc, 0x5f, 0xff, 0xff, 0xf1,
    0xc, 0xd0, 0x8e, 0x0, 0xda, 0xa, 0xd0, 0x0,
    0x18, 0x30, 0x17, 0x1d, 0xa0, 0x1, 0x81, 0x0,
    0x8, 0xff, 0xff, 0xff, 0xff, 0xff, 0xff, 0xb0,
    0x8, 0xe2, 0x22, 0x22, 0x22, 0x22, 0x2d, 0xb0,
    0x6, 0xab, 0xff, 0xff, 0xff, 0xff, 0xc8, 0x80,
    0x0, 0xb, 0xd1, 0x11, 0x11, 0x1c, 0xc0, 0x0,
    0x0, 0xb, 0xfd, 0xdd, 0xdd, 0xdf, 0xc0, 0x0,
    0x0, 0xb, 0xe3, 0x33, 0x33, 0x33, 0x20, 0x0,
    0x0, 0xb, 0xfe, 0xee, 0xee, 0xee, 0xe9, 0x0,
    0x0, 0xb, 0xe3, 0x33, 0x33, 0x33, 0xea, 0x0,
    0x0, 0xb, 0xe2, 0x22, 0x22, 0x22, 0xea, 0x0,
    0x0, 0xb, 0xff, 0xff, 0xff, 0xff, 0xfa, 0x0,
    0x0, 0x0, 0x0, 0x0, 0x0, 0x0, 0x0, 0x0,

    /* U+7C7B "类" */
    0x0, 0x5, 0x30, 0xc, 0xb0, 0x3, 0x61, 0x0,
    0x0, 0xd, 0xe1, 0xc, 0xb0, 0xd, 0xe1, 0x0,
    0x0, 0x3, 0xf8, 0xc, 0xb0, 0x7f, 0x40, 0x0,
    0x6, 0x77, 0xd8, 0x7e, 0xd7, 0x8b, 0x77, 0x60,
    0xd, 0xff, 0xff, 0xff, 0xff, 0xff, 0xff, 0xe0,
    0x0, 0x0, 0x9, 0xff, 0xff, 0xa3, 0x0, 0x0,
    0x0, 0x6, 0xee, 0x4c, 0xb4, 0xcf, 0xb3, 0x0,
    0xa, 0xff, 0xa1, 0xc, 0xb0, 0x4, 0xcf, 0x90,
    0x7, 0x82, 0x0, 0x9, 0x80, 0x0, 0x5, 0x50,
    0x2, 0x22, 0x22, 0x2f, 0xb2, 0x22, 0x22, 0x20,
    0xf, 0xff, 0xff, 0xff, 0xff, 0xff, 0xff, 0xf1,
    0x4, 0x44, 0x44, 0xef, 0xfc, 0x44, 0x44, 0x40,
    0x0, 0x0, 0x2b, 0xf6, 0x5f, 0xb2, 0x0, 0x0,
    0x3, 0x6b, 0xff, 0x70, 0x5, 0xff, 0xb6, 0x30,
    0x1e, 0xfe, 0x82, 0x0, 0x0, 0x18, 0xef, 0xe1,
    0x3, 0x20, 0x0, 0x0, 0x0, 0x0, 0x2, 0x20,

    /* U+7CFB "系" */
    0x0, 0x0, 0x0, 0x0, 0x0, 0x3, 0x50, 0x0,
    0x1, 0x45, 0x67, 0x8a, 0xce, 0xff, 0xf7, 0x0,
    0x1, 0xff, 0xfe, 0xff, 0xa8, 0x64, 0x10, 0x0,
    0x0, 0x10, 0xa, 0xf4, 0x0, 0x47, 0x0, 0x0,
    0x0, 0x2, 0xdd, 0x20, 0x18, 0xfb, 0x0, 0x0,
    0x0, 0x4f, 0xff, 0xff, 0xff, 0x70, 0x0, 0x0,
    0x0, 0x17, 0x55, 0xdf, 0xb2, 0x2b, 0x20, 0x0,
    0x0, 0x0, 0x7f, 0xc4, 0x0, 0x1c, 0xe2, 0x0,
    0x1, 0x9e, 0xff, 0xcd, 0xef, 0xff, 0xfd, 0x10,
    0x0, 0xec, 0xa9, 0x7c, 0xf3, 0x21, 0x1e, 0xa0,
    0x0, 0x0, 0x94, 0x9, 0xe0, 0x49, 0x2, 0x0,
    0x0, 0xb, 0xf4, 0x9, 0xe0, 0x4f, 0xd2, 0x0,
    0x2, 0xdf, 0x50, 0x9, 0xe0, 0x2, 0xee, 0x30,
    0x9, 0xf4, 0x6, 0x6c, 0xe0, 0x0, 0x1d, 0xb0,
    0x0, 0x10, 0x9, 0xff, 0x70, 0x0, 0x1, 0x0,
    0x0, 0x0, 0x0, 0x0, 0x0, 0x0, 0x0, 0x0,

    /* U+7EBF "线" */
    0x0, 0x7, 0x70, 0x0, 0xd, 0x94, 0x70, 0x0,
    0x0, 0xe, 0xa0, 0x0, 0xd, 0x94, 0xed, 0x0,
    0x0, 0x6f, 0x20, 0x0, 0xd, 0xa0, 0x17, 0x10,
    0x0, 0xe9, 0x6, 0x4, 0x6e, 0xed, 0xff, 0x70,
    0x8, 0xe1, 0x6f, 0x5f, 0xff, 0xe8, 0x63, 0x10,
    0x4f, 0xec, 0xfa, 0x2, 0xa, 0xd0, 0x0, 0x10,
    0x1c, 0x9e, 0xe1, 0x0, 0xa, 0xf9, 0xcf, 0xe0,
    0x0, 0x6f, 0x40, 0x5d, 0xff, 0xfd, 0x96, 0x30,
    0x4, 0xfa, 0x58, 0x49, 0x56, 0xf3, 0x6, 0xa0,
    0x2f, 0xff, 0xfc, 0x0, 0x1, 0xf6, 0x4f, 0x80,
    0xa, 0x62, 0x0, 0x0, 0x0, 0xdd, 0xfa, 0x0,
    0x0, 0x1, 0x5a, 0x10, 0x1, 0xcf, 0xa0, 0x0,
    0x18, 0xcf, 0xfb, 0x11, 0x7e, 0xff, 0x60, 0xb2,
    0x2f, 0xa5, 0x0, 0x9f, 0xf9, 0x1b, 0xf8, 0xf2,
    0x0, 0x0, 0x0, 0x48, 0x20, 0x1, 0xbf, 0xa0,

    /* U+7ED3 "结" */
    0x0, 0x9, 0x50, 0x0, 0x0, 0xea, 0x0, 0x0,
    0x0, 0x1f, 0xa0, 0x0, 0x0, 0xea, 0x0, 0x0,
    0x0, 0x8f, 0x30, 0x37, 0x77, 0xfd, 0x77, 0x71,
    0x1, 0xf9, 0x1, 0x7f, 0xff, 0xff, 0xff, 0xf2,
    0xb, 0xe1, 0x2f, 0x50, 0x0, 0xea, 0x0, 0x0,
    0x6f, 0xb7, 0xde, 0x10, 0x0, 0xea, 0x0, 0x0,
    0x4f, 0xef, 0xf5, 0xd, 0xdd, 0xff, 0xdd, 0xb0,
    0x1, 0x3f, 0x90, 0xa, 0xaa, 0xaa, 0xaa, 0x80,
    0x2, 0xec, 0x13, 0x20, 0x0, 0x0, 0x0, 0x0,
    0x2e, 0xff, 0xff, 0x79, 0xff, 0xff, 0xff, 0x80,
    0x3e, 0xa7, 0x41, 0xa, 0xe6, 0x66, 0x6f, 0x80,
    0x0, 0x0, 0x0, 0x1a, 0xd0, 0x0, 0xf, 0x80,
    0x15, 0x7a, 0xdf, 0x8a, 0xd0, 0x0, 0xf, 0x80,
    0x6f, 0xfc, 0x85, 0x1a, 0xff, 0xff, 0xff, 0x80,
    0x12, 0x0, 0x0, 0xa, 0xe6, 0x66, 0x6f, 0x80,
    0x0, 0x0, 0x0, 0x0, 0x0, 0x0, 0x0, 0x0,

    /* U+7EDC "络" */
    0x0, 0x3, 0x10, 0x0, 0x19, 0x20, 0x0, 0x0,
    0x0, 0xd, 0xc0, 0x0, 0x8f, 0x10, 0x0, 0x0,
    0x0, 0x4f, 0x50, 0x2, 0xff, 0xff, 0xff, 0xa0,
    0x0, 0xcd, 0x0, 0xd, 0xf7, 0x66, 0x9f, 0x60,
    0x5, 0xf3, 0x4d, 0xcf, 0xea, 0x1, 0xdc, 0x0,
    0x2e, 0xd8, 0xdd, 0x84, 0x3f, 0xbe, 0xd1, 0x0,
    0x5f, 0xdf, 0xf3, 0x0, 0x1b, 0xff, 0x50, 0x0,
    0x0, 0x3f, 0x70, 0x39, 0xff, 0x8b, 0xfc, 0x61,
    0x1, 0xed, 0x68, 0xdf, 0x81, 0x0, 0x3b, 0xf4,
    0x2d, 0xff, 0xfb, 0x2b, 0xff, 0xff, 0xff, 0x60,
    0x2d, 0x84, 0x0, 0xb, 0xd6, 0x66, 0x6f, 0x50,
    0x0, 0x0, 0x28, 0xb, 0xb0, 0x0, 0x1f, 0x50,
    0x4, 0x9d, 0xff, 0x2b, 0xb0, 0x0, 0x1f, 0x50,
    0x4f, 0xfa, 0x50, 0xb, 0xff, 0xff, 0xff, 0x50,
    0x15, 0x0, 0x0, 0xb, 0xd6, 0x66, 0x7f, 0x50,
    0x0, 0x0, 0x0, 0x0, 0x0, 0x0, 0x0, 0x0,

    /* U+7EDF "统" */
    0x0, 0x5, 0x30, 0x0, 0x3, 0x80, 0x0, 0x0,
    0x0, 0xe, 0xc0, 0x0, 0x4, 0xf5, 0x0, 0x0,
    0x0, 0x6f, 0x50, 0x35, 0x56, 0xfa, 0x55, 0x50,
    0x0, 0xdc, 0x1, 0xbf, 0xff, 0xff, 0xff, 0xf1,
    0x7, 0xf3, 0x6e, 0x10, 0x4f, 0x80, 0x40, 0x0,
    0x3f, 0xd8, 0xfa, 0x2, 0xec, 0x0, 0xea, 0x0,
    0x4f, 0xef, 0xf1, 0x2d, 0xf5, 0x57, 0xbf, 0x40,
    0x1, 0x5f, 0x60, 0xdf, 0xff, 0xed, 0xbd, 0xd0,
    0x3, 0xfa, 0x35, 0x45, 0xc4, 0xa, 0x52, 0x80,
    0x2e, 0xff, 0xfc, 0x2, 0xf6, 0xf, 0x80, 0x0,
    0x2e, 0x95, 0x20, 0x3, 0xf4, 0xf, 0x80, 0x0,
    0x0, 0x0, 0x37, 0x7, 0xf1, 0xf, 0x80, 0x40,
    0x4, 0x9e, 0xfd, 0xd, 0xc0, 0xf, 0x80, 0xf4,
    0x4f, 0xe9, 0x32, 0xcf, 0x40, 0xf, 0xa5, 0xf2,
    0x4, 0x0, 0x9, 0xf5, 0x0, 0xa, 0xff, 0xb0,
    0x0, 0x0, 0x0, 0x10, 0x0, 0x0, 0x0, 0x0,

    /* U+7EE7 "继" */
    0x0, 0x0, 0x0, 0x0, 0x0, 0x0, 0x0, 0x0,
    0x0, 0xc, 0x40, 0x0, 0x0, 0xf, 0x40, 0x0,
    0x0, 0x1f, 0x70, 0x7e, 0x13, 0xf, 0x41, 0x30,
    0x0, 0x7f, 0x10, 0x7e, 0x4c, 0xf, 0x47, 0xc0,
    0x0, 0xe9, 0x0, 0x7e, 0xf, 0x1f, 0x4c, 0x50,
    0x7, 0xf1, 0x4c, 0x8e, 0xb, 0x4f, 0x6d, 0x0,
    0x3f, 0x83, 0xcc, 0x7e, 0x35, 0x5f, 0x85, 0x51,
    0x4f, 0xff, 0xf2, 0x7e, 0xbf, 0xff, 0xff, 0xf3,
    0x5, 0x4f, 0x70, 0x7e, 0x0, 0x9f, 0xd1, 0x0,
    0x0, 0xcb, 0x0, 0x7e, 0x2, 0xff, 0xdb, 0x0,
    0xa, 0xfb, 0xcd, 0x7e, 0xc, 0x8f, 0x5d, 0x80,
    0x3f, 0xeb, 0x74, 0x7e, 0x8e, 0xf, 0x44, 0xe0,
    0x2, 0x0, 0x0, 0x7e, 0x33, 0xf, 0x40, 0x10,
    0x3, 0x58, 0xbe, 0x7e, 0x0, 0xe, 0x40, 0x0,
    0x4f, 0xc9, 0x52, 0x7f, 0xff, 0xff, 0xff, 0xf5,
    0x0, 0x0, 0x0, 0x26, 0x66, 0x66, 0x66, 0x62,

    /* U+7EED "续" */
    0x0, 0x8, 0x50, 0x0, 0x3, 0xf4, 0x0, 0x0,
    0x0, 0xe, 0x80, 0x2, 0x24, 0xf6, 0x22, 0x0,
    0x0, 0x6f, 0x10, 0xf, 0xff, 0xff, 0xff, 0x30,
    0x0, 0xd8, 0x0, 0x2, 0x25, 0xf6, 0x22, 0x0,
    0x6, 0xe1, 0x6c, 0x59, 0x9b, 0xfb, 0x9a, 0x90,
    0x3f, 0x95, 0xe8, 0x6b, 0xbb, 0xbb, 0xbe, 0xd0,
    0x3f, 0xff, 0xe0, 0x3, 0xa1, 0x97, 0xd, 0x80,
    0x2, 0x3f, 0x40, 0x13, 0x8d, 0xca, 0xa, 0x20,
    0x0, 0xda, 0x44, 0x4e, 0x71, 0xc9, 0x0, 0x0,
    0xb, 0xff, 0xf8, 0x24, 0xa2, 0xe9, 0x22, 0x20,
    0x2e, 0x95, 0x0, 0xef, 0xff, 0xff, 0xff, 0xf0,
    0x0, 0x1, 0x67, 0x22, 0x2c, 0xe5, 0x42, 0x20,
    0x5, 0xbf, 0xe7, 0x0, 0x7f, 0x6a, 0xe4, 0x0,
    0x4f, 0xb5, 0x0, 0x1a, 0xf8, 0x0, 0x9f, 0x60,
    0x2, 0x0, 0x0, 0xee, 0x50, 0x0, 0x7, 0xf2,
    0x0, 0x0, 0x0, 0x20, 0x0, 0x0, 0x0, 0x20,

    /* U+7EF4 "维" */
    0x0, 0x2, 0x0, 0x0, 0x11, 0x1, 0x0, 0x0,
    0x0, 0xd, 0x90, 0x0, 0x9e, 0x3f, 0x40, 0x0,
    0x0, 0x4f, 0x40, 0x0, 0xe9, 0xc, 0xc0, 0x0,
    0x0, 0xbc, 0x0, 0x6, 0xfa, 0x7b, 0xa7, 0x70,
    0x3, 0xf3, 0x3d, 0x2e, 0xfe, 0xef, 0xfe, 0xe1,
    0xd, 0xb3, 0xcc, 0x9f, 0xd0, 0xe, 0x70, 0x0,
    0x5f, 0xff, 0xf4, 0xff, 0xe6, 0x6f, 0xb6, 0x40,
    0x14, 0x2e, 0x70, 0x59, 0xff, 0xff, 0xff, 0xa0,
    0x0, 0xcc, 0x1, 0x9, 0xd0, 0xe, 0x70, 0x0,
    0xa, 0xfd, 0xff, 0x9, 0xe6, 0x6f, 0xb6, 0x40,
    0x2f, 0xb8, 0x52, 0x9, 0xff, 0xff, 0xff, 0xb0,
    0x1, 0x0, 0x0, 0x9, 0xd0, 0xe, 0x70, 0x0,
    0x1, 0x48, 0xbf, 0x59, 0xd0, 0xe, 0x70, 0x0,
    0x4f, 0xfe, 0xa6, 0x19, 0xff, 0xff, 0xff, 0xf5,
    0x16, 0x20, 0x0, 0x9, 0xe6, 0x66, 0x66, 0x62,

    /* U+7F13 "缓" */
    0x0, 0x8, 0x40, 0x0, 0x2, 0x35, 0x79, 0x30,
    0x0, 0x1f, 0x70, 0xef, 0xff, 0xfe, 0xdb, 0x60,
    0x0, 0x8f, 0x10, 0x4b, 0x25, 0xb0, 0xd, 0x60,
    0x1, 0xf8, 0x0, 0x1f, 0x53, 0xf0, 0x6f, 0x10,
    0x9, 0xe1, 0x7d, 0x3c, 0x84, 0xc4, 0xea, 0x30,
    0x5f, 0xa7, 0xf9, 0xef, 0xff, 0xff, 0xff, 0xf1,
    0x4f, 0xef, 0xe0, 0x0, 0xf8, 0x0, 0x0, 0x0,
    0x0, 0x5f, 0x39, 0xff, 0xff, 0xff, 0xff, 0xf1,
    0x3, 0xf8, 0x36, 0x36, 0xf6, 0x33, 0x33, 0x30,
    0x3e, 0xff, 0xfa, 0x6, 0xff, 0xff, 0xff, 0x30,
    0x3c, 0x84, 0x10, 0xb, 0xf9, 0x33, 0xae, 0x0,
    0x0, 0x1, 0x67, 0x3f, 0xaf, 0x43, 0xf6, 0x0,
    0x17, 0xcf, 0xe7, 0xcd, 0x7, 0xff, 0xa0, 0x0,
    0x5f, 0xb5, 0x1a, 0xf4, 0x5c, 0xfe, 0xf9, 0x41,
    0x11, 0x0, 0x1d, 0x49, 0xfa, 0x20, 0x7d, 0xf2,
    0x0, 0x0, 0x0, 0x0, 0x0, 0x0, 0x0, 0x10,

    /* U+7F16 "编" */
    0x0, 0x7, 0x30, 0x0, 0x2, 0x92, 0x0, 0x0,
    0x0, 0x2f, 0x60, 0x0, 0x1, 0xfa, 0x0, 0x0,
    0x0, 0x8e, 0x0, 0x6f, 0xff, 0xff, 0xff, 0xe0,
    0x0, 0xe8, 0x10, 0x7f, 0x44, 0x44, 0x4a, 0xe0,
    0x7, 0xe0, 0xaa, 0x7f, 0x11, 0x11, 0x18, 0xe0,
    0x2f, 0xa6, 0xf5, 0x7f, 0xff, 0xff, 0xff, 0xe0,
    0x4f, 0xff, 0xc0, 0x7e, 0x22, 0x22, 0x22, 0x20,
    0x2, 0x5f, 0x20, 0x8f, 0xaa, 0xaa, 0xaa, 0xb1,
    0x1, 0xe7, 0x1, 0x9f, 0xf9, 0xf9, 0xf9, 0xf1,
    0x1c, 0xfd, 0xf6, 0xae, 0xf0, 0xf1, 0xf0, 0xf1,
    0x2f, 0xc8, 0x40, 0xdc, 0xf3, 0xf4, 0xf4, 0xf1,
    0x1, 0x0, 0x54, 0xf9, 0xff, 0xff, 0xff, 0xf1,
    0x4, 0xaf, 0xea, 0xf5, 0xf0, 0xf1, 0xf0, 0xf1,
    0x5f, 0xa4, 0xc, 0xc3, 0xf0, 0xf1, 0xf2, 0xf1,
    0x1, 0x0, 0x8, 0x43, 0xe0, 0xf0, 0xea, 0xd0,

    /* U+7F29 "缩" */
    0x0, 0x4, 0x0, 0x0, 0x2, 0x60, 0x0, 0x0,
    0x0, 0xe, 0x80, 0x0, 0x4, 0xf4, 0x0, 0x0,
    0x0, 0x5f, 0x21, 0xff, 0xff, 0xff, 0xff, 0xf4,
    0x0, 0xca, 0x1, 0xf7, 0x44, 0x44, 0x46, 0xf4,
    0x5, 0xf2, 0x98, 0xca, 0x61, 0x11, 0x12, 0xa2,
    0x1e, 0xb6, 0xf5, 0xe, 0xaf, 0xff, 0xff, 0xf1,
    0x4f, 0xff, 0xc0, 0x4f, 0x22, 0x2f, 0x82, 0x20,
    0x4, 0x5f, 0x30, 0xbf, 0x3, 0x6f, 0x74, 0x30,
    0x1, 0xe8, 0x4, 0xff, 0xe, 0xff, 0xff, 0xd0,
    0xb, 0xfb, 0xed, 0xdf, 0xe, 0x50, 0x8, 0xd0,
    0x2f, 0xd9, 0x53, 0x5f, 0xe, 0x95, 0x5a, 0xd0,
    0x3, 0x0, 0x13, 0x5f, 0xe, 0xed, 0xde, 0xd0,
    0x0, 0x5b, 0xfa, 0x5f, 0xe, 0x50, 0x8, 0xd0,
    0x3f, 0xfa, 0x40, 0x5f, 0xe, 0x96, 0x6b, 0xd0,
    0x17, 0x10, 0x0, 0x5f, 0xe, 0xed, 0xde, 0xd0,
    0x0, 0x0, 0x0, 0x1, 0x1, 0x0, 0x0, 0x0,

    /* U+7F51 "网" */
    0x9f, 0xff, 0xff, 0xff, 0xff, 0xff, 0xf9, 0x9f,
    0x77, 0x77, 0x77, 0x77, 0x77, 0xf9, 0x9e, 0x0,
    0x7, 0x50, 0x3, 0x80, 0xe9, 0x9e, 0x22, 0xe,
    0x74, 0x7, 0xd0, 0xe9, 0x9e, 0xad, 0x2f, 0x6f,
    0x6a, 0xa0, 0xe9, 0x9e, 0x1d, 0xdf, 0x6, 0xfe,
    0x70, 0xe9, 0x9e, 0x3, 0xfc, 0x0, 0xbf, 0x30,
    0xe9, 0x9e, 0x0, 0xef, 0x20, 0x7f, 0x80, 0xe9,
    0x9e, 0x4, 0xfd, 0xc0, 0xdd, 0xf2, 0xe9, 0x9e,
    0xd, 0xb2, 0xc7, 0xf2, 0xd8, 0xe9, 0x9e, 0x8f,
    0x20, 0x2f, 0x90, 0x30, 0xe9, 0x9f, 0xa7, 0x0,
    0x7d, 0x0, 0x0, 0xe9, 0x9e, 0x0, 0x0, 0x0,
    0x5, 0x78, 0xf9, 0x9e, 0x0, 0x0, 0x0, 0x5,
    0xff, 0xc2,

    /* U+7F6E "置" */
    0x3, 0xff, 0xff, 0xff, 0xff, 0xff, 0xff, 0x60,
    0x3, 0xf3, 0x9, 0xd0, 0xe, 0x80, 0x2f, 0x60,
    0x3, 0xfb, 0xad, 0xfa, 0xaf, 0xda, 0xbf, 0x60,
    0x1, 0x66, 0x66, 0x6f, 0xc6, 0x66, 0x66, 0x20,
    0xb, 0xcc, 0xcc, 0xcf, 0xec, 0xcc, 0xcc, 0x90,
    0x5, 0x55, 0x55, 0x8f, 0x85, 0x55, 0x55, 0x40,
    0x0, 0x1d, 0xdd, 0xef, 0xdd, 0xdd, 0xd1, 0x0,
    0x0, 0x1f, 0x62, 0x22, 0x22, 0x27, 0xf1, 0x0,
    0x0, 0x1f, 0xed, 0xdd, 0xdd, 0xde, 0xf1, 0x0,
    0x0, 0x1f, 0x96, 0x66, 0x66, 0x6a, 0xf1, 0x0,
    0x0, 0x1f, 0x95, 0x55, 0x55, 0x5a, 0xf1, 0x0,
    0x0, 0x1f, 0xed, 0xdd, 0xdd, 0xde, 0xf1, 0x0,
    0x0, 0x1f, 0x50, 0x0, 0x0, 0x6, 0xf1, 0x0,
    0x2f, 0xff, 0xff, 0xff, 0xff, 0xff, 0xff, 0xf3,

    /* U+7FFB "翻" */
    0x0, 0x12, 0x46, 0x92, 0x1, 0x20, 0x0, 0x10,
    0xe, 0xff, 0xfc, 0x94, 0xcf, 0xf8, 0xff, 0xf4,
    0x4, 0x91, 0xf2, 0xc5, 0x23, 0xc8, 0x33, 0xf4,
    0x1, 0xf2, 0xf5, 0xf0, 0x20, 0xb8, 0x30, 0xf4,
    0x2e, 0xff, 0xff, 0xfc, 0xb6, 0xb8, 0xd3, 0xf4,
    0x3, 0x4e, 0xfe, 0x52, 0x5c, 0xb8, 0x98, 0xf4,
    0x1, 0xcd, 0xfa, 0xf5, 0x1f, 0xc8, 0x4b, 0xf4,
    0x2d, 0xe3, 0xf2, 0x7b, 0x0, 0xb8, 0x0, 0xf4,
    0x1e, 0x42, 0x82, 0x11, 0x4, 0xf8, 0x9, 0xf4,
    0xb, 0xff, 0xff, 0xfa, 0x3f, 0xf8, 0x8e, 0xf4,
    0xa, 0x70, 0xf0, 0x8a, 0xe8, 0xb9, 0xe3, 0xf4,
    0xa, 0xff, 0xff, 0xfa, 0x30, 0xb8, 0x10, 0xf4,
    0xa, 0x81, 0xf1, 0x9a, 0x0, 0xb8, 0x0, 0xf4,
    0xa, 0xda, 0xfb, 0xda, 0x15, 0xd7, 0x35, 0xf4,
    0xa, 0xb7, 0x77, 0xca, 0xe, 0xd3, 0x6f, 0xc0,

    /* U+8017 "耗" */
    0x0, 0x7, 0xe0, 0x0, 0x0, 0x0, 0x27, 0x0,
    0x0, 0x7, 0xe0, 0x0, 0x0, 0x3a, 0xfe, 0x40,
    0xd, 0xff, 0xff, 0xf2, 0x7d, 0xfe, 0x70, 0x0,
    0x5, 0x5a, 0xf5, 0x56, 0xe9, 0xf8, 0x0, 0x0,
    0x2, 0x39, 0xf3, 0x20, 0x0, 0xe8, 0x0, 0x10,
    0x9, 0xff, 0xff, 0xb0, 0x14, 0xfd, 0xcf, 0xd0,
    0x0, 0x18, 0xf1, 0x5, 0xff, 0xfe, 0xa7, 0x40,
    0x5, 0x5a, 0xf5, 0x53, 0x53, 0xf8, 0x0, 0x0,
    0x1f, 0xff, 0xff, 0xf5, 0x0, 0xe8, 0x13, 0x53,
    0x0, 0x3f, 0xfa, 0x4, 0x7a, 0xff, 0xff, 0xf7,
    0x0, 0xde, 0xfe, 0x99, 0xdb, 0xfb, 0x41, 0x0,
    0xb, 0xd8, 0xe4, 0xf1, 0x0, 0xe8, 0x0, 0x20,
    0x2f, 0x37, 0xe0, 0x20, 0x0, 0xe8, 0x0, 0xaa,
    0x1, 0x7, 0xe0, 0x0, 0x0, 0xeb, 0x44, 0xd8,
    0x0, 0x7, 0xe0, 0x0, 0x0, 0x8f, 0xff, 0xe2,

    /* U+8054 "联" */
    0x0, 0x0, 0x0, 0x0, 0x20, 0x0, 0x12, 0x0,
    0x4f, 0xff, 0xff, 0xf0, 0xe9, 0x0, 0x9f, 0x10,
    0x3d, 0xfa, 0xaf, 0xb0, 0x6f, 0x21, 0xf8, 0x0,
    0x8, 0xd0, 0xf, 0x52, 0x3c, 0x5a, 0xf4, 0x20,
    0x8, 0xe4, 0x4f, 0x5b, 0xff, 0xff, 0xff, 0xc0,
    0x8, 0xff, 0xff, 0x54, 0x66, 0xfc, 0x66, 0x40,
    0x8, 0xd0, 0xf, 0x50, 0x0, 0xe9, 0x0, 0x0,
    0x8, 0xe3, 0x3f, 0x53, 0x33, 0xfa, 0x33, 0x31,
    0x8, 0xff, 0xff, 0x6f, 0xff, 0xff, 0xff, 0xf5,
    0x8, 0xd1, 0x1f, 0x53, 0x35, 0xfb, 0x33, 0x31,
    0x8, 0xd0, 0xf, 0x83, 0x6, 0xff, 0x10, 0x0,
    0x2c, 0xfc, 0xff, 0xf7, 0xd, 0xde, 0xa0, 0x0,
    0x3d, 0xa7, 0x5f, 0x50, 0x9f, 0x45, 0xf8, 0x0,
    0x0, 0x0, 0xf, 0x5a, 0xf8, 0x0, 0x8f, 0xb2,
    0x0, 0x0, 0xf, 0x7e, 0x70, 0x0, 0x5, 0xc1,
    0x0, 0x0, 0x0, 0x0, 0x0, 0x0, 0x0, 0x0,

    /* U+80FD "能" */
    0x0, 0x0, 0x0, 0x0, 0x0, 0x0, 0x0, 0x0,
    0x0, 0x1e, 0x70, 0x0, 0x3f, 0x40, 0x0, 0x0,
    0x0, 0x8f, 0x3a, 0x70, 0x3f, 0x40, 0x17, 0x0,
    0x2, 0xf9, 0x8, 0xf2, 0x3f, 0x8a, 0xfe, 0x40,
    0xd, 0xf8, 0x8a, 0xfa, 0x3f, 0xfa, 0x50, 0x0,
    0xd, 0xec, 0xb9, 0xbf, 0x4f, 0x40, 0x0, 0x71,
    0x0, 0x0, 0x0, 0x11, 0x3f, 0x40, 0x1, 0xf4,
    0x7, 0xff, 0xff, 0xf5, 0x1f, 0xff, 0xff, 0xf1,
    0x7, 0xf5, 0x56, 0xf6, 0x17, 0x76, 0x66, 0x20,
    0x7, 0xf3, 0x34, 0xf6, 0x3f, 0x40, 0x0, 0x0,
    0x7, 0xff, 0xff, 0xf6, 0x3f, 0x40, 0x6d, 0x50,
    0x7, 0xf0, 0x1, 0xf6, 0x3f, 0xbe, 0xf9, 0x30,
    0x7, 0xff, 0xff, 0xf6, 0x3f, 0xa4, 0x0, 0x0,
    0x7, 0xf2, 0x24, 0xf6, 0x3f, 0x40, 0x0, 0xd5,
    0x7, 0xf0, 0x56, 0xf6, 0x2f, 0xa7, 0x77, 0xf5,
    0x7, 0xf0, 0x8f, 0xc1, 0x9, 0xde, 0xee, 0xa0,

    /* U+81EA "自" */
    0x0, 0x0, 0x7, 0x40, 0x0, 0x0, 0x0, 0x0,
    0x2f, 0x90, 0x0, 0x0, 0x36, 0x66, 0x9f, 0x86,
    0x66, 0x64, 0x8f, 0xff, 0xff, 0xff, 0xff, 0xfc,
    0x8f, 0x11, 0x11, 0x11, 0x11, 0xdc, 0x8f, 0x0,
    0x0, 0x0, 0x0, 0xdc, 0x8f, 0xff, 0xff, 0xff,
    0xff, 0xfc, 0x8f, 0x77, 0x77, 0x77, 0x77, 0xec,
    0x8f, 0x0, 0x0, 0x0, 0x0, 0xdc, 0x8f, 0x66,
    0x66, 0x66, 0x66, 0xec, 0x8f, 0xff, 0xff, 0xff,
    0xff, 0xfc, 0x8f, 0x0, 0x0, 0x0, 0x0, 0xdc,
    0x8f, 0x0, 0x0, 0x0, 0x0, 0xdc, 0x8f, 0xff,
    0xff, 0xff, 0xff, 0xfc, 0x8f, 0x77, 0x77, 0x77,
    0x77, 0xec, 0x0, 0x0, 0x0, 0x0, 0x0, 0x0,

    /* U+821F "舟" */
    0x0, 0x0, 0x0, 0x4, 0x30, 0x0, 0x0, 0x0,
    0x0, 0x0, 0x0, 0xf, 0xa0, 0x0, 0x0, 0x0,
    0x0, 0x4, 0x87, 0x9f, 0x97, 0x77, 0x60, 0x0,
    0x0, 0xa, 0xff, 0xff, 0xff, 0xff, 0xd0, 0x0,
    0x0, 0xa, 0xe0, 0x27, 0x0, 0xb, 0xd0, 0x0,
    0x0, 0xa, 0xe0, 0x4e, 0xc1, 0xb, 0xd0, 0x0,
    0x0, 0xa, 0xe0, 0x1, 0xd7, 0xb, 0xd0, 0x0,
    0x7, 0x7c, 0xf7, 0x77, 0x87, 0x7d, 0xe7, 0x71,
    0xf, 0xff, 0xff, 0xff, 0xff, 0xff, 0xff, 0xf2,
    0x0, 0xc, 0xb0, 0x14, 0x0, 0xb, 0xd0, 0x0,
    0x0, 0xf, 0x80, 0x7f, 0x90, 0xb, 0xd0, 0x0,
    0x0, 0x5f, 0x40, 0x4, 0xf9, 0xb, 0xd0, 0x0,
    0x0, 0xde, 0x0, 0x0, 0x31, 0xb, 0xd0, 0x0,
    0xa, 0xf5, 0x0, 0x0, 0x6, 0x7d, 0xd0, 0x0,
    0xb, 0x80, 0x0, 0x0, 0x9, 0xfe, 0x60, 0x0,
    0x0, 0x0, 0x0, 0x0, 0x0, 0x0, 0x0, 0x0,

    /* U+8272 "色" */
    0x0, 0x0, 0x5, 0x30, 0x0, 0x0, 0x0, 0x0,
    0x0, 0x0, 0x3f, 0xb2, 0x22, 0x30, 0x0, 0x0,
    0x0, 0x1, 0xef, 0xff, 0xff, 0xf5, 0x0, 0x0,
    0x0, 0x2d, 0xf4, 0x22, 0x4f, 0xc0, 0x0, 0x0,
    0x4, 0xef, 0x84, 0x44, 0xdf, 0x54, 0x43, 0x0,
    0x4f, 0xff, 0xff, 0xff, 0xff, 0xff, 0xfc, 0x0,
    0xa, 0x9f, 0x22, 0x2a, 0xf2, 0x22, 0xcc, 0x0,
    0x0, 0x7f, 0x0, 0x9, 0xe0, 0x0, 0xbc, 0x0,
    0x0, 0x7f, 0x0, 0x9, 0xe0, 0x0, 0xbc, 0x0,
    0x0, 0x7f, 0xff, 0xff, 0xff, 0xff, 0xfc, 0x0,
    0x0, 0x7f, 0x66, 0x66, 0x66, 0x66, 0xdc, 0x0,
    0x0, 0x7f, 0x0, 0x0, 0x0, 0x0, 0x1, 0x61,
    0x0, 0x7f, 0x0, 0x0, 0x0, 0x0, 0x4, 0xf4,
    0x0, 0x5f, 0xa6, 0x66, 0x66, 0x66, 0x6d, 0xf0,
    0x0, 0x9, 0xef, 0xff, 0xff, 0xff, 0xfd, 0x50,

    /* U+82AF "芯" */
    0x0, 0x0, 0x9e, 0x0, 0x0, 0xe9, 0x0, 0x0,
    0x0, 0x0, 0x9e, 0x0, 0x0, 0xe9, 0x0, 0x0,
    0x7, 0x77, 0xcf, 0x77, 0x77, 0xfc, 0x77, 0x70,
    0xf, 0xff, 0xff, 0xff, 0xff, 0xff, 0xff, 0xf0,
    0x0, 0x0, 0x9e, 0x0, 0x0, 0xe9, 0x0, 0x0,
    0x0, 0x0, 0x59, 0x9, 0x50, 0x95, 0x0, 0x0,
    0x0, 0x0, 0x0, 0xb, 0xe1, 0x0, 0x0, 0x0,
    0x0, 0x0, 0x26, 0x2, 0xf9, 0x0, 0x0, 0x0,
    0x0, 0x95, 0x6f, 0x10, 0xaf, 0x10, 0x8a, 0x0,
    0x0, 0xf8, 0x6f, 0x10, 0x3a, 0x10, 0x7f, 0x30,
    0x5, 0xf4, 0x6f, 0x10, 0x0, 0x0, 0x1f, 0x90,
    0xb, 0xe0, 0x6f, 0x10, 0x0, 0x18, 0x1b, 0xe0,
    0x3f, 0x90, 0x6f, 0x10, 0x0, 0x3f, 0x47, 0xf3,
    0x6, 0x10, 0x5f, 0x97, 0x77, 0xbf, 0x12, 0x40,
    0x0, 0x0, 0x1c, 0xff, 0xff, 0xf8, 0x0, 0x0,

    /* U+83B7 "获" */
    0x0, 0x0, 0x6f, 0x10, 0x0, 0xf8, 0x0, 0x0,
    0x4, 0x44, 0x9f, 0x54, 0x44, 0xfa, 0x44, 0x40,
    0x1f, 0xff, 0xff, 0xff, 0xff, 0xff, 0xff, 0xf1,
    0x1, 0x11, 0x7f, 0x21, 0x11, 0xf8, 0x11, 0x10,
    0x2, 0x91, 0x4b, 0x0, 0x4, 0xd3, 0x80, 0x0,
    0x2, 0xce, 0xfb, 0x0, 0x5, 0xf3, 0xdc, 0x10,
    0x1, 0xaf, 0xe0, 0x0, 0x5, 0xf1, 0x1c, 0x20,
    0x2f, 0xd7, 0xf4, 0xdf, 0xff, 0xff, 0xff, 0xf1,
    0x2, 0x1, 0xf9, 0x67, 0x7c, 0xf9, 0x77, 0x70,
    0x0, 0x1d, 0xfb, 0x0, 0xb, 0xf9, 0x0, 0x0,
    0x5, 0xeb, 0xac, 0x0, 0x1f, 0xdf, 0x10, 0x0,
    0x2e, 0x80, 0xab, 0x0, 0xaf, 0x2e, 0x90, 0x0,
    0x0, 0x0, 0xca, 0x6, 0xf7, 0x6, 0xf6, 0x0,
    0x1, 0x46, 0xf6, 0x7f, 0xb0, 0x0, 0xaf, 0xa1,
    0x0, 0xff, 0xa2, 0xd9, 0x0, 0x0, 0x8, 0xb0,
    0x0, 0x0, 0x0, 0x0, 0x0, 0x0, 0x0, 0x0,

    /* U+843D "落" */
    0x0, 0x0, 0x8e, 0x0, 0x0, 0xf7, 0x0, 0x0,
    0x1f, 0xff, 0xff, 0xff, 0xff, 0xff, 0xff, 0xf1,
    0x5, 0x55, 0xbf, 0x55, 0x55, 0xfa, 0x55, 0x50,
    0x0, 0x61, 0x58, 0x1, 0xc5, 0x94, 0x0, 0x0,
    0x2, 0xfe, 0x30, 0xb, 0xf4, 0x33, 0x32, 0x0,
    0x0, 0x3e, 0xf1, 0x7f, 0xff, 0xff, 0xff, 0x20,
    0x0, 0x1, 0x55, 0xff, 0xb1, 0x4, 0xf9, 0x0,
    0x1c, 0x60, 0x2f, 0x93, 0xee, 0x9f, 0x90, 0x0,
    0x1a, 0xfc, 0x2, 0x0, 0x7f, 0xfe, 0x50, 0x0,
    0x0, 0x48, 0x5, 0xaf, 0xf9, 0x4b, 0xfe, 0xa3,
    0x0, 0x1, 0x3e, 0xfc, 0x65, 0x55, 0x8d, 0xd1,
    0x0, 0xb, 0xc0, 0xcf, 0xdd, 0xdd, 0xee, 0x0,
    0x0, 0xaf, 0x40, 0xca, 0x0, 0x0, 0x9e, 0x0,
    0x9, 0xf5, 0x0, 0xcc, 0x44, 0x44, 0xbe, 0x0,
    0x8, 0x70, 0x0, 0xcf, 0xee, 0xee, 0xfe, 0x0,

    /* U+8457 "著" */
    0x0, 0x0, 0x8e, 0x0, 0x0, 0xf7, 0x0, 0x0,
    0x6, 0x66, 0xbf, 0x66, 0x66, 0xfa, 0x66, 0x60,
    0x1f, 0xff, 0xff, 0xff, 0xff, 0xff, 0xff, 0xf1,
    0x0, 0x0, 0x8e, 0x44, 0x0, 0xf7, 0x0, 0x0,
    0x0, 0x35, 0x55, 0xdd, 0x55, 0x52, 0x7e, 0x20,
    0x0, 0xbf, 0xff, 0xff, 0xff, 0xfd, 0xf8, 0x0,
    0x0, 0x0, 0x0, 0xcb, 0x2, 0xcf, 0x70, 0x0,
    0x1f, 0xff, 0xff, 0xff, 0xff, 0xff, 0xff, 0xf2,
    0x5, 0x55, 0x58, 0xef, 0xf9, 0x55, 0x55, 0x50,
    0x0, 0x38, 0xdf, 0xff, 0xfd, 0xdd, 0xe9, 0x0,
    0x4e, 0xff, 0xfc, 0x55, 0x55, 0x55, 0xeb, 0x0,
    0xe, 0xa5, 0xf9, 0x33, 0x33, 0x33, 0xdb, 0x0,
    0x0, 0x0, 0xfe, 0xdd, 0xdd, 0xdd, 0xfb, 0x0,
    0x0, 0x0, 0xf9, 0x33, 0x33, 0x33, 0xdb, 0x0,
    0x0, 0x0, 0xff, 0xff, 0xff, 0xff, 0xfa, 0x0,

    /* U+865A "虚" */
    0x0, 0x0, 0x0, 0xd, 0xa0, 0x0, 0x0, 0x0,
    0x0, 0x0, 0x0, 0xd, 0xc4, 0x44, 0x44, 0x0,
    0x0, 0x0, 0x0, 0xd, 0xff, 0xff, 0xff, 0x0,
    0x0, 0x33, 0x33, 0x3d, 0xb3, 0x33, 0x33, 0x20,
    0x0, 0xef, 0xff, 0xff, 0xff, 0xff, 0xff, 0xf0,
    0x0, 0xe9, 0x0, 0xd, 0xa2, 0x35, 0x1e, 0xa0,
    0x0, 0xe9, 0x9d, 0xef, 0xfe, 0xdb, 0x36, 0x30,
    0x0, 0xe9, 0x44, 0x3d, 0xb2, 0x22, 0x27, 0xd0,
    0x0, 0xf8, 0x0, 0x6, 0xef, 0xff, 0xfe, 0x80,
    0x0, 0xf7, 0x0, 0x39, 0x4, 0x90, 0x0, 0x0,
    0x1, 0xf7, 0xb4, 0x5f, 0x7, 0xf0, 0x7b, 0x0,
    0x3, 0xf4, 0xbb, 0x5f, 0x7, 0xf0, 0xe9, 0x0,
    0x6, 0xf1, 0x5f, 0x7f, 0x7, 0xf7, 0xe1, 0x0,
    0xb, 0xc0, 0x14, 0x6f, 0x17, 0xf1, 0x30, 0x0,
    0x1f, 0x6e, 0xff, 0xff, 0xff, 0xff, 0xff, 0xf0,
    0x1, 0x0, 0x0, 0x0, 0x0, 0x0, 0x0, 0x0,

    /* U+884C "行" */
    0x0, 0x3, 0xc4, 0x0, 0x0, 0x0, 0x0, 0x0,
    0x0, 0x2e, 0xe1, 0xf, 0xff, 0xff, 0xff, 0xe0,
    0x3, 0xee, 0x20, 0x6, 0x77, 0x77, 0x77, 0x60,
    0x3f, 0xe2, 0x12, 0x0, 0x0, 0x0, 0x0, 0x0,
    0xa, 0x10, 0xce, 0x0, 0x0, 0x0, 0x0, 0x0,
    0x0, 0x8, 0xf5, 0x35, 0x55, 0x55, 0x55, 0x51,
    0x0, 0x6f, 0xa0, 0xaf, 0xff, 0xff, 0xff, 0xf5,
    0x6, 0xff, 0x80, 0x1, 0x11, 0x19, 0xf1, 0x10,
    0x5f, 0xcf, 0x80, 0x0, 0x0, 0x8, 0xf0, 0x0,
    0x9, 0x1f, 0x80, 0x0, 0x0, 0x8, 0xf0, 0x0,
    0x0, 0xf, 0x80, 0x0, 0x0, 0x8, 0xf0, 0x0,
    0x0, 0xf, 0x80, 0x0, 0x0, 0x8, 0xf0, 0x0,
    0x0, 0xf, 0x80, 0x0, 0x0, 0x8, 0xf0, 0x0,
    0x0, 0xf, 0x80, 0x0, 0x17, 0x7c, 0xf0, 0x0,
    0x0, 0xf, 0x80, 0x0, 0xf, 0xff, 0x80, 0x0,
    0x0, 0x1, 0x0, 0x0, 0x0, 0x0, 0x0, 0x0,

    /* U+8865 "补" */
    0x0, 0x2b, 0x10, 0x0, 0xa, 0xf0, 0x0, 0x0,
    0x0, 0x1e, 0xc0, 0x0, 0xa, 0xf0, 0x0, 0x0,
    0x0, 0x4, 0xd1, 0x0, 0xa, 0xf0, 0x0, 0x0,
    0x2f, 0xff, 0xff, 0xe2, 0xa, 0xf0, 0x0, 0x0,
    0x17, 0x77, 0x7e, 0xe0, 0xa, 0xf0, 0x0, 0x0,
    0x0, 0x0, 0x4f, 0x60, 0xa, 0xfc, 0x30, 0x0,
    0x0, 0x2, 0xeb, 0xa, 0x1a, 0xfd, 0xf6, 0x0,
    0x0, 0x1d, 0xf8, 0xae, 0x2a, 0xf1, 0xbf, 0x90,
    0x2, 0xef, 0xff, 0xf2, 0xa, 0xf0, 0xa, 0xf4,
    0x4f, 0xea, 0xf4, 0xf9, 0xa, 0xf0, 0x0, 0x40,
    0x2c, 0x27, 0xf0, 0x5d, 0xa, 0xf0, 0x0, 0x0,
    0x0, 0x7, 0xf0, 0x1, 0xa, 0xf0, 0x0, 0x0,
    0x0, 0x7, 0xf0, 0x0, 0xa, 0xf0, 0x0, 0x0,
    0x0, 0x7, 0xf0, 0x0, 0xa, 0xf0, 0x0, 0x0,
    0x0, 0x7, 0xf0, 0x0, 0xa, 0xe0, 0x0, 0x0,

    /* U+88C5 "装" */
    0x0, 0x0, 0xd9, 0x0, 0x2, 0xf6, 0x0, 0x0,
    0x9, 0x60, 0xd9, 0x0, 0x2, 0xf6, 0x0, 0x0,
    0x8, 0xf6, 0xd9, 0x45, 0x57, 0xfa, 0x55, 0x50,
    0x0, 0x86, 0xd9, 0xbf, 0xff, 0xff, 0xff, 0xf0,
    0x0, 0x1, 0xe9, 0x0, 0x2, 0xf6, 0x0, 0x0,
    0x4, 0xaf, 0xf9, 0x0, 0x2, 0xf6, 0x0, 0x0,
    0x4f, 0xb3, 0xd9, 0x4e, 0xee, 0xff, 0xee, 0xa0,
    0x2, 0x0, 0x85, 0x2b, 0xa7, 0x77, 0x77, 0x50,
    0x0, 0x0, 0x0, 0xd, 0xd0, 0x0, 0x0, 0x0,
    0x3f, 0xff, 0xff, 0xff, 0xff, 0xff, 0xff, 0xf3,
    0x2, 0x22, 0x3b, 0xf8, 0xeb, 0x22, 0x5b, 0x30,
    0x0, 0x49, 0xfd, 0x30, 0x5f, 0x78, 0xfa, 0x10,
    0x2f, 0xfb, 0xf8, 0x0, 0x8, 0xff, 0x40, 0x0,
    0x3, 0x1, 0xfb, 0x8c, 0xf2, 0x6f, 0xe8, 0x30,
    0x0, 0xa, 0xfe, 0xa7, 0x30, 0x1, 0x9e, 0xf1,
    0x0, 0x2, 0x20, 0x0, 0x0, 0x0, 0x0, 0x10,

    /* U+8986 "覆" */
    0x7, 0x99, 0x9c, 0xf9, 0x9f, 0xc9, 0x99, 0x90,
    0x0, 0x11, 0x17, 0xf1, 0x1f, 0x81, 0x11, 0x0,
    0x3, 0xfe, 0xef, 0xfe, 0xef, 0xfe, 0xef, 0x50,
    0x3, 0xf8, 0x6a, 0xf6, 0x6f, 0xb6, 0x7f, 0x50,
    0x1, 0x6b, 0xc6, 0x7f, 0x96, 0x66, 0x66, 0x20,
    0x0, 0x4f, 0x80, 0x8f, 0xff, 0xff, 0xff, 0xb0,
    0x6, 0xf9, 0x34, 0xfc, 0x77, 0x77, 0x76, 0x0,
    0xc, 0x67, 0xfe, 0xdf, 0x66, 0x66, 0xaf, 0x0,
    0x0, 0x4f, 0x61, 0x4f, 0xbb, 0xbb, 0xdf, 0x0,
    0x5, 0xff, 0x0, 0x4f, 0xaa, 0xaa, 0xcf, 0x0,
    0x1f, 0xcf, 0x0, 0x7, 0xfb, 0x66, 0x64, 0x0,
    0x1, 0x6f, 0x4, 0xbf, 0xeb, 0xbd, 0xf9, 0x0,
    0x0, 0x6f, 0x3, 0x43, 0xdd, 0xcf, 0x80, 0x0,
    0x0, 0x6f, 0xa, 0xdc, 0xa6, 0x58, 0xbd, 0xd1,
    0x0, 0x0, 0x0, 0x0, 0x0, 0x0, 0x0, 0x0,

    /* U+89C2 "观" */
    0x4, 0x44, 0x45, 0x28, 0xff, 0xff, 0xff, 0x90,
    0x3f, 0xff, 0xff, 0xa8, 0xf5, 0x55, 0x5f, 0x90,
    0x2, 0x22, 0x3f, 0x88, 0xe0, 0x31, 0xe, 0x90,
    0x3, 0x10, 0x4f, 0x58, 0xe0, 0xe8, 0xe, 0x90,
    0xe, 0xb0, 0x7f, 0x28, 0xe0, 0xe8, 0xe, 0x90,
    0x4, 0xf7, 0xbe, 0x8, 0xe0, 0xe7, 0xe, 0x90,
    0x0, 0x9f, 0xfa, 0x8, 0xe0, 0xf7, 0xe, 0x90,
    0x0, 0xe, 0xf5, 0x8, 0xe1, 0xf5, 0xe, 0x90,
    0x0, 0xd, 0xf7, 0x4, 0x74, 0xf9, 0x17, 0x40,
    0x0, 0x4f, 0xff, 0x10, 0xa, 0xff, 0x30, 0x0,
    0x0, 0xde, 0x4f, 0x80, 0x3f, 0xaf, 0x30, 0x82,
    0x9, 0xf5, 0x9, 0x22, 0xed, 0x3f, 0x30, 0xc6,
    0x4f, 0xa0, 0x0, 0x5e, 0xe2, 0x3f, 0x52, 0xe4,
    0x6, 0x0, 0x1, 0xec, 0x10, 0xd, 0xff, 0xc0,
    0x0, 0x0, 0x0, 0x10, 0x0, 0x0, 0x0, 0x0,

    /* U+89C6 "视" */
    0x0, 0x28, 0x0, 0x0, 0x0, 0x0, 0x0, 0x0,
    0x0, 0x4f, 0x70, 0xe, 0xff, 0xff, 0xff, 0x90,
    0x0, 0xa, 0x90, 0xe, 0xa5, 0x55, 0x5f, 0x90,
    0xf, 0xff, 0xff, 0x3e, 0x80, 0x64, 0xe, 0x90,
    0x6, 0x66, 0xcf, 0x1e, 0x80, 0xe8, 0xe, 0x90,
    0x0, 0x1, 0xe8, 0xe, 0x80, 0xe8, 0xe, 0x90,
    0x0, 0xa, 0xe1, 0xe, 0x80, 0xe8, 0xe, 0x90,
    0x0, 0x7f, 0xe1, 0xe, 0x80, 0xf7, 0xe, 0x90,
    0x7, 0xff, 0xec, 0xe, 0x81, 0xf5, 0xe, 0x90,
    0x4f, 0xbf, 0x5e, 0x57, 0x45, 0xfa, 0x7, 0x40,
    0x7, 0x2f, 0x42, 0x0, 0xb, 0xff, 0x0, 0x0,
    0x0, 0x2f, 0x40, 0x0, 0x5f, 0xaf, 0x0, 0x82,
    0x0, 0x2f, 0x40, 0x3, 0xfa, 0x5f, 0x0, 0xd5,
    0x0, 0x2f, 0x40, 0x7f, 0xb0, 0x5f, 0x32, 0xf3,
    0x0, 0x2f, 0x41, 0xd7, 0x0, 0x1e, 0xff, 0xc0,
    0x0, 0x0, 0x0, 0x0, 0x0, 0x0, 0x0, 0x0,

    /* U+89C8 "览" */
    0x0, 0x0, 0x0, 0x0, 0x0, 0x0, 0x0, 0x0,
    0x0, 0x0, 0xe, 0x80, 0xe, 0x90, 0x0, 0x0,
    0x4, 0xf3, 0xe, 0x80, 0x2f, 0x60, 0x0, 0x0,
    0x4, 0xf3, 0xe, 0x80, 0x7f, 0xff, 0xff, 0xf0,
    0x4, 0xf3, 0xe, 0x80, 0xdc, 0x6a, 0x55, 0x50,
    0x4, 0xf3, 0xe, 0x85, 0xf4, 0x2e, 0x90, 0x0,
    0x4, 0xf3, 0xc, 0x76, 0xa0, 0x3, 0xf5, 0x0,
    0x0, 0x1, 0x11, 0x11, 0x11, 0x11, 0x10, 0x0,
    0x0, 0xf, 0xff, 0xff, 0xff, 0xff, 0xf4, 0x0,
    0x0, 0xf, 0x94, 0x45, 0x54, 0x47, 0xf4, 0x0,
    0x0, 0xf, 0x70, 0xe, 0xb0, 0x5, 0xf4, 0x0,
    0x0, 0xf, 0x70, 0xe, 0xb0, 0x5, 0xf4, 0x0,
    0x0, 0xf, 0x70, 0x5f, 0xfe, 0x4, 0xe3, 0x0,
    0x0, 0x1, 0x17, 0xfd, 0xae, 0x0, 0x2, 0x60,
    0x1, 0x49, 0xef, 0x90, 0x9f, 0x44, 0x49, 0xf0,
    0x9, 0xfd, 0x82, 0x0, 0x4e, 0xff, 0xff, 0x80,
    0x0, 0x10, 0x0, 0x0, 0x0, 0x0, 0x0, 0x0,

    /* U+89E3 "解" */
    0x0, 0x3b, 0x10, 0x0, 0x0, 0x0, 0x0, 0x0,
    0x0, 0x8e, 0x0, 0x0, 0xcf, 0xff, 0xff, 0xf0,
    0x0, 0xdf, 0xff, 0xc0, 0x69, 0xed, 0x9b, 0xf0,
    0x4, 0xf4, 0x2e, 0x80, 0x1, 0xf6, 0x5, 0xe0,
    0xd, 0xe6, 0x8f, 0x94, 0x9, 0xf1, 0x8, 0xc0,
    0x4f, 0xfa, 0xfb, 0xea, 0xaf, 0x62, 0xdf, 0x90,
    0x7, 0xe0, 0xe2, 0xaa, 0x78, 0x13, 0xa4, 0x0,
    0x5, 0xf9, 0xfa, 0xda, 0xe, 0x78, 0xe0, 0x0,
    0x5, 0xf8, 0xf9, 0xda, 0x4f, 0xff, 0xff, 0xf0,
    0x5, 0xe0, 0xe2, 0xaa, 0xbc, 0x5a, 0xf5, 0x50,
    0x6, 0xf9, 0xfa, 0xda, 0x73, 0x8, 0xe0, 0x0,
    0x8, 0xd8, 0xf9, 0xda, 0xaf, 0xff, 0xff, 0xf8,
    0xa, 0x90, 0xe2, 0xaa, 0x46, 0x6b, 0xf6, 0x63,
    0xe, 0x40, 0xe5, 0xb9, 0x0, 0x8, 0xe0, 0x0,
    0x4d, 0x0, 0x6a, 0xf5, 0x0, 0x8, 0xe0, 0x0,
    0x0, 0x0, 0x0, 0x0, 0x0, 0x0, 0x0, 0x0,

    /* U+89E6 "触" */
    0x0, 0x3d, 0x20, 0x0, 0x0, 0x7f, 0x10, 0x0,
    0x0, 0x7f, 0x11, 0x0, 0x0, 0x7f, 0x10, 0x0,
    0x0, 0xdf, 0xff, 0xa0, 0x0, 0x7f, 0x10, 0x0,
    0x4, 0xf5, 0x3f, 0x60, 0x78, 0xcf, 0x98, 0x70,
    0xd, 0xe6, 0x9f, 0x83, 0xed, 0xdf, 0xbd, 0xe0,
    0x4f, 0xfb, 0xfc, 0xe7, 0xe4, 0x5f, 0x5, 0xe0,
    0x7, 0xd0, 0xf1, 0xc7, 0xe4, 0x5f, 0x5, 0xe0,
    0x6, 0xfd, 0xfd, 0xf7, 0xe4, 0x5f, 0x5, 0xe0,
    0x6, 0xe4, 0xf5, 0xd7, 0xed, 0xdf, 0xcd, 0xe0,
    0x6, 0xd0, 0xf1, 0xc7, 0x67, 0xbf, 0x87, 0x60,
    0x7, 0xff, 0xff, 0xf7, 0x0, 0x7f, 0x19, 0x30,
    0x8, 0xc3, 0xf4, 0xc7, 0x0, 0x7f, 0x1b, 0xb0,
    0xb, 0x90, 0xf1, 0xc7, 0x2, 0x9f, 0x8b, 0xf1,
    0xf, 0x50, 0xf3, 0xdc, 0xff, 0xff, 0xfd, 0xf7,
    0x3e, 0x0, 0xa8, 0xe5, 0x54, 0x21, 0x0, 0xa7,
    0x0, 0x0, 0x0, 0x0, 0x0, 0x0, 0x0, 0x0,

    /* U+8BA1 "计" */
    0x0, 0x46, 0x0, 0x0, 0x1, 0xf8, 0x0, 0x0,
    0x0, 0xaf, 0x70, 0x0, 0x1, 0xf8, 0x0, 0x0,
    0x0, 0xa, 0xf6, 0x0, 0x1, 0xf8, 0x0, 0x0,
    0x0, 0x0, 0x91, 0x0, 0x1, 0xf8, 0x0, 0x0,
    0x0, 0x0, 0x0, 0x0, 0x1, 0xf8, 0x0, 0x0,
    0x3b, 0xbc, 0x70, 0x88, 0x88, 0xfc, 0x88, 0x83,
    0x4c, 0xcf, 0xa0, 0xff, 0xff, 0xff, 0xff, 0xf7,
    0x0, 0xe, 0xa0, 0x0, 0x2, 0xf8, 0x0, 0x0,
    0x0, 0xe, 0xa0, 0x0, 0x1, 0xf8, 0x0, 0x0,
    0x0, 0xe, 0xa0, 0x0, 0x1, 0xf8, 0x0, 0x0,
    0x0, 0xe, 0xa0, 0x30, 0x1, 0xf8, 0x0, 0x0,
    0x0, 0xe, 0xcc, 0xd0, 0x1, 0xf8, 0x0, 0x0,
    0x0, 0xf, 0xfe, 0x30, 0x1, 0xf8, 0x0, 0x0,
    0x0, 0x7f, 0xa0, 0x0, 0x1, 0xf8, 0x0, 0x0,
    0x0, 0x16, 0x0, 0x0, 0x1, 0xf8, 0x0, 0x0,

    /* U+8BA4 "认" */
    0x0, 0x53, 0x0, 0x0, 0x6, 0xf2, 0x0, 0x0,
    0x0, 0xcf, 0x40, 0x0, 0x6, 0xf2, 0x0, 0x0,
    0x0, 0x1d, 0xf2, 0x0, 0x6, 0xf1, 0x0, 0x0,
    0x0, 0x2, 0xb0, 0x0, 0x6, 0xf1, 0x0, 0x0,
    0x0, 0x0, 0x0, 0x0, 0x7, 0xf0, 0x0, 0x0,
    0x48, 0x88, 0x40, 0x0, 0x8, 0xf1, 0x0, 0x0,
    0x7f, 0xff, 0x80, 0x0, 0x9, 0xf3, 0x0, 0x0,
    0x0, 0xe, 0x80, 0x0, 0xc, 0xf6, 0x0, 0x0,
    0x0, 0xe, 0x80, 0x0, 0xf, 0xfa, 0x0, 0x0,
    0x0, 0xe, 0x80, 0x0, 0x3f, 0xdf, 0x0, 0x0,
    0x0, 0xe, 0x80, 0x0, 0x8f, 0x3f, 0x60, 0x0,
    0x0, 0xe, 0xab, 0x80, 0xeb, 0xb, 0xd0, 0x0,
    0x0, 0xf, 0xfd, 0x39, 0xf3, 0x3, 0xf8, 0x0,
    0x0, 0x8f, 0x90, 0x7f, 0x90, 0x0, 0x9f, 0x70,
    0x0, 0x46, 0x1, 0xdb, 0x0, 0x0, 0xb, 0xe1,
    0x0, 0x0, 0x0, 0x10, 0x0, 0x0, 0x0, 0x20,

    /* U+8BAF "讯" */
    0x0, 0x30, 0x0, 0x0, 0x0, 0x0, 0x0, 0x0,
    0x0, 0xec, 0x1, 0xff, 0xff, 0xff, 0xfb, 0x0,
    0x0, 0x4f, 0x90, 0xbb, 0xfd, 0xbb, 0xfb, 0x0,
    0x0, 0x7, 0xc0, 0x0, 0xf7, 0x0, 0xcb, 0x0,
    0x0, 0x0, 0x0, 0x0, 0xf7, 0x0, 0xcb, 0x0,
    0x18, 0x88, 0x30, 0x0, 0xf7, 0x0, 0xcb, 0x0,
    0x2f, 0xff, 0x60, 0x0, 0xf7, 0x0, 0xcb, 0x0,
    0x0, 0x1f, 0x63, 0xff, 0xff, 0xfb, 0xbb, 0x0,
    0x0, 0x1f, 0x61, 0x77, 0xfb, 0x75, 0xbc, 0x0,
    0x0, 0x1f, 0x60, 0x0, 0xf7, 0x0, 0xac, 0x0,
    0x0, 0x1f, 0x64, 0x0, 0xf7, 0x0, 0x9d, 0x0,
    0x0, 0x1f, 0xcf, 0x40, 0xf7, 0x0, 0x8e, 0x11,
    0x0, 0x2f, 0xf7, 0x0, 0xf7, 0x0, 0x6f, 0x4a,
    0x0, 0xaf, 0x40, 0x0, 0xf7, 0x0, 0x2f, 0xc9,
    0x0, 0x33, 0x0, 0x0, 0xf7, 0x0, 0xb, 0xf5,
    0x0, 0x0, 0x0, 0x0, 0x0, 0x0, 0x0, 0x30,

    /* U+8BB0 "记" */
    0x0, 0x0, 0x0, 0x0, 0x0, 0x0, 0x0, 0x0,
    0x0, 0xda, 0x0, 0x17, 0x77, 0x77, 0x77, 0x40,
    0x0, 0x6f, 0xb0, 0x3f, 0xff, 0xff, 0xff, 0x80,
    0x0, 0x6, 0xf3, 0x0, 0x0, 0x0, 0xf, 0x80,
    0x0, 0x0, 0x20, 0x0, 0x0, 0x0, 0xf, 0x80,
    0x38, 0x89, 0x50, 0x0, 0x0, 0x0, 0xf, 0x80,
    0x5e, 0xef, 0x90, 0x3, 0x33, 0x33, 0x3f, 0x80,
    0x0, 0xe, 0x90, 0xe, 0xff, 0xff, 0xff, 0x80,
    0x0, 0xe, 0x90, 0xe, 0xc3, 0x33, 0x3f, 0x80,
    0x0, 0xe, 0x90, 0xe, 0xb0, 0x0, 0x0, 0x0,
    0x0, 0xe, 0x90, 0xe, 0xb0, 0x0, 0x0, 0x0,
    0x0, 0xe, 0x97, 0x5e, 0xb0, 0x0, 0x0, 0xb4,
    0x0, 0xf, 0xff, 0x6e, 0xb0, 0x0, 0x0, 0xf7,
    0x0, 0x6f, 0xd3, 0xc, 0xe7, 0x77, 0x7a, 0xf4,
    0x0, 0x39, 0x0, 0x5, 0xef, 0xff, 0xff, 0xa0,

    /* U+8BBE "设" */
    0x0, 0x0, 0x0, 0x0, 0x0, 0x0, 0x0, 0x0,
    0x0, 0xbc, 0x10, 0x4, 0xff, 0xff, 0xf7, 0x0,
    0x0, 0x2e, 0xc0, 0x4, 0xf7, 0x66, 0xf7, 0x0,
    0x0, 0x2, 0xd2, 0x5, 0xf1, 0x0, 0xf7, 0x0,
    0x0, 0x0, 0x0, 0xb, 0xd0, 0x0, 0xf7, 0x0,
    0x18, 0x88, 0x30, 0x8f, 0x60, 0x0, 0xed, 0xb6,
    0x2f, 0xff, 0x63, 0xf8, 0x0, 0x0, 0x49, 0x95,
    0x0, 0xf, 0x60, 0x87, 0x77, 0x77, 0x77, 0x40,
    0x0, 0xf, 0x60, 0xdf, 0xff, 0xff, 0xff, 0xa0,
    0x0, 0xf, 0x60, 0x1f, 0x70, 0x0, 0x6f, 0x30,
    0x0, 0xf, 0x60, 0x8, 0xf3, 0x2, 0xfa, 0x0,
    0x0, 0xf, 0x9d, 0x10, 0xbf, 0x6e, 0xd0, 0x0,
    0x0, 0x1f, 0xfc, 0x10, 0x1e, 0xff, 0x20, 0x0,
    0x0, 0x8f, 0xa0, 0x38, 0xef, 0xbf, 0xf9, 0x40,
    0x0, 0x68, 0x6, 0xfe, 0x82, 0x2, 0x9f, 0xf7,
    0x0, 0x0, 0x0, 0x30, 0x0, 0x0, 0x0, 0x40,

    /* U+8BC1 "证" */
    0x0, 0x0, 0x0, 0x0, 0x0, 0x0, 0x0, 0x0,
    0x1, 0xe7, 0x0, 0x46, 0x66, 0x66, 0x66, 0x61,
    0x0, 0x8f, 0x80, 0xaf, 0xff, 0xff, 0xff, 0xf5,
    0x0, 0x8, 0xd0, 0x0, 0x0, 0x8f, 0x20, 0x0,
    0x0, 0x0, 0x0, 0x0, 0x0, 0x7f, 0x10, 0x0,
    0x8, 0x89, 0x40, 0x3, 0x20, 0x7f, 0x10, 0x0,
    0x1e, 0xef, 0x70, 0xe, 0x90, 0x7f, 0x10, 0x0,
    0x0, 0xf, 0x70, 0xe, 0x90, 0x7f, 0xff, 0xf0,
    0x0, 0xf, 0x70, 0xe, 0x90, 0x7f, 0x76, 0x60,
    0x0, 0xf, 0x70, 0xe, 0x90, 0x7f, 0x10, 0x0,
    0x0, 0xf, 0x72, 0xe, 0x90, 0x7f, 0x10, 0x0,
    0x0, 0xf, 0xbf, 0x4e, 0x90, 0x7f, 0x10, 0x0,
    0x0, 0x1f, 0xfb, 0x1e, 0x90, 0x7f, 0x10, 0x0,
    0x0, 0x9f, 0x82, 0xbf, 0xeb, 0xdf, 0xbb, 0xb7,
    0x0, 0x66, 0x2, 0xbb, 0xbb, 0xbb, 0xbb, 0xb6,

    /* U+8BD1 "译" */
    0x0, 0x30, 0x0, 0x0, 0x0, 0x0, 0x0, 0x0,
    0x2, 0xf7, 0x0, 0xff, 0xff, 0xff, 0xff, 0x70,
    0x0, 0x9f, 0x20, 0x5e, 0xc5, 0x55, 0xbf, 0x20,
    0x0, 0x1e, 0x50, 0x4, 0xf6, 0x5, 0xf6, 0x0,
    0x0, 0x1, 0x0, 0x0, 0x6f, 0xbf, 0x70, 0x0,
    0x18, 0x88, 0x30, 0x0, 0x5e, 0xfe, 0x50, 0x0,
    0x2f, 0xff, 0x63, 0x7d, 0xfa, 0x4b, 0xfe, 0x82,
    0x0, 0x1f, 0x69, 0xfa, 0x34, 0xa0, 0x39, 0xd1,
    0x0, 0x1f, 0x60, 0x24, 0x49, 0xf5, 0x44, 0x0,
    0x0, 0x1f, 0x60, 0x7f, 0xff, 0xff, 0xff, 0x30,
    0x0, 0x1f, 0x60, 0x1, 0x17, 0xf2, 0x11, 0x0,
    0x0, 0x1f, 0x99, 0x66, 0x6a, 0xf7, 0x66, 0x61,
    0x0, 0x2f, 0xfe, 0xff, 0xff, 0xff, 0xff, 0xf4,
    0x0, 0x9f, 0x70, 0x0, 0x6, 0xf1, 0x0, 0x0,
    0x0, 0x43, 0x0, 0x0, 0x6, 0xf1, 0x0, 0x0,

    /* U+8BD5 "试" */
    0x0, 0x64, 0x0, 0x0, 0x0, 0x3f, 0x6a, 0x10,
    0x0, 0xcf, 0x30, 0x0, 0x0, 0x3f, 0x5d, 0xb0,
    0x0, 0x1d, 0xf1, 0x0, 0x0, 0x2f, 0x53, 0xf2,
    0x0, 0x2, 0xa2, 0x77, 0x77, 0x8f, 0xa7, 0x94,
    0x0, 0x0, 0x4, 0xff, 0xff, 0xff, 0xff, 0xf8,
    0x8, 0x88, 0x30, 0x22, 0x22, 0x3f, 0x92, 0x21,
    0xf, 0xff, 0x70, 0x0, 0x0, 0xf, 0x80, 0x0,
    0x0, 0xf, 0x70, 0x9b, 0xbb, 0x5e, 0x90, 0x0,
    0x0, 0xf, 0x70, 0x8c, 0xfb, 0x5c, 0xb0, 0x0,
    0x0, 0xf, 0x70, 0x4, 0xf1, 0xb, 0xd0, 0x0,
    0x0, 0xf, 0x70, 0x4, 0xf1, 0x8, 0xf0, 0x0,
    0x0, 0xf, 0x89, 0x24, 0xf5, 0x75, 0xf2, 0x86,
    0x0, 0x1f, 0xfe, 0xac, 0xff, 0xd2, 0xf8, 0xb8,
    0x0, 0x9f, 0x90, 0xcb, 0x61, 0x0, 0xbf, 0xf4,
    0x0, 0x24, 0x0, 0x0, 0x0, 0x0, 0x2e, 0xb0,

    /* U+8BDD "话" */
    0x0, 0x0, 0x0, 0x0, 0x0, 0x0, 0x2, 0x0,
    0x1, 0xc4, 0x0, 0x1, 0x35, 0x8b, 0xef, 0x70,
    0x0, 0xbf, 0x50, 0xbf, 0xff, 0xfd, 0x84, 0x10,
    0x0, 0xb, 0xc0, 0x23, 0x10, 0xf8, 0x0, 0x0,
    0x0, 0x0, 0x10, 0x0, 0x0, 0xf8, 0x0, 0x0,
    0x6, 0x67, 0x20, 0x77, 0x77, 0xfc, 0x77, 0x74,
    0x2f, 0xff, 0x50, 0xff, 0xff, 0xff, 0xff, 0xf9,
    0x1, 0x2f, 0x50, 0x0, 0x0, 0xf8, 0x0, 0x0,
    0x0, 0x1f, 0x50, 0x0, 0x0, 0xf8, 0x0, 0x0,
    0x0, 0x1f, 0x50, 0xa, 0xbb, 0xfe, 0xbb, 0x90,
    0x0, 0x1f, 0x52, 0xe, 0xda, 0xaa, 0xae, 0xc0,
    0x0, 0x1f, 0x9e, 0x4e, 0x90, 0x0, 0xd, 0xc0,
    0x0, 0x1f, 0xfc, 0x2e, 0x90, 0x0, 0xd, 0xc0,
    0x0, 0x8f, 0x90, 0xe, 0xc6, 0x66, 0x6e, 0xc0,
    0x0, 0x76, 0x0, 0xe, 0xff, 0xff, 0xff, 0xc0,
    0x0, 0x0, 0x0, 0x0, 0x0, 0x0, 0x0, 0x0,

    /* U+8BE5 "该" */
    0x0, 0x20, 0x0, 0x0, 0x2, 0x70, 0x0, 0x0,
    0x1, 0xf9, 0x0, 0x0, 0x4, 0xf7, 0x0, 0x0,
    0x0, 0x7f, 0x62, 0x99, 0x99, 0xfe, 0x99, 0x91,
    0x0, 0xb, 0xb2, 0xdd, 0xdf, 0xfd, 0xdd, 0xd2,
    0x0, 0x1, 0x0, 0x0, 0x6f, 0x40, 0x0, 0x0,
    0x28, 0x88, 0x40, 0x3, 0xf9, 0x0, 0xb9, 0x0,
    0x4f, 0xff, 0x90, 0x6e, 0xf8, 0x8b, 0xf5, 0x0,
    0x0, 0xe, 0x90, 0xaf, 0xed, 0xff, 0x90, 0x0,
    0x0, 0xe, 0x90, 0x0, 0x7, 0xfa, 0xa, 0xa0,
    0x0, 0xe, 0x90, 0x2, 0xbf, 0x80, 0x7f, 0x80,
    0x0, 0xe, 0x90, 0x9f, 0xe4, 0x7, 0xfa, 0x0,
    0x0, 0xe, 0x95, 0x97, 0x0, 0x9f, 0xb0, 0x0,
    0x0, 0xe, 0xef, 0x40, 0x4d, 0xfe, 0xe3, 0x0,
    0x0, 0x2f, 0xf6, 0x5c, 0xfd, 0x31, 0xbf, 0x60,
    0x0, 0x5d, 0x28, 0xfd, 0x60, 0x0, 0xa, 0xc0,
    0x0, 0x1, 0x0, 0x40, 0x0, 0x0, 0x0, 0x0,

    /* U+8BE6 "详" */
    0x0, 0x0, 0x0, 0x1, 0x40, 0x0, 0x6, 0x10,
    0x2, 0xe6, 0x0, 0x8, 0xf2, 0x0, 0x5f, 0x50,
    0x0, 0x9f, 0x80, 0x0, 0xea, 0x0, 0xcc, 0x0,
    0x0, 0x9, 0xc0, 0x47, 0xcb, 0x79, 0xfb, 0x70,
    0x0, 0x0, 0x0, 0x8e, 0xee, 0xff, 0xee, 0xe0,
    0x38, 0x88, 0x30, 0x0, 0x0, 0xf8, 0x0, 0x0,
    0x6f, 0xff, 0x60, 0x2, 0x22, 0xf9, 0x22, 0x10,
    0x0, 0x1f, 0x60, 0x1f, 0xff, 0xff, 0xff, 0x80,
    0x0, 0x1f, 0x60, 0x3, 0x33, 0xf9, 0x33, 0x10,
    0x0, 0x1f, 0x60, 0x0, 0x0, 0xf8, 0x0, 0x0,
    0x0, 0x1f, 0x60, 0xff, 0xff, 0xff, 0xff, 0xf4,
    0x0, 0x1f, 0x9d, 0x87, 0x77, 0xfb, 0x77, 0x72,
    0x0, 0x2f, 0xfb, 0x10, 0x0, 0xf8, 0x0, 0x0,
    0x0, 0x9f, 0x70, 0x0, 0x0, 0xf8, 0x0, 0x0,
    0x0, 0x44, 0x0, 0x0, 0x0, 0xf8, 0x0, 0x0,

    /* U+8BEF "误" */
    0x0, 0x20, 0x0, 0x0, 0x0, 0x0, 0x0, 0x0,
    0x1, 0xea, 0x0, 0x4f, 0xff, 0xff, 0xff, 0x60,
    0x0, 0x5f, 0xb0, 0x4f, 0x65, 0x55, 0x5f, 0x60,
    0x0, 0x7, 0xd0, 0x4f, 0x20, 0x0, 0x1f, 0x60,
    0x0, 0x0, 0x10, 0x4f, 0xa9, 0x99, 0xaf, 0x60,
    0x18, 0x88, 0x30, 0x3c, 0xcc, 0xcc, 0xcc, 0x50,
    0x2f, 0xff, 0x70, 0x0, 0x0, 0x0, 0x0, 0x0,
    0x0, 0xf, 0x70, 0xae, 0xee, 0xee, 0xee, 0xc0,
    0x0, 0xf, 0x70, 0x47, 0x79, 0xf8, 0x77, 0x50,
    0x0, 0xf, 0x70, 0x23, 0x37, 0xf4, 0x33, 0x31,
    0x0, 0xf, 0x70, 0xff, 0xff, 0xff, 0xff, 0xfa,
    0x0, 0xf, 0x76, 0x32, 0x2e, 0xfd, 0x22, 0x21,
    0x0, 0xf, 0xff, 0x10, 0x7f, 0x8f, 0x90, 0x0,
    0x0, 0x6f, 0xc2, 0x2a, 0xf8, 0x7, 0xfd, 0x50,
    0x0, 0x2a, 0x2, 0xfe, 0x50, 0x0, 0x5e, 0xf5,
    0x0, 0x0, 0x0, 0x30, 0x0, 0x0, 0x0, 0x30,

    /* U+8BF7 "请" */
    0x0, 0x30, 0x0, 0x0, 0x1, 0xf6, 0x0, 0x0,
    0x1, 0xfa, 0x0, 0x12, 0x24, 0xf7, 0x22, 0x20,
    0x0, 0x5f, 0x80, 0xbf, 0xff, 0xff, 0xff, 0xf1,
    0x0, 0x7, 0xd0, 0x13, 0x35, 0xf8, 0x33, 0x20,
    0x0, 0x0, 0x10, 0x3c, 0xcc, 0xfd, 0xcc, 0x70,
    0x18, 0x88, 0x31, 0x66, 0x67, 0xfa, 0x66, 0x63,
    0x3f, 0xff, 0x72, 0xcc, 0xcc, 0xcc, 0xcc, 0xc7,
    0x0, 0xf, 0x70, 0x3, 0x33, 0x33, 0x33, 0x10,
    0x0, 0xf, 0x70, 0x1f, 0xfe, 0xee, 0xef, 0x70,
    0x0, 0xf, 0x70, 0x1f, 0x50, 0x0, 0xf, 0x70,
    0x0, 0xf, 0x70, 0x1f, 0xff, 0xff, 0xff, 0x70,
    0x0, 0xf, 0x89, 0x4f, 0x61, 0x11, 0x1f, 0x70,
    0x0, 0x1f, 0xfe, 0x4f, 0xff, 0xff, 0xff, 0x70,
    0x0, 0x8f, 0x90, 0x1f, 0x50, 0x4, 0x5f, 0x60,
    0x0, 0x25, 0x0, 0x1f, 0x50, 0xb, 0xfd, 0x20,

    /* U+8BFB "读" */
    0x0, 0x50, 0x0, 0x0, 0x5, 0xf2, 0x0, 0x0,
    0x2, 0xfa, 0x0, 0x12, 0x27, 0xf4, 0x22, 0x0,
    0x0, 0x5f, 0x90, 0x9f, 0xff, 0xff, 0xff, 0x60,
    0x0, 0x7, 0xc0, 0x12, 0x27, 0xf4, 0x22, 0x0,
    0x0, 0x0, 0x1, 0x99, 0x9c, 0xfa, 0x99, 0x80,
    0x28, 0x88, 0x22, 0xbb, 0xbb, 0xbb, 0xbe, 0xc0,
    0x4f, 0xff, 0x40, 0x9, 0x60, 0xb6, 0xc, 0x70,
    0x0, 0x1f, 0x40, 0x43, 0xcb, 0xf8, 0xa, 0x20,
    0x0, 0x1f, 0x40, 0xbd, 0x43, 0xf8, 0x0, 0x0,
    0x0, 0x1f, 0x41, 0x28, 0xb3, 0xf8, 0x22, 0x20,
    0x0, 0x1f, 0x49, 0xff, 0xff, 0xff, 0xff, 0xf1,
    0x0, 0x1f, 0x9a, 0x22, 0x3e, 0xd5, 0x32, 0x20,
    0x0, 0x1f, 0xf9, 0x0, 0xbf, 0x4c, 0xe3, 0x0,
    0x0, 0x6f, 0x80, 0x5d, 0xf5, 0x0, 0x9f, 0x60,
    0x0, 0x87, 0x7, 0xfc, 0x30, 0x0, 0x7, 0xf2,
    0x0, 0x0, 0x0, 0x40, 0x0, 0x0, 0x0, 0x20,

    /* U+8D1F "负" */
    0x0, 0x0, 0x5, 0x50, 0x0, 0x0, 0x0, 0x0,
    0x0, 0x0, 0x2f, 0xb0, 0x0, 0x0, 0x0, 0x0,
    0x0, 0x0, 0xcf, 0xff, 0xff, 0xf5, 0x0, 0x0,
    0x0, 0xa, 0xf6, 0x33, 0x3c, 0xf2, 0x0, 0x0,
    0x0, 0x9f, 0x70, 0x0, 0x4f, 0x70, 0x0, 0x0,
    0xc, 0xff, 0xff, 0xff, 0xff, 0xff, 0xf7, 0x0,
    0x7, 0x5f, 0xb5, 0x55, 0x55, 0x56, 0xf8, 0x0,
    0x0, 0xf, 0x90, 0x4, 0x80, 0x1, 0xf8, 0x0,
    0x0, 0xf, 0x90, 0x8, 0xf0, 0x1, 0xf8, 0x0,
    0x0, 0xf, 0x90, 0xb, 0xd0, 0x1, 0xf8, 0x0,
    0x0, 0xf, 0x90, 0xf, 0xa0, 0x1, 0xf8, 0x0,
    0x0, 0xf, 0x90, 0x7f, 0x43, 0x1, 0xf8, 0x0,
    0x0, 0x0, 0x7, 0xfa, 0x3f, 0xe7, 0x10, 0x0,
    0x1, 0x48, 0xef, 0x90, 0x1, 0x8f, 0xf8, 0x10,
    0xc, 0xfd, 0x92, 0x0, 0x0, 0x1, 0x8f, 0xa0,
    0x1, 0x10, 0x0, 0x0, 0x0, 0x0, 0x1, 0x0,

    /* U+8D25 "败" */
    0x0, 0x0, 0x0, 0x0, 0x3, 0x60, 0x0, 0x0,
    0xe, 0xff, 0xff, 0xf1, 0x9, 0xd0, 0x0, 0x0,
    0xe, 0x95, 0x58, 0xf1, 0xd, 0x90, 0x0, 0x0,
    0xe, 0x52, 0x43, 0xf1, 0x2f, 0xb9, 0x99, 0x80,
    0xe, 0x56, 0xe3, 0xf1, 0x8f, 0xcc, 0xef, 0xc0,
    0xe, 0x56, 0xe3, 0xf1, 0xe8, 0x0, 0x7d, 0x0,
    0xe, 0x56, 0xe3, 0xf9, 0xf9, 0x0, 0x9b, 0x0,
    0xe, 0x56, 0xe3, 0xf8, 0xde, 0x0, 0xd7, 0x0,
    0xe, 0x56, 0xe3, 0xf1, 0x1f, 0x51, 0xf3, 0x0,
    0xe, 0x58, 0xd3, 0xf1, 0x9, 0xd7, 0xe0, 0x0,
    0xb, 0x4b, 0xa2, 0xc0, 0x1, 0xff, 0x70, 0x0,
    0x0, 0x1f, 0x8a, 0x0, 0x0, 0xbf, 0x40, 0x0,
    0x0, 0xad, 0x2e, 0x70, 0x7, 0xfd, 0xe3, 0x0,
    0x1a, 0xf3, 0x5, 0xf4, 0xaf, 0x60, 0xcf, 0x80,
    0x4d, 0x30, 0x0, 0x62, 0xd5, 0x0, 0x8, 0xb0,
    0x0, 0x0, 0x0, 0x0, 0x0, 0x0, 0x0, 0x0,

    /* U+8D26 "账" */
    0x0, 0x0, 0x0, 0x1, 0xf5, 0x0, 0x0, 0x0,
    0xe, 0xff, 0xff, 0x41, 0xf5, 0x0, 0x2e, 0x40,
    0xe, 0x63, 0x3f, 0x41, 0xf5, 0x0, 0xce, 0x0,
    0xe, 0x3c, 0x3e, 0x41, 0xf5, 0x9, 0xf4, 0x0,
    0xe, 0x3e, 0x4e, 0x41, 0xf5, 0x9f, 0x80, 0x0,
    0xe, 0x3e, 0x4e, 0x41, 0xf5, 0xc9, 0x0, 0x0,
    0xe, 0x3e, 0x4e, 0x67, 0xf9, 0x76, 0x66, 0x60,
    0xe, 0x3e, 0x4e, 0x9f, 0xff, 0xff, 0xff, 0xf0,
    0xe, 0x3f, 0x3e, 0x41, 0xf5, 0x5f, 0x0, 0x0,
    0xe, 0x3f, 0x2e, 0x41, 0xf5, 0x1f, 0x50, 0x0,
    0xe, 0x6f, 0xd, 0x31, 0xf5, 0xb, 0xc0, 0x0,
    0x0, 0x7d, 0xa1, 0x1, 0xf5, 0x4, 0xf5, 0x0,
    0x1, 0xe6, 0xcb, 0x1, 0xf6, 0x76, 0xbe, 0x20,
    0x1b, 0xc0, 0x2f, 0x64, 0xff, 0xf6, 0x1e, 0xe1,
    0x4c, 0x10, 0x4, 0x19, 0xd6, 0x0, 0x2, 0x70,
    0x0, 0x0, 0x0, 0x0, 0x0, 0x0, 0x0, 0x0,

    /* U+8D85 "超" */
    0x0, 0x7, 0xe0, 0x0, 0x0, 0x0, 0x0, 0x0,
    0x0, 0x7, 0xe0, 0x3, 0xff, 0xff, 0xff, 0xd0,
    0xd, 0xff, 0xff, 0xf6, 0x38, 0xf4, 0x3b, 0xc0,
    0x5, 0x6a, 0xf6, 0x62, 0xb, 0xd0, 0xb, 0xb0,
    0x0, 0x7, 0xe0, 0x0, 0x2f, 0x60, 0xe, 0x90,
    0x3d, 0xde, 0xfd, 0xdb, 0xeb, 0xc, 0xff, 0x50,
    0x28, 0x89, 0xf9, 0x88, 0x90, 0x3, 0x53, 0x0,
    0x5, 0x42, 0xf2, 0x0, 0xde, 0xee, 0xee, 0x70,
    0xb, 0xa2, 0xf8, 0x73, 0xea, 0x55, 0x5f, 0x80,
    0xb, 0xa2, 0xff, 0xf8, 0xe8, 0x0, 0xf, 0x80,
    0xc, 0xc2, 0xf2, 0x0, 0xe8, 0x0, 0xf, 0x80,
    0xe, 0xf6, 0xf2, 0x0, 0xef, 0xff, 0xff, 0x80,
    0xf, 0xdf, 0xf2, 0x0, 0x34, 0x44, 0x44, 0x20,
    0x3f, 0x2c, 0xfd, 0x97, 0x77, 0x77, 0x77, 0x72,
    0x7d, 0x0, 0x6b, 0xef, 0xff, 0xff, 0xff, 0xf1,
    0x2, 0x0, 0x0, 0x0, 0x0, 0x0, 0x0, 0x0,

    /* U+8DB3 "足" */
    0x0, 0x6f, 0xff, 0xff, 0xff, 0xff, 0xfb, 0x0,
    0x0, 0x6f, 0x77, 0x77, 0x77, 0x77, 0xfb, 0x0,
    0x0, 0x6f, 0x10, 0x0, 0x0, 0x0, 0xeb, 0x0,
    0x0, 0x6f, 0x10, 0x0, 0x0, 0x0, 0xeb, 0x0,
    0x0, 0x6f, 0xa9, 0x99, 0x99, 0x99, 0xfb, 0x0,
    0x0, 0x5d, 0xdd, 0xdf, 0xfd, 0xdd, 0xd9, 0x0,
    0x0, 0x0, 0x0, 0xa, 0xe0, 0x0, 0x0, 0x0,
    0x0, 0xb, 0xd0, 0xa, 0xe0, 0x0, 0x0, 0x0,
    0x0, 0xe, 0xb0, 0xa, 0xff, 0xff, 0xff, 0x30,
    0x0, 0x1f, 0xc0, 0xa, 0xf7, 0x77, 0x77, 0x10,
    0x0, 0x7f, 0xf7, 0xa, 0xe0, 0x0, 0x0, 0x0,
    0x1, 0xeb, 0x7f, 0x9b, 0xe0, 0x0, 0x0, 0x0,
    0xb, 0xf2, 0x7, 0xff, 0xf9, 0x77, 0x77, 0x72,
    0x1d, 0x50, 0x0, 0x28, 0xce, 0xff, 0xff, 0xf1,
    0x0, 0x0, 0x0, 0x0, 0x0, 0x0, 0x0, 0x0,

    /* U+8DDD "距" */
    0xe, 0xff, 0xff, 0x99, 0xff, 0xff, 0xff, 0xf0,
    0xe, 0x94, 0x4d, 0x99, 0xf7, 0x77, 0x77, 0x70,
    0xe, 0x60, 0xc, 0x99, 0xe0, 0x0, 0x0, 0x0,
    0xe, 0x71, 0x1c, 0x99, 0xe0, 0x0, 0x0, 0x0,
    0xe, 0xff, 0xff, 0x99, 0xff, 0xff, 0xff, 0x10,
    0x3, 0x3b, 0xd3, 0x29, 0xf6, 0x66, 0x9f, 0x10,
    0x2, 0x19, 0xd0, 0x9, 0xe0, 0x0, 0x4f, 0x10,
    0xf, 0x59, 0xe8, 0x69, 0xe0, 0x0, 0x4f, 0x10,
    0xf, 0x59, 0xfd, 0xa9, 0xf7, 0x77, 0xaf, 0x10,
    0xf, 0x59, 0xd0, 0x9, 0xff, 0xff, 0xff, 0x10,
    0xf, 0x59, 0xd0, 0x19, 0xe0, 0x0, 0x0, 0x0,
    0xf, 0x8c, 0xfe, 0xd9, 0xe0, 0x0, 0x0, 0x0,
    0x8f, 0xfd, 0x95, 0x19, 0xff, 0xff, 0xff, 0xf3,
    0x35, 0x10, 0x0, 0x5, 0x88, 0x88, 0x88, 0x82,

    /* U+8DDF "跟" */
    0xe, 0xff, 0xff, 0x9c, 0xff, 0xff, 0xff, 0x50,
    0xe, 0x94, 0x4c, 0x9d, 0xc5, 0x55, 0x5f, 0x60,
    0xe, 0x60, 0xb, 0x9d, 0xa1, 0x11, 0x1f, 0x60,
    0xe, 0x94, 0x4c, 0x9d, 0xff, 0xff, 0xff, 0x60,
    0xe, 0xff, 0xff, 0x9d, 0xb2, 0x22, 0x2f, 0x60,
    0x0, 0x7, 0xd0, 0xd, 0xb2, 0x22, 0x2f, 0x60,
    0x9, 0x37, 0xd0, 0xd, 0xff, 0xff, 0xff, 0x60,
    0xf, 0x47, 0xff, 0x9d, 0xb2, 0xe7, 0x23, 0x30,
    0xf, 0x47, 0xe6, 0x3d, 0xa0, 0xaa, 0x1b, 0xe0,
    0xf, 0x47, 0xd0, 0xd, 0xa0, 0x4f, 0xee, 0x30,
    0xf, 0x47, 0xd0, 0x2d, 0xa0, 0xd, 0xe1, 0x0,
    0xf, 0x9c, 0xff, 0xad, 0xa0, 0x25, 0xfa, 0x0,
    0x9f, 0xfc, 0x84, 0x3f, 0xff, 0xf4, 0x7f, 0xc2,
    0x34, 0x0, 0x0, 0x1f, 0xa6, 0x20, 0x6, 0xb0,
    0x0, 0x0, 0x0, 0x0, 0x0, 0x0, 0x0, 0x0,

    /* U+8DF3 "跳" */
    0x0, 0x0, 0x0, 0x0, 0x7e, 0x2f, 0x40, 0x0,
    0xe, 0xff, 0xff, 0x10, 0x7e, 0x2f, 0x40, 0x0,
    0xe, 0x84, 0x7f, 0x54, 0x7e, 0x2f, 0x44, 0x50,
    0xe, 0x50, 0x3f, 0xad, 0x7e, 0x2f, 0x4b, 0xd0,
    0xe, 0x50, 0x3f, 0x3f, 0xbe, 0x2f, 0x6f, 0x50,
    0xe, 0xfe, 0xff, 0x1c, 0xfe, 0x2f, 0xec, 0x0,
    0x3, 0x3c, 0xa3, 0x3, 0x8e, 0x2f, 0x72, 0x0,
    0xa, 0x2b, 0x80, 0x0, 0x7e, 0x2f, 0x90, 0x0,
    0xe, 0x3b, 0xff, 0x24, 0xed, 0x2f, 0xfc, 0x10,
    0xe, 0x3b, 0xa6, 0xbf, 0xfc, 0x2f, 0x8e, 0xd1,
    0xe, 0x3b, 0x81, 0xe7, 0xca, 0x2f, 0x43, 0xc1,
    0xe, 0x3b, 0x84, 0x31, 0xf6, 0x2f, 0x40, 0x0,
    0x1e, 0xae, 0xff, 0x68, 0xf1, 0x2f, 0x40, 0xc2,
    0x9f, 0xd9, 0x51, 0x6f, 0x70, 0x1f, 0x96, 0xf3,
    0x11, 0x0, 0x1, 0xd9, 0x0, 0xb, 0xff, 0xc0,
    0x0, 0x0, 0x0, 0x10, 0x0, 0x0, 0x0, 0x0,

    /* U+8E2A "踪" */
    0x0, 0x0, 0x0, 0x0, 0x4, 0x90, 0x0, 0x0,
    0xe, 0xff, 0xff, 0x30, 0x5, 0xf4, 0x0, 0x0,
    0xe, 0x94, 0x6f, 0x55, 0x56, 0xfb, 0x55, 0x50,
    0xe, 0x60, 0x3f, 0x8f, 0xff, 0xff, 0xff, 0xf1,
    0xe, 0x60, 0x3f, 0x8f, 0x0, 0x0, 0x5, 0xf1,
    0xe, 0xed, 0xef, 0x59, 0x77, 0x77, 0x76, 0x80,
    0x3, 0x4a, 0xc4, 0x1, 0x99, 0x99, 0x95, 0x0,
    0x9, 0x38, 0xb0, 0x0, 0x0, 0x0, 0x0, 0x0,
    0xe, 0x48, 0xff, 0xcf, 0xff, 0xff, 0xff, 0xf1,
    0xe, 0x48, 0xd6, 0x56, 0x66, 0xfb, 0x66, 0x60,
    0xe, 0x48, 0xb0, 0x1, 0x70, 0xe8, 0x26, 0x0,
    0xe, 0x48, 0xb4, 0x29, 0xd0, 0xe8, 0x3f, 0x40,
    0x1e, 0xbd, 0xff, 0xaf, 0x30, 0xe8, 0x9, 0xd0,
    0x8f, 0xd9, 0x51, 0xa7, 0x24, 0xf7, 0x2, 0xd2,
    0x11, 0x0, 0x0, 0x0, 0x4f, 0xe3, 0x0, 0x0,

    /* U+8F6C "转" */
    0x0, 0x9, 0x50, 0x0, 0x0, 0x3a, 0x20, 0x0,
    0x0, 0xf, 0x70, 0x0, 0x0, 0x7f, 0x10, 0x0,
    0x2f, 0xff, 0xff, 0xd8, 0xff, 0xff, 0xff, 0xf0,
    0x17, 0xce, 0x77, 0x64, 0x78, 0xfc, 0x77, 0x70,
    0x0, 0xc9, 0x20, 0x0, 0x4, 0xf5, 0x0, 0x0,
    0x2, 0xf5, 0xf5, 0x7, 0x7b, 0xf9, 0x77, 0x74,
    0x8, 0xc2, 0xf5, 0xe, 0xef, 0xfe, 0xee, 0xe8,
    0xf, 0xb9, 0xfb, 0x70, 0x1f, 0x80, 0x0, 0x0,
    0xb, 0xdd, 0xfe, 0xb0, 0x6f, 0xa7, 0x77, 0x50,
    0x0, 0x2, 0xf5, 0x0, 0xaf, 0xff, 0xff, 0xb0,
    0x0, 0x3, 0xfa, 0x81, 0x0, 0x0, 0xce, 0x10,
    0x2d, 0xff, 0xfe, 0xa1, 0x2b, 0x59, 0xf3, 0x0,
    0x8, 0x55, 0xf5, 0x0, 0x19, 0xff, 0x70, 0x0,
    0x0, 0x2, 0xf5, 0x0, 0x0, 0x3d, 0xf7, 0x0,
    0x0, 0x2, 0xf5, 0x0, 0x0, 0x0, 0x9a, 0x0,
    0x0, 0x0, 0x0, 0x0, 0x0, 0x0, 0x0, 0x0,

    /* U+8F7D "载" */
    0x0, 0x0, 0x7f, 0x0, 0x6, 0xf2, 0x51, 0x0,
    0x1, 0x33, 0x9f, 0x33, 0x25, 0xf2, 0xdc, 0x0,
    0x5, 0xff, 0xff, 0xff, 0xa5, 0xf2, 0x2f, 0x80,
    0x0, 0x0, 0x7f, 0x0, 0x5, 0xf2, 0x4, 0x20,
    0x3f, 0xff, 0xff, 0xff, 0xff, 0xff, 0xff, 0xf3,
    0x4, 0x48, 0xd5, 0x44, 0x46, 0xf7, 0x44, 0x41,
    0x3, 0x4b, 0xf4, 0x44, 0x42, 0xf5, 0xb, 0x50,
    0xe, 0xff, 0xff, 0xff, 0xf4, 0xf7, 0x2f, 0x40,
    0x0, 0xad, 0x6, 0x40, 0x0, 0xe9, 0x9e, 0x0,
    0x5, 0xf8, 0x5e, 0xb5, 0x40, 0xcd, 0xf7, 0x0,
    0x5, 0xff, 0xff, 0xff, 0xe0, 0x8f, 0xe1, 0x0,
    0x0, 0x0, 0xd, 0x90, 0x10, 0x6f, 0x70, 0x30,
    0xa, 0xbc, 0xdf, 0xff, 0xf6, 0xef, 0x90, 0xc6,
    0x7, 0x75, 0x4e, 0x90, 0x3e, 0xd9, 0xf9, 0xf3,
    0x0, 0x0, 0xd, 0x90, 0x8d, 0x10, 0xaf, 0xb0,
    0x0, 0x0, 0x1, 0x0, 0x0, 0x0, 0x0, 0x0,

    /* U+8F93 "输" */
    0x0, 0x57, 0x0, 0x0, 0x0, 0x85, 0x0, 0x0,
    0x0, 0x9b, 0x0, 0x0, 0x7, 0xfb, 0x0, 0x0,
    0x4d, 0xff, 0xdc, 0x0, 0x9f, 0x8e, 0xc2, 0x0,
    0x28, 0xfa, 0x87, 0x3d, 0xf5, 0x2, 0xcf, 0x81,
    0x3, 0xf1, 0x2, 0xff, 0xed, 0xdd, 0xdf, 0xf6,
    0x7, 0xc9, 0xb0, 0x22, 0x55, 0x55, 0x54, 0x10,
    0xc, 0x79, 0xb0, 0x37, 0x77, 0x60, 0x2, 0xc0,
    0x2f, 0xbd, 0xe8, 0x6f, 0xcd, 0xd3, 0xe3, 0xf0,
    0xc, 0xbe, 0xea, 0x6d, 0x27, 0xd3, 0xe3, 0xf0,
    0x0, 0x9, 0xb0, 0x6f, 0xff, 0xd3, 0xe3, 0xf0,
    0x0, 0x1b, 0xea, 0x6d, 0x5, 0xd3, 0xe3, 0xf0,
    0x3d, 0xff, 0xf9, 0x6f, 0xff, 0xd3, 0xe3, 0xf0,
    0x19, 0x5a, 0xb0, 0x6d, 0x27, 0xd2, 0xb3, 0xf0,
    0x0, 0x9, 0xb0, 0x6d, 0x18, 0xd0, 0x47, 0xf0,
    0x0, 0x9, 0xb0, 0x6c, 0x3e, 0x80, 0xad, 0x80,

    /* U+8FA8 "辨" */
    0x0, 0x0, 0x0, 0x0, 0x0, 0x0, 0x0, 0x0,
    0x0, 0x89, 0x0, 0x0, 0x6d, 0x4, 0xe0, 0x0,
    0x0, 0x7f, 0x0, 0x0, 0x6d, 0x1, 0xf5, 0x0,
    0x5, 0x7f, 0x84, 0x0, 0x6d, 0x55, 0xdb, 0x51,
    0x1f, 0xff, 0xfe, 0x1, 0x6d, 0xee, 0xee, 0xe2,
    0x5, 0x90, 0x96, 0x5d, 0x6d, 0x3b, 0x5, 0xb0,
    0x3, 0xe0, 0xe4, 0x6d, 0x6d, 0x1f, 0x19, 0x90,
    0x5, 0xe6, 0xf4, 0x8b, 0x6e, 0x3d, 0x5d, 0x71,
    0x3f, 0xff, 0xff, 0xb9, 0x7f, 0xff, 0xff, 0xf6,
    0x0, 0x4f, 0x20, 0xa5, 0x8c, 0x0, 0xe7, 0x0,
    0x5, 0x8f, 0x64, 0x0, 0xaa, 0x0, 0xe7, 0x0,
    0xe, 0xff, 0xfd, 0x0, 0xe6, 0xef, 0xff, 0xf3,
    0x0, 0x6f, 0x0, 0x5, 0xf1, 0x55, 0xfa, 0x51,
    0x0, 0xcb, 0x0, 0x1e, 0xa0, 0x0, 0xe7, 0x0,
    0x7, 0xf3, 0x1, 0xce, 0x10, 0x0, 0xe7, 0x0,
    0xa, 0x70, 0x2, 0xb2, 0x0, 0x0, 0xe7, 0x0,
    0x0, 0x0, 0x0, 0x0, 0x0, 0x0, 0x0, 0x0,

    /* U+8FBE "达" */
    0x1, 0x70, 0x0, 0x0, 0xa, 0xe0, 0x0, 0x0,
    0x6, 0xf5, 0x0, 0x0, 0xa, 0xe0, 0x0, 0x0,
    0x0, 0xce, 0x0, 0x0, 0xb, 0xd0, 0x0, 0x0,
    0x0, 0x4f, 0x64, 0x77, 0x7d, 0xe7, 0x77, 0x71,
    0x0, 0x5, 0xa, 0xff, 0xff, 0xff, 0xff, 0xf4,
    0x0, 0x0, 0x0, 0x0, 0xf, 0x80, 0x0, 0x0,
    0x18, 0x88, 0x30, 0x0, 0x3f, 0xc0, 0x0, 0x0,
    0x2f, 0xff, 0x70, 0x0, 0x7f, 0xfc, 0x0, 0x0,
    0x0, 0x1f, 0x70, 0x0, 0xec, 0x4f, 0xb0, 0x0,
    0x0, 0x1f, 0x70, 0x8, 0xf5, 0x6, 0xfa, 0x0,
    0x0, 0x1f, 0x70, 0x7f, 0xa0, 0x0, 0x8f, 0x70,
    0x0, 0x1f, 0x78, 0xfb, 0x0, 0x0, 0xb, 0xf1,
    0x1, 0xbf, 0xc3, 0x60, 0x0, 0x0, 0x1, 0x30,
    0x1e, 0xf6, 0xbf, 0xb8, 0x76, 0x67, 0x78, 0x95,
    0xd, 0x40, 0x5, 0xbe, 0xff, 0xff, 0xff, 0xe4,
    0x0, 0x0, 0x0, 0x0, 0x0, 0x0, 0x0, 0x0,

    /* U+8FC7 "过" */
    0x0, 0x30, 0x0, 0x0, 0x0, 0x9, 0xf0, 0x0,
    0xa, 0xf2, 0x0, 0x0, 0x0, 0x9, 0xf0, 0x0,
    0x1, 0xed, 0x0, 0x0, 0x0, 0x9, 0xf0, 0x0,
    0x0, 0x4f, 0x85, 0x77, 0x77, 0x7c, 0xf7, 0x70,
    0x0, 0x6, 0x1a, 0xff, 0xff, 0xff, 0xff, 0xf1,
    0x0, 0x0, 0x0, 0x0, 0x0, 0x9, 0xf0, 0x0,
    0x17, 0x77, 0x20, 0xaa, 0x0, 0x9, 0xf0, 0x0,
    0x3f, 0xff, 0x40, 0x4f, 0x70, 0x9, 0xf0, 0x0,
    0x0, 0x3f, 0x40, 0x9, 0xf3, 0x9, 0xf0, 0x0,
    0x0, 0x3f, 0x40, 0x0, 0x80, 0x9, 0xf0, 0x0,
    0x0, 0x3f, 0x40, 0x0, 0x0, 0x9, 0xf0, 0x0,
    0x0, 0x3f, 0x40, 0x0, 0x5e, 0xef, 0xd0, 0x0,
    0x4, 0xef, 0xd3, 0x0, 0x19, 0x87, 0x10, 0x0,
    0x4f, 0xc3, 0xbf, 0xda, 0x98, 0x99, 0xab, 0xc4,
    0x1c, 0x10, 0x4, 0xac, 0xee, 0xee, 0xdd, 0xc1,
    0x0, 0x0, 0x0, 0x0, 0x0, 0x0, 0x0, 0x0,

    /* U+8FD0 "运" */
    0x0, 0x0, 0x0, 0x0, 0x0, 0x0, 0x0, 0x0,
    0xa, 0xc2, 0x0, 0xef, 0xff, 0xff, 0xff, 0x30,
    0x4, 0xef, 0x50, 0x66, 0x66, 0x66, 0x66, 0x10,
    0x0, 0x2d, 0x60, 0x0, 0x0, 0x0, 0x0, 0x0,
    0x0, 0x0, 0x1, 0x11, 0x11, 0x11, 0x11, 0x10,
    0x0, 0x0, 0xf, 0xff, 0xff, 0xff, 0xff, 0xf5,
    0x6f, 0xff, 0x27, 0x77, 0xfe, 0x77, 0x77, 0x72,
    0x27, 0x9f, 0x30, 0x6, 0xf6, 0xa, 0x70, 0x0,
    0x0, 0x4f, 0x30, 0xd, 0xd0, 0x8, 0xf2, 0x0,
    0x0, 0x4f, 0x30, 0x7f, 0x40, 0x0, 0xeb, 0x0,
    0x0, 0x4f, 0x33, 0xff, 0xbc, 0xde, 0xff, 0x50,
    0x0, 0x4f, 0x32, 0xfd, 0xba, 0x87, 0x5d, 0xd0,
    0x1, 0xaf, 0xa1, 0x0, 0x0, 0x0, 0x3, 0x10,
    0x2e, 0xf8, 0xdf, 0xa8, 0x66, 0x67, 0x88, 0x94,
    0x1e, 0x40, 0x7, 0xcf, 0xff, 0xff, 0xff, 0xf3,
    0x1, 0x0, 0x0, 0x0, 0x1, 0x0, 0x0, 0x0,

    /* U+8FD1 "近" */
    0x2, 0x50, 0x0, 0x0, 0x23, 0x57, 0xad, 0x40,
    0x8, 0xf6, 0x0, 0x7f, 0xff, 0xfe, 0xc9, 0x50,
    0x0, 0xbf, 0x30, 0x7f, 0x41, 0x0, 0x0, 0x0,
    0x0, 0x1e, 0x60, 0x7f, 0x10, 0x0, 0x0, 0x0,
    0x0, 0x1, 0x0, 0x7f, 0x10, 0x0, 0x0, 0x0,
    0x0, 0x0, 0x0, 0x7f, 0xee, 0xee, 0xee, 0xe4,
    0x18, 0x88, 0x20, 0x8f, 0xbb, 0xcf, 0xdb, 0xb3,
    0x3f, 0xff, 0x40, 0x9e, 0x0, 0x1f, 0x70, 0x0,
    0x0, 0x3f, 0x40, 0xbc, 0x0, 0x1f, 0x70, 0x0,
    0x0, 0x3f, 0x40, 0xe9, 0x0, 0x1f, 0x70, 0x0,
    0x0, 0x3f, 0x44, 0xf5, 0x0, 0x1f, 0x70, 0x0,
    0x0, 0x3f, 0x4b, 0xe0, 0x0, 0x1f, 0x70, 0x0,
    0x3, 0xdf, 0xc5, 0x50, 0x0, 0xb, 0x40, 0x0,
    0x3f, 0xc3, 0xbf, 0xc9, 0x88, 0x88, 0x9a, 0xb4,
    0xc, 0x10, 0x4, 0xac, 0xee, 0xee, 0xdd, 0xc1,
    0x0, 0x0, 0x0, 0x0, 0x0, 0x0, 0x0, 0x0,

    /* U+8FD4 "返" */
    0x0, 0x0, 0x0, 0x0, 0x0, 0x0, 0x3, 0x0,
    0x9, 0xa0, 0x0, 0x78, 0x8a, 0xbd, 0xff, 0x90,
    0x6, 0xf9, 0x0, 0xef, 0xdc, 0xa9, 0x63, 0x0,
    0x0, 0x9f, 0x30, 0xe9, 0x0, 0x0, 0x0, 0x0,
    0x0, 0x3, 0x0, 0xec, 0x77, 0x77, 0x77, 0x10,
    0x0, 0x0, 0x0, 0xef, 0xff, 0xff, 0xff, 0x40,
    0x27, 0x77, 0x0, 0xf9, 0x0, 0x0, 0x9e, 0x0,
    0x5f, 0xff, 0x10, 0xf8, 0xda, 0x2, 0xf8, 0x0,
    0x0, 0x7f, 0x12, 0xf5, 0x4e, 0xdd, 0xe0, 0x0,
    0x0, 0x7f, 0x17, 0xf2, 0x3, 0xff, 0x70, 0x0,
    0x0, 0x7f, 0x1d, 0xc0, 0x3d, 0xfd, 0xf5, 0x0,
    0x0, 0x7f, 0x7f, 0x5a, 0xfd, 0x30, 0xbf, 0x50,
    0x3, 0xdf, 0x74, 0x5, 0x60, 0x0, 0x7, 0x0,
    0x5f, 0xc7, 0xfe, 0x97, 0x66, 0x66, 0x78, 0x93,
    0x3d, 0x10, 0x18, 0xdf, 0xff, 0xff, 0xff, 0xe1,
    0x0, 0x0, 0x0, 0x0, 0x1, 0x0, 0x0, 0x0,

    /* U+8FDB "进" */
    0x0, 0x0, 0x0, 0x0, 0x0, 0x0, 0x0, 0x0,
    0x6, 0xc0, 0x0, 0x7, 0xf1, 0x8, 0xe0, 0x0,
    0x3, 0xfc, 0x0, 0x7, 0xf1, 0x9, 0xe0, 0x0,
    0x0, 0x3f, 0x84, 0x8b, 0xf8, 0x8c, 0xf8, 0x70,
    0x0, 0x3, 0x8, 0xff, 0xff, 0xff, 0xff, 0xd0,
    0x0, 0x0, 0x0, 0x7, 0xf1, 0x9, 0xe0, 0x0,
    0x29, 0x99, 0x20, 0x7, 0xf1, 0x9, 0xe0, 0x0,
    0x3d, 0xdf, 0x45, 0x8b, 0xf8, 0x8c, 0xf8, 0x81,
    0x0, 0x3f, 0x49, 0xff, 0xff, 0xff, 0xff, 0xf3,
    0x0, 0x3f, 0x40, 0xc, 0xb0, 0x9, 0xe0, 0x0,
    0x0, 0x3f, 0x40, 0x3f, 0x70, 0x9, 0xe0, 0x0,
    0x0, 0x3f, 0x41, 0xde, 0x0, 0x9, 0xe0, 0x0,
    0x1, 0xbf, 0xa1, 0xb3, 0x0, 0x7, 0xc0, 0x0,
    0x2e, 0xe6, 0xde, 0x97, 0x55, 0x56, 0x67, 0x84,
    0x1e, 0x20, 0x6, 0xcf, 0xff, 0xff, 0xff, 0xe3,
    0x1, 0x0, 0x0, 0x0, 0x1, 0x0, 0x0, 0x0,

    /* U+8FDE "连" */
    0x0, 0x30, 0x0, 0x0, 0x63, 0x0, 0x0, 0x0,
    0x7, 0xf4, 0x0, 0x1, 0xf9, 0x0, 0x0, 0x0,
    0x0, 0xce, 0x1b, 0xff, 0xff, 0xff, 0xff, 0xe0,
    0x0, 0x2f, 0x64, 0x5f, 0xc5, 0x55, 0x55, 0x50,
    0x0, 0x1, 0x0, 0x5f, 0x41, 0xd5, 0x0, 0x0,
    0x2, 0x22, 0x0, 0xdc, 0x2, 0xf7, 0x0, 0x0,
    0x5f, 0xff, 0x15, 0xff, 0xff, 0xff, 0xff, 0x60,
    0x14, 0x8f, 0x10, 0x75, 0x57, 0xfa, 0x55, 0x20,
    0x0, 0x5f, 0x10, 0x0, 0x2, 0xf6, 0x0, 0x0,
    0x0, 0x5f, 0x1e, 0xff, 0xff, 0xff, 0xff, 0xf1,
    0x0, 0x5f, 0x17, 0x77, 0x78, 0xfb, 0x77, 0x70,
    0x0, 0x5f, 0x10, 0x0, 0x2, 0xf6, 0x0, 0x0,
    0x4, 0xef, 0x91, 0x0, 0x2, 0xf6, 0x0, 0x0,
    0x5f, 0xd7, 0xef, 0xa8, 0x77, 0xc9, 0x89, 0xa5,
    0x2e, 0x10, 0x18, 0xcf, 0xff, 0xff, 0xff, 0xe3,
    0x1, 0x0, 0x0, 0x0, 0x1, 0x0, 0x0, 0x0,

    /* U+8FDF "迟" */
    0x0, 0x50, 0x0, 0x0, 0x0, 0x0, 0x0, 0x0,
    0x6, 0xf7, 0x0, 0x7f, 0xff, 0xff, 0xff, 0x90,
    0x0, 0x8f, 0x50, 0x7f, 0x87, 0x77, 0x7f, 0x90,
    0x0, 0xb, 0x70, 0x7f, 0x20, 0x0, 0xf, 0x90,
    0x0, 0x0, 0x0, 0x7f, 0x20, 0x0, 0xf, 0x90,
    0x0, 0x0, 0x0, 0x7f, 0xff, 0xff, 0xff, 0x90,
    0x1f, 0xff, 0x60, 0x8f, 0x88, 0x98, 0x88, 0x40,
    0x7, 0x8f, 0x60, 0x9f, 0x2, 0xe8, 0x0, 0x0,
    0x0, 0x1f, 0x60, 0xcd, 0x0, 0x9f, 0x70, 0x0,
    0x0, 0x1f, 0x60, 0xfa, 0x0, 0xb, 0xf6, 0x0,
    0x0, 0x1f, 0x66, 0xf5, 0x0, 0x0, 0xcf, 0x40,
    0x0, 0x1f, 0x6d, 0xe0, 0x0, 0x0, 0x1e, 0xd0,
    0x1, 0xbf, 0xc4, 0x40, 0x0, 0x0, 0x4, 0x20,
    0x2e, 0xf6, 0xcf, 0xb8, 0x76, 0x67, 0x88, 0x95,
    0xd, 0x40, 0x5, 0xbe, 0xff, 0xff, 0xfe, 0xe4,
    0x0, 0x0, 0x0, 0x0, 0x0, 0x0, 0x0, 0x0,

    /* U+8FFD "追" */
    0x0, 0x0, 0x0, 0x0, 0x7, 0x80, 0x0, 0x0,
    0x8, 0xc1, 0x0, 0x0, 0xf, 0xb0, 0x0, 0x0,
    0x2, 0xed, 0x10, 0xbf, 0xff, 0xff, 0xfe, 0x0,
    0x0, 0x3f, 0x50, 0xbc, 0x44, 0x44, 0xbe, 0x0,
    0x0, 0x1, 0x0, 0xbb, 0x0, 0x0, 0x9e, 0x0,
    0x0, 0x0, 0x0, 0xbf, 0xff, 0xff, 0xfe, 0x0,
    0x5f, 0xff, 0x50, 0xbd, 0x55, 0x55, 0x54, 0x0,
    0x27, 0x8f, 0x50, 0xbc, 0x33, 0x33, 0x33, 0x10,
    0x0, 0x1f, 0x50, 0xbf, 0xff, 0xff, 0xff, 0x80,
    0x0, 0x1f, 0x50, 0xbb, 0x11, 0x11, 0x1f, 0x80,
    0x0, 0x1f, 0x50, 0xbb, 0x0, 0x0, 0xf, 0x80,
    0x0, 0x1f, 0x50, 0xbe, 0xbb, 0xbb, 0xbf, 0x80,
    0x0, 0x6f, 0x80, 0x68, 0x88, 0x88, 0x88, 0x40,
    0xb, 0xfa, 0xec, 0x75, 0x44, 0x44, 0x56, 0x75,
    0xd, 0x50, 0x18, 0xdf, 0xff, 0xff, 0xff, 0xf5,
    0x1, 0x0, 0x0, 0x0, 0x11, 0x10, 0x0, 0x0,

    /* U+9001 "送" */
    0x0, 0x20, 0x0, 0x4, 0x0, 0x0, 0x52, 0x0,
    0x8, 0xf2, 0x0, 0x5f, 0x40, 0x2, 0xf9, 0x0,
    0x0, 0xdd, 0x0, 0xc, 0xd0, 0x9, 0xe1, 0x0,
    0x0, 0x2f, 0x55, 0xac, 0xca, 0xaf, 0xda, 0x50,
    0x0, 0x2, 0x6, 0xcc, 0xcf, 0xec, 0xcc, 0x60,
    0x2, 0x22, 0x0, 0x0, 0xe, 0xa0, 0x0, 0x0,
    0x4f, 0xff, 0x12, 0x22, 0x2f, 0xb2, 0x22, 0x20,
    0x14, 0x8f, 0x2f, 0xff, 0xff, 0xff, 0xff, 0xf0,
    0x0, 0x5f, 0x13, 0x33, 0x6f, 0xf5, 0x33, 0x30,
    0x0, 0x5f, 0x10, 0x0, 0xaf, 0xde, 0x20, 0x0,
    0x0, 0x5f, 0x10, 0x8, 0xf6, 0x1d, 0xe3, 0x0,
    0x0, 0x5f, 0x14, 0xcf, 0x80, 0x1, 0xdf, 0x20,
    0x4, 0xef, 0x87, 0xd4, 0x0, 0x0, 0x1a, 0x0,
    0x6f, 0xc7, 0xfe, 0xa8, 0x76, 0x77, 0x89, 0x93,
    0x4d, 0x0, 0x18, 0xdf, 0xff, 0xff, 0xff, 0xe1,
    0x1, 0x0, 0x0, 0x0, 0x1, 0x0, 0x0, 0x0,

    /* U+9002 "适" */
    0x0, 0x0, 0x0, 0x0, 0x0, 0x0, 0x33, 0x0,
    0xa, 0x80, 0x1, 0x67, 0x9b, 0xdf, 0xfd, 0x0,
    0x6, 0xf8, 0x2, 0xdc, 0xbd, 0xf5, 0x20, 0x0,
    0x0, 0x6f, 0x20, 0x0, 0x9, 0xf0, 0x0, 0x0,
    0x0, 0x1, 0xe, 0xee, 0xef, 0xfe, 0xee, 0xe4,
    0x0, 0x0, 0x6, 0x66, 0x6c, 0xf6, 0x66, 0x62,
    0x7f, 0xff, 0x10, 0x0, 0x9, 0xf0, 0x0, 0x0,
    0x26, 0x9f, 0x10, 0xbc, 0xce, 0xfc, 0xcc, 0x0,
    0x0, 0x5f, 0x10, 0xeb, 0x77, 0x77, 0xbf, 0x10,
    0x0, 0x5f, 0x10, 0xe8, 0x0, 0x0, 0x7f, 0x10,
    0x0, 0x5f, 0x10, 0xe8, 0x0, 0x0, 0x7f, 0x10,
    0x0, 0x5f, 0x10, 0xef, 0xff, 0xff, 0xff, 0x10,
    0x1, 0xbf, 0xa1, 0x33, 0x33, 0x33, 0x33, 0x0,
    0x2e, 0xe6, 0xbf, 0xb8, 0x76, 0x67, 0x78, 0x93,
    0x1d, 0x10, 0x4, 0xad, 0xef, 0xee, 0xed, 0xc1,
    0x0, 0x0, 0x0, 0x0, 0x0, 0x0, 0x0, 0x0,

    /* U+9009 "选" */
    0x1, 0x10, 0x0, 0x4, 0x7, 0xf1, 0x0, 0x0,
    0xd, 0xd1, 0x0, 0x4f, 0x37, 0xf1, 0x0, 0x0,
    0x3, 0xfc, 0x0, 0xaf, 0x5a, 0xf6, 0x55, 0x30,
    0x0, 0x6f, 0x52, 0xff, 0xff, 0xff, 0xff, 0x90,
    0x0, 0x4, 0xa, 0xe0, 0x7, 0xf1, 0x0, 0x0,
    0x0, 0x0, 0x1, 0x30, 0x7, 0xf1, 0x0, 0x0,
    0x15, 0x55, 0xd, 0xff, 0xff, 0xff, 0xff, 0xf4,
    0x3f, 0xff, 0x25, 0x68, 0xf9, 0x8f, 0x86, 0x61,
    0x0, 0x5f, 0x20, 0x6, 0xf3, 0x3f, 0x40, 0x0,
    0x0, 0x4f, 0x20, 0xc, 0xe0, 0x3f, 0x40, 0x50,
    0x0, 0x4f, 0x20, 0x9f, 0x60, 0x3f, 0x40, 0xf6,
    0x0, 0x4f, 0x3d, 0xf9, 0x0, 0x2f, 0xee, 0xf3,
    0x0, 0x7f, 0xb8, 0x40, 0x0, 0x6, 0x89, 0x60,
    0x1b, 0xfb, 0xbf, 0xa7, 0x65, 0x56, 0x67, 0x83,
    0x1e, 0x70, 0x5, 0xbe, 0xff, 0xff, 0xff, 0xf2,
    0x1, 0x0, 0x0, 0x0, 0x1, 0x10, 0x0, 0x0,

    /* U+901A "通" */
    0x0, 0x0, 0x0, 0x0, 0x0, 0x0, 0x0, 0x0,
    0x8, 0x70, 0x5, 0xff, 0xff, 0xff, 0xff, 0x60,
    0x8, 0xf8, 0x1, 0x26, 0x83, 0x28, 0xfb, 0x0,
    0x0, 0x7f, 0x60, 0x6, 0xee, 0xcf, 0x60, 0x0,
    0x0, 0x6, 0x13, 0x77, 0x8d, 0xff, 0x97, 0x50,
    0x0, 0x0, 0x6, 0xfa, 0xac, 0xfa, 0xae, 0xc0,
    0x27, 0x77, 0x16, 0xf3, 0x38, 0xf3, 0x3c, 0xc0,
    0x5f, 0xff, 0x36, 0xfe, 0xef, 0xfe, 0xef, 0xc0,
    0x0, 0x3f, 0x36, 0xf0, 0x7, 0xe0, 0xb, 0xc0,
    0x0, 0x3f, 0x36, 0xff, 0xff, 0xff, 0xff, 0xc0,
    0x0, 0x3f, 0x36, 0xf2, 0x28, 0xf2, 0x2c, 0xc0,
    0x0, 0x3f, 0x36, 0xf0, 0x7, 0xe1, 0x3c, 0xb0,
    0x0, 0x9f, 0x86, 0xf0, 0x6, 0xd2, 0xfe, 0x60,
    0x1c, 0xe6, 0xdd, 0x75, 0x33, 0x34, 0x55, 0x63,
    0x2e, 0x20, 0x7, 0xcf, 0xff, 0xff, 0xff, 0xf3,
    0x1, 0x0, 0x0, 0x0, 0x1, 0x0, 0x0, 0x0,

    /* U+901F "速" */
    0x0, 0x0, 0x0, 0x0, 0xe, 0x80, 0x0, 0x0,
    0xb, 0xb0, 0x0, 0x0, 0xe, 0x80, 0x0, 0x0,
    0x5, 0xf9, 0x1f, 0xff, 0xff, 0xff, 0xff, 0xe0,
    0x0, 0x8f, 0x55, 0x55, 0x5f, 0xb5, 0x55, 0x50,
    0x0, 0x9, 0x1, 0x55, 0x5f, 0xb5, 0x55, 0x20,
    0x0, 0x0, 0x5, 0xfd, 0xdf, 0xed, 0xdf, 0x80,
    0x3b, 0xbb, 0x35, 0xf1, 0xe, 0x80, 0xf, 0x80,
    0x16, 0x7f, 0x55, 0xfd, 0xdf, 0xed, 0xdf, 0x80,
    0x0, 0x1f, 0x52, 0x55, 0xef, 0xfa, 0x55, 0x20,
    0x0, 0x1f, 0x50, 0x8, 0xff, 0xef, 0x90, 0x0,
    0x0, 0x1f, 0x50, 0x9f, 0x5e, 0x84, 0xed, 0x10,
    0x0, 0x1f, 0x6d, 0xf6, 0xe, 0x80, 0x2d, 0x90,
    0x0, 0x8f, 0xa5, 0x30, 0xc, 0x70, 0x1, 0x10,
    0x1c, 0xf8, 0xce, 0x96, 0x44, 0x45, 0x67, 0x81,
    0x2e, 0x30, 0x6, 0xcf, 0xff, 0xff, 0xff, 0xe0,
    0x1, 0x0, 0x0, 0x0, 0x1, 0x10, 0x0, 0x0,

    /* U+9053 "道" */
    0x0, 0x0, 0x0, 0x17, 0x0, 0x1, 0x51, 0x0,
    0x8, 0x70, 0x0, 0x2f, 0x80, 0x8, 0xf1, 0x0,
    0x7, 0xf6, 0x7, 0x7d, 0xc7, 0x7f, 0xc7, 0x71,
    0x0, 0x9f, 0x2c, 0xcc, 0xcf, 0xec, 0xcc, 0xc2,
    0x0, 0x4, 0x0, 0x22, 0x4f, 0x72, 0x22, 0x0,
    0x0, 0x0, 0x0, 0xef, 0xee, 0xee, 0xff, 0x0,
    0x3f, 0xff, 0x40, 0xe8, 0x0, 0x0, 0x8f, 0x0,
    0x17, 0x8f, 0x40, 0xef, 0xff, 0xff, 0xff, 0x0,
    0x0, 0x2f, 0x40, 0xe8, 0x0, 0x0, 0x8f, 0x0,
    0x0, 0x2f, 0x40, 0xef, 0xee, 0xee, 0xff, 0x0,
    0x0, 0x2f, 0x40, 0xe8, 0x11, 0x11, 0x9f, 0x0,
    0x0, 0x2f, 0x40, 0xec, 0x99, 0x99, 0xdf, 0x0,
    0x0, 0x8f, 0x90, 0x89, 0x99, 0x99, 0x98, 0x0,
    0x1c, 0xf7, 0xce, 0x96, 0x44, 0x44, 0x56, 0x73,
    0x2e, 0x30, 0x6, 0xcf, 0xff, 0xff, 0xff, 0xe2,
    0x1, 0x0, 0x0, 0x0, 0x1, 0x10, 0x0, 0x0,

    /* U+90E8 "部" */
    0x0, 0x1, 0xb5, 0x0, 0x0, 0x0, 0x0, 0x0,
    0x0, 0x0, 0xdb, 0x0, 0x1, 0xff, 0xff, 0xc1,
    0x6, 0x77, 0xcf, 0x77, 0x61, 0xf8, 0x5b, 0xf1,
    0xb, 0xee, 0xee, 0xfe, 0xc1, 0xf4, 0xd, 0xb0,
    0x0, 0xab, 0x0, 0x8e, 0x1, 0xf4, 0x2f, 0x50,
    0x0, 0x5f, 0x20, 0xda, 0x1, 0xf4, 0x8e, 0x0,
    0x15, 0x6e, 0x88, 0xf8, 0x52, 0xf4, 0xe9, 0x0,
    0x4f, 0xff, 0xff, 0xff, 0xf4, 0xf4, 0x7f, 0x20,
    0x0, 0x0, 0x0, 0x0, 0x1, 0xf4, 0xd, 0xa0,
    0x2, 0x77, 0x77, 0x77, 0x31, 0xf4, 0x7, 0xf0,
    0x6, 0xfe, 0xee, 0xef, 0x81, 0xf4, 0x5, 0xf1,
    0x6, 0xf0, 0x0, 0xf, 0x81, 0xf5, 0x3a, 0xf0,
    0x6, 0xf0, 0x0, 0xf, 0x81, 0xf6, 0xfd, 0x50,
    0x6, 0xff, 0xff, 0xff, 0x81, 0xf4, 0x0, 0x0,
    0x6, 0xf6, 0x66, 0x6d, 0x71, 0xf4, 0x0, 0x0,

    /* U+914D "配" */
    0x1, 0x11, 0x11, 0x11, 0x0, 0x0, 0x0, 0x0,
    0x3f, 0xff, 0xff, 0xff, 0xd, 0xff, 0xff, 0xf5,
    0x3, 0x3c, 0x7e, 0x43, 0x6, 0x77, 0x78, 0xf5,
    0x0, 0xb, 0x4e, 0x20, 0x0, 0x0, 0x2, 0xf5,
    0x9, 0xff, 0xff, 0xfb, 0x0, 0x0, 0x2, 0xf5,
    0xa, 0xba, 0x7d, 0x9b, 0x0, 0x0, 0x2, 0xf5,
    0xa, 0x98, 0x4c, 0x6b, 0xb, 0xfe, 0xee, 0xf5,
    0xa, 0x99, 0x2c, 0x6b, 0xc, 0xd7, 0x78, 0xf5,
    0xa, 0xbd, 0xd, 0xeb, 0xc, 0xb0, 0x1, 0xa3,
    0xa, 0xa3, 0x0, 0x6b, 0xc, 0xb0, 0x0, 0x0,
    0xa, 0xb4, 0x44, 0x9b, 0xc, 0xb0, 0x0, 0x0,
    0xa, 0xec, 0xcc, 0xeb, 0xc, 0xb0, 0x0, 0x33,
    0xa, 0x90, 0x0, 0x6b, 0xc, 0xb0, 0x0, 0x8e,
    0xa, 0xff, 0xff, 0xfb, 0xb, 0xe6, 0x66, 0xdb,
    0xa, 0xa3, 0x33, 0x7a, 0x5, 0xef, 0xff, 0xe4,
    0x0, 0x0, 0x0, 0x0, 0x0, 0x0, 0x0, 0x0,

    /* U+91C7 "采" */
    0x0, 0x0, 0x0, 0x0, 0x0, 0x1, 0x41, 0x0,
    0x3, 0x56, 0x78, 0x9a, 0xce, 0xff, 0xfc, 0x0,
    0x8, 0xff, 0xfe, 0xdc, 0xb9, 0x86, 0x41, 0x0,
    0x0, 0x12, 0x0, 0x4b, 0x0, 0x0, 0xaa, 0x0,
    0x0, 0xae, 0x10, 0x3f, 0x60, 0x3, 0xf8, 0x0,
    0x0, 0x2f, 0x80, 0xd, 0xb0, 0xc, 0xd0, 0x0,
    0x0, 0xa, 0xb0, 0xa, 0x60, 0x6f, 0x40, 0x0,
    0x0, 0x1, 0x0, 0xe, 0xb0, 0x14, 0x0, 0x0,
    0x2f, 0xff, 0xff, 0xff, 0xff, 0xff, 0xff, 0xf0,
    0x17, 0x77, 0x7a, 0xff, 0xff, 0x87, 0x77, 0x70,
    0x0, 0x0, 0x3e, 0xdf, 0xce, 0xd2, 0x0, 0x0,
    0x0, 0x7, 0xfd, 0x1e, 0xa2, 0xee, 0x50, 0x0,
    0x4, 0xcf, 0xb0, 0xe, 0xa0, 0x1c, 0xfb, 0x30,
    0x4f, 0xe6, 0x0, 0xe, 0xa0, 0x0, 0x7f, 0xf2,
    0x4, 0x10, 0x0, 0xe, 0xa0, 0x0, 0x1, 0x30,

    /* U+91CD "重" */
    0x0, 0x0, 0x1, 0x12, 0x45, 0x78, 0xa0, 0x0,
    0x0, 0xcf, 0xff, 0xff, 0xff, 0xff, 0xf6, 0x0,
    0x0, 0x7b, 0xa9, 0x9f, 0xc5, 0x42, 0x0, 0x0,
    0x2a, 0xaa, 0xaa, 0xaf, 0xda, 0xaa, 0xaa, 0xa0,
    0x16, 0x66, 0x66, 0x6f, 0xc6, 0x66, 0x66, 0x60,
    0x0, 0x6d, 0xdd, 0xdf, 0xfd, 0xdd, 0xd8, 0x0,
    0x0, 0x8f, 0x33, 0x3f, 0xa3, 0x33, 0xf9, 0x0,
    0x0, 0x8f, 0xdd, 0xdf, 0xfd, 0xdd, 0xf9, 0x0,
    0x0, 0x8f, 0x22, 0x2f, 0xa2, 0x22, 0xe9, 0x0,
    0x0, 0x8f, 0xee, 0xef, 0xfe, 0xee, 0xf9, 0x0,
    0x0, 0x12, 0x22, 0x2f, 0xa2, 0x22, 0x21, 0x0,
    0x1, 0xee, 0xee, 0xef, 0xfe, 0xee, 0xee, 0x10,
    0x0, 0x44, 0x44, 0x4f, 0xb4, 0x44, 0x44, 0x0,
    0x29, 0x99, 0x99, 0x9f, 0xd9, 0x99, 0x99, 0x91,
    0x3a, 0xaa, 0xaa, 0xaa, 0xaa, 0xaa, 0xaa, 0xa1,

    /* U+91CF "量" */
    0x0, 0x3f, 0xed, 0xdd, 0xdd, 0xde, 0xf2, 0x0,
    0x0, 0x3f, 0x96, 0x66, 0x66, 0x69, 0xf2, 0x0,
    0x0, 0x3f, 0x85, 0x55, 0x55, 0x59, 0xf2, 0x0,
    0x0, 0x2e, 0xdd, 0xdd, 0xdd, 0xdd, 0xe2, 0x0,
    0x18, 0x88, 0x88, 0x88, 0x88, 0x88, 0x88, 0x82,
    0x18, 0x88, 0x88, 0x88, 0x88, 0x88, 0x88, 0x82,
    0x0, 0x6d, 0xdd, 0xdd, 0xdd, 0xdd, 0xd8, 0x0,
    0x0, 0x7f, 0x44, 0x4d, 0xc4, 0x44, 0xea, 0x0,
    0x0, 0x7f, 0x88, 0x8e, 0xd8, 0x88, 0xfa, 0x0,
    0x0, 0x7f, 0xcc, 0xcf, 0xfc, 0xcc, 0xfa, 0x0,
    0x0, 0x12, 0x22, 0x2c, 0xc2, 0x22, 0x22, 0x0,
    0x0, 0xef, 0xff, 0xff, 0xff, 0xff, 0xff, 0x0,
    0x0, 0x11, 0x11, 0x1c, 0xc1, 0x11, 0x11, 0x0,
    0x4f, 0xff, 0xff, 0xff, 0xff, 0xff, 0xff, 0xf5,

    /* U+949F "钟" */
    0x0, 0x6a, 0x0, 0x0, 0x0, 0xe9, 0x0, 0x0,
    0xd, 0xa0, 0x0, 0x0, 0xe, 0x90, 0x0, 0x6,
    0xff, 0xff, 0x90, 0x0, 0xe9, 0x0, 0x2, 0xeb,
    0x77, 0x74, 0x56, 0x6f, 0xc6, 0x65, 0x5f, 0x31,
    0x11, 0xc, 0xff, 0xff, 0xff, 0xd0, 0x7f, 0xff,
    0xf4, 0xc9, 0xe, 0x90, 0xad, 0x1, 0x4f, 0xa4,
    0x1c, 0x90, 0xe9, 0xa, 0xd0, 0x0, 0xe8, 0x0,
    0xc9, 0xe, 0x90, 0xad, 0x1a, 0xaf, 0xda, 0x6c,
    0xb4, 0xfb, 0x4b, 0xd1, 0xbb, 0xfe, 0xb7, 0xcf,
    0xff, 0xff, 0xfd, 0x0, 0xe, 0x80, 0xc, 0xa2,
    0xfa, 0x2b, 0xd0, 0x0, 0xe8, 0x1, 0x21, 0xe,
    0x90, 0x0, 0x0, 0xf, 0xbc, 0xc0, 0x0, 0xe9,
    0x0, 0x0, 0x6, 0xff, 0x92, 0x0, 0xe, 0x90,
    0x0, 0x0, 0x59, 0x10, 0x0, 0x0, 0xe9, 0x0,
    0x0,

    /* U+9500 "销" */
    0x0, 0x58, 0x0, 0x0, 0x0, 0x7e, 0x0, 0x0,
    0x0, 0xca, 0x0, 0xd, 0x80, 0x7e, 0x5, 0xe0,
    0x4, 0xfa, 0x77, 0x48, 0xf1, 0x7e, 0xb, 0x90,
    0xd, 0xff, 0xff, 0x81, 0xf8, 0x7e, 0x3f, 0x10,
    0x5e, 0x10, 0x0, 0x1, 0x73, 0x8f, 0x37, 0x10,
    0x7, 0xff, 0xff, 0x4e, 0xff, 0xff, 0xff, 0xb0,
    0x1, 0x4f, 0x94, 0x1e, 0x93, 0x33, 0x3c, 0xb0,
    0x0, 0xe, 0x70, 0xe, 0x81, 0x11, 0x1b, 0xb0,
    0x19, 0x9f, 0xc9, 0x5e, 0xff, 0xff, 0xff, 0xb0,
    0x1c, 0xcf, 0xdc, 0x7e, 0x93, 0x33, 0x3b, 0xb0,
    0x0, 0xe, 0x70, 0xe, 0xa4, 0x44, 0x4c, 0xb0,
    0x0, 0xe, 0x70, 0xe, 0xff, 0xff, 0xff, 0xb0,
    0x0, 0xf, 0xbd, 0x5e, 0x70, 0x0, 0xa, 0xb0,
    0x0, 0x6f, 0xf8, 0x1e, 0x70, 0x2, 0x5c, 0xa0,
    0x0, 0x4a, 0x10, 0xe, 0x70, 0x2, 0xff, 0x50,
    0x0, 0x0, 0x0, 0x0, 0x0, 0x0, 0x0, 0x0,

    /* U+955C "镜" */
    0x0, 0x35, 0x0, 0x0, 0x0, 0x93, 0x0, 0x0,
    0x0, 0xbc, 0x0, 0x9, 0x99, 0xfd, 0x99, 0x60,
    0x3, 0xff, 0xff, 0x3a, 0xbc, 0xaa, 0xdb, 0x70,
    0xc, 0xd6, 0x66, 0x10, 0xab, 0x0, 0xf6, 0x0,
    0x5f, 0x40, 0x0, 0x48, 0xbe, 0x8a, 0xf8, 0x80,
    0xc, 0xaa, 0xaa, 0x7e, 0xee, 0xee, 0xee, 0xe1,
    0x4, 0xbf, 0xda, 0x4, 0x55, 0x55, 0x55, 0x20,
    0x0, 0x1f, 0x50, 0xd, 0xb6, 0x66, 0x6f, 0x70,
    0x1d, 0xdf, 0xed, 0x5d, 0xfe, 0xee, 0xef, 0x70,
    0x19, 0x9f, 0xb9, 0x3d, 0x80, 0x0, 0xf, 0x70,
    0x0, 0x1f, 0x50, 0xd, 0xff, 0xff, 0xff, 0x70,
    0x0, 0x1f, 0x53, 0x20, 0x7f, 0xb, 0xa0, 0x0,
    0x0, 0x1f, 0xdf, 0x40, 0xbc, 0xb, 0xa0, 0x61,
    0x0, 0xaf, 0xd4, 0x2a, 0xf5, 0xb, 0xb2, 0xe4,
    0x0, 0x88, 0x1, 0xee, 0x50, 0x7, 0xff, 0xd1,
    0x0, 0x0, 0x0, 0x10, 0x0, 0x0, 0x0, 0x0,

    /* U+957F "长" */
    0x0, 0x1, 0xf8, 0x0, 0x0, 0x0, 0x82, 0x0,
    0x0, 0x1, 0xf8, 0x0, 0x0, 0x1c, 0xf6, 0x0,
    0x0, 0x1, 0xf8, 0x0, 0x3, 0xef, 0x60, 0x0,
    0x0, 0x1, 0xf8, 0x1, 0x9f, 0xe4, 0x0, 0x0,
    0x0, 0x1, 0xf8, 0x3f, 0xfb, 0x10, 0x0, 0x0,
    0x0, 0x1, 0xf8, 0x6, 0x40, 0x0, 0x0, 0x0,
    0x7, 0x78, 0xfb, 0x77, 0x77, 0x77, 0x77, 0x72,
    0xf, 0xff, 0xff, 0xff, 0xff, 0xff, 0xff, 0xf4,
    0x0, 0x2, 0xf8, 0x1, 0xfa, 0x0, 0x0, 0x0,
    0x0, 0x1, 0xf8, 0x0, 0x8f, 0x30, 0x0, 0x0,
    0x0, 0x1, 0xf8, 0x0, 0xe, 0xe1, 0x0, 0x0,
    0x0, 0x1, 0xf8, 0x0, 0x3, 0xfd, 0x20, 0x0,
    0x0, 0x1, 0xf9, 0x58, 0xc3, 0x4f, 0xf8, 0x10,
    0x0, 0x6, 0xff, 0xff, 0xb2, 0x2, 0xcf, 0xf4,
    0x0, 0x6, 0xd8, 0x30, 0x0, 0x0, 0x5, 0x80,
    0x0, 0x0, 0x0, 0x0, 0x0, 0x0, 0x0, 0x0,

    /* U+95ED "闭" */
    0x7, 0x20, 0x0, 0x0, 0x0, 0x0, 0x0, 0x1d,
    0xd1, 0x7f, 0xff, 0xff, 0xff, 0xfb, 0x2, 0xf9,
    0x36, 0x66, 0x66, 0x66, 0xeb, 0x12, 0x51, 0x0,
    0x0, 0x63, 0x0, 0xcb, 0x9e, 0x0, 0x0, 0x0,
    0xf9, 0x0, 0xcb, 0x9e, 0x4, 0x44, 0x44, 0xfa,
    0x42, 0xcb, 0x9e, 0xf, 0xff, 0xff, 0xff, 0xfa,
    0xcb, 0x9e, 0x2, 0x22, 0x5f, 0xfa, 0x21, 0xcb,
    0x9e, 0x0, 0x1, 0xdd, 0xf9, 0x0, 0xcb, 0x9e,
    0x0, 0x2d, 0xe2, 0xf9, 0x0, 0xcb, 0x9e, 0x6,
    0xfd, 0x20, 0xf9, 0x0, 0xcb, 0x9e, 0x6f, 0xa1,
    0x0, 0xf9, 0x0, 0xcb, 0x9e, 0x3, 0x3, 0x77,
    0xf8, 0x0, 0xcb, 0x9e, 0x0, 0x2, 0xfe, 0xc2,
    0x25, 0xdb, 0x9e, 0x0, 0x0, 0x0, 0x0, 0x3f,
    0xf5, 0x0, 0x0, 0x0, 0x0, 0x0, 0x0, 0x0,

    /* U+95F4 "间" */
    0x7, 0x10, 0x0, 0x0, 0x0, 0x0, 0x0, 0x1d,
    0xd1, 0x8f, 0xff, 0xff, 0xff, 0xfb, 0x2, 0xf8,
    0x36, 0x66, 0x66, 0x66, 0xeb, 0x12, 0x30, 0x0,
    0x0, 0x0, 0x0, 0xdb, 0xae, 0x0, 0x0, 0x0,
    0x0, 0x0, 0xdb, 0xae, 0x1, 0xff, 0xff, 0xff,
    0x30, 0xdb, 0xae, 0x1, 0xf7, 0x44, 0x6f, 0x30,
    0xdb, 0xae, 0x1, 0xf4, 0x0, 0x3f, 0x30, 0xdb,
    0xae, 0x1, 0xff, 0xff, 0xff, 0x30, 0xdb, 0xae,
    0x1, 0xf7, 0x44, 0x6f, 0x30, 0xdb, 0xae, 0x1,
    0xf4, 0x0, 0x3f, 0x30, 0xdb, 0xae, 0x1, 0xff,
    0xff, 0xff, 0x30, 0xdb, 0xae, 0x0, 0x44, 0x44,
    0x44, 0x10, 0xdb, 0xae, 0x0, 0x0, 0x0, 0x0,
    0x25, 0xeb, 0xae, 0x0, 0x0, 0x0, 0x0, 0x2f,
    0xe5,

    /* U+961F "队" */
    0x0, 0x0, 0x0, 0x0, 0x3f, 0x50, 0x0, 0x8,
    0xff, 0xff, 0xb0, 0x3, 0xf5, 0x0, 0x0, 0x8f,
    0x55, 0xfa, 0x0, 0x3f, 0x40, 0x0, 0x8, 0xe0,
    0x4f, 0x40, 0x3, 0xf4, 0x0, 0x0, 0x8e, 0x9,
    0xd0, 0x0, 0x4f, 0x30, 0x0, 0x8, 0xe0, 0xf8,
    0x0, 0x5, 0xf4, 0x0, 0x0, 0x8e, 0x8, 0xe1,
    0x0, 0x7f, 0x70, 0x0, 0x8, 0xe0, 0xe, 0x80,
    0x9, 0xfa, 0x0, 0x0, 0x8e, 0x0, 0xac, 0x0,
    0xdf, 0xe0, 0x0, 0x8, 0xe0, 0xc, 0xc0, 0x2f,
    0xaf, 0x40, 0x0, 0x8e, 0x3f, 0xf7, 0x8, 0xf2,
    0xdb, 0x0, 0x8, 0xe0, 0x53, 0x2, 0xfa, 0x6,
    0xf4, 0x0, 0x8e, 0x0, 0x1, 0xdf, 0x20, 0xd,
    0xe2, 0x8, 0xe0, 0x2, 0xdf, 0x50, 0x0, 0x2f,
    0xe3, 0x8e, 0x0, 0x1c, 0x50, 0x0, 0x0, 0x3c,
    0x10, 0x0, 0x0, 0x0, 0x0, 0x0, 0x0, 0x0,

    /* U+9645 "际" */
    0x0, 0x0, 0x0, 0x0, 0x0, 0x0, 0x0, 0xe,
    0xff, 0xfe, 0x25, 0x66, 0x66, 0x66, 0x0, 0xeb,
    0x5b, 0xf1, 0xef, 0xff, 0xff, 0xf1, 0xe, 0x80,
    0xcb, 0x0, 0x0, 0x0, 0x0, 0x0, 0xe8, 0x1f,
    0x50, 0x0, 0x0, 0x0, 0x0, 0xe, 0x85, 0xe0,
    0x29, 0x99, 0x99, 0x99, 0x92, 0xe8, 0x3f, 0x44,
    0xdd, 0xef, 0xed, 0xdd, 0x4e, 0x80, 0xac, 0x0,
    0x5, 0xf3, 0x0, 0x0, 0xe8, 0x6, 0xf0, 0x63,
    0x5f, 0x35, 0x40, 0xe, 0x80, 0x6f, 0x1e, 0x75,
    0xf3, 0x9e, 0x0, 0xe8, 0x9f, 0xd4, 0xf2, 0x5f,
    0x33, 0xf6, 0xe, 0x83, 0x61, 0xbc, 0x5, 0xf3,
    0xe, 0xd0, 0xe8, 0x0, 0x3f, 0x50, 0x5f, 0x30,
    0x9f, 0x3e, 0x80, 0x0, 0x41, 0x8b, 0xf2, 0x3,
    0x50, 0xe8, 0x0, 0x0, 0xe, 0xfb, 0x0, 0x0,
    0x0,

    /* U+9650 "限" */
    0x0, 0x0, 0x0, 0x0, 0x0, 0x0, 0x0, 0x6,
    0xff, 0xff, 0x5b, 0xff, 0xff, 0xff, 0x70, 0x6f,
    0x57, 0xf4, 0xbd, 0x55, 0x55, 0xf7, 0x6, 0xe0,
    0x6e, 0xb, 0xc0, 0x0, 0xf, 0x70, 0x6e, 0xb,
    0x90, 0xbf, 0xff, 0xff, 0xf7, 0x6, 0xe1, 0xf3,
    0xb, 0xd4, 0x44, 0x4f, 0x70, 0x6e, 0xc, 0xa0,
    0xbc, 0x0, 0x0, 0xf7, 0x6, 0xe0, 0x3f, 0x2b,
    0xff, 0xff, 0xff, 0x70, 0x6e, 0x0, 0xf5, 0xbd,
    0x5e, 0xb5, 0x55, 0x6, 0xe0, 0xf, 0x6b, 0xc0,
    0x9d, 0x9, 0xf2, 0x6e, 0x4e, 0xf3, 0xbc, 0x3,
    0xfe, 0xe5, 0x6, 0xe1, 0x63, 0xb, 0xc0, 0xb,
    0xf2, 0x0, 0x6e, 0x0, 0x0, 0xbc, 0x14, 0x4f,
    0xc1, 0x6, 0xe0, 0x0, 0x1e, 0xff, 0xf5, 0x4f,
    0xe5, 0x6e, 0x0, 0x1, 0xd9, 0x51, 0x0, 0x3b,
    0x10, 0x0, 0x0, 0x0, 0x0, 0x0, 0x0, 0x0,

    /* U+968F "随" */
    0x0, 0x0, 0x0, 0x0, 0x4, 0x70, 0x0, 0xe,
    0xff, 0xf4, 0x10, 0x0, 0xab, 0x0, 0x0, 0xe9,
    0x7f, 0xbd, 0xe, 0xff, 0xff, 0xff, 0x3e, 0x65,
    0xe0, 0xe7, 0x59, 0xf5, 0x55, 0x51, 0xe6, 0x8a,
    0x6, 0x90, 0xdb, 0x33, 0x31, 0xe, 0x6c, 0x50,
    0x0, 0x8f, 0xff, 0xff, 0x90, 0xe6, 0xd5, 0x46,
    0x7f, 0xea, 0x0, 0xc9, 0xe, 0x66, 0xd9, 0xee,
    0x2a, 0xff, 0xff, 0x90, 0xe6, 0x1f, 0x16, 0xe0,
    0xaa, 0x0, 0xc9, 0xe, 0x60, 0xf3, 0x6e, 0xa,
    0xff, 0xff, 0x90, 0xe7, 0x8f, 0x26, 0xe0, 0xab,
    0x22, 0xc9, 0xe, 0x6e, 0xb0, 0x6e, 0xa, 0xa0,
    0x3d, 0x90, 0xe6, 0x0, 0x2d, 0xf2, 0x89, 0xa,
    0xd4, 0xe, 0x60, 0x2e, 0xa8, 0xf9, 0x54, 0x45,
    0x62, 0xe6, 0x1, 0xa0, 0x3, 0xbf, 0xff, 0xff,
    0x20, 0x0, 0x0, 0x0, 0x0, 0x0, 0x0, 0x0,

    /* U+9694 "隔" */
    0x0, 0x0, 0x0, 0x0, 0x0, 0x0, 0x0, 0xe,
    0xff, 0xf7, 0xdf, 0xff, 0xff, 0xff, 0xf2, 0xe9,
    0x6f, 0x64, 0x55, 0x55, 0x55, 0x55, 0xe, 0x64,
    0xf1, 0xf, 0xff, 0xff, 0xff, 0x50, 0xe6, 0x8b,
    0x1, 0xf4, 0x11, 0x11, 0xf5, 0xe, 0x6d, 0x60,
    0x1f, 0xba, 0xaa, 0xaf, 0x50, 0xe6, 0x7d, 0x0,
    0x66, 0x66, 0x66, 0x62, 0xe, 0x60, 0xf4, 0xae,
    0xee, 0xee, 0xef, 0xd0, 0xe6, 0xd, 0x8b, 0xb7,
    0x74, 0x58, 0x8f, 0xe, 0x60, 0xd8, 0xb9, 0x4e,
    0x7, 0xb6, 0xf0, 0xe8, 0xcf, 0x5b, 0x90, 0xc4,
    0xe4, 0x6f, 0xe, 0x68, 0x60, 0xb9, 0xdf, 0xff,
    0xf7, 0xf0, 0xe6, 0x0, 0xb, 0x90, 0xf, 0x30,
    0x6f, 0xe, 0x60, 0x0, 0xb9, 0x0, 0xf3, 0x28,
    0xe0, 0xe6, 0x0, 0xb, 0x90, 0xf, 0x38, 0xfa,
    0x0, 0x0, 0x0, 0x0, 0x0, 0x0, 0x0, 0x0,

    /* U+96C6 "集" */
    0x0, 0x0, 0x72, 0x3, 0x60, 0x0, 0x0, 0x0,
    0x0, 0x9, 0xf2, 0x5, 0xf4, 0x0, 0x0, 0x0,
    0x0, 0x5f, 0xfe, 0xee, 0xff, 0xee, 0xee, 0x30,
    0x4, 0xff, 0x33, 0x38, 0xf4, 0x33, 0x33, 0x10,
    0x5f, 0xff, 0xff, 0xff, 0xff, 0xff, 0xf9, 0x0,
    0x18, 0x8f, 0x11, 0x17, 0xf3, 0x11, 0x10, 0x0,
    0x0, 0x7f, 0xff, 0xff, 0xff, 0xff, 0xfa, 0x0,
    0x0, 0x7f, 0x11, 0x17, 0xf3, 0x11, 0x10, 0x0,
    0x0, 0x7f, 0xee, 0xef, 0xff, 0xee, 0xee, 0xb0,
    0x0, 0x5b, 0x44, 0x49, 0x74, 0x44, 0x44, 0x30,
    0x26, 0x66, 0x66, 0x6f, 0xb6, 0x66, 0x66, 0x60,
    0x4d, 0xdd, 0xde, 0xff, 0xff, 0xdd, 0xdd, 0xd0,
    0x0, 0x2, 0x9f, 0xaf, 0xbd, 0xd6, 0x10, 0x0,
    0x37, 0xcf, 0xb3, 0xf, 0x90, 0x5c, 0xfb, 0x71,
    0x2c, 0x72, 0x0, 0xf, 0x90, 0x0, 0x27, 0xa0,

    /* U+96F7 "雷" */
    0xf, 0xff, 0xff, 0xff, 0xff, 0xff, 0xb0, 0x3,
    0x33, 0x33, 0xfa, 0x33, 0x33, 0x20, 0xef, 0xff,
    0xff, 0xff, 0xff, 0xff, 0xfb, 0xe9, 0x33, 0x33,
    0xfa, 0x33, 0x33, 0xac, 0xe7, 0xdf, 0xf6, 0xe8,
    0xbf, 0xfc, 0x8c, 0x84, 0x11, 0x10, 0xe8, 0x1,
    0x11, 0x47, 0x3, 0xff, 0xf6, 0xe8, 0xbf, 0xff,
    0x30, 0x1, 0x33, 0x33, 0x86, 0x33, 0x33, 0x10,
    0x8, 0xff, 0xff, 0xff, 0xff, 0xff, 0x80, 0x8,
    0xe0, 0x0, 0xe8, 0x0, 0xf, 0x80, 0x8, 0xfe,
    0xee, 0xff, 0xee, 0xef, 0x80, 0x8, 0xe3, 0x33,
    0xfa, 0x33, 0x3f, 0x80, 0x8, 0xf9, 0x99, 0xfd,
    0x99, 0x9f, 0x80, 0x8, 0xf9, 0x99, 0x99, 0x99,
    0x9f, 0x80, 0x1, 0x10, 0x0, 0x0, 0x0, 0x0,
    0x0,

    /* U+9700 "需" */
    0x0, 0xef, 0xff, 0xff, 0xff, 0xff, 0xfe, 0x0,
    0x0, 0x33, 0x33, 0x3d, 0xc3, 0x33, 0x33, 0x0,
    0xd, 0xff, 0xff, 0xff, 0xff, 0xff, 0xff, 0xe0,
    0xe, 0x83, 0x44, 0x2c, 0xb3, 0x44, 0x38, 0xf0,
    0xe, 0x7a, 0xcc, 0x6c, 0xb7, 0xcc, 0xa8, 0xf0,
    0x2, 0x3b, 0xbb, 0x6c, 0xb7, 0xbb, 0xb3, 0x20,
    0x0, 0x3, 0x33, 0x19, 0x82, 0x33, 0x30, 0x0,
    0x9, 0x99, 0x99, 0x99, 0x99, 0x99, 0x99, 0x90,
    0xa, 0xaa, 0xaa, 0xaf, 0xda, 0xaa, 0xaa, 0xa0,
    0x0, 0x79, 0x99, 0x9f, 0xc9, 0x99, 0x99, 0x10,
    0x0, 0xdd, 0xac, 0xfa, 0xaf, 0xda, 0xbf, 0x30,
    0x0, 0xd9, 0x5, 0xf0, 0xd, 0x80, 0x4f, 0x30,
    0x0, 0xd9, 0x5, 0xf0, 0xd, 0x81, 0x5f, 0x20,
    0x0, 0xd9, 0x5, 0xf0, 0xd, 0x88, 0xfe, 0x10,
    0x0, 0x10, 0x0, 0x0, 0x0, 0x0, 0x10, 0x0,

    /* U+9762 "面" */
    0x2f, 0xff, 0xff, 0xff, 0xff, 0xff, 0xff, 0xf3,
    0x7, 0x77, 0x77, 0x8f, 0xc7, 0x77, 0x77, 0x71,
    0x0, 0x0, 0x0, 0x4f, 0x60, 0x0, 0x0, 0x0,
    0x2, 0x66, 0x66, 0xaf, 0x86, 0x66, 0x66, 0x20,
    0x7, 0xff, 0xff, 0xff, 0xff, 0xff, 0xff, 0x60,
    0x7, 0xf0, 0xf, 0x60, 0x9, 0xc0, 0x2f, 0x60,
    0x7, 0xf0, 0xf, 0x94, 0x4b, 0xc0, 0x2f, 0x60,
    0x7, 0xf0, 0xf, 0xff, 0xff, 0xc0, 0x2f, 0x60,
    0x7, 0xf0, 0xf, 0x60, 0x9, 0xc0, 0x2f, 0x60,
    0x7, 0xf0, 0xf, 0xfe, 0xef, 0xc0, 0x2f, 0x60,
    0x7, 0xf0, 0xf, 0x95, 0x5b, 0xc0, 0x2f, 0x60,
    0x7, 0xf0, 0xf, 0x60, 0x9, 0xc0, 0x2f, 0x60,
    0x7, 0xfe, 0xef, 0xfe, 0xef, 0xfe, 0xef, 0x60,
    0x7, 0xf8, 0x88, 0x88, 0x88, 0x88, 0x9f, 0x60,

    /* U+9875 "页" */
    0xd, 0xff, 0xff, 0xff, 0xff, 0xff, 0xff, 0xf0,
    0x5, 0x66, 0x66, 0x7f, 0xc6, 0x66, 0x66, 0x60,
    0x0, 0x0, 0x0, 0x5f, 0x40, 0x0, 0x0, 0x0,
    0x0, 0x27, 0x77, 0xcf, 0x77, 0x77, 0x74, 0x0,
    0x0, 0x6f, 0xff, 0xff, 0xff, 0xff, 0xfa, 0x0,
    0x0, 0x6f, 0x20, 0x2, 0x20, 0x0, 0xfa, 0x0,
    0x0, 0x6f, 0x20, 0xb, 0xd0, 0x0, 0xfa, 0x0,
    0x0, 0x6f, 0x20, 0xb, 0xd0, 0x0, 0xfa, 0x0,
    0x0, 0x6f, 0x20, 0xb, 0xd0, 0x0, 0xfa, 0x0,
    0x0, 0x6f, 0x20, 0xd, 0xc0, 0x0, 0xfa, 0x0,
    0x0, 0x6f, 0x20, 0x4f, 0x85, 0x20, 0xf9, 0x0,
    0x0, 0x0, 0x6, 0xfd, 0x2d, 0xfb, 0x30, 0x0,
    0x0, 0x27, 0xdf, 0xb1, 0x0, 0x5d, 0xfa, 0x10,
    0xd, 0xff, 0xa4, 0x0, 0x0, 0x0, 0x6f, 0xc0,
    0x3, 0x40, 0x0, 0x0, 0x0, 0x0, 0x1, 0x20,

    /* U+9884 "预" */
    0x0, 0x0, 0x0, 0x0, 0x11, 0x11, 0x11, 0x10,
    0x2f, 0xff, 0xff, 0xad, 0xff, 0xff, 0xff, 0xf3,
    0x5, 0x55, 0x8f, 0x53, 0x44, 0xbf, 0x44, 0x40,
    0x1, 0x40, 0xdb, 0x0, 0x11, 0xdb, 0x11, 0x0,
    0x6, 0xfe, 0xd1, 0x4, 0xff, 0xff, 0xff, 0x90,
    0x0, 0x4e, 0xe4, 0x4, 0xf5, 0x44, 0x4e, 0x90,
    0x49, 0x9a, 0xfd, 0x96, 0xf1, 0x79, 0xe, 0x90,
    0x5c, 0xcf, 0xed, 0xf5, 0xf1, 0xac, 0xe, 0x90,
    0x0, 0xf, 0x86, 0xc4, 0xf1, 0xac, 0xe, 0x90,
    0x0, 0xf, 0x8b, 0x74, 0xf1, 0xac, 0xe, 0x90,
    0x0, 0xf, 0x81, 0x4, 0xf1, 0xda, 0xe, 0x90,
    0x0, 0xf, 0x80, 0x2, 0x94, 0xf6, 0x17, 0x40,
    0x0, 0xf, 0x80, 0x0, 0x2d, 0xd5, 0xf6, 0x0,
    0x5, 0x6f, 0x80, 0x18, 0xfc, 0x10, 0x8f, 0x90,
    0xa, 0xfd, 0x30, 0x2d, 0x60, 0x0, 0x6, 0xb0,
    0x0, 0x0, 0x0, 0x0, 0x0, 0x0, 0x0, 0x0,

    /* U+9891 "频" */
    0x0, 0x0, 0x9b, 0x0, 0x0, 0x0, 0x0, 0x0,
    0x0, 0x10, 0x9b, 0x0, 0xef, 0xff, 0xff, 0xf1,
    0x4, 0xe0, 0x9f, 0xdd, 0x45, 0x5f, 0x95, 0x50,
    0x4, 0xe0, 0x9d, 0x65, 0x0, 0x4f, 0x10, 0x0,
    0x4, 0xe0, 0x9b, 0x0, 0x7e, 0xff, 0xee, 0x90,
    0x4c, 0xfb, 0xee, 0xbb, 0xcd, 0x55, 0x5c, 0xa0,
    0x4b, 0xbb, 0xfd, 0xbb, 0xcb, 0xe, 0x2a, 0xa0,
    0x0, 0x40, 0xf7, 0x1, 0x8b, 0x1f, 0x2a, 0xa0,
    0x4, 0xf1, 0xf7, 0x4f, 0xab, 0x1f, 0x2a, 0xa0,
    0xb, 0xb0, 0xf7, 0xad, 0x8b, 0x2f, 0x1a, 0xa0,
    0x3f, 0x30, 0xf9, 0xf6, 0x8b, 0x4f, 0xa, 0xa0,
    0x3, 0x0, 0x9f, 0xd0, 0x79, 0x7d, 0x8, 0x80,
    0x0, 0x1, 0xcf, 0x20, 0x0, 0xdd, 0xd2, 0x0,
    0x1, 0x7e, 0xe3, 0x0, 0x1b, 0xe2, 0x9f, 0x50,
    0x1e, 0xf8, 0x0, 0x4, 0xfd, 0x30, 0x7, 0xf2,
    0x3, 0x0, 0x0, 0x0, 0x40, 0x0, 0x0, 0x20,

    /* U+9898 "题" */
    0x6, 0xff, 0xff, 0xf1, 0xff, 0xff, 0xff, 0xf5,
    0x6, 0xf0, 0x5, 0xf1, 0x33, 0x9f, 0x43, 0x31,
    0x6, 0xff, 0xff, 0xf1, 0x36, 0xdd, 0x66, 0x40,
    0x6, 0xf0, 0x5, 0xf1, 0x9e, 0xbb, 0xbe, 0xa0,
    0x6, 0xff, 0xff, 0xf1, 0x9a, 0x6, 0x1b, 0xa0,
    0x0, 0x11, 0x11, 0x10, 0x9a, 0x1f, 0x2b, 0xa0,
    0x26, 0x66, 0x66, 0x65, 0x9a, 0x2f, 0x1b, 0xa0,
    0x4b, 0xbc, 0xfb, 0xb9, 0x9a, 0x4f, 0xb, 0xa0,
    0x2, 0xa4, 0xf0, 0x0, 0x9a, 0x7d, 0xb, 0xa0,
    0x4, 0xf4, 0xff, 0xf8, 0x45, 0xd8, 0x76, 0x40,
    0x6, 0xf6, 0xf2, 0x21, 0x1b, 0xe2, 0xcd, 0x30,
    0xa, 0xfe, 0xf0, 0x6, 0xed, 0x20, 0xa, 0xf2,
    0xe, 0x6a, 0xfa, 0x67, 0x83, 0x33, 0x33, 0x81,
    0x6e, 0x0, 0x4a, 0xde, 0xff, 0xff, 0xff, 0xf2,
    0x1, 0x0, 0x0, 0x0, 0x0, 0x0, 0x0, 0x0,

    /* U+989D "额" */
    0x0, 0x4, 0xc1, 0x0, 0x0, 0x0, 0x0, 0x0,
    0x0, 0x1, 0xf8, 0x0, 0xef, 0xff, 0xff, 0xf2,
    0x2f, 0xff, 0xff, 0xfd, 0x45, 0x7f, 0x75, 0x50,
    0x2f, 0x67, 0x64, 0x6e, 0x0, 0x6e, 0x0, 0x0,
    0x1a, 0x4f, 0x93, 0x59, 0x8b, 0xee, 0xbb, 0x70,
    0x1, 0xdf, 0xff, 0xf7, 0xbc, 0x88, 0x8d, 0xa0,
    0x2e, 0xc4, 0xa, 0xd0, 0xb8, 0x2b, 0x1b, 0xa0,
    0x6, 0x5f, 0xef, 0x20, 0xb8, 0x3f, 0x1b, 0xa0,
    0x2, 0x9f, 0xdf, 0xc4, 0xb8, 0x3f, 0xb, 0xa0,
    0x3f, 0xe6, 0x1, 0x8b, 0xb8, 0x4f, 0xb, 0xa0,
    0x5, 0xfe, 0xee, 0xe5, 0xb8, 0x6d, 0xb, 0xa0,
    0x1, 0xf8, 0x44, 0xf5, 0x97, 0xa9, 0x8, 0x70,
    0x1, 0xf5, 0x0, 0xf5, 0x1, 0xf5, 0xd4, 0x0,
    0x1, 0xf8, 0x44, 0xf5, 0x1c, 0x90, 0x5f, 0x60,
    0x1, 0xff, 0xff, 0xf9, 0xd7, 0x0, 0x2, 0xd3,
    0x0, 0x0, 0x0, 0x0, 0x0, 0x0, 0x0, 0x0,

    /* U+98CE "风" */
    0x0, 0x8f, 0xff, 0xff, 0xff, 0xff, 0xf7, 0x0,
    0x0, 0x8f, 0x77, 0x77, 0x77, 0x77, 0xf7, 0x0,
    0x0, 0x8f, 0x0, 0x0, 0x3, 0x40, 0xf7, 0x0,
    0x0, 0x8f, 0x2b, 0x20, 0xb, 0xb0, 0xf7, 0x0,
    0x0, 0x8f, 0x1d, 0xd1, 0x2f, 0x60, 0xf7, 0x0,
    0x0, 0x8f, 0x2, 0xeb, 0xae, 0x0, 0xf7, 0x0,
    0x0, 0x9f, 0x0, 0x5f, 0xf7, 0x0, 0xf7, 0x0,
    0x0, 0xae, 0x0, 0xd, 0xf5, 0x0, 0xf7, 0x0,
    0x0, 0xcc, 0x0, 0x8f, 0xee, 0x10, 0xe8, 0x0,
    0x0, 0xf9, 0x5, 0xfa, 0x2f, 0xb0, 0xd9, 0x0,
    0x3, 0xf6, 0x5f, 0xc0, 0x8, 0xf5, 0xca, 0x32,
    0x8, 0xf2, 0xbd, 0x10, 0x0, 0xc5, 0x9d, 0x5a,
    0x1f, 0xc0, 0x0, 0x0, 0x0, 0x0, 0x5f, 0xd8,
    0x2d, 0x40, 0x0, 0x0, 0x0, 0x0, 0xb, 0xf3,
    0x0, 0x0, 0x0, 0x0, 0x0, 0x0, 0x0, 0x0,

    /* U+98DE "飞" */
    0xf, 0xff, 0xff, 0xff, 0xff, 0xa0, 0x0, 0x0,
    0x9, 0x99, 0x99, 0x99, 0x9e, 0xb0, 0x9, 0x60,
    0x0, 0x0, 0x0, 0x0, 0xc, 0xb0, 0x8f, 0x60,
    0x0, 0x0, 0x0, 0x0, 0xc, 0xb8, 0xf6, 0x0,
    0x0, 0x0, 0x0, 0x0, 0xb, 0xff, 0x60, 0x0,
    0x0, 0x0, 0x0, 0x0, 0xa, 0xfe, 0x40, 0x0,
    0x0, 0x0, 0x0, 0x0, 0x9, 0xfc, 0xfa, 0x10,
    0x0, 0x0, 0x0, 0x0, 0x7, 0xf0, 0x6f, 0xe0,
    0x0, 0x0, 0x0, 0x0, 0x5, 0xf3, 0x2, 0x70,
    0x0, 0x0, 0x0, 0x0, 0x2, 0xf6, 0x0, 0x10,
    0x0, 0x0, 0x0, 0x0, 0x0, 0xeb, 0x0, 0xc4,
    0x0, 0x0, 0x0, 0x0, 0x0, 0x8f, 0x30, 0xe5,
    0x0, 0x0, 0x0, 0x0, 0x0, 0x1e, 0xea, 0xf2,
    0x0, 0x0, 0x0, 0x0, 0x0, 0x3, 0xcf, 0x90,

    /* U+9910 "餐" */
    0x0, 0x0, 0xf2, 0x0, 0x0, 0x0, 0x0, 0x0,
    0x0, 0x0, 0xff, 0xfe, 0x9f, 0xff, 0xff, 0x30,
    0x0, 0x37, 0xf2, 0x0, 0x3, 0x0, 0xad, 0x0,
    0x2, 0xee, 0xee, 0xf5, 0x3e, 0xca, 0xf3, 0x0,
    0x3e, 0x94, 0x2d, 0xc1, 0x4, 0xff, 0xc1, 0x0,
    0x2, 0x3f, 0xf9, 0x2c, 0xdd, 0x93, 0xbf, 0x30,
    0x9, 0xec, 0x46, 0xec, 0xdc, 0x40, 0x6, 0x0,
    0x5, 0x58, 0xee, 0x69, 0x67, 0xee, 0x94, 0x10,
    0x2d, 0xff, 0xfd, 0xce, 0xfc, 0xdf, 0xef, 0xf1,
    0x6, 0x37, 0xf4, 0x44, 0x44, 0x4f, 0x70, 0x20,
    0x0, 0x7, 0xf7, 0x77, 0x77, 0x7f, 0x70, 0x0,
    0x0, 0x7, 0xfc, 0xcc, 0xcc, 0xcf, 0xa6, 0x0,
    0x0, 0x7, 0xf1, 0x13, 0xfd, 0x77, 0xf6, 0x0,
    0x0, 0xb, 0xf7, 0x9b, 0x56, 0xcf, 0xc3, 0x0,
    0x0, 0xd, 0xca, 0x75, 0x10, 0x3, 0xac, 0x0,
    0x0, 0x0, 0x0, 0x0, 0x0, 0x0, 0x0, 0x0,

    /* U+9A8C "验" */
    0x0, 0x0, 0x0, 0x0, 0x0, 0x76, 0x0, 0x0,
    0x3f, 0xff, 0xfd, 0x0, 0x2, 0xfa, 0x0, 0x0,
    0x14, 0x44, 0xac, 0x0, 0xc, 0xef, 0x50, 0x0,
    0x2, 0x40, 0x8b, 0x0, 0x9f, 0x39, 0xf4, 0x0,
    0x7, 0xc0, 0x9a, 0x8, 0xf6, 0x0, 0xbf, 0x50,
    0x8, 0xb0, 0xa9, 0xbf, 0xb5, 0x55, 0x6d, 0xf6,
    0xa, 0xa0, 0xc7, 0x97, 0x7f, 0xff, 0xf5, 0xa2,
    0xc, 0x90, 0xe6, 0x0, 0x0, 0x11, 0x0, 0x0,
    0xe, 0xff, 0xff, 0xa5, 0xa0, 0xa9, 0x6, 0xe0,
    0x3, 0x33, 0x3d, 0x93, 0xf1, 0x7c, 0xb, 0xa0,
    0x0, 0x14, 0x4e, 0x80, 0xe5, 0x4f, 0x2f, 0x30,
    0x6d, 0xfd, 0x6f, 0x70, 0xa6, 0x17, 0x9c, 0x0,
    0x35, 0x10, 0x1f, 0x50, 0x0, 0x0, 0xf5, 0x0,
    0x0, 0x23, 0x8f, 0x2e, 0xee, 0xef, 0xfe, 0xe3,
    0x0, 0x6f, 0xf9, 0x6, 0x66, 0x66, 0x66, 0x61,
    0x0, 0x0, 0x0, 0x0, 0x0, 0x0, 0x0, 0x0,

    /* U+9AD8 "高" */
    0x0, 0x0, 0x0, 0x6, 0x40, 0x0, 0x0, 0x0,
    0x0, 0x0, 0x0, 0xd, 0xd0, 0x0, 0x0, 0x0,
    0x1f, 0xff, 0xff, 0xff, 0xff, 0xff, 0xff, 0xf0,
    0x5, 0x55, 0x55, 0x55, 0x55, 0x55, 0x55, 0x50,
    0x0, 0xb, 0xee, 0xee, 0xee, 0xee, 0xd0, 0x0,
    0x0, 0xc, 0xb1, 0x11, 0x11, 0x1a, 0xf0, 0x0,
    0x0, 0xc, 0xfc, 0xcc, 0xcc, 0xce, 0xf0, 0x0,
    0x0, 0x3, 0x44, 0x44, 0x44, 0x44, 0x30, 0x0,
    0x8, 0xff, 0xff, 0xff, 0xff, 0xff, 0xff, 0x90,
    0x9, 0xe4, 0x44, 0x44, 0x44, 0x44, 0x4f, 0x90,
    0x9, 0xe0, 0x8f, 0xee, 0xee, 0xe5, 0xf, 0x90,
    0x9, 0xe0, 0x8e, 0x22, 0x22, 0xf5, 0xf, 0x90,
    0x9, 0xe0, 0x8e, 0x22, 0x22, 0xf5, 0xf, 0x90,
    0x9, 0xe0, 0x8f, 0xff, 0xff, 0xf6, 0x1f, 0x90,
    0x9, 0xe0, 0x69, 0x0, 0x0, 0x9, 0xfe, 0x40,
    0x0, 0x0, 0x0, 0x0, 0x0, 0x0, 0x0, 0x0,

    /* U+9ED8 "默" */
    0x0, 0x0, 0x0, 0x0, 0x0, 0x6e, 0x0, 0x0,
    0xd, 0xff, 0xff, 0xfd, 0x0, 0x6e, 0x82, 0x0,
    0xd, 0x71, 0xf1, 0x7d, 0x0, 0x6e, 0x8d, 0x0,
    0xd, 0xa6, 0xf7, 0xcd, 0x0, 0x6e, 0xd, 0x70,
    0xd, 0x79, 0xfb, 0x6d, 0x0, 0x6e, 0x2, 0x0,
    0xd, 0x64, 0xf5, 0x6d, 0xef, 0xff, 0xff, 0xf0,
    0xc, 0xee, 0xfe, 0xec, 0x77, 0xbf, 0x77, 0x70,
    0x1, 0x25, 0xf4, 0x21, 0x0, 0x9f, 0x20, 0x0,
    0xe, 0xff, 0xff, 0xfc, 0x0, 0xbf, 0x60, 0x0,
    0x1, 0x14, 0xf3, 0x11, 0x0, 0xfe, 0xa0, 0x0,
    0xc, 0xde, 0xff, 0xff, 0x3, 0xf6, 0xf1, 0x0,
    0x9, 0x76, 0x54, 0x43, 0xa, 0xc0, 0xe7, 0x0,
    0x8, 0x6d, 0x3b, 0x79, 0x2f, 0x50, 0x7f, 0x10,
    0xe, 0x1d, 0x2f, 0x2c, 0xbc, 0x0, 0xe, 0xc1,
    0x4a, 0xb, 0x28, 0x12, 0xe2, 0x0, 0x3, 0xe2,
    0x0, 0x0, 0x0, 0x0, 0x0, 0x0, 0x0, 0x0,

    /* U+FF08 "（" */
    0x0, 0x3, 0x80, 0x0, 0x1e, 0xb0, 0x0, 0xae,
    0x10, 0x2, 0xf6, 0x0, 0x9, 0xe0, 0x0, 0xd,
    0xa0, 0x0, 0xf, 0x70, 0x0, 0x1f, 0x50, 0x0,
    0x1f, 0x50, 0x0, 0xf, 0x70, 0x0, 0xc, 0xa0,
    0x0, 0x8, 0xf0, 0x0, 0x1, 0xf7, 0x0, 0x0,
    0x8f, 0x20, 0x0, 0xc, 0xd0, 0x0, 0x1, 0x50,

    /* U+FF09 "）" */
    0x8, 0x30, 0x0, 0xb, 0xe1, 0x0, 0x1, 0xea,
    0x0, 0x0, 0x6f, 0x20, 0x0, 0xe, 0x90, 0x0,
    0xa, 0xd0, 0x0, 0x7, 0xf0, 0x0, 0x5, 0xf1,
    0x0, 0x5, 0xf1, 0x0, 0x7, 0xf0, 0x0, 0xa,
    0xc0, 0x0, 0xf, 0x80, 0x0, 0x7f, 0x10, 0x2,
    0xf8, 0x0, 0xd, 0xc0, 0x0, 0x5, 0x10, 0x0,

    /* U+FF0C "，" */
    0xa, 0xc3, 0x1f, 0xfa, 0x7, 0xeb, 0x0, 0xd7,
    0x2c, 0xd0, 0x49, 0x10,

    /* U+FF1A "：" */
    0x0, 0x10, 0x1e, 0xf3, 0x2f, 0xf6, 0x5, 0x60,
    0x0, 0x0, 0x0, 0x0, 0x0, 0x0, 0x0, 0x0,
    0x6, 0x70, 0x2f, 0xf6, 0x1e, 0xf3, 0x0, 0x0,

    /* U+FF1B "；" */
    0x0, 0x0, 0x2f, 0xf2, 0x3f, 0xf4, 0x6, 0x60,
    0x0, 0x0, 0x0, 0x0, 0x0, 0x0, 0x4, 0x50,
    0x2f, 0xf6, 0x1e, 0xf9, 0x0, 0xc8, 0x3, 0xf3,
    0x5f, 0x80, 0x44, 0x0,

    /* U+FF1F "？" */
    0x0, 0x1, 0x10, 0x0, 0x4, 0xdf, 0xfe, 0x50,
    0x3f, 0xc6, 0x7e, 0xf2, 0x5, 0x0, 0x7, 0xf6,
    0x0, 0x0, 0x7, 0xf5, 0x0, 0x0, 0x3f, 0xc0,
    0x0, 0x2, 0xfc, 0x10, 0x0, 0xc, 0xe1, 0x0,
    0x0, 0xf, 0xa0, 0x0, 0x0, 0x1, 0x0, 0x0,
    0x0, 0x3, 0x10, 0x0, 0x0, 0x4f, 0xe0, 0x0,
    0x0, 0x3f, 0xc0, 0x0, 0x0, 0x0, 0x0, 0x0
};


/*---------------------
 *  GLYPH DESCRIPTION
 *--------------------*/

static const lv_font_fmt_txt_glyph_dsc_t glyph_dsc[] = {
    {.bitmap_index = 0, .adv_w = 0, .box_w = 0, .box_h = 0, .ofs_x = 0, .ofs_y = 0} /* id = 0 reserved */,
    {.bitmap_index = 0, .adv_w = 58, .box_w = 0, .box_h = 0, .ofs_x = 0, .ofs_y = 0},
    {.bitmap_index = 0, .adv_w = 88, .box_w = 3, .box_h = 12, .ofs_x = 1, .ofs_y = 0},
    {.bitmap_index = 18, .adv_w = 133, .box_w = 6, .box_h = 6, .ofs_x = 1, .ofs_y = 7},
    {.bitmap_index = 36, .adv_w = 146, .box_w = 9, .box_h = 12, .ofs_x = 0, .ofs_y = 0},
    {.bitmap_index = 90, .adv_w = 146, .box_w = 9, .box_h = 16, .ofs_x = 0, .ofs_y = -2},
    {.bitmap_index = 162, .adv_w = 240, .box_w = 15, .box_h = 12, .ofs_x = 0, .ofs_y = 0},
    {.bitmap_index = 252, .adv_w = 181, .box_w = 12, .box_h = 12, .ofs_x = 0, .ofs_y = 0},
    {.bitmap_index = 324, .adv_w = 76, .box_w = 3, .box_h = 6, .ofs_x = 1, .ofs_y = 7},
    {.bitmap_index = 333, .adv_w = 91, .box_w = 4, .box_h = 18, .ofs_x = 1, .ofs_y = -4},
    {.bitmap_index = 369, .adv_w = 91, .box_w = 5, .box_h = 18, .ofs_x = 0, .ofs_y = -4},
    {.bitmap_index = 414, .adv_w = 124, .box_w = 7, .box_h = 6, .ofs_x = 0, .ofs_y = 7},
    {.bitmap_index = 435, .adv_w = 146, .box_w = 9, .box_h = 9, .ofs_x = 0, .ofs_y = 2},
    {.bitmap_index = 476, .adv_w = 76, .box_w = 4, .box_h = 7, .ofs_x = 0, .ofs_y = -4},
    {.bitmap_index = 490, .adv_w = 91, .box_w = 5, .box_h = 3, .ofs_x = 0, .ofs_y = 3},
    {.bitmap_index = 498, .adv_w = 76, .box_w = 3, .box_h = 3, .ofs_x = 1, .ofs_y = 0},
    {.bitmap_index = 503, .adv_w = 100, .box_w = 6, .box_h = 16, .ofs_x = 0, .ofs_y = -3},
    {.bitmap_index = 551, .adv_w = 146, .box_w = 9, .box_h = 12, .ofs_x = 0, .ofs_y = 0},
    {.bitmap_index = 605, .adv_w = 146, .box_w = 8, .box_h = 12, .ofs_x = 1, .ofs_y = 0},
    {.bitmap_index = 653, .adv_w = 146, .box_w = 9, .box_h = 12, .ofs_x = 0, .ofs_y = 0},
    {.bitmap_index = 707, .adv_w = 146, .box_w = 9, .box_h = 12, .ofs_x = 0, .ofs_y = 0},
    {.bitmap_index = 761, .adv_w = 146, .box_w = 9, .box_h = 12, .ofs_x = 0, .ofs_y = 0},
    {.bitmap_index = 815, .adv_w = 146, .box_w = 9, .box_h = 12, .ofs_x = 0, .ofs_y = 0},
    {.bitmap_index = 869, .adv_w = 146, .box_w = 9, .box_h = 12, .ofs_x = 0, .ofs_y = 0},
    {.bitmap_index = 923, .adv_w = 146, .box_w = 9, .box_h = 12, .ofs_x = 0, .ofs_y = 0},
    {.bitmap_index = 977, .adv_w = 146, .box_w = 9, .box_h = 12, .ofs_x = 0, .ofs_y = 0},
    {.bitmap_index = 1031, .adv_w = 146, .box_w = 9, .box_h = 12, .ofs_x = 0, .ofs_y = 0},
    {.bitmap_index = 1085, .adv_w = 76, .box_w = 3, .box_h = 9, .ofs_x = 1, .ofs_y = 0},
    {.bitmap_index = 1099, .adv_w = 76, .box_w = 4, .box_h = 13, .ofs_x = 0, .ofs_y = -4},
    {.bitmap_index = 1125, .adv_w = 146, .box_w = 9, .box_h = 8, .ofs_x = 0, .ofs_y = 2},
    {.bitmap_index = 1161, .adv_w = 146, .box_w = 9, .box_h = 6, .ofs_x = 0, .ofs_y = 3},
    {.bitmap_index = 1188, .adv_w = 146, .box_w = 9, .box_h = 8, .ofs_x = 0, .ofs_y = 2},
    {.bitmap_index = 1224, .adv_w = 126, .box_w = 8, .box_h = 12, .ofs_x = 0, .ofs_y = 0},
    {.bitmap_index = 1272, .adv_w = 249, .box_w = 15, .box_h = 15, .ofs_x = 0, .ofs_y = -3},
    {.bitmap_index = 1385, .adv_w = 159, .box_w = 10, .box_h = 12, .ofs_x = 0, .ofs_y = 0},
    {.bitmap_index = 1445, .adv_w = 171, .box_w = 9, .box_h = 12, .ofs_x = 1, .ofs_y = 0},
    {.bitmap_index = 1499, .adv_w = 165, .box_w = 10, .box_h = 12, .ofs_x = 0, .ofs_y = 0},
    {.bitmap_index = 1559, .adv_w = 179, .box_w = 10, .box_h = 12, .ofs_x = 1, .ofs_y = 0},
    {.bitmap_index = 1619, .adv_w = 154, .box_w = 8, .box_h = 12, .ofs_x = 1, .ofs_y = 0},
    {.bitmap_index = 1667, .adv_w = 145, .box_w = 8, .box_h = 12, .ofs_x = 1, .ofs_y = 0},
    {.bitmap_index = 1715, .adv_w = 179, .box_w = 11, .box_h = 12, .ofs_x = 0, .ofs_y = 0},
    {.bitmap_index = 1781, .adv_w = 190, .box_w = 10, .box_h = 12, .ofs_x = 1, .ofs_y = 0},
    {.bitmap_index = 1841, .adv_w = 79, .box_w = 3, .box_h = 12, .ofs_x = 1, .ofs_y = 0},
    {.bitmap_index = 1859, .adv_w = 141, .box_w = 8, .box_h = 12, .ofs_x = 0, .ofs_y = 0},
    {.bitmap_index = 1907, .adv_w = 170, .box_w = 10, .box_h = 12, .ofs_x = 1, .ofs_y = 0},
    {.bitmap_index = 1967, .adv_w = 143, .box_w = 8, .box_h = 12, .ofs_x = 1, .ofs_y = 0},
    {.bitmap_index = 2015, .adv_w = 212, .box_w = 11, .box_h = 12, .ofs_x = 1, .ofs_y = 0},
    {.bitmap_index = 2081, .adv_w = 188, .box_w = 10, .box_h = 12, .ofs_x = 1, .ofs_y = 0},
    {.bitmap_index = 2141, .adv_w = 193, .box_w = 12, .box_h = 12, .ofs_x = 0, .ofs_y = 0},
    {.bitmap_index = 2213, .adv_w = 166, .box_w = 9, .box_h = 12, .ofs_x = 1, .ofs_y = 0},
    {.bitmap_index = 2267, .adv_w = 193, .box_w = 12, .box_h = 15, .ofs_x = 0, .ofs_y = -3},
    {.bitmap_index = 2357, .adv_w = 168, .box_w = 10, .box_h = 12, .ofs_x = 1, .ofs_y = 0},
    {.bitmap_index = 2417, .adv_w = 156, .box_w = 10, .box_h = 12, .ofs_x = 0, .ofs_y = 0},
    {.bitmap_index = 2477, .adv_w = 156, .box_w = 10, .box_h = 12, .ofs_x = 0, .ofs_y = 0},
    {.bitmap_index = 2537, .adv_w = 188, .box_w = 10, .box_h = 12, .ofs_x = 1, .ofs_y = 0},
    {.bitmap_index = 2597, .adv_w = 152, .box_w = 11, .box_h = 12, .ofs_x = -1, .ofs_y = 0},
    {.bitmap_index = 2663, .adv_w = 229, .box_w = 14, .box_h = 12, .ofs_x = 0, .ofs_y = 0},
    {.bitmap_index = 2747, .adv_w = 153, .box_w = 10, .box_h = 12, .ofs_x = 0, .ofs_y = 0},
    {.bitmap_index = 2807, .adv_w = 142, .box_w = 10, .box_h = 12, .ofs_x = -1, .ofs_y = 0},
    {.bitmap_index = 2867, .adv_w = 155, .box_w = 10, .box_h = 12, .ofs_x = 0, .ofs_y = 0},
    {.bitmap_index = 2927, .adv_w = 91, .box_w = 5, .box_h = 16, .ofs_x = 1, .ofs_y = -3},
    {.bitmap_index = 2967, .adv_w = 100, .box_w = 7, .box_h = 16, .ofs_x = 0, .ofs_y = -3},
    {.bitmap_index = 3023, .adv_w = 91, .box_w = 5, .box_h = 16, .ofs_x = 0, .ofs_y = -3},
    {.bitmap_index = 3063, .adv_w = 146, .box_w = 8, .box_h = 7, .ofs_x = 1, .ofs_y = 5},
    {.bitmap_index = 3091, .adv_w = 144, .box_w = 9, .box_h = 2, .ofs_x = 0, .ofs_y = -3},
    {.bitmap_index = 3100, .adv_w = 157, .box_w = 4, .box_h = 5, .ofs_x = 2, .ofs_y = 10},
    {.bitmap_index = 3110, .adv_w = 147, .box_w = 8, .box_h = 9, .ofs_x = 0, .ofs_y = 0},
    {.bitmap_index = 3146, .adv_w = 161, .box_w = 9, .box_h = 13, .ofs_x = 1, .ofs_y = 0},
    {.bitmap_index = 3205, .adv_w = 132, .box_w = 8, .box_h = 9, .ofs_x = 0, .ofs_y = 0},
    {.bitmap_index = 3241, .adv_w = 161, .box_w = 9, .box_h = 13, .ofs_x = 0, .ofs_y = 0},
    {.bitmap_index = 3300, .adv_w = 145, .box_w = 9, .box_h = 9, .ofs_x = 0, .ofs_y = 0},
    {.bitmap_index = 3341, .adv_w = 89, .box_w = 7, .box_h = 13, .ofs_x = 0, .ofs_y = 0},
    {.bitmap_index = 3387, .adv_w = 148, .box_w = 10, .box_h = 13, .ofs_x = 0, .ofs_y = -4},
    {.bitmap_index = 3452, .adv_w = 159, .box_w = 8, .box_h = 13, .ofs_x = 1, .ofs_y = 0},
    {.bitmap_index = 3504, .adv_w = 74, .box_w = 3, .box_h = 13, .ofs_x = 1, .ofs_y = 0},
    {.bitmap_index = 3524, .adv_w = 74, .box_w = 5, .box_h = 17, .ofs_x = -1, .ofs_y = -4},
    {.bitmap_index = 3567, .adv_w = 147, .box_w = 9, .box_h = 13, .ofs_x = 1, .ofs_y = 0},
    {.bitmap_index = 3626, .adv_w = 76, .box_w = 4, .box_h = 13, .ofs_x = 1, .ofs_y = 0},
    {.bitmap_index = 3652, .adv_w = 241, .box_w = 13, .box_h = 9, .ofs_x = 1, .ofs_y = 0},
    {.bitmap_index = 3711, .adv_w = 160, .box_w = 8, .box_h = 9, .ofs_x = 1, .ofs_y = 0},
    {.bitmap_index = 3747, .adv_w = 157, .box_w = 10, .box_h = 9, .ofs_x = 0, .ofs_y = 0},
    {.bitmap_index = 3792, .adv_w = 161, .box_w = 9, .box_h = 13, .ofs_x = 1, .ofs_y = -4},
    {.bitmap_index = 3851, .adv_w = 161, .box_w = 9, .box_h = 13, .ofs_x = 0, .ofs_y = -4},
    {.bitmap_index = 3910, .adv_w = 105, .box_w = 6, .box_h = 10, .ofs_x = 1, .ofs_y = 0},
    {.bitmap_index = 3940, .adv_w = 123, .box_w = 8, .box_h = 9, .ofs_x = 0, .ofs_y = 0},
    {.bitmap_index = 3976, .adv_w = 101, .box_w = 7, .box_h = 12, .ofs_x = 0, .ofs_y = 0},
    {.bitmap_index = 4018, .adv_w = 159, .box_w = 8, .box_h = 9, .ofs_x = 1, .ofs_y = 0},
    {.bitmap_index = 4054, .adv_w = 140, .box_w = 9, .box_h = 9, .ofs_x = 0, .ofs_y = 0},
    {.bitmap_index = 4095, .adv_w = 212, .box_w = 13, .box_h = 9, .ofs_x = 0, .ofs_y = 0},
    {.bitmap_index = 4154, .adv_w = 135, .box_w = 9, .box_h = 9, .ofs_x = 0, .ofs_y = 0},
    {.bitmap_index = 4195, .adv_w = 139, .box_w = 9, .box_h = 13, .ofs_x = 0, .ofs_y = -4},
    {.bitmap_index = 4254, .adv_w = 126, .box_w = 8, .box_h = 9, .ofs_x = 0, .ofs_y = 0},
    {.bitmap_index = 4290, .adv_w = 91, .box_w = 6, .box_h = 16, .ofs_x = 0, .ofs_y = -3},
    {.bitmap_index = 4338, .adv_w = 72, .box_w = 2, .box_h = 18, .ofs_x = 1, .ofs_y = -4},
    {.bitmap_index = 4356, .adv_w = 91, .box_w = 6, .box_h = 16, .ofs_x = 0, .ofs_y = -3},
    {.bitmap_index = 4404, .adv_w = 146, .box_w = 9, .box_h = 4, .ofs_x = 0, .ofs_y = 4},
    {.bitmap_index = 4422, .adv_w = 215, .box_w = 13, .box_h = 12, .ofs_x = 0, .ofs_y = 0},
    {.bitmap_index = 4500, .adv_w = 125, .box_w = 8, .box_h = 7, .ofs_x = 0, .ofs_y = 6},
    {.bitmap_index = 4528, .adv_w = 99, .box_w = 6, .box_h = 5, .ofs_x = 0, .ofs_y = 8},
    {.bitmap_index = 4543, .adv_w = 256, .box_w = 4, .box_h = 4, .ofs_x = 6, .ofs_y = 4},
    {.bitmap_index = 4551, .adv_w = 256, .box_w = 12, .box_h = 12, .ofs_x = 2, .ofs_y = 0},
    {.bitmap_index = 4623, .adv_w = 138, .box_w = 8, .box_h = 3, .ofs_x = 0, .ofs_y = 3},
    {.bitmap_index = 4635, .adv_w = 230, .box_w = 14, .box_h = 3, .ofs_x = 0, .ofs_y = 3},
    {.bitmap_index = 4656, .adv_w = 256, .box_w = 4, .box_h = 5, .ofs_x = 12, .ofs_y = 9},
    {.bitmap_index = 4666, .adv_w = 256, .box_w = 4, .box_h = 6, .ofs_x = 0, .ofs_y = 8},
    {.bitmap_index = 4678, .adv_w = 76, .box_w = 3, .box_h = 7, .ofs_x = 1, .ofs_y = -4},
    {.bitmap_index = 4689, .adv_w = 256, .box_w = 7, .box_h = 5, .ofs_x = 9, .ofs_y = 9},
    {.bitmap_index = 4707, .adv_w = 256, .box_w = 7, .box_h = 6, .ofs_x = 0, .ofs_y = 8},
    {.bitmap_index = 4728, .adv_w = 133, .box_w = 7, .box_h = 7, .ofs_x = 1, .ofs_y = -4},
    {.bitmap_index = 4753, .adv_w = 256, .box_w = 4, .box_h = 4, .ofs_x = 6, .ofs_y = 4},
    {.bitmap_index = 4761, .adv_w = 256, .box_w = 14, .box_h = 3, .ofs_x = 1, .ofs_y = 5},
    {.bitmap_index = 4782, .adv_w = 76, .box_w = 3, .box_h = 5, .ofs_x = 1, .ofs_y = 8},
    {.bitmap_index = 4790, .adv_w = 133, .box_w = 7, .box_h = 5, .ofs_x = 1, .ofs_y = 8},
    {.bitmap_index = 4808, .adv_w = 146, .box_w = 9, .box_h = 12, .ofs_x = 0, .ofs_y = 0},
    {.bitmap_index = 4862, .adv_w = 188, .box_w = 12, .box_h = 7, .ofs_x = 0, .ofs_y = 6},
    {.bitmap_index = 4904, .adv_w = 256, .box_w = 16, .box_h = 9, .ofs_x = 0, .ofs_y = 2},
    {.bitmap_index = 4976, .adv_w = 256, .box_w = 8, .box_h = 15, .ofs_x = 4, .ofs_y = -1},
    {.bitmap_index = 5036, .adv_w = 256, .box_w = 16, .box_h = 9, .ofs_x = 0, .ofs_y = 2},
    {.bitmap_index = 5108, .adv_w = 256, .box_w = 8, .box_h = 15, .ofs_x = 4, .ofs_y = -1},
    {.bitmap_index = 5168, .adv_w = 256, .box_w = 12, .box_h = 8, .ofs_x = 2, .ofs_y = 2},
    {.bitmap_index = 5216, .adv_w = 256, .box_w = 14, .box_h = 14, .ofs_x = 1, .ofs_y = -1},
    {.bitmap_index = 5314, .adv_w = 256, .box_w = 14, .box_h = 14, .ofs_x = 1, .ofs_y = -1},
    {.bitmap_index = 5412, .adv_w = 256, .box_w = 6, .box_h = 5, .ofs_x = 0, .ofs_y = -1},
    {.bitmap_index = 5427, .adv_w = 256, .box_w = 6, .box_h = 5, .ofs_x = 0, .ofs_y = -1},
    {.bitmap_index = 5442, .adv_w = 256, .box_w = 6, .box_h = 11, .ofs_x = 10, .ofs_y = 3},
    {.bitmap_index = 5475, .adv_w = 256, .box_w = 6, .box_h = 11, .ofs_x = 0, .ofs_y = -1},
    {.bitmap_index = 5508, .adv_w = 256, .box_w = 7, .box_h = 11, .ofs_x = 9, .ofs_y = 3},
    {.bitmap_index = 5547, .adv_w = 256, .box_w = 7, .box_h = 10, .ofs_x = 0, .ofs_y = -1},
    {.bitmap_index = 5582, .adv_w = 256, .box_w = 16, .box_h = 3, .ofs_x = 0, .ofs_y = 5},
    {.bitmap_index = 5606, .adv_w = 256, .box_w = 16, .box_h = 15, .ofs_x = 0, .ofs_y = -1},
    {.bitmap_index = 5726, .adv_w = 256, .box_w = 16, .box_h = 14, .ofs_x = 0, .ofs_y = -1},
    {.bitmap_index = 5838, .adv_w = 256, .box_w = 16, .box_h = 14, .ofs_x = 0, .ofs_y = -1},
    {.bitmap_index = 5950, .adv_w = 256, .box_w = 15, .box_h = 16, .ofs_x = 0, .ofs_y = -2},
    {.bitmap_index = 6070, .adv_w = 256, .box_w = 15, .box_h = 14, .ofs_x = 0, .ofs_y = -1},
    {.bitmap_index = 6175, .adv_w = 256, .box_w = 16, .box_h = 15, .ofs_x = 0, .ofs_y = -1},
    {.bitmap_index = 6295, .adv_w = 256, .box_w = 14, .box_h = 15, .ofs_x = 1, .ofs_y = -1},
    {.bitmap_index = 6400, .adv_w = 256, .box_w = 14, .box_h = 15, .ofs_x = 1, .ofs_y = -1},
    {.bitmap_index = 6505, .adv_w = 256, .box_w = 14, .box_h = 16, .ofs_x = 1, .ofs_y = -2},
    {.bitmap_index = 6617, .adv_w = 256, .box_w = 16, .box_h = 15, .ofs_x = 0, .ofs_y = -1},
    {.bitmap_index = 6737, .adv_w = 256, .box_w = 16, .box_h = 16, .ofs_x = 0, .ofs_y = -2},
    {.bitmap_index = 6865, .adv_w = 256, .box_w = 16, .box_h = 16, .ofs_x = 0, .ofs_y = -2},
    {.bitmap_index = 6993, .adv_w = 256, .box_w = 16, .box_h = 15, .ofs_x = 0, .ofs_y = -2},
    {.bitmap_index = 7113, .adv_w = 256, .box_w = 16, .box_h = 16, .ofs_x = 0, .ofs_y = -2},
    {.bitmap_index = 7241, .adv_w = 256, .box_w = 16, .box_h = 16, .ofs_x = 0, .ofs_y = -2},
    {.bitmap_index = 7369, .adv_w = 256, .box_w = 15, .box_h = 16, .ofs_x = 0, .ofs_y = -2},
    {.bitmap_index = 7489, .adv_w = 256, .box_w = 16, .box_h = 16, .ofs_x = 0, .ofs_y = -2},
    {.bitmap_index = 7617, .adv_w = 256, .box_w = 16, .box_h = 16, .ofs_x = 0, .ofs_y = -1},
    {.bitmap_index = 7745, .adv_w = 256, .box_w = 16, .box_h = 16, .ofs_x = 0, .ofs_y = -2},
    {.bitmap_index = 7873, .adv_w = 256, .box_w = 16, .box_h = 16, .ofs_x = 0, .ofs_y = -2},
    {.bitmap_index = 8001, .adv_w = 256, .box_w = 16, .box_h = 15, .ofs_x = 0, .ofs_y = -1},
    {.bitmap_index = 8121, .adv_w = 256, .box_w = 16, .box_h = 15, .ofs_x = 0, .ofs_y = -1},
    {.bitmap_index = 8241, .adv_w = 256, .box_w = 16, .box_h = 15, .ofs_x = 0, .ofs_y = -1},
    {.bitmap_index = 8361, .adv_w = 256, .box_w = 16, .box_h = 16, .ofs_x = 0, .ofs_y = -1},
    {.bitmap_index = 8489, .adv_w = 256, .box_w = 16, .box_h = 15, .ofs_x = 0, .ofs_y = -1},
    {.bitmap_index = 8609, .adv_w = 256, .box_w = 16, .box_h = 15, .ofs_x = 0, .ofs_y = -1},
    {.bitmap_index = 8729, .adv_w = 256, .box_w = 16, .box_h = 16, .ofs_x = 0, .ofs_y = -1},
    {.bitmap_index = 8857, .adv_w = 256, .box_w = 16, .box_h = 16, .ofs_x = 0, .ofs_y = -2},
    {.bitmap_index = 8985, .adv_w = 256, .box_w = 16, .box_h = 16, .ofs_x = 0, .ofs_y = -2},
    {.bitmap_index = 9113, .adv_w = 256, .box_w = 16, .box_h = 16, .ofs_x = 0, .ofs_y = -2},
    {.bitmap_index = 9241, .adv_w = 256, .box_w = 16, .box_h = 16, .ofs_x = 0, .ofs_y = -2},
    {.bitmap_index = 9369, .adv_w = 256, .box_w = 16, .box_h = 16, .ofs_x = 0, .ofs_y = -2},
    {.bitmap_index = 9497, .adv_w = 256, .box_w = 16, .box_h = 16, .ofs_x = 0, .ofs_y = -2},
    {.bitmap_index = 9625, .adv_w = 256, .box_w = 16, .box_h = 16, .ofs_x = 0, .ofs_y = -2},
    {.bitmap_index = 9753, .adv_w = 256, .box_w = 16, .box_h = 15, .ofs_x = 0, .ofs_y = -1},
    {.bitmap_index = 9873, .adv_w = 256, .box_w = 16, .box_h = 16, .ofs_x = 0, .ofs_y = -2},
    {.bitmap_index = 10001, .adv_w = 256, .box_w = 14, .box_h = 15, .ofs_x = 1, .ofs_y = -1},
    {.bitmap_index = 10106, .adv_w = 256, .box_w = 16, .box_h = 15, .ofs_x = 0, .ofs_y = -2},
    {.bitmap_index = 10226, .adv_w = 256, .box_w = 14, .box_h = 15, .ofs_x = 1, .ofs_y = -2},
    {.bitmap_index = 10331, .adv_w = 256, .box_w = 16, .box_h = 15, .ofs_x = 0, .ofs_y = -1},
    {.bitmap_index = 10451, .adv_w = 256, .box_w = 14, .box_h = 15, .ofs_x = 1, .ofs_y = -1},
    {.bitmap_index = 10556, .adv_w = 256, .box_w = 16, .box_h = 16, .ofs_x = 0, .ofs_y = -2},
    {.bitmap_index = 10684, .adv_w = 256, .box_w = 15, .box_h = 15, .ofs_x = 0, .ofs_y = -2},
    {.bitmap_index = 10797, .adv_w = 256, .box_w = 15, .box_h = 16, .ofs_x = 0, .ofs_y = -2},
    {.bitmap_index = 10917, .adv_w = 256, .box_w = 14, .box_h = 16, .ofs_x = 1, .ofs_y = -2},
    {.bitmap_index = 11029, .adv_w = 256, .box_w = 15, .box_h = 16, .ofs_x = 0, .ofs_y = -2},
    {.bitmap_index = 11149, .adv_w = 256, .box_w = 15, .box_h = 16, .ofs_x = 0, .ofs_y = -2},
    {.bitmap_index = 11269, .adv_w = 256, .box_w = 15, .box_h = 15, .ofs_x = 0, .ofs_y = -1},
    {.bitmap_index = 11382, .adv_w = 256, .box_w = 16, .box_h = 17, .ofs_x = 0, .ofs_y = -2},
    {.bitmap_index = 11518, .adv_w = 256, .box_w = 15, .box_h = 15, .ofs_x = 0, .ofs_y = -1},
    {.bitmap_index = 11631, .adv_w = 256, .box_w = 16, .box_h = 17, .ofs_x = 0, .ofs_y = -2},
    {.bitmap_index = 11767, .adv_w = 256, .box_w = 16, .box_h = 15, .ofs_x = 0, .ofs_y = -1},
    {.bitmap_index = 11887, .adv_w = 256, .box_w = 15, .box_h = 15, .ofs_x = 0, .ofs_y = -1},
    {.bitmap_index = 12000, .adv_w = 256, .box_w = 15, .box_h = 16, .ofs_x = 0, .ofs_y = -2},
    {.bitmap_index = 12120, .adv_w = 256, .box_w = 15, .box_h = 16, .ofs_x = 0, .ofs_y = -2},
    {.bitmap_index = 12240, .adv_w = 256, .box_w = 16, .box_h = 16, .ofs_x = 0, .ofs_y = -2},
    {.bitmap_index = 12368, .adv_w = 256, .box_w = 16, .box_h = 16, .ofs_x = 0, .ofs_y = -1},
    {.bitmap_index = 12496, .adv_w = 256, .box_w = 15, .box_h = 14, .ofs_x = 1, .ofs_y = -1},
    {.bitmap_index = 12601, .adv_w = 256, .box_w = 16, .box_h = 15, .ofs_x = 0, .ofs_y = -1},
    {.bitmap_index = 12721, .adv_w = 256, .box_w = 16, .box_h = 15, .ofs_x = 0, .ofs_y = -1},
    {.bitmap_index = 12841, .adv_w = 256, .box_w = 15, .box_h = 14, .ofs_x = 0, .ofs_y = -1},
    {.bitmap_index = 12946, .adv_w = 256, .box_w = 15, .box_h = 15, .ofs_x = 0, .ofs_y = -2},
    {.bitmap_index = 13059, .adv_w = 256, .box_w = 16, .box_h = 15, .ofs_x = 0, .ofs_y = -2},
    {.bitmap_index = 13179, .adv_w = 256, .box_w = 16, .box_h = 15, .ofs_x = 0, .ofs_y = -2},
    {.bitmap_index = 13299, .adv_w = 256, .box_w = 16, .box_h = 16, .ofs_x = 0, .ofs_y = -2},
    {.bitmap_index = 13427, .adv_w = 256, .box_w = 16, .box_h = 15, .ofs_x = 0, .ofs_y = -2},
    {.bitmap_index = 13547, .adv_w = 256, .box_w = 16, .box_h = 16, .ofs_x = 0, .ofs_y = -2},
    {.bitmap_index = 13675, .adv_w = 256, .box_w = 16, .box_h = 15, .ofs_x = 0, .ofs_y = -2},
    {.bitmap_index = 13795, .adv_w = 256, .box_w = 16, .box_h = 17, .ofs_x = 0, .ofs_y = -2},
    {.bitmap_index = 13931, .adv_w = 256, .box_w = 16, .box_h = 16, .ofs_x = 0, .ofs_y = -2},
    {.bitmap_index = 14059, .adv_w = 256, .box_w = 13, .box_h = 14, .ofs_x = 2, .ofs_y = -2},
    {.bitmap_index = 14150, .adv_w = 256, .box_w = 16, .box_h = 15, .ofs_x = 0, .ofs_y = -2},
    {.bitmap_index = 14270, .adv_w = 256, .box_w = 15, .box_h = 15, .ofs_x = 1, .ofs_y = -2},
    {.bitmap_index = 14383, .adv_w = 256, .box_w = 14, .box_h = 16, .ofs_x = 1, .ofs_y = -2},
    {.bitmap_index = 14495, .adv_w = 256, .box_w = 16, .box_h = 16, .ofs_x = 0, .ofs_y = -2},
    {.bitmap_index = 14623, .adv_w = 256, .box_w = 15, .box_h = 15, .ofs_x = 0, .ofs_y = -2},
    {.bitmap_index = 14736, .adv_w = 256, .box_w = 14, .box_h = 14, .ofs_x = 1, .ofs_y = -1},
    {.bitmap_index = 14834, .adv_w = 256, .box_w = 14, .box_h = 15, .ofs_x = 0, .ofs_y = -1},
    {.bitmap_index = 14939, .adv_w = 256, .box_w = 16, .box_h = 16, .ofs_x = 0, .ofs_y = -2},
    {.bitmap_index = 15067, .adv_w = 256, .box_w = 15, .box_h = 15, .ofs_x = 1, .ofs_y = -1},
    {.bitmap_index = 15180, .adv_w = 256, .box_w = 16, .box_h = 15, .ofs_x = 0, .ofs_y = -2},
    {.bitmap_index = 15300, .adv_w = 256, .box_w = 15, .box_h = 16, .ofs_x = 0, .ofs_y = -2},
    {.bitmap_index = 15420, .adv_w = 256, .box_w = 15, .box_h = 16, .ofs_x = 0, .ofs_y = -2},
    {.bitmap_index = 15540, .adv_w = 256, .box_w = 15, .box_h = 15, .ofs_x = 0, .ofs_y = -2},
    {.bitmap_index = 15653, .adv_w = 256, .box_w = 16, .box_h = 15, .ofs_x = 0, .ofs_y = -1},
    {.bitmap_index = 15773, .adv_w = 256, .box_w = 16, .box_h = 15, .ofs_x = 0, .ofs_y = -2},
    {.bitmap_index = 15893, .adv_w = 256, .box_w = 15, .box_h = 14, .ofs_x = 1, .ofs_y = -1},
    {.bitmap_index = 15998, .adv_w = 256, .box_w = 14, .box_h = 14, .ofs_x = 1, .ofs_y = -1},
    {.bitmap_index = 16096, .adv_w = 256, .box_w = 14, .box_h = 14, .ofs_x = 1, .ofs_y = -1},
    {.bitmap_index = 16194, .adv_w = 256, .box_w = 14, .box_h = 14, .ofs_x = 1, .ofs_y = -1},
    {.bitmap_index = 16292, .adv_w = 256, .box_w = 16, .box_h = 15, .ofs_x = 0, .ofs_y = -1},
    {.bitmap_index = 16412, .adv_w = 256, .box_w = 15, .box_h = 17, .ofs_x = 0, .ofs_y = -2},
    {.bitmap_index = 16540, .adv_w = 256, .box_w = 16, .box_h = 15, .ofs_x = 0, .ofs_y = -1},
    {.bitmap_index = 16660, .adv_w = 256, .box_w = 15, .box_h = 16, .ofs_x = 0, .ofs_y = -2},
    {.bitmap_index = 16780, .adv_w = 256, .box_w = 16, .box_h = 16, .ofs_x = 0, .ofs_y = -2},
    {.bitmap_index = 16908, .adv_w = 256, .box_w = 16, .box_h = 16, .ofs_x = 0, .ofs_y = -2},
    {.bitmap_index = 17036, .adv_w = 256, .box_w = 16, .box_h = 16, .ofs_x = 0, .ofs_y = -2},
    {.bitmap_index = 17164, .adv_w = 256, .box_w = 15, .box_h = 16, .ofs_x = 1, .ofs_y = -2},
    {.bitmap_index = 17284, .adv_w = 256, .box_w = 16, .box_h = 16, .ofs_x = 0, .ofs_y = -2},
    {.bitmap_index = 17412, .adv_w = 256, .box_w = 16, .box_h = 15, .ofs_x = 0, .ofs_y = -2},
    {.bitmap_index = 17532, .adv_w = 256, .box_w = 16, .box_h = 16, .ofs_x = 0, .ofs_y = -2},
    {.bitmap_index = 17660, .adv_w = 256, .box_w = 16, .box_h = 16, .ofs_x = 0, .ofs_y = -2},
    {.bitmap_index = 17788, .adv_w = 256, .box_w = 16, .box_h = 16, .ofs_x = 0, .ofs_y = -2},
    {.bitmap_index = 17916, .adv_w = 256, .box_w = 15, .box_h = 17, .ofs_x = 0, .ofs_y = -2},
    {.bitmap_index = 18044, .adv_w = 256, .box_w = 16, .box_h = 16, .ofs_x = 0, .ofs_y = -2},
    {.bitmap_index = 18172, .adv_w = 256, .box_w = 15, .box_h = 16, .ofs_x = 0, .ofs_y = -2},
    {.bitmap_index = 18292, .adv_w = 256, .box_w = 16, .box_h = 16, .ofs_x = 0, .ofs_y = -2},
    {.bitmap_index = 18420, .adv_w = 256, .box_w = 16, .box_h = 16, .ofs_x = 0, .ofs_y = -2},
    {.bitmap_index = 18548, .adv_w = 256, .box_w = 16, .box_h = 16, .ofs_x = 0, .ofs_y = -2},
    {.bitmap_index = 18676, .adv_w = 256, .box_w = 14, .box_h = 16, .ofs_x = 1, .ofs_y = -2},
    {.bitmap_index = 18788, .adv_w = 256, .box_w = 16, .box_h = 16, .ofs_x = 0, .ofs_y = -2},
    {.bitmap_index = 18916, .adv_w = 256, .box_w = 16, .box_h = 16, .ofs_x = 0, .ofs_y = -2},
    {.bitmap_index = 19044, .adv_w = 256, .box_w = 16, .box_h = 16, .ofs_x = 0, .ofs_y = -2},
    {.bitmap_index = 19172, .adv_w = 256, .box_w = 15, .box_h = 15, .ofs_x = 1, .ofs_y = -2},
    {.bitmap_index = 19285, .adv_w = 256, .box_w = 16, .box_h = 16, .ofs_x = 0, .ofs_y = -2},
    {.bitmap_index = 19413, .adv_w = 256, .box_w = 16, .box_h = 15, .ofs_x = 0, .ofs_y = -1},
    {.bitmap_index = 19533, .adv_w = 256, .box_w = 16, .box_h = 16, .ofs_x = 0, .ofs_y = -2},
    {.bitmap_index = 19661, .adv_w = 256, .box_w = 14, .box_h = 15, .ofs_x = 1, .ofs_y = -1},
    {.bitmap_index = 19766, .adv_w = 256, .box_w = 15, .box_h = 14, .ofs_x = 0, .ofs_y = -1},
    {.bitmap_index = 19871, .adv_w = 256, .box_w = 14, .box_h = 15, .ofs_x = 1, .ofs_y = -1},
    {.bitmap_index = 19976, .adv_w = 256, .box_w = 15, .box_h = 14, .ofs_x = 1, .ofs_y = -1},
    {.bitmap_index = 20081, .adv_w = 256, .box_w = 16, .box_h = 15, .ofs_x = 0, .ofs_y = -1},
    {.bitmap_index = 20201, .adv_w = 256, .box_w = 16, .box_h = 15, .ofs_x = 0, .ofs_y = -1},
    {.bitmap_index = 20321, .adv_w = 256, .box_w = 14, .box_h = 15, .ofs_x = 1, .ofs_y = -1},
    {.bitmap_index = 20426, .adv_w = 256, .box_w = 16, .box_h = 14, .ofs_x = 0, .ofs_y = -1},
    {.bitmap_index = 20538, .adv_w = 256, .box_w = 16, .box_h = 16, .ofs_x = 0, .ofs_y = -2},
    {.bitmap_index = 20666, .adv_w = 256, .box_w = 16, .box_h = 16, .ofs_x = 0, .ofs_y = -2},
    {.bitmap_index = 20794, .adv_w = 256, .box_w = 16, .box_h = 16, .ofs_x = 0, .ofs_y = -2},
    {.bitmap_index = 20922, .adv_w = 256, .box_w = 16, .box_h = 16, .ofs_x = 0, .ofs_y = -2},
    {.bitmap_index = 21050, .adv_w = 256, .box_w = 16, .box_h = 16, .ofs_x = 0, .ofs_y = -2},
    {.bitmap_index = 21178, .adv_w = 256, .box_w = 16, .box_h = 16, .ofs_x = 0, .ofs_y = -2},
    {.bitmap_index = 21306, .adv_w = 256, .box_w = 16, .box_h = 15, .ofs_x = 0, .ofs_y = -2},
    {.bitmap_index = 21426, .adv_w = 256, .box_w = 13, .box_h = 16, .ofs_x = 1, .ofs_y = -2},
    {.bitmap_index = 21530, .adv_w = 256, .box_w = 14, .box_h = 15, .ofs_x = 1, .ofs_y = -1},
    {.bitmap_index = 21635, .adv_w = 256, .box_w = 16, .box_h = 16, .ofs_x = 0, .ofs_y = -2},
    {.bitmap_index = 21763, .adv_w = 256, .box_w = 16, .box_h = 16, .ofs_x = 0, .ofs_y = -2},
    {.bitmap_index = 21891, .adv_w = 256, .box_w = 16, .box_h = 16, .ofs_x = 0, .ofs_y = -2},
    {.bitmap_index = 22019, .adv_w = 256, .box_w = 16, .box_h = 15, .ofs_x = 0, .ofs_y = -1},
    {.bitmap_index = 22139, .adv_w = 256, .box_w = 16, .box_h = 15, .ofs_x = 0, .ofs_y = -1},
    {.bitmap_index = 22259, .adv_w = 256, .box_w = 16, .box_h = 15, .ofs_x = 0, .ofs_y = -1},
    {.bitmap_index = 22379, .adv_w = 256, .box_w = 16, .box_h = 15, .ofs_x = 0, .ofs_y = -1},
    {.bitmap_index = 22499, .adv_w = 256, .box_w = 16, .box_h = 17, .ofs_x = 0, .ofs_y = -2},
    {.bitmap_index = 22635, .adv_w = 256, .box_w = 16, .box_h = 15, .ofs_x = 0, .ofs_y = -1},
    {.bitmap_index = 22755, .adv_w = 256, .box_w = 16, .box_h = 16, .ofs_x = 0, .ofs_y = -1},
    {.bitmap_index = 22883, .adv_w = 256, .box_w = 16, .box_h = 17, .ofs_x = 0, .ofs_y = -2},
    {.bitmap_index = 23019, .adv_w = 256, .box_w = 16, .box_h = 17, .ofs_x = 0, .ofs_y = -2},
    {.bitmap_index = 23155, .adv_w = 256, .box_w = 16, .box_h = 16, .ofs_x = 0, .ofs_y = -2},
    {.bitmap_index = 23283, .adv_w = 256, .box_w = 15, .box_h = 16, .ofs_x = 0, .ofs_y = -2},
    {.bitmap_index = 23403, .adv_w = 256, .box_w = 16, .box_h = 16, .ofs_x = 0, .ofs_y = -2},
    {.bitmap_index = 23531, .adv_w = 256, .box_w = 15, .box_h = 15, .ofs_x = 0, .ofs_y = -1},
    {.bitmap_index = 23644, .adv_w = 256, .box_w = 16, .box_h = 16, .ofs_x = 0, .ofs_y = -2},
    {.bitmap_index = 23772, .adv_w = 256, .box_w = 15, .box_h = 16, .ofs_x = 0, .ofs_y = -2},
    {.bitmap_index = 23892, .adv_w = 256, .box_w = 16, .box_h = 16, .ofs_x = 0, .ofs_y = -2},
    {.bitmap_index = 24020, .adv_w = 256, .box_w = 16, .box_h = 15, .ofs_x = 0, .ofs_y = -1},
    {.bitmap_index = 24140, .adv_w = 256, .box_w = 16, .box_h = 16, .ofs_x = 0, .ofs_y = -2},
    {.bitmap_index = 24268, .adv_w = 256, .box_w = 16, .box_h = 17, .ofs_x = 0, .ofs_y = -2},
    {.bitmap_index = 24404, .adv_w = 256, .box_w = 16, .box_h = 17, .ofs_x = 0, .ofs_y = -2},
    {.bitmap_index = 24540, .adv_w = 256, .box_w = 16, .box_h = 17, .ofs_x = 0, .ofs_y = -2},
    {.bitmap_index = 24676, .adv_w = 256, .box_w = 16, .box_h = 16, .ofs_x = 0, .ofs_y = -2},
    {.bitmap_index = 24804, .adv_w = 256, .box_w = 16, .box_h = 16, .ofs_x = 0, .ofs_y = -2},
    {.bitmap_index = 24932, .adv_w = 256, .box_w = 16, .box_h = 16, .ofs_x = 0, .ofs_y = -2},
    {.bitmap_index = 25060, .adv_w = 256, .box_w = 16, .box_h = 16, .ofs_x = 0, .ofs_y = -1},
    {.bitmap_index = 25188, .adv_w = 256, .box_w = 16, .box_h = 16, .ofs_x = 0, .ofs_y = -2},
    {.bitmap_index = 25316, .adv_w = 256, .box_w = 16, .box_h = 16, .ofs_x = 0, .ofs_y = -2},
    {.bitmap_index = 25444, .adv_w = 256, .box_w = 16, .box_h = 16, .ofs_x = 0, .ofs_y = -2},
    {.bitmap_index = 25572, .adv_w = 256, .box_w = 16, .box_h = 16, .ofs_x = 0, .ofs_y = -2},
    {.bitmap_index = 25700, .adv_w = 256, .box_w = 16, .box_h = 16, .ofs_x = 0, .ofs_y = -2},
    {.bitmap_index = 25828, .adv_w = 256, .box_w = 16, .box_h = 17, .ofs_x = 0, .ofs_y = -2},
    {.bitmap_index = 25964, .adv_w = 256, .box_w = 16, .box_h = 15, .ofs_x = 0, .ofs_y = -1},
    {.bitmap_index = 26084, .adv_w = 256, .box_w = 16, .box_h = 16, .ofs_x = 0, .ofs_y = -2},
    {.bitmap_index = 26212, .adv_w = 256, .box_w = 16, .box_h = 16, .ofs_x = 0, .ofs_y = -2},
    {.bitmap_index = 26340, .adv_w = 256, .box_w = 16, .box_h = 17, .ofs_x = 0, .ofs_y = -2},
    {.bitmap_index = 26476, .adv_w = 256, .box_w = 16, .box_h = 16, .ofs_x = 0, .ofs_y = -2},
    {.bitmap_index = 26604, .adv_w = 256, .box_w = 16, .box_h = 16, .ofs_x = 0, .ofs_y = -2},
    {.bitmap_index = 26732, .adv_w = 256, .box_w = 16, .box_h = 16, .ofs_x = 0, .ofs_y = -2},
    {.bitmap_index = 26860, .adv_w = 256, .box_w = 16, .box_h = 15, .ofs_x = 0, .ofs_y = -1},
    {.bitmap_index = 26980, .adv_w = 256, .box_w = 16, .box_h = 16, .ofs_x = 0, .ofs_y = -2},
    {.bitmap_index = 27108, .adv_w = 256, .box_w = 15, .box_h = 16, .ofs_x = 1, .ofs_y = -2},
    {.bitmap_index = 27228, .adv_w = 256, .box_w = 16, .box_h = 15, .ofs_x = 0, .ofs_y = -1},
    {.bitmap_index = 27348, .adv_w = 256, .box_w = 16, .box_h = 16, .ofs_x = 0, .ofs_y = -2},
    {.bitmap_index = 27476, .adv_w = 256, .box_w = 16, .box_h = 15, .ofs_x = 0, .ofs_y = -2},
    {.bitmap_index = 27596, .adv_w = 256, .box_w = 16, .box_h = 15, .ofs_x = 0, .ofs_y = -2},
    {.bitmap_index = 27716, .adv_w = 256, .box_w = 12, .box_h = 15, .ofs_x = 2, .ofs_y = -2},
    {.bitmap_index = 27806, .adv_w = 256, .box_w = 15, .box_h = 16, .ofs_x = 1, .ofs_y = -2},
    {.bitmap_index = 27926, .adv_w = 256, .box_w = 16, .box_h = 14, .ofs_x = 0, .ofs_y = -1},
    {.bitmap_index = 28038, .adv_w = 256, .box_w = 16, .box_h = 15, .ofs_x = 0, .ofs_y = -2},
    {.bitmap_index = 28158, .adv_w = 256, .box_w = 16, .box_h = 14, .ofs_x = 0, .ofs_y = -1},
    {.bitmap_index = 28270, .adv_w = 256, .box_w = 16, .box_h = 16, .ofs_x = 0, .ofs_y = -2},
    {.bitmap_index = 28398, .adv_w = 256, .box_w = 16, .box_h = 15, .ofs_x = 0, .ofs_y = -2},
    {.bitmap_index = 28518, .adv_w = 256, .box_w = 16, .box_h = 14, .ofs_x = 0, .ofs_y = -1},
    {.bitmap_index = 28630, .adv_w = 256, .box_w = 14, .box_h = 15, .ofs_x = 0, .ofs_y = -2},
    {.bitmap_index = 28735, .adv_w = 256, .box_w = 16, .box_h = 15, .ofs_x = 0, .ofs_y = -1},
    {.bitmap_index = 28855, .adv_w = 256, .box_w = 15, .box_h = 16, .ofs_x = 0, .ofs_y = -2},
    {.bitmap_index = 28975, .adv_w = 256, .box_w = 16, .box_h = 15, .ofs_x = 0, .ofs_y = -1},
    {.bitmap_index = 29095, .adv_w = 256, .box_w = 16, .box_h = 15, .ofs_x = 0, .ofs_y = -1},
    {.bitmap_index = 29215, .adv_w = 256, .box_w = 16, .box_h = 15, .ofs_x = 0, .ofs_y = -1},
    {.bitmap_index = 29335, .adv_w = 256, .box_w = 16, .box_h = 16, .ofs_x = 0, .ofs_y = -2},
    {.bitmap_index = 29463, .adv_w = 256, .box_w = 16, .box_h = 15, .ofs_x = 0, .ofs_y = -1},
    {.bitmap_index = 29583, .adv_w = 256, .box_w = 16, .box_h = 14, .ofs_x = 0, .ofs_y = -1},
    {.bitmap_index = 29695, .adv_w = 256, .box_w = 16, .box_h = 15, .ofs_x = 0, .ofs_y = -1},
    {.bitmap_index = 29815, .adv_w = 256, .box_w = 16, .box_h = 16, .ofs_x = 0, .ofs_y = -2},
    {.bitmap_index = 29943, .adv_w = 256, .box_w = 16, .box_h = 15, .ofs_x = 0, .ofs_y = -1},
    {.bitmap_index = 30063, .adv_w = 256, .box_w = 16, .box_h = 17, .ofs_x = 0, .ofs_y = -2},
    {.bitmap_index = 30199, .adv_w = 256, .box_w = 16, .box_h = 16, .ofs_x = 0, .ofs_y = -2},
    {.bitmap_index = 30327, .adv_w = 256, .box_w = 16, .box_h = 16, .ofs_x = 0, .ofs_y = -1},
    {.bitmap_index = 30455, .adv_w = 256, .box_w = 16, .box_h = 16, .ofs_x = 0, .ofs_y = -2},
    {.bitmap_index = 30583, .adv_w = 256, .box_w = 16, .box_h = 16, .ofs_x = 0, .ofs_y = -2},
    {.bitmap_index = 30711, .adv_w = 256, .box_w = 16, .box_h = 16, .ofs_x = 0, .ofs_y = -2},
    {.bitmap_index = 30839, .adv_w = 256, .box_w = 16, .box_h = 16, .ofs_x = 0, .ofs_y = -2},
    {.bitmap_index = 30967, .adv_w = 256, .box_w = 16, .box_h = 14, .ofs_x = 0, .ofs_y = -1},
    {.bitmap_index = 31079, .adv_w = 256, .box_w = 16, .box_h = 16, .ofs_x = 0, .ofs_y = -2},
    {.bitmap_index = 31207, .adv_w = 256, .box_w = 16, .box_h = 16, .ofs_x = 0, .ofs_y = -2},
    {.bitmap_index = 31335, .adv_w = 256, .box_w = 16, .box_h = 16, .ofs_x = 0, .ofs_y = -2},
    {.bitmap_index = 31463, .adv_w = 256, .box_w = 16, .box_h = 15, .ofs_x = 0, .ofs_y = -1},
    {.bitmap_index = 31583, .adv_w = 256, .box_w = 16, .box_h = 15, .ofs_x = 0, .ofs_y = -1},
    {.bitmap_index = 31703, .adv_w = 256, .box_w = 16, .box_h = 15, .ofs_x = 0, .ofs_y = -1},
    {.bitmap_index = 31823, .adv_w = 256, .box_w = 16, .box_h = 16, .ofs_x = 0, .ofs_y = -2},
    {.bitmap_index = 31951, .adv_w = 256, .box_w = 16, .box_h = 16, .ofs_x = 0, .ofs_y = -2},
    {.bitmap_index = 32079, .adv_w = 256, .box_w = 16, .box_h = 15, .ofs_x = 0, .ofs_y = -2},
    {.bitmap_index = 32199, .adv_w = 256, .box_w = 16, .box_h = 15, .ofs_x = 0, .ofs_y = -1},
    {.bitmap_index = 32319, .adv_w = 256, .box_w = 16, .box_h = 16, .ofs_x = 0, .ofs_y = -2},
    {.bitmap_index = 32447, .adv_w = 256, .box_w = 16, .box_h = 16, .ofs_x = 0, .ofs_y = -2},
    {.bitmap_index = 32575, .adv_w = 256, .box_w = 16, .box_h = 17, .ofs_x = 0, .ofs_y = -2},
    {.bitmap_index = 32711, .adv_w = 256, .box_w = 16, .box_h = 15, .ofs_x = 0, .ofs_y = -1},
    {.bitmap_index = 32831, .adv_w = 256, .box_w = 16, .box_h = 16, .ofs_x = 0, .ofs_y = -2},
    {.bitmap_index = 32959, .adv_w = 256, .box_w = 16, .box_h = 15, .ofs_x = 0, .ofs_y = -1},
    {.bitmap_index = 33079, .adv_w = 256, .box_w = 16, .box_h = 15, .ofs_x = 0, .ofs_y = -1},
    {.bitmap_index = 33199, .adv_w = 256, .box_w = 16, .box_h = 15, .ofs_x = 0, .ofs_y = -1},
    {.bitmap_index = 33319, .adv_w = 256, .box_w = 16, .box_h = 15, .ofs_x = 0, .ofs_y = -1},
    {.bitmap_index = 33439, .adv_w = 256, .box_w = 16, .box_h = 16, .ofs_x = 0, .ofs_y = -2},
    {.bitmap_index = 33567, .adv_w = 256, .box_w = 16, .box_h = 16, .ofs_x = 0, .ofs_y = -2},
    {.bitmap_index = 33695, .adv_w = 256, .box_w = 16, .box_h = 15, .ofs_x = 0, .ofs_y = -1},
    {.bitmap_index = 33815, .adv_w = 256, .box_w = 16, .box_h = 15, .ofs_x = 0, .ofs_y = -1},
    {.bitmap_index = 33935, .adv_w = 256, .box_w = 16, .box_h = 16, .ofs_x = 0, .ofs_y = -2},
    {.bitmap_index = 34063, .adv_w = 256, .box_w = 16, .box_h = 17, .ofs_x = 0, .ofs_y = -2},
    {.bitmap_index = 34199, .adv_w = 256, .box_w = 15, .box_h = 16, .ofs_x = 0, .ofs_y = -2},
    {.bitmap_index = 34319, .adv_w = 256, .box_w = 16, .box_h = 16, .ofs_x = 0, .ofs_y = -2},
    {.bitmap_index = 34447, .adv_w = 256, .box_w = 16, .box_h = 17, .ofs_x = 0, .ofs_y = -2},
    {.bitmap_index = 34583, .adv_w = 256, .box_w = 16, .box_h = 15, .ofs_x = 0, .ofs_y = -1},
    {.bitmap_index = 34703, .adv_w = 256, .box_w = 16, .box_h = 15, .ofs_x = 0, .ofs_y = -1},
    {.bitmap_index = 34823, .adv_w = 256, .box_w = 16, .box_h = 15, .ofs_x = 0, .ofs_y = -2},
    {.bitmap_index = 34943, .adv_w = 256, .box_w = 16, .box_h = 14, .ofs_x = 0, .ofs_y = -1},
    {.bitmap_index = 35055, .adv_w = 256, .box_w = 16, .box_h = 15, .ofs_x = 0, .ofs_y = -1},
    {.bitmap_index = 35175, .adv_w = 256, .box_w = 15, .box_h = 15, .ofs_x = 0, .ofs_y = -2},
    {.bitmap_index = 35288, .adv_w = 256, .box_w = 13, .box_h = 16, .ofs_x = 1, .ofs_y = -2},
    {.bitmap_index = 35392, .adv_w = 256, .box_w = 14, .box_h = 15, .ofs_x = 2, .ofs_y = -1},
    {.bitmap_index = 35497, .adv_w = 256, .box_w = 14, .box_h = 14, .ofs_x = 1, .ofs_y = -1},
    {.bitmap_index = 35595, .adv_w = 256, .box_w = 15, .box_h = 16, .ofs_x = 1, .ofs_y = -2},
    {.bitmap_index = 35715, .adv_w = 256, .box_w = 16, .box_h = 15, .ofs_x = 0, .ofs_y = -1},
    {.bitmap_index = 35835, .adv_w = 256, .box_w = 14, .box_h = 16, .ofs_x = 1, .ofs_y = -2},
    {.bitmap_index = 35947, .adv_w = 256, .box_w = 16, .box_h = 15, .ofs_x = 0, .ofs_y = -1},
    {.bitmap_index = 36067, .adv_w = 256, .box_w = 16, .box_h = 15, .ofs_x = 0, .ofs_y = -1},
    {.bitmap_index = 36187, .adv_w = 256, .box_w = 15, .box_h = 16, .ofs_x = 0, .ofs_y = -2},
    {.bitmap_index = 36307, .adv_w = 256, .box_w = 16, .box_h = 15, .ofs_x = 0, .ofs_y = -1},
    {.bitmap_index = 36427, .adv_w = 256, .box_w = 16, .box_h = 16, .ofs_x = 0, .ofs_y = -2},
    {.bitmap_index = 36555, .adv_w = 256, .box_w = 15, .box_h = 16, .ofs_x = 0, .ofs_y = -2},
    {.bitmap_index = 36675, .adv_w = 256, .box_w = 16, .box_h = 16, .ofs_x = 0, .ofs_y = -2},
    {.bitmap_index = 36803, .adv_w = 256, .box_w = 16, .box_h = 15, .ofs_x = 0, .ofs_y = -2},
    {.bitmap_index = 36923, .adv_w = 256, .box_w = 15, .box_h = 16, .ofs_x = 0, .ofs_y = -2},
    {.bitmap_index = 37043, .adv_w = 256, .box_w = 16, .box_h = 15, .ofs_x = 0, .ofs_y = -2},
    {.bitmap_index = 37163, .adv_w = 256, .box_w = 16, .box_h = 16, .ofs_x = 0, .ofs_y = -2},
    {.bitmap_index = 37291, .adv_w = 256, .box_w = 16, .box_h = 15, .ofs_x = 0, .ofs_y = -1},
    {.bitmap_index = 37411, .adv_w = 256, .box_w = 16, .box_h = 15, .ofs_x = 0, .ofs_y = -1},
    {.bitmap_index = 37531, .adv_w = 256, .box_w = 16, .box_h = 15, .ofs_x = 0, .ofs_y = -1},
    {.bitmap_index = 37651, .adv_w = 256, .box_w = 14, .box_h = 15, .ofs_x = 1, .ofs_y = -1},
    {.bitmap_index = 37756, .adv_w = 256, .box_w = 16, .box_h = 15, .ofs_x = 0, .ofs_y = -1},
    {.bitmap_index = 37876, .adv_w = 256, .box_w = 16, .box_h = 15, .ofs_x = 0, .ofs_y = -1},
    {.bitmap_index = 37996, .adv_w = 256, .box_w = 16, .box_h = 16, .ofs_x = 0, .ofs_y = -2},
    {.bitmap_index = 38124, .adv_w = 256, .box_w = 16, .box_h = 16, .ofs_x = 0, .ofs_y = -2},
    {.bitmap_index = 38252, .adv_w = 256, .box_w = 16, .box_h = 16, .ofs_x = 0, .ofs_y = -2},
    {.bitmap_index = 38380, .adv_w = 256, .box_w = 16, .box_h = 16, .ofs_x = 0, .ofs_y = -2},
    {.bitmap_index = 38508, .adv_w = 256, .box_w = 16, .box_h = 16, .ofs_x = 0, .ofs_y = -2},
    {.bitmap_index = 38636, .adv_w = 256, .box_w = 16, .box_h = 15, .ofs_x = 0, .ofs_y = -1},
    {.bitmap_index = 38756, .adv_w = 256, .box_w = 16, .box_h = 16, .ofs_x = 0, .ofs_y = -2},
    {.bitmap_index = 38884, .adv_w = 256, .box_w = 16, .box_h = 16, .ofs_x = 0, .ofs_y = -2},
    {.bitmap_index = 39012, .adv_w = 256, .box_w = 16, .box_h = 16, .ofs_x = 0, .ofs_y = -2},
    {.bitmap_index = 39140, .adv_w = 256, .box_w = 16, .box_h = 16, .ofs_x = 0, .ofs_y = -1},
    {.bitmap_index = 39268, .adv_w = 256, .box_w = 16, .box_h = 16, .ofs_x = 0, .ofs_y = -2},
    {.bitmap_index = 39396, .adv_w = 256, .box_w = 16, .box_h = 15, .ofs_x = 0, .ofs_y = -1},
    {.bitmap_index = 39516, .adv_w = 256, .box_w = 16, .box_h = 16, .ofs_x = 0, .ofs_y = -2},
    {.bitmap_index = 39644, .adv_w = 256, .box_w = 16, .box_h = 15, .ofs_x = 0, .ofs_y = -1},
    {.bitmap_index = 39764, .adv_w = 256, .box_w = 16, .box_h = 16, .ofs_x = 0, .ofs_y = -2},
    {.bitmap_index = 39892, .adv_w = 256, .box_w = 14, .box_h = 14, .ofs_x = 1, .ofs_y = -1},
    {.bitmap_index = 39990, .adv_w = 256, .box_w = 16, .box_h = 14, .ofs_x = 0, .ofs_y = -1},
    {.bitmap_index = 40102, .adv_w = 256, .box_w = 16, .box_h = 15, .ofs_x = 0, .ofs_y = -1},
    {.bitmap_index = 40222, .adv_w = 256, .box_w = 16, .box_h = 15, .ofs_x = 0, .ofs_y = -1},
    {.bitmap_index = 40342, .adv_w = 256, .box_w = 16, .box_h = 16, .ofs_x = 0, .ofs_y = -2},
    {.bitmap_index = 40470, .adv_w = 256, .box_w = 16, .box_h = 16, .ofs_x = 0, .ofs_y = -1},
    {.bitmap_index = 40598, .adv_w = 256, .box_w = 12, .box_h = 16, .ofs_x = 2, .ofs_y = -2},
    {.bitmap_index = 40694, .adv_w = 256, .box_w = 16, .box_h = 16, .ofs_x = 0, .ofs_y = -2},
    {.bitmap_index = 40822, .adv_w = 256, .box_w = 16, .box_h = 15, .ofs_x = 0, .ofs_y = -1},
    {.bitmap_index = 40942, .adv_w = 256, .box_w = 16, .box_h = 15, .ofs_x = 0, .ofs_y = -1},
    {.bitmap_index = 41062, .adv_w = 256, .box_w = 16, .box_h = 16, .ofs_x = 0, .ofs_y = -2},
    {.bitmap_index = 41190, .adv_w = 256, .box_w = 16, .box_h = 15, .ofs_x = 0, .ofs_y = -1},
    {.bitmap_index = 41310, .adv_w = 256, .box_w = 16, .box_h = 15, .ofs_x = 0, .ofs_y = -1},
    {.bitmap_index = 41430, .adv_w = 256, .box_w = 16, .box_h = 16, .ofs_x = 0, .ofs_y = -2},
    {.bitmap_index = 41558, .adv_w = 256, .box_w = 16, .box_h = 16, .ofs_x = 0, .ofs_y = -2},
    {.bitmap_index = 41686, .adv_w = 256, .box_w = 16, .box_h = 15, .ofs_x = 0, .ofs_y = -1},
    {.bitmap_index = 41806, .adv_w = 256, .box_w = 16, .box_h = 16, .ofs_x = 0, .ofs_y = -2},
    {.bitmap_index = 41934, .adv_w = 256, .box_w = 16, .box_h = 15, .ofs_x = 0, .ofs_y = -2},
    {.bitmap_index = 42054, .adv_w = 256, .box_w = 16, .box_h = 15, .ofs_x = 0, .ofs_y = -2},
    {.bitmap_index = 42174, .adv_w = 256, .box_w = 16, .box_h = 16, .ofs_x = 0, .ofs_y = -2},
    {.bitmap_index = 42302, .adv_w = 256, .box_w = 16, .box_h = 17, .ofs_x = 0, .ofs_y = -2},
    {.bitmap_index = 42438, .adv_w = 256, .box_w = 16, .box_h = 16, .ofs_x = 0, .ofs_y = -2},
    {.bitmap_index = 42566, .adv_w = 256, .box_w = 16, .box_h = 16, .ofs_x = 0, .ofs_y = -2},
    {.bitmap_index = 42694, .adv_w = 256, .box_w = 16, .box_h = 15, .ofs_x = 0, .ofs_y = -1},
    {.bitmap_index = 42814, .adv_w = 256, .box_w = 16, .box_h = 16, .ofs_x = 0, .ofs_y = -2},
    {.bitmap_index = 42942, .adv_w = 256, .box_w = 16, .box_h = 16, .ofs_x = 0, .ofs_y = -2},
    {.bitmap_index = 43070, .adv_w = 256, .box_w = 16, .box_h = 15, .ofs_x = 0, .ofs_y = -1},
    {.bitmap_index = 43190, .adv_w = 256, .box_w = 16, .box_h = 16, .ofs_x = 0, .ofs_y = -2},
    {.bitmap_index = 43318, .adv_w = 256, .box_w = 16, .box_h = 15, .ofs_x = 0, .ofs_y = -1},
    {.bitmap_index = 43438, .adv_w = 256, .box_w = 16, .box_h = 15, .ofs_x = 0, .ofs_y = -1},
    {.bitmap_index = 43558, .adv_w = 256, .box_w = 16, .box_h = 15, .ofs_x = 0, .ofs_y = -1},
    {.bitmap_index = 43678, .adv_w = 256, .box_w = 16, .box_h = 16, .ofs_x = 0, .ofs_y = -2},
    {.bitmap_index = 43806, .adv_w = 256, .box_w = 16, .box_h = 16, .ofs_x = 0, .ofs_y = -2},
    {.bitmap_index = 43934, .adv_w = 256, .box_w = 16, .box_h = 15, .ofs_x = 0, .ofs_y = -1},
    {.bitmap_index = 44054, .adv_w = 256, .box_w = 16, .box_h = 16, .ofs_x = 0, .ofs_y = -2},
    {.bitmap_index = 44182, .adv_w = 256, .box_w = 16, .box_h = 15, .ofs_x = 0, .ofs_y = -1},
    {.bitmap_index = 44302, .adv_w = 256, .box_w = 16, .box_h = 16, .ofs_x = 0, .ofs_y = -2},
    {.bitmap_index = 44430, .adv_w = 256, .box_w = 16, .box_h = 16, .ofs_x = 0, .ofs_y = -2},
    {.bitmap_index = 44558, .adv_w = 256, .box_w = 16, .box_h = 16, .ofs_x = 0, .ofs_y = -2},
    {.bitmap_index = 44686, .adv_w = 256, .box_w = 16, .box_h = 16, .ofs_x = 0, .ofs_y = -2},
    {.bitmap_index = 44814, .adv_w = 256, .box_w = 16, .box_h = 16, .ofs_x = 0, .ofs_y = -2},
    {.bitmap_index = 44942, .adv_w = 256, .box_w = 16, .box_h = 15, .ofs_x = 0, .ofs_y = -2},
    {.bitmap_index = 45062, .adv_w = 256, .box_w = 16, .box_h = 14, .ofs_x = 0, .ofs_y = -1},
    {.bitmap_index = 45174, .adv_w = 256, .box_w = 16, .box_h = 15, .ofs_x = 0, .ofs_y = -2},
    {.bitmap_index = 45294, .adv_w = 256, .box_w = 16, .box_h = 16, .ofs_x = 0, .ofs_y = -2},
    {.bitmap_index = 45422, .adv_w = 256, .box_w = 16, .box_h = 15, .ofs_x = 0, .ofs_y = -1},
    {.bitmap_index = 45542, .adv_w = 256, .box_w = 16, .box_h = 16, .ofs_x = 0, .ofs_y = -2},
    {.bitmap_index = 45670, .adv_w = 256, .box_w = 16, .box_h = 16, .ofs_x = 0, .ofs_y = -2},
    {.bitmap_index = 45798, .adv_w = 256, .box_w = 16, .box_h = 15, .ofs_x = 0, .ofs_y = -1},
    {.bitmap_index = 45918, .adv_w = 256, .box_w = 16, .box_h = 17, .ofs_x = 0, .ofs_y = -2},
    {.bitmap_index = 46054, .adv_w = 256, .box_w = 16, .box_h = 16, .ofs_x = 0, .ofs_y = -2},
    {.bitmap_index = 46182, .adv_w = 256, .box_w = 16, .box_h = 16, .ofs_x = 0, .ofs_y = -2},
    {.bitmap_index = 46310, .adv_w = 256, .box_w = 16, .box_h = 16, .ofs_x = 0, .ofs_y = -2},
    {.bitmap_index = 46438, .adv_w = 256, .box_w = 16, .box_h = 16, .ofs_x = 0, .ofs_y = -2},
    {.bitmap_index = 46566, .adv_w = 256, .box_w = 16, .box_h = 16, .ofs_x = 0, .ofs_y = -2},
    {.bitmap_index = 46694, .adv_w = 256, .box_w = 16, .box_h = 16, .ofs_x = 0, .ofs_y = -2},
    {.bitmap_index = 46822, .adv_w = 256, .box_w = 16, .box_h = 16, .ofs_x = 0, .ofs_y = -2},
    {.bitmap_index = 46950, .adv_w = 256, .box_w = 16, .box_h = 16, .ofs_x = 0, .ofs_y = -2},
    {.bitmap_index = 47078, .adv_w = 256, .box_w = 16, .box_h = 16, .ofs_x = 0, .ofs_y = -2},
    {.bitmap_index = 47206, .adv_w = 256, .box_w = 16, .box_h = 16, .ofs_x = 0, .ofs_y = -2},
    {.bitmap_index = 47334, .adv_w = 256, .box_w = 16, .box_h = 16, .ofs_x = 0, .ofs_y = -2},
    {.bitmap_index = 47462, .adv_w = 256, .box_w = 16, .box_h = 16, .ofs_x = 0, .ofs_y = -2},
    {.bitmap_index = 47590, .adv_w = 256, .box_w = 16, .box_h = 16, .ofs_x = 0, .ofs_y = -2},
    {.bitmap_index = 47718, .adv_w = 256, .box_w = 16, .box_h = 16, .ofs_x = 0, .ofs_y = -2},
    {.bitmap_index = 47846, .adv_w = 256, .box_w = 16, .box_h = 16, .ofs_x = 0, .ofs_y = -2},
    {.bitmap_index = 47974, .adv_w = 256, .box_w = 16, .box_h = 15, .ofs_x = 0, .ofs_y = -1},
    {.bitmap_index = 48094, .adv_w = 256, .box_w = 16, .box_h = 16, .ofs_x = 0, .ofs_y = -2},
    {.bitmap_index = 48222, .adv_w = 256, .box_w = 16, .box_h = 15, .ofs_x = 0, .ofs_y = -1},
    {.bitmap_index = 48342, .adv_w = 256, .box_w = 16, .box_h = 15, .ofs_x = 0, .ofs_y = -1},
    {.bitmap_index = 48462, .adv_w = 256, .box_w = 16, .box_h = 14, .ofs_x = 0, .ofs_y = -1},
    {.bitmap_index = 48574, .adv_w = 256, .box_w = 15, .box_h = 15, .ofs_x = 0, .ofs_y = -1},
    {.bitmap_index = 48687, .adv_w = 256, .box_w = 16, .box_h = 16, .ofs_x = 0, .ofs_y = -2},
    {.bitmap_index = 48815, .adv_w = 256, .box_w = 16, .box_h = 16, .ofs_x = 0, .ofs_y = -2},
    {.bitmap_index = 48943, .adv_w = 256, .box_w = 16, .box_h = 16, .ofs_x = 0, .ofs_y = -2},
    {.bitmap_index = 49071, .adv_w = 256, .box_w = 14, .box_h = 16, .ofs_x = 1, .ofs_y = -2},
    {.bitmap_index = 49183, .adv_w = 256, .box_w = 14, .box_h = 15, .ofs_x = 1, .ofs_y = -1},
    {.bitmap_index = 49288, .adv_w = 256, .box_w = 15, .box_h = 16, .ofs_x = 1, .ofs_y = -2},
    {.bitmap_index = 49408, .adv_w = 256, .box_w = 15, .box_h = 15, .ofs_x = 1, .ofs_y = -1},
    {.bitmap_index = 49521, .adv_w = 256, .box_w = 15, .box_h = 16, .ofs_x = 1, .ofs_y = -2},
    {.bitmap_index = 49641, .adv_w = 256, .box_w = 15, .box_h = 16, .ofs_x = 1, .ofs_y = -2},
    {.bitmap_index = 49761, .adv_w = 256, .box_w = 15, .box_h = 16, .ofs_x = 1, .ofs_y = -2},
    {.bitmap_index = 49881, .adv_w = 256, .box_w = 16, .box_h = 15, .ofs_x = 0, .ofs_y = -1},
    {.bitmap_index = 50001, .adv_w = 256, .box_w = 14, .box_h = 15, .ofs_x = 1, .ofs_y = -2},
    {.bitmap_index = 50106, .adv_w = 256, .box_w = 16, .box_h = 15, .ofs_x = 0, .ofs_y = -2},
    {.bitmap_index = 50226, .adv_w = 256, .box_w = 16, .box_h = 14, .ofs_x = 0, .ofs_y = -1},
    {.bitmap_index = 50338, .adv_w = 256, .box_w = 16, .box_h = 15, .ofs_x = 0, .ofs_y = -2},
    {.bitmap_index = 50458, .adv_w = 256, .box_w = 16, .box_h = 16, .ofs_x = 0, .ofs_y = -2},
    {.bitmap_index = 50586, .adv_w = 256, .box_w = 16, .box_h = 16, .ofs_x = 0, .ofs_y = -2},
    {.bitmap_index = 50714, .adv_w = 256, .box_w = 16, .box_h = 15, .ofs_x = 0, .ofs_y = -2},
    {.bitmap_index = 50834, .adv_w = 256, .box_w = 16, .box_h = 16, .ofs_x = 0, .ofs_y = -2},
    {.bitmap_index = 50962, .adv_w = 256, .box_w = 16, .box_h = 15, .ofs_x = 0, .ofs_y = -2},
    {.bitmap_index = 51082, .adv_w = 256, .box_w = 16, .box_h = 14, .ofs_x = 0, .ofs_y = -1},
    {.bitmap_index = 51194, .adv_w = 256, .box_w = 16, .box_h = 16, .ofs_x = 0, .ofs_y = -2},
    {.bitmap_index = 51322, .adv_w = 256, .box_w = 16, .box_h = 16, .ofs_x = 0, .ofs_y = -2},
    {.bitmap_index = 51450, .adv_w = 256, .box_w = 16, .box_h = 16, .ofs_x = 0, .ofs_y = -2},
    {.bitmap_index = 51578, .adv_w = 256, .box_w = 16, .box_h = 16, .ofs_x = 0, .ofs_y = -2},
    {.bitmap_index = 51706, .adv_w = 256, .box_w = 6, .box_h = 16, .ofs_x = 10, .ofs_y = -2},
    {.bitmap_index = 51754, .adv_w = 256, .box_w = 6, .box_h = 16, .ofs_x = 0, .ofs_y = -2},
    {.bitmap_index = 51802, .adv_w = 256, .box_w = 4, .box_h = 6, .ofs_x = 2, .ofs_y = -2},
    {.bitmap_index = 51814, .adv_w = 256, .box_w = 4, .box_h = 12, .ofs_x = 2, .ofs_y = -1},
    {.bitmap_index = 51838, .adv_w = 256, .box_w = 4, .box_h = 14, .ofs_x = 2, .ofs_y = -3},
    {.bitmap_index = 51866, .adv_w = 256, .box_w = 8, .box_h = 14, .ofs_x = 0, .ofs_y = -1}
};

/*---------------------
 *  CHARACTER MAPPING
 *--------------------*/

static const uint16_t unicode_list_1[] = {
    0x0, 0x5, 0x7, 0xe, 0x2e, 0x1f6a, 0x1f6b, 0x1f6f,
    0x1f70, 0x1f71, 0x1f73, 0x1f74, 0x1f75, 0x1f79, 0x1f7d, 0x1f89,
    0x1f8a, 0x2003, 0x2079, 0x20e7, 0x20e8, 0x20e9, 0x20ea, 0x219f,
    0x21bb, 0x21bc, 0x2f58, 0x2f59, 0x2f63, 0x2f64, 0x2f65, 0x2f66,
    0x4d57, 0x4d61, 0x4d62, 0x4d64, 0x4d65, 0x4d7b, 0x4d81, 0x4d84,
    0x4d89, 0x4d91, 0x4d92, 0x4da2, 0x4de2, 0x4de5, 0x4e03, 0x4e1c,
    0x4e24, 0x4e25, 0x4e4d, 0x4e71, 0x4e77, 0x4ea4, 0x4eb0, 0x4eb3,
    0x4ed6, 0x4f34, 0x4f70, 0x4f93, 0x4fb3, 0x4fbc, 0x4fff, 0x5026,
    0x509c, 0x509f, 0x50bc, 0x50bf, 0x50ca, 0x50dc, 0x50e4, 0x50f0,
    0x511d, 0x5151, 0x515d, 0x515e, 0x516e, 0x5171, 0x517b, 0x5180,
    0x5187, 0x518d, 0x518e, 0x5192, 0x51a4, 0x51c0, 0x51f6, 0x51f7,
    0x51ff, 0x526e, 0x5291, 0x52ac, 0x52b8, 0x52ca, 0x52dd, 0x52e2,
    0x52f6, 0x5319, 0x5323, 0x5328, 0x532d, 0x532e, 0x532f, 0x533a,
    0x5341, 0x5346, 0x5347, 0x5349, 0x534e, 0x5363, 0x5364, 0x5365,
    0x5367, 0x5375, 0x5386, 0x53a1, 0x53bf, 0x53d4, 0x55bf, 0x55c1,
    0x5635, 0x5651, 0x5655, 0x567f, 0x569e, 0x56e2, 0x5847, 0x585b,
    0x585e, 0x5864, 0x5871, 0x587e, 0x5880, 0x5881, 0x5888, 0x58ae,
    0x58d9, 0x5aa7, 0x5aae, 0x5aaf, 0x5ae3, 0x5af1, 0x5af5, 0x5b10,
    0x5b14, 0x5b36, 0x5b53, 0x5b56, 0x5b58, 0x5b66, 0x5b71, 0x5b97,
    0x5bc8, 0x5d49, 0x5d5a, 0x5d6d, 0x5d8f, 0x5dca, 0x5dcd, 0x5de6,
    0x5dfd, 0x5e0e, 0x5e4d, 0x5e51, 0x5e59, 0x5e6c, 0x5eaa, 0x5eac,
    0x5eb9, 0x5edc, 0x5f1a, 0x5f58, 0x5f7e, 0x5f92, 0x5fb9, 0x601c,
    0x6076, 0x6167, 0x616d, 0x6181, 0x619e, 0x61a2, 0x61c2, 0x61ea,
    0x61fb, 0x61fc, 0x6236, 0x6240, 0x6258, 0x625e, 0x6260, 0x62b9,
    0x62c5, 0x62fc, 0x62fe, 0x62ff, 0x6326, 0x6327, 0x6329, 0x63cf,
    0x63fb, 0x6424, 0x6425, 0x6486, 0x648d, 0x6495, 0x649f, 0x64c7,
    0x64cb, 0x64de, 0x6504, 0x6507, 0x6510, 0x6537, 0x6539, 0x653c,
    0x654d, 0x6576, 0x6586, 0x6595, 0x65d9, 0x664b, 0x6657, 0x665f,
    0x6660, 0x6676, 0x6681, 0x6683, 0x66bc, 0x66d6, 0x66e7, 0x66f3,
    0x673c, 0x675e, 0x678e, 0x678f, 0x6793, 0x6817, 0x68d9, 0x6978,
    0x6981, 0x6a78, 0x6aba, 0x6abb, 0x6abc, 0x6b26, 0x6b8b, 0x6b99,
    0x6bb7, 0x6bf8, 0x6c2c, 0x6c4c, 0x6c62, 0x6c92, 0x6c98, 0x6ca2,
    0x6cdf, 0x6d09, 0x6d52, 0x6d77, 0x6d80, 0x6dd6, 0x6de7, 0x6e31,
    0x6e38, 0x6fc2, 0x7010, 0x7044, 0x719e, 0x71c0, 0x720d, 0x7243,
    0x72de, 0x7307, 0x735d, 0x7476, 0x747f, 0x7488, 0x748c, 0x7492,
    0x74bc, 0x75d2, 0x75db, 0x7628, 0x762d, 0x764f, 0x7662, 0x7697,
    0x773c, 0x7758, 0x77c3, 0x77c5, 0x7891, 0x7912, 0x7929, 0x7962,
    0x7964, 0x79d1, 0x7a22, 0x7a2d, 0x7a46, 0x7aa0, 0x7af8, 0x7bd2,
    0x7c52, 0x7e16, 0x7e2a, 0x7e33, 0x7e36, 0x7e3e, 0x7e44, 0x7e4b,
    0x7e6a, 0x7e6d, 0x7e80, 0x7ea8, 0x7ec5, 0x7f52, 0x7f6e, 0x7fab,
    0x8054, 0x8141, 0x8176, 0x81c9, 0x8206, 0x830e, 0x8394, 0x83ae,
    0x85b1, 0x87a3, 0x87bc, 0x881c, 0x88dd, 0x8919, 0x891d, 0x891f,
    0x893a, 0x893d, 0x8af8, 0x8afb, 0x8b06, 0x8b07, 0x8b15, 0x8b18,
    0x8b28, 0x8b2c, 0x8b34, 0x8b3c, 0x8b3d, 0x8b46, 0x8b4e, 0x8b52,
    0x8c76, 0x8c7c, 0x8c7d, 0x8cdc, 0x8d0a, 0x8d34, 0x8d36, 0x8d4a,
    0x8d81, 0x8ec3, 0x8ed4, 0x8eea, 0x8eff, 0x8f15, 0x8f1e, 0x8f27,
    0x8f28, 0x8f2b, 0x8f32, 0x8f35, 0x8f36, 0x8f54, 0x8f58, 0x8f59,
    0x8f60, 0x8f71, 0x8f76, 0x8faa, 0x903f, 0x90a4, 0x911e, 0x9124,
    0x9126, 0x93f6, 0x9457, 0x94b3, 0x94d6, 0x9544, 0x954b, 0x9576,
    0x959c, 0x95a7, 0x95e6, 0x95eb, 0x961d, 0x964e, 0x9657, 0x96b9,
    0x97cc, 0x97db, 0x97e8, 0x97ef, 0x97f4, 0x9825, 0x9835, 0x9867,
    0x99e3, 0x9a2f, 0x9e2f, 0xfe5f, 0xfe60, 0xfe63, 0xfe71, 0xfe72,
    0xfe76
};

/*Collect the unicode lists and glyph_id offsets*/
static const lv_font_fmt_txt_cmap_t cmaps[] =
{
    {
        .range_start = 32, .range_length = 95, .glyph_id_start = 1,
        .unicode_list = NULL, .glyph_id_ofs_list = NULL, .list_length = 0, .type = LV_FONT_FMT_TXT_CMAP_FORMAT0_TINY
    },
    {
        .range_start = 169, .range_length = 65143, .glyph_id_start = 96,
        .unicode_list = unicode_list_1, .glyph_id_ofs_list = NULL, .list_length = 417, .type = LV_FONT_FMT_TXT_CMAP_SPARSE_TINY
    }
};

/*-----------------
 *    KERNING
 *----------------*/


/*Map glyph_ids to kern left classes*/
static const uint8_t kern_left_class_mapping[] =
{
    0, 0, 0, 1, 0, 0, 0, 0,
    1, 2, 0, 0, 0, 3, 4, 3,
    5, 0, 0, 0, 0, 0, 0, 0,
    0, 0, 0, 6, 6, 0, 0, 0,
    0, 0, 7, 8, 9, 10, 11, 12,
    13, 0, 0, 14, 15, 16, 0, 0,
    10, 17, 10, 18, 19, 20, 21, 22,
    23, 24, 25, 26, 2, 27, 0, 0,
    0, 0, 28, 29, 30, 0, 31, 32,
    33, 34, 0, 0, 35, 36, 34, 34,
    29, 29, 37, 38, 39, 40, 37, 41,
    42, 43, 44, 45, 2, 0, 0, 0,
    0, 0, 0, 0, 0, 4, 4, 0,
    0, 3, 0, 0, 3, 0, 0, 0,
    0, 0, 0, 0, 0, 0, 0, 0,
    0, 0, 0, 0, 0, 0, 0, 0,
    0, 0, 0, 0, 0, 0, 0, 0,
    0, 0, 0, 0, 0, 0, 0, 0,
    0, 0, 0, 0, 0, 0, 0, 0,
    0, 0, 0, 0, 0, 0, 0, 0,
    0, 0, 0, 0, 0, 0, 0, 0,
    0, 0, 0, 0, 0, 0, 0, 0,
    0, 0, 0, 0, 0, 0, 0, 0,
    0, 0, 0, 0, 0, 0, 0, 0,
    0, 0, 0, 0, 0, 0, 0, 0,
    0, 0, 0, 0, 0, 0, 0, 0,
    0, 0, 0, 0, 0, 0, 0, 0,
    0, 0, 0, 0, 0, 0, 0, 0,
    0, 0, 0, 0, 0, 0, 0, 0,
    0, 0, 0, 0, 0, 0, 0, 0,
    0, 0, 0, 0, 0, 0, 0, 0,
    0, 0, 0, 0, 0, 0, 0, 0,
    0, 0, 0, 0, 0, 0, 0, 0,
    0, 0, 0, 0, 0, 0, 0, 0,
    0, 0, 0, 0, 0, 0, 0, 0,
    0, 0, 0, 0, 0, 0, 0, 0,
    0, 0, 0, 0, 0, 0, 0, 0,
    0, 0, 0, 0, 0, 0, 0, 0,
    0, 0, 0, 0, 0, 0, 0, 0,
    0, 0, 0, 0, 0, 0, 0, 0,
    0, 0, 0, 0, 0, 0, 0, 0,
    0, 0, 0, 0, 0, 0, 0, 0,
    0, 0, 0, 0, 0, 0, 0, 0,
    0, 0, 0, 0, 0, 0, 0, 0,
    0, 0, 0, 0, 0, 0, 0, 0,
    0, 0, 0, 0, 0, 0, 0, 0,
    0, 0, 0, 0, 0, 0, 0, 0,
    0, 0, 0, 0, 0, 0, 0, 0,
    0, 0, 0, 0, 0, 0, 0, 0,
    0, 0, 0, 0, 0, 0, 0, 0,
    0, 0, 0, 0, 0, 0, 0, 0,
    0, 0, 0, 0, 0, 0, 0, 0,
    0, 0, 0, 0, 0, 0, 0, 0,
    0, 0, 0, 0, 0, 0, 0, 0,
    0, 0, 0, 0, 0, 0, 0, 0,
    0, 0, 0, 0, 0, 0, 0, 0,
    0, 0, 0, 0, 0, 0, 0, 0,
    0, 0, 0, 0, 0, 0, 0, 0,
    0, 0, 0, 0, 0, 0, 0, 0,
    0, 0, 0, 0, 0, 0, 0, 0,
    0, 0, 0, 0, 0, 0, 0, 0,
    0, 0, 0, 0, 0, 0, 0, 0,
    0, 0, 0, 0, 0, 0, 0, 0,
    0, 0, 0, 0, 0, 0, 0, 0,
    0
};

/*Map glyph_ids to kern right classes*/
static const uint8_t kern_right_class_mapping[] =
{
    0, 0, 1, 2, 0, 0, 0, 0,
    2, 0, 3, 4, 0, 5, 6, 7,
    8, 0, 0, 0, 0, 0, 0, 0,
    0, 0, 0, 9, 10, 0, 0, 0,
    11, 0, 12, 0, 13, 0, 0, 0,
    13, 0, 0, 14, 0, 0, 0, 0,
    13, 0, 13, 0, 15, 16, 17, 18,
    19, 20, 21, 22, 0, 23, 3, 0,
    0, 0, 24, 0, 25, 25, 25, 26,
    27, 0, 28, 29, 0, 0, 30, 30,
    25, 30, 25, 30, 31, 32, 33, 34,
    35, 36, 37, 38, 0, 0, 3, 0,
    0, 39, 0, 0, 0, 6, 6, 0,
    0, 7, 0, 0, 7, 0, 0, 0,
    0, 0, 40, 0, 0, 0, 0, 0,
    0, 0, 0, 0, 0, 0, 0, 0,
    0, 0, 0, 0, 0, 0, 0, 0,
    0, 0, 0, 0, 0, 0, 0, 0,
    0, 0, 0, 0, 0, 0, 0, 0,
    0, 0, 0, 0, 0, 0, 0, 0,
    0, 0, 0, 0, 0, 0, 0, 0,
    0, 0, 0, 0, 0, 0, 0, 0,
    0, 0, 0, 0, 0, 0, 0, 0,
    0, 0, 0, 0, 0, 0, 0, 0,
    0, 0, 0, 0, 0, 0, 0, 0,
    0, 0, 0, 0, 0, 0, 0, 0,
    0, 0, 0, 0, 0, 0, 0, 0,
    0, 0, 0, 0, 0, 0, 0, 0,
    0, 0, 0, 0, 0, 0, 0, 0,
    0, 0, 0, 0, 0, 0, 0, 0,
    0, 0, 0, 0, 0, 0, 0, 0,
    0, 0, 0, 0, 0, 0, 0, 0,
    0, 0, 0, 0, 0, 0, 0, 0,
    0, 0, 0, 0, 0, 0, 0, 0,
    0, 0, 0, 0, 0, 0, 0, 0,
    0, 0, 0, 0, 0, 0, 0, 0,
    0, 0, 0, 0, 0, 0, 0, 0,
    0, 0, 0, 0, 0, 0, 0, 0,
    0, 0, 0, 0, 0, 0, 0, 0,
    0, 0, 0, 0, 0, 0, 0, 0,
    0, 0, 0, 0, 0, 0, 0, 0,
    0, 0, 0, 0, 0, 0, 0, 0,
    0, 0, 0, 0, 0, 0, 0, 0,
    0, 0, 0, 0, 0, 0, 0, 0,
    0, 0, 0, 0, 0, 0, 0, 0,
    0, 0, 0, 0, 0, 0, 0, 0,
    0, 0, 0, 0, 0, 0, 0, 0,
    0, 0, 0, 0, 0, 0, 0, 0,
    0, 0, 0, 0, 0, 0, 0, 0,
    0, 0, 0, 0, 0, 0, 0, 0,
    0, 0, 0, 0, 0, 0, 0, 0,
    0, 0, 0, 0, 0, 0, 0, 0,
    0, 0, 0, 0, 0, 0, 0, 0,
    0, 0, 0, 0, 0, 0, 0, 0,
    0, 0, 0, 0, 0, 0, 0, 0,
    0, 0, 0, 0, 0, 0, 0, 0,
    0, 0, 0, 0, 0, 0, 0, 0,
    0, 0, 0, 0, 0, 0, 0, 0,
    0, 0, 0, 0, 0, 0, 0, 0,
    0, 0, 0, 0, 0, 0, 0, 0,
    0, 0, 0, 0, 0, 0, 0, 0,
    0, 0, 0, 0, 0, 0, 0, 0,
    0, 0, 0, 0, 0, 0, 0, 0,
    0, 0, 0, 0, 0, 0, 0, 0,
    0
};

/*Kern values between classes*/
static const int8_t kern_class_values[] =
{
    0, 0, 0, 0, -36, 0, -36, 0,
    0, 0, 0, -18, 0, -30, -4, 0,
    0, 0, 0, -4, 0, 0, 0, 0,
    -8, 0, 0, 0, 0, 0, -7, 0,
    0, 0, 0, 0, 0, 0, 0, 0,
    0, 0, 0, 0, 0, 0, 0, 0,
    0, 0, 0, 0, 0, -7, 0, 0,
    0, 0, 0, 0, 0, 0, 0, 0,
    0, 0, 0, 0, 22, 0, 0, 0,
    0, 0, 0, 0, 0, 0, 0, 0,
    0, -31, 0, -43, 0, 0, 0, 0,
    0, 0, 0, 0, 0, 0, 0, -29,
    -7, -20, -11, 0, -29, 0, 0, 0,
    -4, 0, 0, 0, 7, 0, 0, -16,
    0, -13, -8, 0, -7, 0, 0, 0,
    0, 0, 0, 0, 0, 0, 0, 0,
    0, 0, 0, 0, 0, -7, -7, -15,
    0, -7, -4, -10, -21, -7, 0, 0,
    0, 0, 0, 0, 0, 0, 0, -8,
    0, -4, 0, -5, 0, 0, 0, 0,
    0, 0, 0, 0, 0, 0, 0, 0,
    0, 0, 0, -13, -4, -24, 0, 0,
    0, 0, 0, 0, 0, 0, 0, -8,
    -9, 0, -4, 5, 5, 0, 0, 0,
    -7, 0, 0, 0, 0, 0, 0, 0,
    0, 0, 0, -14, 0, 0, 0, 0,
    0, 0, 0, 0, 0, 0, 0, 0,
    0, 0, 0, 0, -9, 0, 0, 0,
    0, 0, 0, 0, 0, 0, 0, 0,
    0, 0, 0, 0, 0, 0, 0, 0,
    0, -18, 0, -27, 0, 0, 0, 0,
    0, 0, -9, -2, -4, 0, 0, -18,
    -5, -5, 0, -1, -5, -3, -13, 5,
    0, -4, 0, 0, 0, 0, 5, -5,
    -2, -4, -3, -3, -4, 0, -25, -18,
    0, 0, 0, -10, 0, 0, 0, 0,
    0, 0, 0, 0, 0, -6, -5, -8,
    0, -3, -3, -3, -5, -3, 0, 0,
    0, 0, 0, 0, 0, 0, 0, -4,
    0, -5, -4, -4, -5, 0, 0, -7,
    0, 0, 0, 0, 0, -9, 0, 0,
    0, 0, 0, 0, -10, -4, -8, -6,
    -5, -3, -3, -3, -4, -4, 0, 0,
    0, 0, -7, 0, 0, 0, 0, -10,
    -4, -5, -4, 0, -5, 0, 1, 5,
    0, 0, 0, -10, 0, 0, 0, -6,
    0, 0, 0, -4, 0, -14, 0, -8,
    0, -4, -2, -7, -7, -7, 0, 0,
    0, 0, 0, 0, 0, 0, 0, 0,
    0, 0, 0, -5, 0, -4, 0, -9,
    0, 0, 0, 0, 0, 0, 0, 0,
    0, 0, 0, 0, 0, 0, 0, 0,
    0, 0, 0, 0, 0, 0, 0, 0,
    -4, 0, 0, 0, 0, 0, 0, -8,
    0, -4, 0, -11, -4, 0, 0, 0,
    0, 0, 0, 0, -24, 0, -24, -19,
    0, 0, 0, -12, -4, -40, -7, 0,
    0, -1, -1, -8, -2, -10, 0, -11,
    -5, 0, -8, 0, 0, -7, -7, -4,
    -6, -8, -7, -9, -7, -11, 3, 8,
    0, 0, 0, -8, 0, 0, 0, 0,
    0, 0, 0, -3, 0, 0, 0, -7,
    0, -5, -3, 0, 0, 0, 0, 0,
    0, 0, 0, 0, 0, 0, 0, 0,
    0, 0, 0, 0, 0, 0, -1, 1,
    0, 0, 0, 0, -8, 0, -8, 0,
    0, 0, 0, 0, 0, -13, 0, 0,
    0, 0, 0, 0, 0, 0, 0, 0,
    0, 0, 0, 0, 0, 0, 0, 0,
    0, 0, 0, 0, 0, 0, 0, 0,
    0, -8, 0, -13, 0, -11, 0, 0,
    0, 0, -4, -4, -7, 0, -5, -7,
    -5, -5, -4, 0, -7, 0, 0, 0,
    -4, 0, 0, 0, -4, 0, 0, -12,
    -5, -8, -7, -7, -8, -5, -3, 0,
    0, -30, 0, -47, 0, -16, 0, 0,
    0, 0, -12, -1, -9, 0, -8, -36,
    -10, -23, -17, 0, -24, 0, -24, 0,
    -5, -5, -3, 0, 0, 0, 0, -7,
    -4, -13, -11, 0, -13, 0, -29, -31,
    0, 0, 0, 0, -35, -10, -35, -22,
    0, 0, 0, -15, 0, -43, -4, -7,
    0, 0, 0, -8, -4, -22, 0, -13,
    -8, 0, -9, 0, 0, 0, -4, 0,
    0, 0, 0, -5, 0, -7, 6, 0,
    0, 0, 0, -4, 0, -9, 0, 0,
    0, 0, 0, -3, 0, -6, -5, -5,
    0, -1, 0, -3, -3, -4, 0, -3,
    -4, 0, -3, 0, 0, 0, 0, 0,
    0, 0, 0, -4, 0, -4, 5, 0,
    0, 0, 0, -5, 0, 3, 0, 0,
    0, 0, 0, 0, 0, -5, -5, -7,
    0, 0, 0, 0, -5, 0, 0, 0,
    0, 0, 0, 0, 0, 0, 0, -8,
    0, 0, 0, 0, 0, -2, -1, 0,
    0, 0, 0, 0, -32, -21, -32, -25,
    -7, -7, 0, -13, -8, -37, -11, 0,
    0, 0, 0, -7, -5, -16, 0, -21,
    -21, -6, -21, 0, 0, -14, -18, -6,
    -14, -10, -10, -11, -10, -22, 5, 8,
    0, 0, 0, 0, -7, 0, -7, -9,
    0, 0, 0, -5, 0, -15, -4, 0,
    0, -3, 0, -4, -5, 0, 0, -3,
    0, 0, -4, 0, 0, 0, -3, 0,
    0, 0, 0, -4, 0, 0, 0, 0,
    0, 0, 0, 0, -20, -7, -20, -13,
    0, 0, 0, -5, -4, -21, -4, 0,
    -4, 2, 0, 0, 0, -7, 0, -8,
    -6, 0, -7, 0, 0, -7, -5, 0,
    -10, -4, -4, -6, -4, -8, 14, 15,
    0, 0, 0, 0, -11, -4, -11, -8,
    0, 0, 0, 0, -2, -18, -2, 0,
    0, 0, 0, 0, 0, -2, 0, -5,
    0, 0, -4, 0, 0, 0, 0, 0,
    0, 0, 0, 0, 0, -4, 9, 9,
    0, -4, 0, -4, 0, -10, 0, 0,
    0, 0, 0, -1, -7, -3, -5, -7,
    -4, 0, 0, 0, 0, 0, 0, -4,
    -4, -7, 0, 0, 0, 0, 0, -7,
    -4, -7, -5, -4, -7, -5, -1, 5,
    0, 0, 0, 0, -29, -21, -29, -19,
    -9, -9, -4, -5, -5, -30, -6, -5,
    -4, 0, 0, 0, 0, -8, 0, -21,
    -14, 0, -18, 0, 0, -13, -14, -11,
    -11, -5, -8, -11, -5, -15, 8, 12,
    0, 0, 0, 0, 0, -10, 0, 0,
    0, 0, 0, -2, -7, -10, -10, 0,
    -4, -2, -2, 0, -5, -5, 0, -5,
    -6, -7, -5, 0, 0, 0, 0, -5,
    -7, -5, -5, -8, -5, 0, 5, 5,
    0, 0, 0, 0, 0, 0, 0, 0,
    0, 0, 0, 0, 0, 0, 0, -24,
    -8, -15, -8, 0, -21, 0, 0, 0,
    0, 0, 8, 0, 19, 0, 0, 0,
    0, -7, -4, 0, 2, 0, 0, 0,
    0, 0, 0, -16, 0, 0, 0, 0,
    0, 0, -6, 0, 0, 0, 0, -8,
    0, -7, -3, 0, -8, 0, 0, 0,
    0, 0, 0, 0, 0, 0, 0, -5,
    0, 0, 0, 0, 0, 0, 0, 0,
    0, -8, 0, -7, -4, 0, -4, 0,
    0, 0, -6, 0, 0, 0, 0, -18,
    0, -7, 0, -3, -15, 0, -9, -5,
    0, -2, 0, 0, 0, 0, -2, -7,
    0, -3, -3, -7, -3, -3, -4, 0,
    0, 0, 0, 0, 0, -8, 0, 0,
    0, 0, 0, 0, 0, 0, 0, -7,
    0, -5, 0, 0, -8, 0, 0, -4,
    -8, 0, -4, 0, 0, 0, 0, -4,
    0, 0, 0, 0, 0, 0, 3, 0,
    0, 0, 0, -10, 0, 2, 0, 0,
    0, 0, -4, 0, 0, -7, -7, -8,
    0, -7, -4, 0, -9, 0, -8, -5,
    0, -2, -4, 0, 0, 0, 0, -4,
    0, -1, -1, -4, -1, -2, -3, -7,
    2, 10, 12, 0, -17, -5, -17, -4,
    0, 0, 6, 0, 0, 0, 0, 12,
    0, 18, 12, 8, 15, 0, 14, -7,
    -4, 0, -5, 0, -4, 0, -3, 0,
    0, 2, 0, -3, 0, -5, 19, 21,
    0, 0, 2, -10, 0, 0, 0, 11,
    0, 0, -12, 0, 0, 0, 0, -9,
    0, 0, 0, 0, -5, 0, 0, -6,
    -5, 0, 0, 0, 10, 0, 0, 0,
    0, -3, -3, 0, 2, -5, 2, 0,
    0, 0, 0, -10, 0, 0, 0, 0,
    0, 0, -4, 0, 0, 0, 0, -8,
    0, -4, 0, 0, -7, 0, 0, 0,
    0, 0, 0, 0, 0, 0, 0, 0,
    0, 0, 0, 0, 0, 0, 0, -7,
    0, 0, 0, -7, 2, -16, 2, 0,
    2, 2, -6, 0, 0, 0, 0, -13,
    0, 0, 0, 0, -5, 0, 0, -4,
    -7, 0, -4, 0, -4, 0, 0, -8,
    -5, 0, 0, -4, 0, -4, -3, -7,
    0, 0, 0, 0, 0, 0, 0, 0,
    0, 0, 0, 0, 0, 0, 0, 0,
    0, 0, 0, 0, 0, 0, 0, 0,
    0, 0, 0, 0, 2, 0, 0, 0,
    0, 0, 0, 0, 0, 0, 0, 0,
    0, 0, 0, -7, 0, 0, 0, 0,
    0, 0, 0, 0, 0, 0, 0, -7,
    0, -5, 0, 0, -10, 0, 0, 0,
    0, 0, 0, 0, 0, 0, 0, 0,
    0, 0, 0, 0, 0, 0, 0, 0,
    0, 0, 0, 0, -20, -8, -20, -10,
    5, 5, 0, -5, 0, -18, 0, 0,
    0, 0, 0, 0, 0, -4, 2, -8,
    -4, 0, -4, 0, 0, 0, -3, 0,
    0, 5, 3, 0, 5, -3, 14, 0,
    0, 0, 0, -14, 0, 2, 0, 0,
    0, 0, -5, 0, 0, 0, 0, -8,
    0, -4, 0, 0, -7, 0, 0, 0,
    0, 0, 0, 0, 0, 0, 0, -7,
    0, 0, 0, 0, 0, 0, 0, 0,
    0, 0, 0, 0, -1, -9, -1, 1,
    2, 2, -9, 0, 0, 0, 0, -5,
    0, 0, 0, 0, -3, 0, 0, -7,
    -5, 0, -4, 0, 0, 0, -4, -7,
    0, 0, 0, -5, 0, 0, 8, 0,
    0, 0, 0, -4, -13, -4, -13, -7,
    0, 0, 0, -4, 0, -13, 0, -7,
    0, -4, 0, 0, -5, -4, 0, -7,
    -3, 0, 0, 0, -4, 0, 0, 0,
    0, 0, 0, 0, 0, -8, 10, 0,
    0, 0, 0, -4, -16, 0, -16, -3,
    0, 0, 0, -3, 0, -10, 0, -8,
    0, -4, 0, -5, -8, 0, 0, -4,
    -3, 0, 0, 0, -4, 0, 0, 0,
    0, 0, 0, 0, 0, -7, 8, 1,
    -5, 0, 0, -7, 2, -5, -4, 0,
    0, 2, 0, 0, -4, 0, -3, -10,
    0, -6, 0, -4, -11, 0, 0, -4,
    -7, 0, 0, 0, 0, 0, 0, -8,
    0, 0, 0, 0, -3, 0, 8, 0,
    0, 0, 0, 0, -13, 0, -13, -4,
    0, 0, 0, 0, 0, -13, 0, -7,
    0, -3, 0, -3, -4, 0, 0, -7,
    -3, 0, 0, 0, -4, 0, 0, 0,
    0, 0, 0, -5, 0, -8, 10, 2,
    0, 0, 0, 0, 0, -7, 0, 0,
    0, 0, 0, 0, 0, 0, 0, -8,
    0, 0, 0, 0, -8, 0, 0, -7,
    -4, 0, -2, 0, 0, 0, 0, 0,
    -4, -3, 0, 0, -3, 0, 5, 2
};


/*Collect the kern class' data in one place*/
static const lv_font_fmt_txt_kern_classes_t kern_classes =
{
    .class_pair_values   = kern_class_values,
    .left_class_mapping  = kern_left_class_mapping,
    .right_class_mapping = kern_right_class_mapping,
    .left_class_cnt      = 45,
    .right_class_cnt     = 40,
};

/*--------------------
 *  ALL CUSTOM DATA
 *--------------------*/

#if LVGL_VERSION_MAJOR == 8
/*Store all the custom data of the font*/
static  lv_font_fmt_txt_glyph_cache_t cache;
#endif

#if LVGL_VERSION_MAJOR >= 8
static const lv_font_fmt_txt_dsc_t font_dsc = {
#else
static lv_font_fmt_txt_dsc_t font_dsc = {
#endif
    .glyph_bitmap = glyph_bitmap,
    .glyph_dsc = glyph_dsc,
    .cmaps = cmaps,
    .kern_dsc = &kern_classes,
    .kern_scale = 16,
    .cmap_num = 2,
    .bpp = 4,
    .kern_classes = 1,
    .bitmap_format = 0,
#if LVGL_VERSION_MAJOR == 8
    .cache = &cache
#endif
};

extern const lv_font_t ui_font_16r;


/*-----------------
 *  PUBLIC FONT
 *----------------*/

/*Initialize a public general font descriptor*/
#if LVGL_VERSION_MAJOR >= 8
const lv_font_t ui_font_16m = {
#else
lv_font_t ui_font_16m = {
#endif
    .get_glyph_dsc = lv_font_get_glyph_dsc_fmt_txt,    /*Function pointer to get glyph's data*/
    .get_glyph_bitmap = lv_font_get_bitmap_fmt_txt,    /*Function pointer to get glyph's bitmap*/
    .line_height = 19,          /*The maximum line height required by the font*/
    .base_line = 4,             /*Baseline measured from the bottom of the line*/
#if !(LVGL_VERSION_MAJOR == 6 && LVGL_VERSION_MINOR == 0)
    .subpx = LV_FONT_SUBPX_NONE,
#endif
#if LV_VERSION_CHECK(7, 4, 0) || LVGL_VERSION_MAJOR >= 8
    .underline_position = -2,
    .underline_thickness = 1,
#endif
    .dsc = &font_dsc,          /*The custom font data. Will be accessed by `get_glyph_bitmap/dsc` */
#if LV_VERSION_CHECK(8, 2, 0) || LVGL_VERSION_MAJOR >= 9
    .fallback = &ui_font_16r,
#endif
    .user_data = NULL,
};



#endif /*#if UI_FONT_16M*/

